mouse_symbol,human_symbol
mt-Nd1,MT-ND1
mt-Nd2,MT-ND2
mt-Co1,MT-CO1
mt-Co2,MT-CO2
mt-Atp8,MT-ATP8
mt-Atp6,MT-ATP6
mt-Co3,MT-CO3
mt-Nd3,MT-ND3
mt-Nd4l,MT-ND4L
mt-Nd4,MT-ND4
mt-Nd5,MT-ND5
mt-Nd6,MT-ND6
mt-Cytb,MT-CYB
Gm16367,PRAMEF2
Gm16367,PRAMEF18
Gm16367,PRAMEF20
Gm16367,PRAMEF6
Gm16367,PRAMEF8
Gm16367,PRAMEF14
Gm16367,PRAMEF19
Gm16367,PRAMEF27
Gm16367,PRAMEF17
Gm16367,PRAMEF11
Gm16367,PRAMEF1
Gm16367,PRAMEF10
Gm16367,PRAMEF9
Gm16367,PRAMEF15
Gm16367,PRAMEF12
Gm16367,PRAMEF4
Gm16367,PRAMEF26
Gm16367,PRAMEF33
Gm16367,PRAMEF7
Gm16367,PRAMEF5
Gm16367,PRAMEF13
Gm16367,PRAMEF25
Gm29276,SYCP3
Gm54343,RNA5SP172
Gm54344,RNA5SP172
Gm54345,RNA5SP172
Gm54346,RNA5SP172
Gm54347,RNA5SP172
Gm54348,RNA5SP172
Gm20908,SYCP3
Rbmyf4,RBMY1E
Rbmyf4,RBMY1B
Rbmyf4,RBMY1A1
Rbmyf4,RBMY1F
Rbmyf4,RBMY1J
Rbmyf4,RBMY1D
Rbmyf5,RBMY1E
Rbmyf5,RBMY1B
Rbmyf5,RBMY1A1
Rbmyf5,RBMY1F
Rbmyf5,RBMY1J
Rbmyf5,RBMY1D
Rbmyf6,RBMY1E
Rbmyf6,RBMY1B
Rbmyf6,RBMY1A1
Rbmyf6,RBMY1F
Rbmyf6,RBMY1J
Rbmyf6,RBMY1D
Rbmyf9,RBMY1E
Rbmyf9,RBMY1B
Rbmyf9,RBMY1A1
Rbmyf9,RBMY1F
Rbmyf9,RBMY1J
Rbmyf9,RBMY1D
Usp9y,USP9Y
Gm25565,RNU6-909P
H2al2c,H2AL1Q
H2al2c,H2AL3
Sry,SRY
H2al2b,H2AL1Q
H2al2b,H2AL3
Rbmyf1,RBMY1E
Rbmyf1,RBMY1B
Rbmyf1,RBMY1A1
Rbmyf1,RBMY1F
Rbmyf1,RBMY1J
Rbmyf1,RBMY1D
Rbmyf3,RBMY1E
Rbmyf3,RBMY1B
Rbmyf3,RBMY1A1
Rbmyf3,RBMY1F
Rbmyf3,RBMY1J
Rbmyf3,RBMY1D
Gm29554,SYCP3
Gm28490,SYCP3
Gm54339,RNA5SP172
Gm54340,RNA5SP172
Gm21094,SYCP3
Gm20888,SYCP3
Gm21317,SYCP3
Gm21627,SYCP3
Gm20905,SYCP3
Gm20870,SYCP3
Gm20850,SYCP3
Gm29582,SYCP3
Gm21294,SYCP3
Rbmyf2,RBMY1E
Rbmyf2,RBMY1B
Rbmyf2,RBMY1A1
Rbmyf2,RBMY1F
Rbmyf2,RBMY1J
Rbmyf2,RBMY1D
Gm21256,SYCP3
Gm28998,SYCP3
Zfy1,ZNF561
Zfy1,ZNF562
Zfy1,ZNF548
Zfy1,ZNF837
Zfy1,ZNF792
Zfy1,ZNF584
Zfy1,ZNF586
Zfy1,ZNF773
Zfy1,ZNF610
Zfy1,ZNF480
Zfy1,ZNF418
Zfy1,ZNF793
Zfy1,ZNF587B
Zfy1,ZNF552
Zfy1,ZNF549
Zfy1,ZNF154
Zfy1,ZNF134
Zfy1,ZNF772
Zfy1,ZNF256
Zfy1,ZNF419
Zfy1,ZNF304
Gm21518,SYCP3
Gm20920,SYCP3
Gm28891,SYCP3
Gm20929,SYCP3
Gm21117,SYCP3
Gm21858,SYCP3
Gm20916,SYCP3
Gm29866,SYCP3
Gm21760,SYCP3
Gm20894,SYCP3
Gm21650,SYCP3
Gm20824,SYCP3
Kdm5d,KDM5D
Gm20911,SYCP3
Gm20837,SYCP3
Ddx3y,DDX3Y
Gm28870,SYCP3
Gm21095,SYCP3
Gm28919,SYCP3
Gm21409,SYCP3
Gm28553,SYCP3
Rbmy,RBMY1E
Rbmy,RBMY1B
Rbmy,RBMY1A1
Rbmy,RBMY1F
Rbmy,RBMY1J
Rbmy,RBMY1D
Uty,UTY
Gm20843,SYCP3
Gm31571,SYCP3
Gm28576,SYCP3
Gm28102,SYCP3
Gm20792,SYCP3
Gm20835,SYCP3
Gm21209,SYCP3
Gm35134,SYCP3
Gm20883,SYCP3
Gm21739,SYCP3
Rbmyf8,RBMY1E
Rbmyf8,RBMY1B
Rbmyf8,RBMY1A1
Rbmyf8,RBMY1F
Rbmyf8,RBMY1J
Rbmyf8,RBMY1D
Gm20931,SYCP3
Gm28897,SYCP3
Gm20817,SYCP3
Gm30737,SYCP3
Rbmyf7,RBMY1E
Rbmyf7,RBMY1B
Rbmyf7,RBMY1A1
Rbmyf7,RBMY1F
Rbmyf7,RBMY1J
Rbmyf7,RBMY1D
Gm28827,SYCP3
Gm21865,SYCP3
Gm29564,SYCP3
Gm20838,SYCP3
Gm20890,SYCP3
Gm20896,SYCP3
Gm20820,SYCP3
Gm21258,SYCP3
Gm28961,SYCP3
Gm21497,SYCP3
Gm20906,SYCP3
Gm21477,SYCP3
Gm21366,SYCP3
Gm20814,SYCP3
Gm20903,SYCP3
Gm20937,SYCP3
Gm20869,SYCP3
Gm21996,SYCP3
Gm28510,SYCP3
Sly,SYCP3
Gm57478,SYCP3
Gm20855,SYCP3
Zfy2,ZNF561
Zfy2,ZNF562
Zfy2,ZNF548
Zfy2,ZNF837
Zfy2,ZNF792
Zfy2,ZNF584
Zfy2,ZNF586
Zfy2,ZNF773
Zfy2,ZNF610
Zfy2,ZNF480
Zfy2,ZNF418
Zfy2,ZNF793
Zfy2,ZNF587B
Zfy2,ZNF552
Zfy2,ZNF549
Zfy2,ZNF154
Zfy2,ZNF134
Zfy2,ZNF772
Zfy2,ZNF256
Zfy2,ZNF419
Zfy2,ZNF304
Gm29110,SYCP3
Gm21488,SYCP3
Gm20897,SYCP3
Gm21173,SYCP3
Gm20736,SYCP3
Gm21861,SYCP3
Gm22597,RNU6-169P
Gm54361,RN7SKP242
Dsg1c,DSG1
Dsg1a,DSG1
Dsg4,DSG4
Gm54376,Y_RNA
Klhl14,KLHL14
Chsy3,CHSY3
Gm23207,RNU6-602P
Gm23207,RNU6-1198P
Mir187,MIR187
Mir378a,MIR378A
Il17b,IL17B
Sft2d3,SFT2D3
Myo7b,MYO7B
Tslp,TSLP
Gm24848,RNU6-1333P
Gm24384,RNU6-1106P
Onecut2,ONECUT2
Igip,IGIP
Mir122,MIR122
Pcdha1,PCDHA1
Pcdha4,PCDHA4
Pcdha5,PCDHA5
Pcdha9,PCDHA10
Cplx4,CPLX4
Mc4r,MC4R
Chmp1b,CHMP1B
Vma21,VMA21
Kctd16,KCTD16
Snora35,SNORA35
Gm23378,RNU6-221P
Gm23378,RNU6-775P
Gm22266,SNORA17A
Mir448,MIR448
Gm54709,RN7SKP164
Gm54710,MIR544A
Fate1,FATE1
Cnga2,CNGA2
Gpr151,GPR151
Magea4,MAGEA10
Eif3j2,EIF3J
Gabre,GABRE
Spink5,SPINK5
Magea10,MAGEA10
Magee2,MAGEE2
Gm22090,RNU6-904P
Mir105,MIR105-1
Mir105,MIR105-2
Gm14819,SYCP3
Lrch2,LRCH2
Spink14,SPINK14
Ccdc112,CCDC112
Gm54753,RNU6-83P
Hspe1-rs1,HSPE1
Eno1b,ENO1
Magee1,MAGEE1
Gm22259,RNU6-303P
Gm22259,RNU6-555P
Ftmt,FTMT
Gm54851,Y_RNA
Gm26020,RNU2-11P
Gm54867,5_8S_rRNA
Gm26438,Y_RNA
Snora69,SNORA69
Snord58b,SNORD58
Gm23301,SNORD58A
Rnf113a1,RNF113B
Loxhd1,LOXHD1
Gm24491,RNU6-1147P
Rtl3,RTL3
Siglec15,SIGLEC15
Gm25718,RNU6-387P
Gm25718,RNU6-965P
Gm54980,RNVU1-4
Gm54980,RNVU1-3
Gm54980,RNVU1-30
Gm25005,RNU1-124P
Gm25005,RNU1-146P
Gm25005,RNU1-150P
Gm25005,RNU1-139P
Gm17266,C18orf63
Bhmt1b,BHMT
Gm25289,U4
Gm25289,RNU4-90P
Gm25289,RNU4-36P
Gm25289,RNU4-52P
Gm25289,RNU4-81P
Gm25289,RNU4-15P
Gm25797,RNU6-1227P
Gm26108,RNU2-70P
Gm26108,RNU2-5P
Pou3f4,POU3F4
Satl1,SATL1
Mir361,MIR361
Fzd8,FZD8
Gjd4,GJD4
Gm54493,RNU4-61P
Gm24624,RNU1-39P
Cpxcr1,CPXCR1
H2ab2,H2AB2
H2ab2,H2AB3
H2ab2,H2AB1
Gm25834,RNU6-493P
Mir145a,MIR145
Mir143,MIR143
H2ab1,H2AB2
H2ab1,H2AB3
H2ab1,H2AB1
Mc5r,MC5R
Rpl27rt,RPL29
Tgif2lx2,TGIF2LX
Tgif2lx2,TGIF2LY
Tgif2lx1,TGIF2LX
Tgif2lx1,TGIF2LY
Gm26038,RNU6-197P
H2ab3,H2AB2
H2ab3,H2AB3
H2ab3,H2AB1
Marcol,MARCOL
Spink11,SPINK9
Gm54497,RNU6-261P
Skor2,SKOR2
Tex13d,TEX13D
Tex13d,TEX13C
Tex13c1,TEX13D
Tex13c1,TEX13C
Dcaf12l2,DCAF12L2
Gm25078,RNU6-330P
Gm25078,RNU6-1230P
Gm25078,RNU6-432P
Actrt1,ACTRT1
Cldn34a,CLDN34
Arl13a,ARL13A
Snora74a,SNORA74A
Prob1,PROB1
Foxr2,FOXR2
Gm22359,RNU6-1066P
Magea3,MAGEA10
Gm25257,RNU6-908P
Spink7,SPINK7
Bmp15,BMP15
Klhl34,KLHL34
Mir133a-1,MIR133A1
Mir1a-2,MIR1-2
Gpr119,GPR119
Asxl3,ASXL3
Mir500,MIR502
Mir501,MIR501
Mir188,MIR188
Mir532,MIR532
Usp27x,USP27X
Ccdc22,CCDC22
Gm26244,RNU1-91P
Cd14,CD14
Arxes2,SPCS3
Arxes1,SPCS3
Map3k15,MAP3K15
Vaultrc5,Vault
Vaultrc5,VTRNA2-2P
Pcdhb1,PCDHB1
Pcdhb2,PCDHB2
Pcdhb3,PCDHB3
Pcdhb4,PCDHB5
Pcdhb5,PCDHB4
Pcdhb6,PCDHB5
Mir363,MIR363
Pcdhb7,PCDHB4
Mir19b-2,MIR19B2
Pcdhb8,PCDHB5
Pcdhb10,PCDHB5
Pcdhb11,PCDHB5
Pcdhb12,PCDHB5
Pcdhb13,PCDHB6
Pcdhb15,PCDHB7
Pcdhb16,PCDHB13
Pcdhb17,PCDHB16
Pcdhb18,PCDHB10
Pcdhb18,PCDHB9
Pcdhb19,PCDHB12
Pcdhb19,PCDHB11
Pcdhb20,PCDHB14
Gm54832,RN7SKP192
Tex13a,TEX13B
Pcdhb22,PCDHB15
Gm23958,RNU6-1292P
Gm23958,RNU6-619P
Gm23958,RNU6-520P
Gm23958,RNU6-1154P
Gm23958,RNU6-910P
Gm23958,RNU6-482P
Slc25a2,SLC25A2
Ctag2l1,CTAG1A
Ctag2l1,CTAG1B
Ctag2l1,CTAG2
Or13ae2,OR13H1
Frmpd3,FRMPD3
Gm23199,RNU6-196P
Gm25023,RNU6-29P
Gm25851,RNU6-112P
Col4a6,COL4A6
Irs4,IRS4
Gm23901,RNU6-1242P
Gm23901,RNU6-366P
Gm26111,RNU6-842P
Gm23000,RNU1-117P
Gm1140,FAM9B
Gm1140,FAM9C
Gm1140,FAM9A
Gm14692,FAM9B
Gm14692,FAM9C
Gm14692,FAM9A
Mir509,MIR514A2
Mir509,MIR509-3
Mir509,MIR514B
Mir509,MIR509-1
Mir509,MIR514A1
Mir509,MIR514A3
Mir652,MIR652
Gm55105,7SK
Gm55105,RN7SKP88
Gm55142,RNU6-578P
Gm55172,RNU6-260P
Dcaf8l,DCAF8L1
Dcaf8l,DCAF8L2
Ppp4r3c2,PPP4R3C
Mageb6b1,MAGEB6B
Mageb6b1,MAGEB6
Mageb6b2,MAGEB6B
Mageb6b2,MAGEB6
Gm22062,RNU6-441P
Rtl4,RTL4
H2al1o,H2AL1Q
H2al1o,H2AL3
H2ap,H2AP
Sytl5,SYTL5
H2al1a,H2AL1Q
H2al1a,H2AL3
H2al1b,H2AL1Q
H2al1b,H2AL3
H2al1c,H2AL1Q
H2al1c,H2AL3
H2al1d,H2AL1Q
H2al1d,H2AL3
H2al1e,H2AL1Q
H2al1e,H2AL3
H2al1f,H2AL1Q
H2al1f,H2AL3
H2al1g,H2AL1Q
H2al1g,H2AL3
H2al1h,H2AL1Q
H2al1h,H2AL3
H2al1i,H2AL1Q
H2al1i,H2AL3
H2al1j,H2AL1Q
H2al1j,H2AL3
Gm26314,RNU6-737P
Gm26314,RNU6-119P
Gm26314,RNU6-364P
Zc3h12b,ZC3H12B
Mir223,MIR223
Otud6a,OTUD6A
Dgat2l6,DGAT2L6
Awat1,AWAT1
H2al1n,H2AL1Q
H2al1n,H2AL3
P2ry4,P2RY4
Dusp21,DUSP21
Dipk2b,DIPK2B
Gm25812,RNU6-206P
Gm26131,RNU6-652P
Gm5934,SYCP3
Gm4297,SYCP3
Gm5935,SYCP3
Gm5168,SYCP3
Gm10058,SYCP3
Gm10096,SYCP3
Rtl5,RTL5
Cylc1,CYLC1
Ccnb3,CCNB3
Dgkk,DGKK
Vsig1,VSIG1
Rtl8a,RTL8C
Sox3,SOX3
Gm715,HAPSTR2
Gm55604,RN7SKP71
Gm22686,RNU6-158P
Mir504,MIR504
Sowahd,SOWAHD
Gm24809,Metazoa_SRP
Gm24809,RN7SL670P
Gm24809,RN7SL405P
H2bw2,H2BW2
H2bw2,H2BW1
Mir450b,MIR450B
Mir450-1,MIR450A1
Mir450-2,MIR450A2
Mir542,MIR542
Mir322,MIR424
Ubqln2,UBQLN2
Gm25793,RNU6-552P
Bhlhb9,GPRASP3
Gm25107,SNORA35B
Vmn1r239-ps,VN1R5
Gm16405,SYCP3
Gm16430,SYCP3
Gm54807,RN7SKP234
Brs3,BRS3
Snord61,SNORD61
Gpr101,GPR101
Gm22364,RNU6-78P
Styx-ps,STYX
Dmtf1l,DMTF1
Gm22139,RNU6-586P
Cldn34c4,CLDN34
Gm25061,RNU6-636P
Mirlet7f-2,MIRLET7F2
Mir98,MIR98
Pnma5,PNMA5
Pnma3,PNMA3
F8a,F8A1
F8a,F8A2
F8a,F8A3
H2al1m,H2AL1Q
H2al1m,H2AL3
H2al1k,H2AL1Q
H2al1k,H2AL3
Gm24061,SNORA72
Gm25895,RNU6-234P
Tesl1,TES
Kcne5,KCNE5
Ssxb14,SSX4B
Ssxb14,SSX3
Ssxb14,SSX4
Ssxb14,SSX5
Ssxb14,SSX2
Ssxb14,SSX2B
Ssxb14,SSX7
Ssxb14,SSX1
Ssxb10,SSX4B
Ssxb10,SSX3
Ssxb10,SSX4
Ssxb10,SSX5
Ssxb10,SSX2
Ssxb10,SSX2B
Ssxb10,SSX7
Ssxb10,SSX1
Ssxb6,SSX4B
Ssxb6,SSX3
Ssxb6,SSX4
Ssxb6,SSX5
Ssxb6,SSX2
Ssxb6,SSX2B
Ssxb6,SSX7
Ssxb6,SSX1
Ssxb8,SSX4B
Ssxb8,SSX3
Ssxb8,SSX4
Ssxb8,SSX5
Ssxb8,SSX2
Ssxb8,SSX2B
Ssxb8,SSX7
Ssxb8,SSX1
Ssxb13,SSX4B
Ssxb13,SSX3
Ssxb13,SSX4
Ssxb13,SSX5
Ssxb13,SSX2
Ssxb13,SSX2B
Ssxb13,SSX7
Ssxb13,SSX1
Ssxb9,SSX4B
Ssxb9,SSX3
Ssxb9,SSX4
Ssxb9,SSX5
Ssxb9,SSX2
Ssxb9,SSX2B
Ssxb9,SSX7
Ssxb9,SSX1
Ssxb2,SSX4B
Ssxb2,SSX3
Ssxb2,SSX4
Ssxb2,SSX5
Ssxb2,SSX2
Ssxb2,SSX2B
Ssxb2,SSX7
Ssxb2,SSX1
Ssxb15,SSX4B
Ssxb15,SSX3
Ssxb15,SSX4
Ssxb15,SSX5
Ssxb15,SSX2
Ssxb15,SSX2B
Ssxb15,SSX7
Ssxb15,SSX1
Ssxb5,SSX4B
Ssxb5,SSX3
Ssxb5,SSX4
Ssxb5,SSX5
Ssxb5,SSX2
Ssxb5,SSX2B
Ssxb5,SSX7
Ssxb5,SSX1
Ssxb16,SSX4B
Ssxb16,SSX3
Ssxb16,SSX4
Ssxb16,SSX5
Ssxb16,SSX2
Ssxb16,SSX2B
Ssxb16,SSX7
Ssxb16,SSX1
Rtl9,RTL9
Spaca5,SPACA5B
Spaca5,SPACA5
Ccdc120,CCDC120
Kcnd1,KCND1
Asmt,ASMT
Gm22287,RNU6-685P
Gm22287,RNU6-63P
Mir505,MIR505
Gm7073,CXorf66
Tex28,TEX28
Esx1,ESX1
Gm54830,SNORA63
Gm23461,RNU6-653P
Wnk3,WNK3
Gm24263,RNU6-806P
Pabir1,PABIR1
Gm10053,CYCS
Foxd4,FOXD4L1
Foxd4,FOXD4L3
Foxd4,FOXD4L4
Foxd4,FOXD4L6
Foxd4,FOXD4L5
Foxd4,FOXD4
Gm54426,SNORA19
Gm24252,SNORA24B
Gm25176,RNU4-59P
Sts,STS
Adrb1,ADRB1
Catsper1,CATSPER1
Vwa2,VWA2
Tsga10ip,TSGA10IP
Fosl1,FOSL1
Nscme3l,NSMCE3
Ovol1,OVOL1
Rln1,RLN1
Rln1,RLN2
Kcnk18,KCNK18
Emx2,EMX2
Nanos1,NANOS1
Snora19,SNORA19
Ranbp6,RANBP6
Trpd52l3,TPD52L3
Dkk1,DKK1
Gm54631,RN7SKP49
Gm54631,RN7SKP287
Cstf2t,CSTF2T
Gm61610,RBBP8P1
Gm46683,SPIN2B
Gm46683,SPIN2A
Spin2f,SPIN2B
Spin2f,SPIN2A
Spin2e,SPIN2B
Spin2e,SPIN2A
Spin2j,SPIN2B
Spin2j,SPIN2A
Spin2-ps10,SPIN2B
Spin2-ps10,SPIN2A
Spin2h,SPIN2B
Spin2h,SPIN2A
Lipf,LIPF
Spin2-ps8,SPIN2B
Spin2-ps8,SPIN2A
Ankrd22,ANKRD22
Spin2g,SPIN2B
Spin2g,SPIN2A
Gm14332,SPIN2B
Gm14332,SPIN2A
Ch25h,CH25H
Gm25431,RNU6-191P
Spin2-ps1,SPIN2B
Spin2-ps1,SPIN2A
Gm23940,RNU6-359P
Pde6c,PDE6C
Spin2-ps9,SPIN2B
Spin2-ps9,SPIN2A
Spin2-ps2,SPIN2B
Spin2-ps2,SPIN2A
Gm22351,RNU6-537P
Spin2-ps4,SPIN2B
Spin2-ps4,SPIN2A
Gm54784,RN7SKP35
Ppp4r3c1,PPP4R3C
Hemgnl,HEMGN
Cxcr3,CXCR3
Gm3858,CXorf49B
Gm3858,CXorf49
Phex,PHEX
Slc22a19,SLC22A9
Frat1,FRAT1
Frat2,FRAT2
Gm23113,RNU6-1135P
4933411K16Rik,C10orf62
Hpse2,HPSE2
Gm55012,RNA5SP172
Nkx2-3,NKX2-3
Gm24336,SNORA12
Lrrc10b,LRRC10B
Pkd2l1,PKD2L1
Vwce,VWCE
Spin2-ps7,SPIN2B
Spin2-ps7,SPIN2A
Zp1,ZP1
Ptgdr2,PTGDR2
Hps6,HPS6
Or4d10,OR4D10
Or5an9,OR5AN1
Or5an1c,OR5AN1
Gm24521,RNU6-552P
Or5b21,OR5B21
Or5b12b,OR5B12
Or5b96,OR5B3
Or5b97,OR5B3
Or5b104,OR5B3
Or5b105,OR5B3
Or5b106,OR5B3
Or10w1,OR10W1
Or10w3,OR10W1
Or10q1,OR10Q1
Or10q12,OR10Q1
Or1s2,OR1S2
Or1s2,OR1S1
Or9q2,OR9Q2
Or9i14,OR9I1
Or9i1,OR9I1
Or9i1b,OR9I1
Gm55236,RNU4-78P
Gm55236,RNU4-35P
Gm55236,RNU4-70P
Gm55236,RNU4-17P
Gm22684,SNORA71
Calhm1,CALHM1
Calhm3,CALHM3
Col17a1,COL17A1
Gm24805,RNU6-433P
Gm24805,RNU6-1265P
Gm25644,RNU6-698P
Ins1,INS
Nutf2-ps1,NUTF2
Mir204,MIR204
Aldh3b3,ALDH3B2
Snord3b-ps1,U3
Cabp4,CABP4
Gpr152,GPR152
Znhit2,ZNHIT2
Gm55610,RNU6-946P
Or5b99,OR5B2
Or5b100,OR5B3
Or5b101,OR5B3
Or5b107,OR5B3
Or5b108,OR5B3
Or5b109,OR5B3
Gm22443,RNU6-629P
Or5b111,OR5B3
Or5b112,OR5B3
Or5b113,OR5B3
Or5b3,OR5B3
Sfrp5,SFRP5
Snora57,SNORA57
Plpp6,PLPP6
Rnls,RNLS
Rom1,ROM1
Ms4a18,MS4A18
Ms4a8a,MS4A8
Ms4a14,MS4A14
Gm54641,RN7SKP295
1810009A15Rik,C11orf98
Ccdc87,CCDC87
Gm54401,RNU6-155P
Cd248,CD248
Gm22365,RNU5E-4P
Mplkipl1,MPLKIP
Fhip2a,FHIP2A
Gm22113,RNU6-18P
Gm22113,RNU6-17P
Gm54579,RN7SKP33
Vax1,VAX1
Kcnv2,KCNV2
Gm23655,RNU6-586P
Krtap8-1,KRTAP8-1
Krtap7-1,KRTAP7-1
Krtap11-1,KRTAP11-1
Mir484,MIR484
Btnl12,BTN3A1
Gm25617,SNORA17A
Drd3,DRD3
Cebpd,CEBPD
Or7a40,OR7A5
Or7a40,OR7A17
Or7a40,OR7A10
Slc9c1,SLC9C1
Gm54503,RN7SKP53
Gm54505,RN7SKP67
Gm54505,RN7SKP277
Gm54505,RN7SKP298
Retnlb,RETNLB
Zpld1,ZPLD1
Gm23003,RNU6-481P
Ccdc188,CCDC188
Adgrg7,ADGRG7
Gpr15,GPR15
Gm24142,RNU6-206P
Or5k1b,OR5K1
Or5k1b,OR5K2
AF357341,SNORD114-1
AF357341,SNORD114-13
AF357341,SNORD114-3
AF357341,SNORD114-16
AF357341,SNORD114-11
Gm22981,SNORD114-1
Gm22981,SNORD114-13
Gm22981,SNORD114-3
Gm22981,SNORD114-16
Gm22981,SNORD114-11
Gm25856,SNORD114-1
Gm25856,SNORD114-13
Gm25856,SNORD114-3
Gm25856,SNORD114-16
Gm25856,SNORD114-11
Or5k1,OR5K1
Or5k1,OR5K2
Gm23787,SNORD114-14
Or5k14,OR5K3
Gm25854,SNORD114-21
Gm22205,SNORD114-23
Gm22205,SNORD114-24
Or5k16,OR5K4
Gm25224,SNORD114-30
Mir299a,MIR299
Mir323,MIR323A
Mir494,MIR494
Or5h18,OR5H1
Or5h18,OR5H15
Or5h18,OR5H8
Or5h18,OR5H2
Or5h18,OR5H14
Or5h18,OR5H6
Or5h19,OR5H1
Or5h19,OR5H15
Or5h19,OR5H8
Or5h19,OR5H2
Or5h19,OR5H14
Or5h19,OR5H6
Mir381,MIR381
Or5h22,OR5H1
Or5h22,OR5H15
Or5h22,OR5H8
Or5h22,OR5H2
Or5h22,OR5H14
Or5h22,OR5H6
Or5h23,OR5H1
Or5h23,OR5H15
Or5h23,OR5H8
Or5h23,OR5H2
Or5h23,OR5H14
Or5h23,OR5H6
Mir382,MIR382
Mir134,MIR134
Mir668,MIR668
Mir154,MIR154
Mir496a,MIR496
Mir377,MIR377
Or5h25,OR5H1
Or5h25,OR5H15
Or5h25,OR5H8
Or5h25,OR5H2
Or5h25,OR5H14
Or5h25,OR5H6
Mir541,MIR541
Gm54371,MIR409
Mir409,MIR409
Mir412,MIR412
Mir410,MIR410
Gm24859,RNU6-8
Gm24859,RNU6-7
Or5k3,OR5K3
Gm23296,RNU6-8
Gm23296,RNU6-7
Or5h26,OR5H1
Or5h26,OR5H15
Or5h26,OR5H8
Or5h26,OR5H2
Or5h26,OR5H14
Or5h26,OR5H6
Or5ac16,OR5AC2
Or5ac17,OR5AC2
Or5ac19,OR5AC2
Gabrr3,GABRR3
Epha6,EPHA6
Plp2rt,PLP2
Gm24164,RNU6-290P
Stx19,STX19
Iglc1,IGLL1
Iglc1,IGLC2
Iglc1,IGLC3
Iglc1,IGLC1
Iglc1,IGLL5
Iglc1,IGLC7
Iglc3,IGLL1
Iglc3,IGLC2
Iglc3,IGLC3
Iglc3,IGLC1
Iglc3,IGLL5
Iglc3,IGLC7
Zfp457,ZNF727
Zfp457,ZNF695
Zfp457,ZNF738
Zfp457,ZNF85
Zfp457,ZNF681
Zfp457,ZNF682
Zfp457,ZNF736
Zfp457,ZNF678
Zfp457,ZNF724
Iglc4,IGLL1
Iglc4,IGLC2
Iglc4,IGLC3
Iglc4,IGLC1
Iglc4,IGLL5
Iglc4,IGLC7
Iglc2,IGLL1
Iglc2,IGLC2
Iglc2,IGLC3
Iglc2,IGLC1
Iglc2,IGLL5
Iglc2,IGLC7
Iglv3,IGLV4-3
Gm54435,RN7SKP57
Gm54481,RN7SKP183
Csnk2a2ip,CSNK2A2IP
Ttc6,TTC6
Gm54750,RN7SKP2
Gm22448,RNU6-24P
Gm22973,RNU2-23P
Irf2bpl,IRF2BPL
Mir203,MIR203B
Kif26a,KIF26A
Gm22797,SNORA71
Gm25699,RNU1-129P
Gm25699,RNU1-154P
Gm25699,RNU1-65P
Gm25699,RNU1-114P
Gm25699,RNU1-151P
Samsn1,SAMSN1
H1f2,H1-2
H2ac4,H2AC8
H3c2,H3C14
H1f1,H1-1
Gm25038,SNORA75
Gm25038,SNORA75B
Trim38,TRIM38
Gm54838,RN7SKP236
Samd15,SAMD15
Gm23104,RNU6-882P
Slc17a1,SLC17A1
Cldn17,CLDN17
Cldn8,CLDN8
Krtap24-1,KRTAP24-1
Gm54874,RNU6-542P
Krtap26-1,KRTAP26-1
Krtap27-1,KRTAP27-1
Krtap13-1,KRTAP13-4
Krtap13-1,KRTAP13-1
Krtap13-1,KRTAP13-2
Krtap13,KRTAP13-3
Krtap13-20,KRTAP13-3
Krtap13-21,KRTAP13-3
Gm23059,RNU6-240P
Krtap13-24,KRTAP13-3
Krtap15-1,KRTAP15-1
Gm54555,RN7SKP64
H2bc1,H2BC1
Gm24750,RNU6-410P
Gm24750,RNU6-769P
H2ac1,H2AC1
Fscb,FSCB
Sox11,SOX11
Slx4,SLX4
Gm25970,SNORD127
Igha,IGHA2
Igha,IGHA1
Ighe,IGHE
Gm22013,RNU6-248P
Gm54563,RN7SKP43
Dnase1,DNASE1
Hdgfl1,HDGFL1
Prl3d2,PRL
Prl3d3,PRL
Prl3b1,PRL
Ighm,IGHM
Prl3a1,PRL
Gm25599,RNU6-758P
Prl6a1,PRL
Gm55001,RNU6-889P
Map3k13,MAP3K13
Prl2b1,PRL
Mageb5,MAGEB5
Prl8a9,PRL
Mageb1,MAGEB6B
Mageb1,MAGEB6
Gm26159,RNU6-176P
Prl8a1,PRL
Gm55036,RN7SKP167
Gm55036,RN7SKP231
Gm55036,RN7SKP134
Gm55036,RN7SKP63
Gm55036,RN7SKP290
Gm55036,RN7SKP131
Gm55036,RN7SKP146
Gm55036,RN7SKP172
Gm55036,RN7SKP221
Prl7b1,PRL
Crygs,CRYGS
Gm25805,RNU6-1333P
Prl7a2,PRL
Gm55060,RNU6-706P
Tes3-ps,DCUN1D1
Tekt5,TEKT5
Prl7c1,PRL
Prl2a1,PRL
Snord2,SNORD2
Gm24201,SNORA63B
Snora81,SNORA81
Gm26447,SNORA63
Gm24616,SNORA4
Prl2c1,PRL
Gm55086,RN7SKP265
Rtp1,RTP1
Gm22476,RNU6-700P
Prl4a1,PRL
Mir28a,MIR28
Gm24145,RNU1-23P
Sox4,SOX4
Gm24928,RNU6-47P
Gm25776,SNORA79
Tmem207,TMEM207
Gm23206,RNU2-21P
Gm26256,RNU2-11P
Spata31e3,SPATA31D3
Spata31e3,SPATA31D1
Spata31e3,SPATA31D4
Uts2b,UTS2B
Mir193b,MIR193B
Mir365-1,MIR365A
Gm22806,SNORA2A
Rn7s1,RN7SL1
Mgat2,MGAT2
Fam43a,FAM43A
Serpinb9b,SERPINB9
Meltf,MELTF
Serpinb9d,SERPINB9
Serpinb9e,SERPINB9
Serpinb9f,SERPINB9
Gm25848,SNORA79
Serpinb9h,SERPINB9
Wdr5b,WDR5B
Gm23012,SNORA24B
Gm54824,RN7SKP268
Golgb1,GOLGB1
Htr1a,HTR1A
Gm24527,RNU6-804P
Gm25777,SNORA77B
Gm25777,SNORA77
Mir1306,MIR1306
Mir3618,MIR3618
Mir185,MIR185
Muc4,MUC4
Pou5f2,POU5F2
Mir99a,MIR99A
Mirlet7c-1,MIRLET7C
Calml3,CALML3
Mx2,MX1
Calm4,CALML5
Calm5,CALML5
Tubal3,TUBAL3
Ucn3,UCN3
Olig1,OLIG1
Gm22126,RNVU1-1
Ppp1r3g,PPP1R3G
Ighv2-2,IGHV6-1
Mir155,MIR155
Gm54861,SNORA62
Cox17,COX17
Ighv2-3,IGHV6-1
Mir582,MIR582
Ighv2-4,IGHV6-1
Bcl6,BCL6
Actbl2,ACTBL2
Gm23249,RNU1-78P
Gm23249,RNU1-119P
Gm23249,RNU1-132P
Ighv2-5,IGHV6-1
Cldn5,CLDN5
Gp1bb,GP1BB
Ighv2-6,IGHV6-1
Gm25245,RNU6-36P
Gm22500,RNU6-754P
Prm3,PRM3
Gm26403,RNU6-1102P
Pde6a,PDE6A
Ighv2-9-1,IGHV6-1
Ripk4,RIPK4
Ighv2-6-8,IGHV6-1
C2cd2,C2CD2
Ighv2-7,IGHV6-1
Mir449a,MIR449B
Mir449a,MIR449A
Ighv2-9,IGHV6-1
Ighv7-1,IGHV3-73
Ighv7-1,IGHV3-15
Ighv7-1,IGHV3-72
Ighv7-1,IGHV3OR15-7
Ighv7-1,IGHV3-49
Ighv14-1,IGHV1-46
Ighv14-1,IGHV1-69
Ighv14-1,IGHV1-3
Ighv14-1,IGHV1OR21-1
Ighv14-1,IGHV1-18
Ighv14-1,IGHV1OR15-9
Ighv14-1,IGHV1-24
Ighv14-1,IGHV1-69-2
Ighv14-1,IGHV1-58
Ighv14-1,IGHV1-45
Ighv14-1,IGHV1-69D
Mir301b,MIR301B
Rimbp3,RIMBP3B
Rimbp3,RIMBP3C
Rimbp3,RIMBP3
Gm24927,RNU6-766P
Gm54512,RNU6-1249P
Gm55230,RNU6-1098P
Gm24507,SCARNA18
Ighv14-2,IGHV1-46
Ighv14-2,IGHV1-69
Ighv14-2,IGHV1-3
Ighv14-2,IGHV1OR21-1
Ighv14-2,IGHV1-18
Ighv14-2,IGHV1OR15-9
Ighv14-2,IGHV1-24
Ighv14-2,IGHV1-69-2
Ighv14-2,IGHV1-58
Ighv14-2,IGHV1-45
Ighv14-2,IGHV1-69D
Mir1224,MIR1224
Ighv14-3,IGHV1-46
Ighv14-3,IGHV1-69
Ighv14-3,IGHV1-3
Ighv14-3,IGHV1OR21-1
Ighv14-3,IGHV1-18
Ighv14-3,IGHV1OR15-9
Ighv14-3,IGHV1-24
Ighv14-3,IGHV1-69-2
Ighv14-3,IGHV1-58
Ighv14-3,IGHV1-45
Ighv14-3,IGHV1-69D
Itga2,ITGA2
Ighv16-1,IGHV3-30
Ighv16-1,IGHV3-33
Ighv9-1,IGHV7-4-1
Ighv9-1,IGHV7-81
Ighv9-2,IGHV7-4-1
Ighv9-2,IGHV7-81
Ighv9-3,IGHV7-4-1
Ighv9-3,IGHV7-81
Gm22200,SNORD63B
Gm22200,SNORD63
Gm26109,SNORD63
Gm23205,RNU6-142P
Ighv7-3,IGHV3-73
Ighv7-3,IGHV3-15
Ighv7-3,IGHV3-72
Ighv7-3,IGHV3OR15-7
Ighv7-3,IGHV3-49
Ighv14-4,IGHV1-46
Ighv14-4,IGHV1-69
Ighv14-4,IGHV1-3
Ighv14-4,IGHV1OR21-1
Ighv14-4,IGHV1-18
Ighv14-4,IGHV1OR15-9
Ighv14-4,IGHV1-24
Ighv14-4,IGHV1-69-2
Ighv14-4,IGHV1-58
Ighv14-4,IGHV1-45
Ighv14-4,IGHV1-69D
Ighv9-4,IGHV7-4-1
Ighv9-4,IGHV7-81
Gm55256,RN7SKP233
Ighv13-2,IGHV3-73
Ighv13-2,IGHV3-15
Ighv13-2,IGHV3-72
Ighv13-2,IGHV3OR15-7
Ighv13-2,IGHV3-49
Ighv6-3,IGHV3-73
Ighv6-3,IGHV3-15
Ighv6-3,IGHV3-72
Ighv6-3,IGHV3OR15-7
Ighv6-3,IGHV3-49
Ighv6-4,IGHV3-73
Ighv6-4,IGHV3-15
Ighv6-4,IGHV3-72
Ighv6-4,IGHV3OR15-7
Ighv6-4,IGHV3-49
Ighv6-5,IGHV3-73
Ighv6-5,IGHV3-15
Ighv6-5,IGHV3-72
Ighv6-5,IGHV3OR15-7
Ighv6-5,IGHV3-49
Snord66,SNORD66
Smim32,SMIM32
Ighv6-6,IGHV3-73
Ighv6-6,IGHV3-15
Ighv6-6,IGHV3-72
Ighv6-6,IGHV3OR15-7
Ighv6-6,IGHV3-49
Ighv6-7,IGHV3-73
Ighv6-7,IGHV3-15
Ighv6-7,IGHV3-72
Ighv6-7,IGHV3OR15-7
Ighv6-7,IGHV3-49
Ighv8-2,IGHV2-26
Ighv8-2,IGHV2-5
Ighv8-2,IGHV2OR16-5
Ighv8-2,IGHV2-70D
Ighv8-2,IGHV2-70
Spz1,SPZ1
Ighv10-1,IGHV3-73
Ighv10-1,IGHV3-15
Ighv10-1,IGHV3-72
Ighv10-1,IGHV3OR15-7
Ighv10-1,IGHV3-49
Ighv1-4,IGHV1-46
Ighv1-4,IGHV1-69
Ighv1-4,IGHV1-3
Ighv1-4,IGHV1OR21-1
Ighv1-4,IGHV1-18
Ighv1-4,IGHV1OR15-9
Ighv1-4,IGHV1-24
Ighv1-4,IGHV1-69-2
Ighv1-4,IGHV1-58
Ighv1-4,IGHV1-45
Ighv1-4,IGHV1-69D
Ighv1-5,IGHV1-46
Ighv1-5,IGHV1-69
Ighv1-5,IGHV1-3
Ighv1-5,IGHV1OR21-1
Ighv1-5,IGHV1-18
Ighv1-5,IGHV1OR15-9
Ighv1-5,IGHV1-24
Ighv1-5,IGHV1-69-2
Ighv1-5,IGHV1-58
Ighv1-5,IGHV1-45
Ighv1-5,IGHV1-69D
Mtx3,MTX3
Krtap13-23,KRTAP13-3
Ighv10-3,IGHV3-73
Ighv10-3,IGHV3-15
Ighv10-3,IGHV3-72
Ighv10-3,IGHV3OR15-7
Ighv10-3,IGHV3-49
Ighv1-7,IGHV1-46
Ighv1-7,IGHV1-69
Ighv1-7,IGHV1-3
Ighv1-7,IGHV1OR21-1
Ighv1-7,IGHV1-18
Ighv1-7,IGHV1OR15-9
Ighv1-7,IGHV1-24
Ighv1-7,IGHV1-69-2
Ighv1-7,IGHV1-58
Ighv1-7,IGHV1-45
Ighv1-7,IGHV1-69D
Col8a1,COL8A1
Ighv1-11,IGHV1-46
Ighv1-11,IGHV1-69
Ighv1-11,IGHV1-3
Ighv1-11,IGHV1OR21-1
Ighv1-11,IGHV1-18
Ighv1-11,IGHV1OR15-9
Ighv1-11,IGHV1-24
Ighv1-11,IGHV1-69-2
Ighv1-11,IGHV1-58
Ighv1-11,IGHV1-45
Ighv1-11,IGHV1-69D
Ighv1-12,IGHV1-46
Ighv1-12,IGHV1-69
Ighv1-12,IGHV1-3
Ighv1-12,IGHV1OR21-1
Ighv1-12,IGHV1-18
Ighv1-12,IGHV1OR15-9
Ighv1-12,IGHV1-24
Ighv1-12,IGHV1-69-2
Ighv1-12,IGHV1-58
Ighv1-12,IGHV1-45
Ighv1-12,IGHV1-69D
Pabpc2,PABPC1
Pabpc2,PABPC3
LINC03051,LINC03051
Ighv1-15,IGHV1-46
Ighv1-15,IGHV1-69
Ighv1-15,IGHV1-3
Ighv1-15,IGHV1OR21-1
Ighv1-15,IGHV1-18
Ighv1-15,IGHV1OR15-9
Ighv1-15,IGHV1-24
Ighv1-15,IGHV1-69-2
Ighv1-15,IGHV1-58
Ighv1-15,IGHV1-45
Ighv1-15,IGHV1-69D
Gm24737,RNU6-267P
Gm24737,RNU6-162P
Ighv1-16,IGHV1-46
Ighv1-16,IGHV1-69
Ighv1-16,IGHV1-3
Ighv1-16,IGHV1OR21-1
Ighv1-16,IGHV1-18
Ighv1-16,IGHV1OR15-9
Ighv1-16,IGHV1-24
Ighv1-16,IGHV1-69-2
Ighv1-16,IGHV1-58
Ighv1-16,IGHV1-45
Ighv1-16,IGHV1-69D
Edaradd,EDARADD
Gm22543,RNU6-539P
Ighv1-22,IGHV1-46
Ighv1-22,IGHV1-69
Ighv1-22,IGHV1-3
Ighv1-22,IGHV1OR21-1
Ighv1-22,IGHV1-18
Ighv1-22,IGHV1OR15-9
Ighv1-22,IGHV1-24
Ighv1-22,IGHV1-69-2
Ighv1-22,IGHV1-58
Ighv1-22,IGHV1-45
Ighv1-22,IGHV1-69D
Prr16,PRR16
Ighv1-23,IGHV1-46
Ighv1-23,IGHV1-69
Ighv1-23,IGHV1-3
Ighv1-23,IGHV1OR21-1
Ighv1-23,IGHV1-18
Ighv1-23,IGHV1OR15-9
Ighv1-23,IGHV1-24
Ighv1-23,IGHV1-69-2
Ighv1-23,IGHV1-58
Ighv1-23,IGHV1-45
Ighv1-23,IGHV1-69D
Gm25810,RNU6-398P
Mex3c,MEX3C
Ighv1-24,IGHV1-46
Ighv1-24,IGHV1-69
Ighv1-24,IGHV1-3
Ighv1-24,IGHV1OR21-1
Ighv1-24,IGHV1-18
Ighv1-24,IGHV1OR15-9
Ighv1-24,IGHV1-24
Ighv1-24,IGHV1-69-2
Ighv1-24,IGHV1-58
Ighv1-24,IGHV1-45
Ighv1-24,IGHV1-69D
Ighv1-26,IGHV1-46
Ighv1-26,IGHV1-69
Ighv1-26,IGHV1-3
Ighv1-26,IGHV1OR21-1
Ighv1-26,IGHV1-18
Ighv1-26,IGHV1OR15-9
Ighv1-26,IGHV1-24
Ighv1-26,IGHV1-69-2
Ighv1-26,IGHV1-58
Ighv1-26,IGHV1-45
Ighv1-26,IGHV1-69D
Prl2c3,PRL
Chst9,CHST9
Pcdhb9,PCDHB4
Ighv1-31,IGHV1-46
Ighv1-31,IGHV1-69
Ighv1-31,IGHV1-3
Ighv1-31,IGHV1OR21-1
Ighv1-31,IGHV1-18
Ighv1-31,IGHV1OR15-9
Ighv1-31,IGHV1-24
Ighv1-31,IGHV1-69-2
Ighv1-31,IGHV1-58
Ighv1-31,IGHV1-45
Ighv1-31,IGHV1-69D
Dnd1,DND1
Ighv1-34,IGHV1-46
Ighv1-34,IGHV1-69
Ighv1-34,IGHV1-3
Ighv1-34,IGHV1OR21-1
Ighv1-34,IGHV1-18
Ighv1-34,IGHV1OR15-9
Ighv1-34,IGHV1-24
Ighv1-34,IGHV1-69-2
Ighv1-34,IGHV1-58
Ighv1-34,IGHV1-45
Ighv1-34,IGHV1-69D
Tex51,TEX51
Ighv1-39,IGHV1-46
Ighv1-39,IGHV1-69
Ighv1-39,IGHV1-3
Ighv1-39,IGHV1OR21-1
Ighv1-39,IGHV1-18
Ighv1-39,IGHV1OR15-9
Ighv1-39,IGHV1-24
Ighv1-39,IGHV1-69-2
Ighv1-39,IGHV1-58
Ighv1-39,IGHV1-45
Ighv1-39,IGHV1-69D
Pudp,PUDP
Gm26133,RNU6-700P
Pcdha11,PCDHA11
Ighv1-42,IGHV1-46
Ighv1-42,IGHV1-69
Ighv1-42,IGHV1-3
Ighv1-42,IGHV1OR21-1
Ighv1-42,IGHV1-18
Ighv1-42,IGHV1OR15-9
Ighv1-42,IGHV1-24
Ighv1-42,IGHV1-69-2
Ighv1-42,IGHV1-58
Ighv1-42,IGHV1-45
Ighv1-42,IGHV1-69D
Ighv1-43,IGHV1-46
Ighv1-43,IGHV1-69
Ighv1-43,IGHV1-3
Ighv1-43,IGHV1OR21-1
Ighv1-43,IGHV1-18
Ighv1-43,IGHV1OR15-9
Ighv1-43,IGHV1-24
Ighv1-43,IGHV1-69-2
Ighv1-43,IGHV1-58
Ighv1-43,IGHV1-45
Ighv1-43,IGHV1-69D
Snora47,SNORA47
Ighv1-47,IGHV1-46
Ighv1-47,IGHV1-69
Ighv1-47,IGHV1-3
Ighv1-47,IGHV1OR21-1
Ighv1-47,IGHV1-18
Ighv1-47,IGHV1OR15-9
Ighv1-47,IGHV1-24
Ighv1-47,IGHV1-69-2
Ighv1-47,IGHV1-58
Ighv1-47,IGHV1-45
Ighv1-47,IGHV1-69D
Sv2c,SV2C
Ighv8-4,IGHV2-26
Ighv8-4,IGHV2-5
Ighv8-4,IGHV2OR16-5
Ighv8-4,IGHV2-70D
Ighv8-4,IGHV2-70
Map3k2,MAP3K2
Ighv1-49,IGHV1-46
Ighv1-49,IGHV1-69
Ighv1-49,IGHV1-3
Ighv1-49,IGHV1OR21-1
Ighv1-49,IGHV1-18
Ighv1-49,IGHV1OR15-9
Ighv1-49,IGHV1-24
Ighv1-49,IGHV1-69-2
Ighv1-49,IGHV1-58
Ighv1-49,IGHV1-45
Ighv1-49,IGHV1-69D
Ighv8-5,IGHV2-26
Ighv8-5,IGHV2-5
Ighv8-5,IGHV2OR16-5
Ighv8-5,IGHV2-70D
Ighv8-5,IGHV2-70
Ighv1-50,IGHV1-46
Ighv1-50,IGHV1-69
Ighv1-50,IGHV1-3
Ighv1-50,IGHV1OR21-1
Ighv1-50,IGHV1-18
Ighv1-50,IGHV1OR15-9
Ighv1-50,IGHV1-24
Ighv1-50,IGHV1-69-2
Ighv1-50,IGHV1-58
Ighv1-50,IGHV1-45
Ighv1-50,IGHV1-69D
Ighv1-53,IGHV1-46
Ighv1-53,IGHV1-69
Ighv1-53,IGHV1-3
Ighv1-53,IGHV1OR21-1
Ighv1-53,IGHV1-18
Ighv1-53,IGHV1OR15-9
Ighv1-53,IGHV1-24
Ighv1-53,IGHV1-69-2
Ighv1-53,IGHV1-58
Ighv1-53,IGHV1-45
Ighv1-53,IGHV1-69D
Ighv8-6,IGHV2-26
Ighv8-6,IGHV2-5
Ighv8-6,IGHV2OR16-5
Ighv8-6,IGHV2-70D
Ighv8-6,IGHV2-70
Mir7-1,MIR7-1
Slc28a3,SLC28A3
Ighv1-54,IGHV1-46
Ighv1-54,IGHV1-69
Ighv1-54,IGHV1-3
Ighv1-54,IGHV1OR21-1
Ighv1-54,IGHV1-18
Ighv1-54,IGHV1OR15-9
Ighv1-54,IGHV1-24
Ighv1-54,IGHV1-69-2
Ighv1-54,IGHV1-58
Ighv1-54,IGHV1-45
Ighv1-54,IGHV1-69D
Ighv1-55,IGHV1-46
Ighv1-55,IGHV1-69
Ighv1-55,IGHV1-3
Ighv1-55,IGHV1OR21-1
Ighv1-55,IGHV1-18
Ighv1-55,IGHV1OR15-9
Ighv1-55,IGHV1-24
Ighv1-55,IGHV1-69-2
Ighv1-55,IGHV1-58
Ighv1-55,IGHV1-45
Ighv1-55,IGHV1-69D
Ighv1-56,IGHV1-46
Ighv1-56,IGHV1-69
Ighv1-56,IGHV1-3
Ighv1-56,IGHV1OR21-1
Ighv1-56,IGHV1-18
Ighv1-56,IGHV1OR15-9
Ighv1-56,IGHV1-24
Ighv1-56,IGHV1-69-2
Ighv1-56,IGHV1-58
Ighv1-56,IGHV1-45
Ighv1-56,IGHV1-69D
Ighv8-8,IGHV2-26
Ighv8-8,IGHV2-5
Ighv8-8,IGHV2OR16-5
Ighv8-8,IGHV2-70D
Ighv8-8,IGHV2-70
Ighv1-58,IGHV1-46
Ighv1-58,IGHV1-69
Ighv1-58,IGHV1-3
Ighv1-58,IGHV1OR21-1
Ighv1-58,IGHV1-18
Ighv1-58,IGHV1OR15-9
Ighv1-58,IGHV1-24
Ighv1-58,IGHV1-69-2
Ighv1-58,IGHV1-58
Ighv1-58,IGHV1-45
Ighv1-58,IGHV1-69D
Smim33,SMIM33
Ighv1-61,IGHV1-46
Ighv1-61,IGHV1-69
Ighv1-61,IGHV1-3
Ighv1-61,IGHV1OR21-1
Ighv1-61,IGHV1-18
Ighv1-61,IGHV1OR15-9
Ighv1-61,IGHV1-24
Ighv1-61,IGHV1-69-2
Ighv1-61,IGHV1-58
Ighv1-61,IGHV1-45
Ighv1-61,IGHV1-69D
Ighv1-62-1,IGHV1-46
Ighv1-62-1,IGHV1-69
Ighv1-62-1,IGHV1-3
Ighv1-62-1,IGHV1OR21-1
Ighv1-62-1,IGHV1-18
Ighv1-62-1,IGHV1OR15-9
Ighv1-62-1,IGHV1-24
Ighv1-62-1,IGHV1-69-2
Ighv1-62-1,IGHV1-58
Ighv1-62-1,IGHV1-45
Ighv1-62-1,IGHV1-69D
Ighv1-62-2,IGHV1-46
Ighv1-62-2,IGHV1-69
Ighv1-62-2,IGHV1-3
Ighv1-62-2,IGHV1OR21-1
Ighv1-62-2,IGHV1-18
Ighv1-62-2,IGHV1OR15-9
Ighv1-62-2,IGHV1-24
Ighv1-62-2,IGHV1-69-2
Ighv1-62-2,IGHV1-58
Ighv1-62-2,IGHV1-45
Ighv1-62-2,IGHV1-69D
Ighv1-62-3,IGHV1-46
Ighv1-62-3,IGHV1-69
Ighv1-62-3,IGHV1-3
Ighv1-62-3,IGHV1OR21-1
Ighv1-62-3,IGHV1-18
Ighv1-62-3,IGHV1OR15-9
Ighv1-62-3,IGHV1-24
Ighv1-62-3,IGHV1-69-2
Ighv1-62-3,IGHV1-58
Ighv1-62-3,IGHV1-45
Ighv1-62-3,IGHV1-69D
Ighv8-9,IGHV2-26
Ighv8-9,IGHV2-5
Ighv8-9,IGHV2OR16-5
Ighv8-9,IGHV2-70D
Ighv8-9,IGHV2-70
4930503L19Rik,C18orf54
Ighv1-63,IGHV1-46
Ighv1-63,IGHV1-69
Ighv1-63,IGHV1-3
Ighv1-63,IGHV1OR21-1
Ighv1-63,IGHV1-18
Ighv1-63,IGHV1OR15-9
Ighv1-63,IGHV1-24
Ighv1-63,IGHV1-69-2
Ighv1-63,IGHV1-58
Ighv1-63,IGHV1-45
Ighv1-63,IGHV1-69D
Ighv1-64,IGHV1-46
Ighv1-64,IGHV1-69
Ighv1-64,IGHV1-3
Ighv1-64,IGHV1OR21-1
Ighv1-64,IGHV1-18
Ighv1-64,IGHV1OR15-9
Ighv1-64,IGHV1-24
Ighv1-64,IGHV1-69-2
Ighv1-64,IGHV1-58
Ighv1-64,IGHV1-45
Ighv1-64,IGHV1-69D
Gm22628,RNU6-31P
Ighv8-11,IGHV2-26
Ighv8-11,IGHV2-5
Ighv8-11,IGHV2OR16-5
Ighv8-11,IGHV2-70D
Ighv8-11,IGHV2-70
Gm23579,RNU6-345P
Ighv1-66,IGHV1-46
Ighv1-66,IGHV1-69
Ighv1-66,IGHV1-3
Ighv1-66,IGHV1OR21-1
Ighv1-66,IGHV1-18
Ighv1-66,IGHV1OR15-9
Ighv1-66,IGHV1-24
Ighv1-66,IGHV1-69-2
Ighv1-66,IGHV1-58
Ighv1-66,IGHV1-45
Ighv1-66,IGHV1-69D
Ighv1-67,IGHV1-46
Ighv1-67,IGHV1-69
Ighv1-67,IGHV1-3
Ighv1-67,IGHV1OR21-1
Ighv1-67,IGHV1-18
Ighv1-67,IGHV1OR15-9
Ighv1-67,IGHV1-24
Ighv1-67,IGHV1-69-2
Ighv1-67,IGHV1-58
Ighv1-67,IGHV1-45
Ighv1-67,IGHV1-69D
Gas1,GAS1
Ighv1-71,IGHV1-46
Ighv1-71,IGHV1-69
Ighv1-71,IGHV1-3
Ighv1-71,IGHV1OR21-1
Ighv1-71,IGHV1-18
Ighv1-71,IGHV1OR15-9
Ighv1-71,IGHV1-24
Ighv1-71,IGHV1-69-2
Ighv1-71,IGHV1-58
Ighv1-71,IGHV1-45
Ighv1-71,IGHV1-69D
Ighv1-72,IGHV1-46
Ighv1-72,IGHV1-69
Ighv1-72,IGHV1-3
Ighv1-72,IGHV1OR21-1
Ighv1-72,IGHV1-18
Ighv1-72,IGHV1OR15-9
Ighv1-72,IGHV1-24
Ighv1-72,IGHV1-69-2
Ighv1-72,IGHV1-58
Ighv1-72,IGHV1-45
Ighv1-72,IGHV1-69D
Ighv8-13,IGHV2-26
Ighv8-13,IGHV2-5
Ighv8-13,IGHV2OR16-5
Ighv8-13,IGHV2-70D
Ighv8-13,IGHV2-70
Mir23b,MIR23B
Mir27b,MIR27B
Mir24-1,MIR24-1
Ighv1-75,IGHV1-46
Ighv1-75,IGHV1-69
Ighv1-75,IGHV1-3
Ighv1-75,IGHV1OR21-1
Ighv1-75,IGHV1-18
Ighv1-75,IGHV1OR15-9
Ighv1-75,IGHV1-24
Ighv1-75,IGHV1-69-2
Ighv1-75,IGHV1-58
Ighv1-75,IGHV1-45
Ighv1-75,IGHV1-69D
Ighv1-76,IGHV1-46
Ighv1-76,IGHV1-69
Ighv1-76,IGHV1-3
Ighv1-76,IGHV1OR21-1
Ighv1-76,IGHV1-18
Ighv1-76,IGHV1OR15-9
Ighv1-76,IGHV1-24
Ighv1-76,IGHV1-69-2
Ighv1-76,IGHV1-58
Ighv1-76,IGHV1-45
Ighv1-76,IGHV1-69D
Ighv1-77,IGHV1-46
Ighv1-77,IGHV1-69
Ighv1-77,IGHV1-3
Ighv1-77,IGHV1OR21-1
Ighv1-77,IGHV1-18
Ighv1-77,IGHV1OR15-9
Ighv1-77,IGHV1-24
Ighv1-77,IGHV1-69-2
Ighv1-77,IGHV1-58
Ighv1-77,IGHV1-45
Ighv1-77,IGHV1-69D
Ighv1-78,IGHV1-46
Ighv1-78,IGHV1-69
Ighv1-78,IGHV1-3
Ighv1-78,IGHV1OR21-1
Ighv1-78,IGHV1-18
Ighv1-78,IGHV1OR15-9
Ighv1-78,IGHV1-24
Ighv1-78,IGHV1-69-2
Ighv1-78,IGHV1-58
Ighv1-78,IGHV1-45
Ighv1-78,IGHV1-69D
Ighv1-80,IGHV1-46
Ighv1-80,IGHV1-69
Ighv1-80,IGHV1-3
Ighv1-80,IGHV1OR21-1
Ighv1-80,IGHV1-18
Ighv1-80,IGHV1OR15-9
Ighv1-80,IGHV1-24
Ighv1-80,IGHV1-69-2
Ighv1-80,IGHV1-58
Ighv1-80,IGHV1-45
Ighv1-80,IGHV1-69D
Ighv1-81,IGHV1-46
Ighv1-81,IGHV1-69
Ighv1-81,IGHV1-3
Ighv1-81,IGHV1OR21-1
Ighv1-81,IGHV1-18
Ighv1-81,IGHV1OR15-9
Ighv1-81,IGHV1-24
Ighv1-81,IGHV1-69-2
Ighv1-81,IGHV1-58
Ighv1-81,IGHV1-45
Ighv1-81,IGHV1-69D
Ighv1-82,IGHV1-46
Ighv1-82,IGHV1-69
Ighv1-82,IGHV1-3
Ighv1-82,IGHV1OR21-1
Ighv1-82,IGHV1-18
Ighv1-82,IGHV1OR15-9
Ighv1-82,IGHV1-24
Ighv1-82,IGHV1-69-2
Ighv1-82,IGHV1-58
Ighv1-82,IGHV1-45
Ighv1-82,IGHV1-69D
Ighv1-84,IGHV1-46
Ighv1-84,IGHV1-69
Ighv1-84,IGHV1-3
Ighv1-84,IGHV1OR21-1
Ighv1-84,IGHV1-18
Ighv1-84,IGHV1OR15-9
Ighv1-84,IGHV1-24
Ighv1-84,IGHV1-69-2
Ighv1-84,IGHV1-58
Ighv1-84,IGHV1-45
Ighv1-84,IGHV1-69D
Ighv1-85,IGHV1-46
Ighv1-85,IGHV1-69
Ighv1-85,IGHV1-3
Ighv1-85,IGHV1OR21-1
Ighv1-85,IGHV1-18
Ighv1-85,IGHV1OR15-9
Ighv1-85,IGHV1-24
Ighv1-85,IGHV1-69-2
Ighv1-85,IGHV1-58
Ighv1-85,IGHV1-45
Ighv1-85,IGHV1-69D
Btf3l4b,BTF3L4
Gm23955,RNU6-420P
Neurog1,NEUROG1
Il9,IL9
Serpinb9g,SERPINB9
Serpinb6e,SERPINB6
Nkapl,NKAPL
Dnah11,DNAH11
AK157302,ISCA1
Or2b6,OR2B6
H1f5,H1-5
Trgv7,TRGV5
Trgv7,TRGV4
Trgv7,TRGV3
Trgv7,TRGV8
Trgv7,TRGV1
Trgv7,TRGV2
Trgv4,TRGV11
Ferd3l,FERD3L
H3c8,H3C3
H2bc9,H2BC14
H4c6,H4C16
H1f3,H1-3
H3c6,H3C13
H2ac8,H2AC8
Gm47290,RNU6-174P
Prps1l1,PRPS1L1
H1f4,H1-4
H2ac6,H2AC8
H4c3,H4C11
H1f6,H1-6
Agr3,AGR3
Idi2l,IDI2
Idi2,IDI2
Gm61616,SUPT20HL2
Gm61616,SUPT20HL1
Gm61617,SUPT20HL2
Gm61617,SUPT20HL1
Gm54795,RN7SKP126
Gm54795,RN7SKP249
Gcm2,GCM2
Amer1,AMER1
Sycp2l,SYCP2L
Gpr135,GPR135
Gm25203,U3
Dym,DYM
Mir874,MIR874
Hnrnpa0,HNRNPA0
Six6,SIX6
Six4,SIX4
Mir221,MIR221
Mir222,MIR222
Gphb5,GPHB5
Nutm2,NUTM2B
Nutm2,NUTM2A
Nutm2,NUTM2E
Nutm2,NUTM2G
Nutm2,NUTM2F
Nutm2,NUTM2D
Spata31e4,SPATA31D3
Spata31e4,SPATA31D1
Spata31e4,SPATA31D4
Gm14569,KIAA1210
Gm24268,RNU6-908P
Magea1,MAGEA10
Rplp2-ps1,RPLP2
Gm22108,RNU6-577P
Gm22108,RNU6-1234P
Gm24798,RNU6-577P
Gm24798,RNU6-1234P
Nhs,NHS
Gm26317,RNU6-5P
Gm23794,RNU6-827P
Foxd1,FOXD1
Kir3dl2,KIR2DS4
Kir3dl2,KIR3DL1
Kir3dl2,KIR3DL2
Kir3dl2,KIR2DL1
Kir3dl2,KIR2DL4
Kir3dl2,KIR3DL3
Kir3dl2,KIR2DL3
Gm54916,RN7SKP34
Gm54916,RN7SKP105
Tmem174,TMEM174
Gm26454,RNU6-953P
Foxg1,FOXG1
Gm24123,SNORD12B
Mirlet7d,MIRLET7D
Serpina3j,SERPINA3
Mirlet7a-1,MIRLET7A1
Zfp874b,ZNF195
Zfp874b,ZNF429
Gm25926,RNU1-14P
Gm25926,RNU1-42P
Gm54984,RNU6-664P
Gm55002,RNU6-728P
Mroh2b,MROH2B
Mir342,MIR342
Gm25652,RNU6-597P
Snord72,SNORD72
Mir345,MIR345
Mir33,MIR33A
Mir770,MIR770
Mir337,MIR337
Mir665,MIR665
Mir431,MIR431
Mir433,MIR433
Mir127,MIR127
Fer1l6,FER1L6
Gpx6,GPX6
Gm54392,RN7SKP44
Mir370,MIR370
Gm24564,SNORD113-2
Gm55109,SNORD113-4
Cox5b-ps,COX5B
AF357425,SNORD113-6
Gm55110,SNORD113-9
Or2w1,OR2W1
Trmt12,TYW2
Gm23347,SNORD114-21
4933412E24Rik,CXorf49B
4933412E24Rik,CXorf49
AF357428,SNORD114-1
AF357428,SNORD114-13
AF357428,SNORD114-3
AF357428,SNORD114-16
AF357428,SNORD114-11
Gm23736,SNORD114-1
Gm23736,SNORD114-13
Gm23736,SNORD114-3
Gm23736,SNORD114-16
Gm23736,SNORD114-11
Gm22149,SNORA17A
Gm23676,RNU6-231P
Gm23167,RNU6-915P
Atg12,ATG12
Rhob,RHOB
Ssxa1,SSX4B
Ssxa1,SSX3
Ssxa1,SSX4
Ssxa1,SSX5
Ssxa1,SSX2
Ssxa1,SSX2B
Ssxa1,SSX7
Ssxa1,SSX1
Neto1,NETO1
Foxq1,FOXQ1
Foxc1,FOXC1
Pnpla5,PNPLA5
Msgn1,MSGN1
Prl5a1,PRL
Rad51ap2,RAD51AP2
Gm15229,SAXO1
Tceanc,TCEANC
Spata31d1c,SPATA31D3
Spata31d1c,SPATA31D1
Spata31d1c,SPATA31D4
Il7r,IL7R
Or9s18,OR9H1
Gm23517,RNU2-11P
F9,F9
Gm25622,RNU6-722P
Gm25622,RNU6-1331P
Nhlrc1,NHLRC1
Gm14891,CCDC201
Gm54446,RNU1-64P
Rnf113a2,RNF113A
Dicer1,DICER1
Gm22157,RNU6-1321P
Gm25394,SNORA84
Gm22818,RNU6-450P
Gm22818,RNU6-513P
Hhla1,HHLA1
Spata31e1,SPATA31D3
Spata31e1,SPATA31D1
Spata31e1,SPATA31D4
Pabpc1l2b,PABPC1L2A
Pabpc1l2b,PABPC1L2B
Pabpc1l2a,PABPC1L2A
Pabpc1l2a,PABPC1L2B
Pfn3,PFN3
Dok3,DOK3
Kcnq3,KCNQ3
Ldlrad4,LDLRAD4
Nap1l2,NAP1L2
Gm55480,RNA5SP172
Gm54535,RN7SKP291
Gm23144,RNU6-343P
Gm24613,SNORA65
Slc26a3,SLC26A3
Tg,TG
Dcc,DCC
Kcnf1,KCNF1
Pard6g,PARD6G
Dio3,DIO3
Ttc39c,TTC39C
Trgv6,TRGV9
Ddx46,DDX46
Irf4,IRF4
Selenoo,SELENOO
Hus1b,HUS1B
Gm24713,RNU6-343P
Gm8777,SPATA31D3
Gm8777,SPATA31D1
Gm8777,SPATA31D4
Gm22199,Y_RNA
Nedd4l,NEDD4L
Gm54509,SNORA58
Mir9-2,MIR9-2
Eif1ad6,EIF1AX
Eif1ad19,EIF1AX
Eif1ad13,EIF1AX
Eif1ad3,EIF1AX
Eif1ad17,EIF1AX
Eif1ad16,EIF1AX
Eif1ad11,EIF1AX
Eif1ad18,EIF1AX
Mir30b,MIR30B
Eif1ad7,EIF1AX
Mir30d,MIR30D
Eif1ad15,EIF1AX
Acot10,ACOT9
Or5an1,OR5AN1
Or5an10,OR5AN1
Or5an1b,OR5AN1
Or5a21,OR5A2
Pfpl,MPEG1
Riox1,RIOX1
Gm23980,RNU1-15P
Heatr4,HEATR4
Gm22519,SNORA81
Pnma1,PNMA1
Gm23217,RNU6-3P
Snora28,SNORA28
Gm25679,RNU1-91P
Gm26444,RNU1-91P
Gm24305,RNU1-91P
Gm22317,RNU1-91P
Klhdc7b,KLHDC7B
Dnah5,DNAH5
Gm23732,RNU6-880P
Mir374b,MIR374B
Mir374c,MIR374A
Zcchc13,ZCCHC13
Gm22663,RNU6-527P
Gpr33,GPR33
Aldoart2,ALDOA
Insm2,INSM2
Clec14a,CLEC14A
Spin4,SPIN4
Itih6,ITIH6
Ighv7-2,IGHV3-73
Ighv7-2,IGHV3-15
Ighv7-2,IGHV3-72
Ighv7-2,IGHV3OR15-7
Ighv7-2,IGHV3-49
Gm45015,PNMA6E
Gm45015,PNMA6F
Pnma6e,PNMA6E
Pnma6e,PNMA6F
Mir151,MIR151A
Ighv7-4,IGHV3-73
Ighv7-4,IGHV3-15
Ighv7-4,IGHV3-72
Ighv7-4,IGHV3OR15-7
Ighv7-4,IGHV3-49
Gm24787,SNORA70
Ighv15-2,IGHV1-46
Ighv15-2,IGHV1-69
Ighv15-2,IGHV1-3
Ighv15-2,IGHV1OR21-1
Ighv15-2,IGHV1-18
Ighv15-2,IGHV1OR15-9
Ighv15-2,IGHV1-24
Ighv15-2,IGHV1-69-2
Ighv15-2,IGHV1-58
Ighv15-2,IGHV1-45
Ighv15-2,IGHV1-69D
Ighv1-9,IGHV1-46
Ighv1-9,IGHV1-69
Ighv1-9,IGHV1-3
Ighv1-9,IGHV1OR21-1
Ighv1-9,IGHV1-18
Ighv1-9,IGHV1OR15-9
Ighv1-9,IGHV1-24
Ighv1-9,IGHV1-69-2
Ighv1-9,IGHV1-58
Ighv1-9,IGHV1-45
Ighv1-9,IGHV1-69D
Ighv1-18,IGHV1-46
Ighv1-18,IGHV1-69
Ighv1-18,IGHV1-3
Ighv1-18,IGHV1OR21-1
Ighv1-18,IGHV1-18
Ighv1-18,IGHV1OR15-9
Ighv1-18,IGHV1-24
Ighv1-18,IGHV1-69-2
Ighv1-18,IGHV1-58
Ighv1-18,IGHV1-45
Ighv1-18,IGHV1-69D
Ighv1-19,IGHV1-46
Ighv1-19,IGHV1-69
Ighv1-19,IGHV1-3
Ighv1-19,IGHV1OR21-1
Ighv1-19,IGHV1-18
Ighv1-19,IGHV1OR15-9
Ighv1-19,IGHV1-24
Ighv1-19,IGHV1-69-2
Ighv1-19,IGHV1-58
Ighv1-19,IGHV1-45
Ighv1-19,IGHV1-69D
Shank3,SHANK3
Ighv1-20,IGHV1-46
Ighv1-20,IGHV1-69
Ighv1-20,IGHV1-3
Ighv1-20,IGHV1OR21-1
Ighv1-20,IGHV1-18
Ighv1-20,IGHV1OR15-9
Ighv1-20,IGHV1-24
Ighv1-20,IGHV1-69-2
Ighv1-20,IGHV1-58
Ighv1-20,IGHV1-45
Ighv1-20,IGHV1-69D
Ighv1-36,IGHV1-46
Ighv1-36,IGHV1-69
Ighv1-36,IGHV1-3
Ighv1-36,IGHV1OR21-1
Ighv1-36,IGHV1-18
Ighv1-36,IGHV1OR15-9
Ighv1-36,IGHV1-24
Ighv1-36,IGHV1-69-2
Ighv1-36,IGHV1-58
Ighv1-36,IGHV1-45
Ighv1-36,IGHV1-69D
Ighv1-37,IGHV1-46
Ighv1-37,IGHV1-69
Ighv1-37,IGHV1-3
Ighv1-37,IGHV1OR21-1
Ighv1-37,IGHV1-18
Ighv1-37,IGHV1OR15-9
Ighv1-37,IGHV1-24
Ighv1-37,IGHV1-69-2
Ighv1-37,IGHV1-58
Ighv1-37,IGHV1-45
Ighv1-37,IGHV1-69D
Ighv1-52,IGHV1-46
Ighv1-52,IGHV1-69
Ighv1-52,IGHV1-3
Ighv1-52,IGHV1OR21-1
Ighv1-52,IGHV1-18
Ighv1-52,IGHV1OR15-9
Ighv1-52,IGHV1-24
Ighv1-52,IGHV1-69-2
Ighv1-52,IGHV1-58
Ighv1-52,IGHV1-45
Ighv1-52,IGHV1-69D
Gm23615,SNORD38C
Ighv1-59,IGHV1-46
Ighv1-59,IGHV1-69
Ighv1-59,IGHV1-3
Ighv1-59,IGHV1OR21-1
Ighv1-59,IGHV1-18
Ighv1-59,IGHV1OR15-9
Ighv1-59,IGHV1-24
Ighv1-59,IGHV1-69-2
Ighv1-59,IGHV1-58
Ighv1-59,IGHV1-45
Ighv1-59,IGHV1-69D
Nap1l3,NAP1L3
Ighv1-69,IGHV1-46
Ighv1-69,IGHV1-69
Ighv1-69,IGHV1-3
Ighv1-69,IGHV1OR21-1
Ighv1-69,IGHV1-18
Ighv1-69,IGHV1OR15-9
Ighv1-69,IGHV1-24
Ighv1-69,IGHV1-69-2
Ighv1-69,IGHV1-58
Ighv1-69,IGHV1-45
Ighv1-69,IGHV1-69D
Ighv8-12,IGHV2-26
Ighv8-12,IGHV2-5
Ighv8-12,IGHV2OR16-5
Ighv8-12,IGHV2-70D
Ighv8-12,IGHV2-70
Ighv1-74,IGHV1-46
Ighv1-74,IGHV1-69
Ighv1-74,IGHV1-3
Ighv1-74,IGHV1OR21-1
Ighv1-74,IGHV1-18
Ighv1-74,IGHV1OR15-9
Ighv1-74,IGHV1-24
Ighv1-74,IGHV1-69-2
Ighv1-74,IGHV1-58
Ighv1-74,IGHV1-45
Ighv1-74,IGHV1-69D
Gm4984,MPC1L
Gpr20,GPR20
Asap2,ASAP2
Tas2r119,TAS2R1
Snord123,SNORD123
Gm54682,RNA5SP535
Tspyl5,TSPYL5
Gm54694,SNORD88B
Gm24523,SNORA72
Gm22208,RNU6-1079P
Gm54754,RN7SKP9
Gm26371,RNU6-1288P
Gm26371,RNU6-1257P
Mageh1,MAGEH1
Chst7,CHST7
Gm24668,RNU6-581P
Gm24668,RNU6-97P
Gm22353,SNORA2A
Gspt2,GSPT2
Odf1,ODF1
Arhgap6,ARHGAP6
Gm22766,RNU6-268P
Gm22004,RNU6-560P
Gm54849,RN7SKP103
Gm25007,U2
Gm23185,RNU6-1186P
Slc30a8,SLC30A8
Tmem35a,TMEM35A
Gm23545,RNU6-289P
Colec10,COLEC10
Fam186b,FAM186B
Efhc2,EFHC2
Gm55022,RNU12-2P
Rtl8b,RTL8C
Apol10a,APOL4
Apol10a,APOL2
Apol10a,APOL1
Apol10a,APOL3
Ldoc1,LDOC1
Apol7c,APOL4
Apol7c,APOL2
Apol7c,APOL1
Apol7c,APOL3
Zfp92,ZFP92
Apol7e,APOL4
Apol7e,APOL2
Apol7e,APOL1
Apol7e,APOL3
Gm22107,RNU6-392P
Gm22107,RNU6-71P
Thoc2,THOC2
Krt75,KRT75
Gm5414,KRT6A
Gm5414,KRT6C
Gm5414,KRT6B
Krt6b,KRT6A
Krt6b,KRT6C
Krt6b,KRT6B
Gm26329,RNY1P1
Gm26329,Y_RNA
Krt6a,KRT6A
Krt6a,KRT6C
Krt6a,KRT6B
Krt71,KRT71
Krt1,KRT1
Krt76,KRT76
Krt4,KRT4
Krt79,KRT79
Smim10l2a,SMIM10L2B
Smim10l2a,SMIM10L2A
Krt78,KRT78
Nudt11,NUDT11
Hoxc4,HOXC4
Vsig4,VSIG4
Gm55359,MIURF
Gm10147,SYCP3
Ndufb11b,NDUFB11
Gm55407,RN7SKP68
Gm10487,SYCP3
Mroh6,MROH6
Gm4836,SYCP3
Mir192,MIR192
Tigd5,TIGD5
Cdc42bpg,CDC42BPG
Eppk1,EPPK1
Gm55508,RNU6-295P
Gm55508,RNU6-623P
Gm55508,RNU6-1294P
Gm10230,SYCP3
Gata1,GATA1
Krt85,KRT85
Krt84,KRT84
Krt82,KRT82
Rax,RAX
Ndst1,NDST1
Hoxc13,HOXC13
Hoxc11,HOXC11
Tubb6,TUBB6
Hoxc5,HOXC5
Mir196a-2,MIR196A2
Dcp2,DCP2
Cyp2d13,CYP2D6
Ar,AR
Dtna,DTNA
Ccdc184,CCDC184
Diaph2,DIAPH2
Or10ad1c,OR10AD1
Or10ad1,OR10AD1
Or10ad1b,OR10AD1
H1f7,H1-7
Or8s16,OR8S1
Nptxr,NPTXR
Gm22082,RNU1-129P
Gm22082,RNU1-154P
Gm22082,RNU1-65P
Gm22082,RNU1-114P
Gm22082,RNU1-151P
Snord83b,SNORD83B
Gm55357,SNORD83A
Gm24204,RNU6-183P
Cldn34b2,CLDN34
Wnt1,WNT1
Mir146b,MIR146B
2310034G01Rik,C10orf95
Grhl2,GRHL2
Cblif,CBLIF
Or10v1,OR10V1
Or4d11,OR4D11
Or4d10b,OR4D10
Krt7,KRT7
Slc22a12,SLC22A12
Foxb2,FOXB2
Gm25897,RNU6-1114P
Rtl6,RTL6
Npff,NPFF
Gm25141,RNU6-105P
Scgb2a2,SCGB2A2
Sash3,SASH3
Or5bs2,OR5BS1
Lalba,LALBA
Cldn34b4,CLDN34
Snora34,SNORA2C
Snora2b,SNORA2B
Tceal1,TCEAL1
Tbc1d8b,TBC1D8B
Mirlet7c-2,MIRLET7A3
Pkdrej,PKDREJ
Best1,BEST1
Ifit1bl1,IFIT1B
Mospd1,MOSPD1
Gm25855,SNORD25
Gm25894,SNORD26
Gm24452,SNORD27
Gm24453,SNORA108
Gm22744,SNORD29
Gm22680,SNORD30
Gm23246,SNORD31B
Gm23246,SNORD31
Men1,MEN1
Cask,CASK
Mrpl16,MRPL16
Zdhhc24,ZDHHC24
Marveld1,MARVELD1
Npas4,NPAS4
Carns1,CARNS1
Sorcs3,SORCS3
Pik3ap1,PIK3AP1
Prlhr,PRLHR
Btk,BTK
Macrod1,MACROD1
Usp51,USP51
Rai2,RAI2
Nexmif,NEXMIF
Dach2,DACH2
Rbm14,RBM14
Hsd17b4,HSD17B4
Fam89b,FAM89B
Tasl,TASL
Lamp2,LAMP2
Add3,ADD3
Igkv17-127,IGKV5-2
Slco1a7,SLCO1A2
Igkv17-121,IGKV5-2
Nme5,NME5
Igkv2-112,IGKV2D-30
Igkv2-112,IGKV2-30
Igkv2-109,IGKV2-40
Igkv2-109,IGKV2D-26
Igkv2-109,IGKV2-28
Igkv2-109,IGKV2D-40
Igkv2-109,IGKV2D-29
Igkv2-109,IGKV2D-28
Igkv20-101-2,IGKV1OR2-108
Csf1r,CSF1R
Mid1ip1,MID1IP1
Il1rapl1,IL1RAPL1
Mamld1,MAMLD1
Slco1a8,SLCO1A2
Pasd1,PASD1
Kpna2rt,KPNA2
Hspa9,HSPA9
Foxp3,FOXP3
Slco1a6,SLCO1A2
Tas2r139,TAS2R39
Tas2r144,TAS2R40
Igkv5-37,IGKV6D-41
Igkv5-37,IGKV6D-21
Igkv5-37,IGKV6-21
Igkv8-34,IGKV4-1
Gm22593,RNU6-110P
Igkv6-32,IGKV4-1
Igkv8-30,IGKV4-1
Igkv8-28,IGKV4-1
Igkv8-27,IGKV4-1
Igkv8-26,IGKV4-1
Pp2d1,PP2D1
Igkv6-25,IGKV4-1
Igkv8-24,IGKV4-1
Gm43218,IGKV4-1
Igkv6-23,IGKV4-1
Sult1c1,SULT1C3
Spx,SPX
Stk26,STK26
Igkv8-21,IGKV4-1
Gm54625,SNORA13
Igkv6-20,IGKV4-1
Gm54634,SNORA25B
Igkv8-19,IGKV4-1
H2-DMb1,HLA-DMB
Igkv8-18,IGKV4-1
Igkv6-17,IGKV4-1
Igkv6-15,IGKV4-1
Igkv6-14,IGKV4-1
Igkv6-13,IGKV4-1
Ascl4,ASCL4
Snord60,SNORD60
Rab27b,RAB27B
Pkd1,PKD1
G6pdx,G6PD
Snord98,SNORD98
Kcnn2,KCNN2
Gm54763,MIR1225
Gm24168,RNU6-67P
Gm23790,RNU6-647P
Gm23191,RNU6-533P
Mcf2,MCF2
Gm54965,RN7SKP35
Lrrc30,LRRC30
Gpr17,GPR17
Amd2,AMD1
Dsc1,DSC1
Ldhal6b,LDHAL6B
Gm26359,RNU6-484P
Gm55102,RN7SKP19
Gm22911,RNU6-1111P
Rfpl4b,RFPL4B
Igkc,IGKC
Rpia,RPIA
Pabpc6,PABPC1
Pabpc6,PABPC3
Dsc2,DSC2
Tas2r135,TAS2R60
Snord3a,SNORD3D
Snord3a,U3
Tas2r126,TAS2R41
Mirlet7i,MIRLET7I
Gm54942,RN7SKP36
Gm55029,RN7SKP157
Gm26130,SNORA29
Snora20,SNORA20
Or2f1,OR2F1
Or2a5,OR2A5
Mir26a-2,MIR26A2
Or2a25,OR2A25
Or2a56,OR2A14
Gm24241,SNORA79
Gm20730,IGKV2D-30
Gm20730,IGKV2-30
Eef1akmt3,EEF1AKMT3
Or2a54,OR2A14
Tmem47,TMEM47
Or2a14,OR2A14
Cyp27b1,CYP27B1
Or2a52,OR2A2
Or2a7,OR2A7
Or2a7,OR2A4
Apex2,APEX2
Gpr31b,GPR31
Or2a51,OR2A42
Or2a51,OR2A1
Gm23050,RNU1-129P
Gm23050,RNU1-154P
Gm23050,RNU1-65P
Gm23050,RNU1-114P
Gm23050,RNU1-151P
Gm55081,7SK
Gm55081,RN7SKP88
Mro,MRO
Gm26500,RNU6-147P
Or2a20,OR2A42
Or2a20,OR2A1
Gm25104,RNU4-67P
Or2a57,OR2A42
Or2a57,OR2A1
Gm22087,RNU6-781P
Gm22503,RNU6-445P
Mir331,MIR331
Dach1,DACH1
Fgd6,FGD6
Eif1ax,EIF1AX
Or14j1,OR14J1
Nobox,NOBOX
Gm25831,RNU1-93P
Gm25740,RNU6-434P
Gm25740,RNU6-690P
Sema6a,SEMA6A
Gm24378,RNU6-643P
Gm24256,RNU4-89P
Gm22984,U2
Gm22970,RNU2-33P
Inhbe,INHBE
Maged1,MAGED1
Gm23538,RNU6-329P
Or2j3,OR2J3
Or2j3,OR2J1
Or2j3,OR2J2
Phf11c,PHF11
Gm55200,RN7SKP121
Gm26257,RNU6-766P
Vmn1r42,VN1R5
Vmn1r43,VN1R5
Vmn1r44,VN1R5
Gm22021,RNU6-706P
Sacs,SACS
Ccer1,CCER1
Vmn1r45,VN1R5
Csl,CS
Snord94,SNORD94
Vmn1r46,VN1R5
Ros1,ROS1
Fam243,C21orf140
Pgk2,PGK2
Smim34,SMIM34
Crisp3,CRISP3
Vmn1r47,VN1R5
Vmn1r48,VN1R5
Vmn1r49,VN1R5
Gm24126,RNU6-990P
Gm26124,Y_RNA
Gm26124,RNY1P14
Vmn1r50,VN1R5
Slitrk1,SLITRK1
Vmn1r51,VN1R5
Opn5,OPN5
Atp1b4,ATP1B4
Vmn1r52,VN1R5
Mir17,MIR17
Mir18,MIR18A
Mir19a,MIR19A
Mir20a,MIR20A
Mir19b-1,MIR19B1
Gm4131,C13orf42
V1ra8,VN1R5
Vmn1r53,VN1R5
Adgrf1,ADGRF1
Vmn1r54,VN1R5
Dsg3,DSG3
Gm55389,7SK
Gm55389,RN7SKP88
Defb48,DEFB109C
Defb48,DEFB109B
Defb48,DEFB109D
Dct,DCT
Slc35f1,SLC35F1
Pin4,PIN4
Gm55397,RNU6-708P
Ankrd66,ANKRD66
Gm23629,RNU6-1092P
Sox21,SOX21
Dpf2,DPF2
Myo1a,MYO1A
Gimap7,GIMAP7
Smad4,SMAD4
Gm23302,RNU6-838P
Gm23302,RNU6-529P
Gm23302,RNU6-384P
Mir598,MIR598
Rp1l1,RP1L1
Acsl4,ACSL4
Aoc1l2,AOC1
Mir124a-1,MIR124-1
Gm26225,SNORA36C
Gm26225,SNORA36A
Aoc1l1,AOC1
Gm25781,RNU6-874P
Gm25781,RNU6-952P
Aoc1l3,AOC1
Rdh19,RDH16
Sdr9c7,SDR9C7
Fpr-rs7,FPR2
Gm25783,RNU2-72P
Rnf26rt,RNF26
Adam7,ADAM7
Snord59a,SNORD59A
Duxf1,PITX3
Reg2,REG1A
Duxf4,PITX3
Adamdec1,ADAMDEC1
Gm25522,RNU6-1191P
Gm25587,RNU1-57P
Gm23727,RNU1-80P
Tmtc2,TMTC2
Mzb1,MZB1
Fpr-rs3,FPR2
Nkx2-6,NKX2-6
Gm26264,RNU1-82P
Fgf1,FGF1
Nkx3-1,NKX3-1
Slc35g1,SLC35G1
Synb,ERVFRD-1
Tectb,TECTB
Gm23013,RNU6-921P
Gm23058,RNU6-593P
Rep15,REP15
Gm27179,ERVFRD-1
Myf5,MYF5
Otogl,OTOGL
Vmn1r233,VN1R4
Tbc1d10c,TBC1D10C
Tfec,TFEC
Vmn1r234,VN1R4
Gm22053,SNORA73B
Vmn1r235,VN1R4
Snord69,SNORD69
Gm24916,SNORD19B
Vmn1r236,VN1R4
Snord19,SNORD19
Rbfa,RBFA
Vmn1r237,VN1R4
Npvf,NPVF
Gm54806,RNU6-703P
Gm22699,RNU6-1212P
Brcc3dc,BRCC3
Rnf138,RNF138
Gm24947,RNU6-270P
Or4n5,OR4N5
Nup50l,NUP50
Or4l1,OR4L1
Or4l15,OR4L1
Fgf6,FGF6
Or4k15b,OR4K15
Ms4a15,MS4A15
Gm22236,RNU6-416P
Gm23241,RNU6-1231P
Gm23241,RNU6-379P
Gm23241,RNU6-1151P
Gm55801,RN7SKP80
Or4k15,OR4K15
Gm25369,U8
Gm55609,RNU6-556P
Tbcc,TBCC
Or4k1,OR4K1
Prph2,PRPH2
Fbxl15,FBXL15
Gm22739,RNU1-20P
Or4k2,OR4K2
Ankrd52,ANKRD52
Or4n4,OR4N4C
Or4n4,OR4N4
Or4n4b,OR4N4C
Or4n4b,OR4N4
Gm55144,RN7SKP155
Or4m1,OR4M1
Or4m1,OR4M2B
Or4m1,OR4M2
Chrm1,CHRM1
Gm25852,SNORA63E
Gm23510,RNU1-82P
Or4q3,OR4Q3
Or10q1b,OR10Q1
Gm25049,RNU6-1087P
Or11g1,OR11G2
Gm25818,RNU1-67P
Tril,TRIL
Eif3a,EIF3A
Gm24661,RNU6-841P
Tff1,TFF1
Phlda1,PHLDA1
Tet3,TET3
Gm23260,U2
Gm23260,RNU2-42P
Glipr1l2,GLIPR1L2
Gm54636,SNORD95
Stab1,STAB1
Cyp4f37,CYP4F8
Gm54642,RNU6-277P
Atxn7l3b,ATXN7L3B
Gm23294,RNU1-52P
Morc2b,MORC2
Enox2,ENOX2
Gm25054,RNU6-1047P
Tph2,TPH2
Or10h1b,OR10H1
Or10h1b,OR10H2
Or10h1b,OR10H5
Mtnr1a,MTNR1A
Or10h1,OR10H1
Or10h1,OR10H2
Or10h1,OR10H5
Gm55668,RN7SKP212
Or10h28,OR10H4
Or10h28,OR10H3
Lgr5,LGR5
Actl9,ACTL9
Nfilz,NFILZ
Slk,SLK
Guca1a,GUCA1A
Gm26373,U6
Frem3,FREM3
Csnk1a1,CSNK1A1
Clec2e,CLEC2D
Trim31,TRIM31
Mgat4d,MGAT4D
Or2h2,OR2H2
Or2h1b,OR2H2
Gm55378,RN7SKP152
Or2i1,OR2I1
Gm23604,SNORA17A
Or6c1b,OR6C1
Klrc3,KLRC1
Or10c1,OR10C1
Or11a4,OR11A1
Or6c3,OR6C3
Or6c75,OR6C75
Mir140,MIR140
Or6c2,OR6C2
Lrrc63,LRRC63
Pmfbp1,PMFBP1
Or10p1,OR10P1
9130008F23Rik,C6orf141
Klri1,KLRC4
Klri1,KLRC1
Klri1,KLRC2
Klri1,KLRC3
Gm23622,RNU6-454P
Gm23622,RNU6-370P
Gm25410,SNORA36C
Gm25410,SNORA36A
Glyatl3,GLYATL3
Gm54854,RN7SKP190
Gm54854,RN7SKP258
Gm23111,RNU6-1304P
Gm24669,RNU6-476P
Gm24669,RNU6-281P
Gm24072,RNU6-100P
Or6c6c,OR6C6
Atp4b,ATP4B
Zfp957,TCF20
Or6c65,OR6C65
Or6c76,OR6C76
Kbtbd7,KBTBD6
Kbtbd7,KBTBD7
Kbtbd6,KBTBD6
Kbtbd6,KBTBD7
Pkd1l3,PKD1L3
Or6c76b,OR6C76
Or6c70,OR6C70
Gm26468,RNU6-335P
Or6c217,OR6C70
Gm55063,RNU1-80P
Ifi44l,IFI44L
Or6c74,OR6C74
Arl14,ARL14
Gm22876,RN7SL677P
Or9k2,OR9K2
Plce1,PLCE1
Tas2r115,TAS2R14
Tas2r124,TAS2R13
Tas2r102,TAS2R13
Tas2r136,TAS2R19
Tas2r136,TAS2R46
Tas2r136,TAS2R20
Tas2r136,TAS2R30
Tas2r136,TAS2R43
Tas2r136,TAS2R31
Tas2r136,TAS2R50
Gm22654,RNU6-98P
Fpr-rs6,FPR2
Tas2r117,TAS2R14
Tas2r123,TAS2R14
Otol1,OTOL1
Tas2r116,TAS2R14
Tas2r110,TAS2R14
Tas2r113,TAS2R14
Tas2r125,TAS2R14
Sf3b5,SF3B5
Tas2r129,TAS2R14
Tas2r131,TAS2R42
Tas2r109,TAS2R14
Gm22995,RNU6-1041P
Tas2r103,TAS2R14
Tas2r140,TAS2R14
Gm25133,SNORA37
Gm23946,SNORA74C-2
Gm23946,SNORA74C-1
Or10g3b,OR10G3
Gje1,GJE1
Gm22451,RNU2-30P
Or10g3,OR10G3
Sis,SI
Or10g1b,OR10G2
Mmp25,MMP25
Or10g1,OR10G2
Or4e1,OR4E1
Vmn1r4,VN1R5
Vmn1r5,VN1R5
Or4e5,OR4E1
Gm55901,RNU6-354P
Gm55901,RNU6-610P
Cldn9,CLDN9
Vmn1r6,VN1R5
Ect2l,ECT2L
Vmn1r7,VN1R5
Vmn1r9,VN1R5
Trav3-1,TRAV5
Vmn1r10,VN1R5
Trav5-1,TRAV13-2
Trav5-1,TRAV13-1
Vmn1r11,VN1R5
Trav6-1,TRAV9-1
Trav6-1,TRAV9-2
H2-Q5,HLA-B
H2-Q5,HLA-A
H2-Q5,HLA-C
H2-Q5,HLA-G
Trav7-1,TRAV12-1
Trav7-1,TRAV12-2
Trav7-1,TRAV12-3
Vmn1r13,VN1R5
Trav7d-2,TRAV12-1
Trav7d-2,TRAV12-2
Trav7d-2,TRAV12-3
Gm24698,SNORA3A
Trav6d-3,TRAV9-1
Trav6d-3,TRAV9-2
Trav7d-3,TRAV12-1
Trav7d-3,TRAV12-2
Trav7d-3,TRAV12-3
Vmn1r14,VN1R5
Trav7d-4,TRAV12-1
Trav7d-4,TRAV12-2
Trav7d-4,TRAV12-3
Olig3,OLIG3
Vmn1r15,VN1R5
Rwdd4a,RWDD4
Trav8d-1,TRAV17
Trav9d-1,TRAV8-1
Trav9d-1,TRAV8-3
Bche,BCHE
1700024G13Rik,C10orf53
Znrd2,ZNRD2
Vmn1r16,VN1R5
Vmn1r18,VN1R5
Trav10d,TRAV13-2
Trav10d,TRAV13-1
Vmn1r19,VN1R5
Vmn1r20,VN1R5
Trav6d-6,TRAV9-1
Trav6d-6,TRAV9-2
Wdr49,WDR49
Trav11d,TRAV10
Mlana,MLANA
Trav7d-5,TRAV12-1
Trav7d-5,TRAV12-2
Trav7d-5,TRAV12-3
Trav13d-1,TRAV22
Trav14d-1,TRAV23DV6
Gm55459,Metazoa_SRP
Gm55459,RN7SL670P
Gm55459,RN7SL405P
Gm22701,RN7SL767P
Lipk,LIPK
Trav9d-2,TRAV8-1
Trav9d-2,TRAV8-3
Gm22418,RNU6-1175P
Vmn1r21,VN1R5
Snord111,SNORD111
Trav9d-3,TRAV8-1
Trav9d-3,TRAV8-3
Gm22193,SNORD111B
Trav12d-3,TRAV18
Trav13d-2,TRAV22
Vmn1r22,VN1R5
Trav14d-2,TRAV23DV6
Trav15d-2-dv6d-2,TRDV1
Gm24150,RNU6-896P
Vmn1r23,VN1R5
Gm56101,RN7SKP108
Gm56101,RN7SKP214
Gm56101,RN7SKP275
Trav3d-3,TRAV5
Vmn1r24,VN1R5
Gm26402,RNU6-661P
Trav9d-4,TRAV8-1
Trav9d-4,TRAV8-3
Vmn1r25,VN1R5
Vmn1r26,VN1R5
Trav5d-4,TRAV13-2
Trav5d-4,TRAV13-1
Trav6d-7,TRAV9-1
Trav6d-7,TRAV9-2
Gm24929,RNU1-54P
Trav7d-6,TRAV12-1
Trav7d-6,TRAV12-2
Trav7d-6,TRAV12-3
Trpm3,TRPM3
Trav13d-3,TRAV22
Slc18a3,SLC18A3
Trav16d-dv11,TRAV19
Trav13d-4,TRAV22
Vmn1r27,VN1R5
Trav14d-3-dv8,TRAV23DV6
Gm55440,RN7SKP60
Vmn1r28,VN1R5
Trav7n-4,TRAV12-1
Trav7n-4,TRAV12-2
Trav7n-4,TRAV12-3
Slc5a4a,SLC5A4
Snora78,SNORA78
Csmd1,CSMD1
Snora64,SNORA64
Vmn1r29,VN1R5
Trav10n,TRAV13-2
Trav10n,TRAV13-1
Trav6n-6,TRAV9-1
Trav6n-6,TRAV9-2
Vmn1r30,VN1R5
Trav7n-5,TRAV12-1
Trav7n-5,TRAV12-2
Trav7n-5,TRAV12-3
Trav13n-1,TRAV22
Trav14n-1,TRAV23DV6
Rnf133,RNF133
Trav9n-2,TRAV8-1
Trav9n-2,TRAV8-3
Rnf148,RNF148
Tspear,TSPEAR
Tas2r118,TAS2R16
Vmn1r31,VN1R5
Trav9n-3,TRAV8-1
Trav9n-3,TRAV8-3
Gm54662,RN7SKP209
Or2h2b,OR2H2
Krtap10-33,KRTAP9-1
Krtap10-33,KRTAP12-3
Krtap10-33,KRTAP12-2
Krtap10-33,KRTAP12-1
Krtap10-33,KRTAP10-9
Krtap10-33,KRTAP10-6
Krtap10-33,KRTAP4-5
Krtap10-33,KRTAP10-4
Krtap10-33,KRTAP10-11
Krtap10-28,KRTAP9-1
Krtap10-28,KRTAP12-3
Krtap10-28,KRTAP12-2
Krtap10-28,KRTAP12-1
Krtap10-28,KRTAP10-9
Krtap10-28,KRTAP10-6
Krtap10-28,KRTAP4-5
Krtap10-28,KRTAP10-4
Krtap10-28,KRTAP10-11
Trav12n-3,TRAV18
Krtap12-23,KRTAP10-9
Krtap12-23,KRTAP10-6
Krtap12-23,KRTAP4-5
Krtap12-23,KRTAP10-4
Krtap12-23,KRTAP10-11
Gm25008,RNU6-400P
Trav13n-2,TRAV22
Krtap12-22,KRTAP10-9
Krtap12-22,KRTAP10-6
Krtap12-22,KRTAP4-5
Krtap12-22,KRTAP10-4
Krtap12-22,KRTAP10-11
Krtap12-21,KRTAP10-9
Krtap12-21,KRTAP10-6
Krtap12-21,KRTAP4-5
Krtap12-21,KRTAP10-4
Krtap12-21,KRTAP10-11
Snord45b,SNORD45B
Trav14n-2,TRAV23DV6
Gm24494,SNORD45A
Snord45c,SNORD45C
Krtap12-1,KRTAP10-9
Krtap12-1,KRTAP10-6
Krtap12-1,KRTAP4-5
Krtap12-1,KRTAP10-4
Krtap12-1,KRTAP10-11
Trav15n-2,TRDV1
Krtap12-20,KRTAP10-9
Krtap12-20,KRTAP10-6
Krtap12-20,KRTAP4-5
Krtap12-20,KRTAP10-4
Krtap12-20,KRTAP10-11
Hyal4,HYAL4
H2-Ea,HLA-DRA
Krtap10-32,KRTAP9-1
Krtap10-32,KRTAP12-3
Krtap10-32,KRTAP12-2
Krtap10-32,KRTAP12-1
Krtap10-32,KRTAP10-9
Krtap10-32,KRTAP10-6
Krtap10-32,KRTAP4-5
Krtap10-32,KRTAP10-4
Krtap10-32,KRTAP10-11
Trav3n-3,TRAV5
Krtap10-30,KRTAP9-1
Krtap10-30,KRTAP12-3
Krtap10-30,KRTAP12-2
Krtap10-30,KRTAP12-1
Krtap10-30,KRTAP10-9
Krtap10-30,KRTAP10-6
Krtap10-30,KRTAP4-5
Krtap10-30,KRTAP10-4
Krtap10-30,KRTAP10-11
Trav9n-4,TRAV8-1
Trav9n-4,TRAV8-3
Krtap10-21,KRTAP9-1
Krtap10-21,KRTAP12-3
Krtap10-21,KRTAP12-2
Krtap10-21,KRTAP12-1
Krtap10-21,KRTAP10-9
Krtap10-21,KRTAP10-6
Krtap10-21,KRTAP4-5
Krtap10-21,KRTAP10-4
Krtap10-21,KRTAP10-11
Tmem229a,TMEM229A
Krtap10-22,KRTAP9-1
Krtap10-22,KRTAP12-3
Krtap10-22,KRTAP12-2
Krtap10-22,KRTAP12-1
Krtap10-22,KRTAP10-9
Krtap10-22,KRTAP10-6
Krtap10-22,KRTAP4-5
Krtap10-22,KRTAP10-4
Krtap10-22,KRTAP10-11
Krtap10-26,KRTAP9-1
Krtap10-26,KRTAP12-3
Krtap10-26,KRTAP12-2
Krtap10-26,KRTAP12-1
Krtap10-26,KRTAP10-9
Krtap10-26,KRTAP10-6
Krtap10-26,KRTAP4-5
Krtap10-26,KRTAP10-4
Krtap10-26,KRTAP10-11
Cdsn,CDSN
Krtap10-23,KRTAP9-1
Krtap10-23,KRTAP12-3
Krtap10-23,KRTAP12-2
Krtap10-23,KRTAP12-1
Krtap10-23,KRTAP10-9
Krtap10-23,KRTAP10-6
Krtap10-23,KRTAP4-5
Krtap10-23,KRTAP10-4
Krtap10-23,KRTAP10-11
Nap1l5,NAP1L5
Trav5n-4,TRAV13-2
Trav5n-4,TRAV13-1
Krtap10-25,KRTAP9-1
Krtap10-25,KRTAP12-3
Krtap10-25,KRTAP12-2
Krtap10-25,KRTAP12-1
Krtap10-25,KRTAP10-9
Krtap10-25,KRTAP10-6
Krtap10-25,KRTAP4-5
Krtap10-25,KRTAP10-4
Krtap10-25,KRTAP10-11
Trav6n-7,TRAV9-1
Trav6n-7,TRAV9-2
Krtap10-29,KRTAP9-1
Krtap10-29,KRTAP12-3
Krtap10-29,KRTAP12-2
Krtap10-29,KRTAP12-1
Krtap10-29,KRTAP10-9
Krtap10-29,KRTAP10-6
Krtap10-29,KRTAP4-5
Krtap10-29,KRTAP10-4
Krtap10-29,KRTAP10-11
Gm23864,RNU6-1292P
Gm23864,RNU6-619P
Gm23864,RNU6-520P
Gm23864,RNU6-1154P
Gm23864,RNU6-910P
Gm23864,RNU6-482P
Gm6525,RPL36AL
Trav7n-6,TRAV12-1
Trav7n-6,TRAV12-2
Trav7n-6,TRAV12-3
Krtap10-34,KRTAP9-1
Krtap10-34,KRTAP12-3
Krtap10-34,KRTAP12-2
Krtap10-34,KRTAP12-1
Krtap10-34,KRTAP10-9
Krtap10-34,KRTAP10-6
Krtap10-34,KRTAP4-5
Krtap10-34,KRTAP10-4
Krtap10-34,KRTAP10-11
Gm55568,RN7SKP34
Gm55568,RN7SKP105
Fam170b,FAM170B
Krtap10-27,KRTAP9-1
Krtap10-27,KRTAP12-3
Krtap10-27,KRTAP12-2
Krtap10-27,KRTAP12-1
Krtap10-27,KRTAP10-9
Krtap10-27,KRTAP10-6
Krtap10-27,KRTAP4-5
Krtap10-27,KRTAP10-4
Krtap10-27,KRTAP10-11
Krtap10-4,KRTAP9-1
Krtap10-4,KRTAP12-3
Krtap10-4,KRTAP12-2
Krtap10-4,KRTAP12-1
Krtap10-4,KRTAP10-9
Krtap10-4,KRTAP10-6
Krtap10-4,KRTAP4-5
Krtap10-4,KRTAP10-4
Krtap10-4,KRTAP10-11
Trav13n-3,TRAV22
Krtap10-10,KRTAP9-1
Krtap10-10,KRTAP12-3
Krtap10-10,KRTAP12-2
Krtap10-10,KRTAP12-1
Krtap10-10,KRTAP10-9
Krtap10-10,KRTAP10-6
Krtap10-10,KRTAP4-5
Krtap10-10,KRTAP10-4
Krtap10-10,KRTAP10-11
Krtap10-35,KRTAP9-1
Krtap10-35,KRTAP12-3
Krtap10-35,KRTAP12-2
Krtap10-35,KRTAP12-1
Krtap10-35,KRTAP10-9
Krtap10-35,KRTAP10-6
Krtap10-35,KRTAP4-5
Krtap10-35,KRTAP10-4
Krtap10-35,KRTAP10-11
Trav8n-2,TRAV17
Krtap10-24,KRTAP9-1
Krtap10-24,KRTAP12-3
Krtap10-24,KRTAP12-2
Krtap10-24,KRTAP12-1
Krtap10-24,KRTAP10-9
Krtap10-24,KRTAP10-6
Krtap10-24,KRTAP4-5
Krtap10-24,KRTAP10-4
Krtap10-24,KRTAP10-11
Trav16n,TRAV19
Tigd4,TIGD4
Exosc6,EXOSC6
Trav13n-4,TRAV22
Gm56163,RN7SKP255
Gm56163,RN7SKP281
Gm56163,RN7SKP3
Trav14n-3,TRAV23DV6
Il2,IL2
Trav7-2,TRAV12-1
Trav7-2,TRAV12-2
Trav7-2,TRAV12-3
Il21,IL21
Trav6-3,TRAV9-1
Trav6-3,TRAV9-2
Or1i2,OR1I1
Mir592,MIR592
Trav7-3,TRAV12-1
Trav7-3,TRAV12-2
Trav7-3,TRAV12-3
Sult6b1,SULT6B1
Trav7-4,TRAV12-1
Trav7-4,TRAV12-2
Trav7-4,TRAV12-3
Noto,NOTO
Trav8-1,TRAV17
Trav9-1,TRAV8-1
Trav9-1,TRAV8-3
Or7c70,OR7C2
Adam29,ADAM29
Trav10,TRAV13-2
Trav10,TRAV13-1
Or7a38,OR7A5
Or7a38,OR7A17
Or7a38,OR7A10
Trav6-6,TRAV9-1
Trav6-6,TRAV9-2
Gm23038,RNU6-787P
Trav11,TRAV10
Or7a42,OR7A5
Or7a42,OR7A17
Or7a42,OR7A10
Trav7-5,TRAV12-1
Trav7-5,TRAV12-2
Trav7-5,TRAV12-3
Trav13-1,TRAV22
Potefam3e,POTEA
Snord52,SNORD52
Gm25744,SNORD48
Gm22212,RNU6-153P
Trav14-1,TRAV23DV6
Hspa1b,HSPA1B
Hspa1b,HSPA1A
Hspa1a,HSPA1B
Hspa1a,HSPA1A
Trav9-2,TRAV8-1
Trav9-2,TRAV8-3
Gm23421,RNU6-326P
Gm23421,RNU6-1085P
Gm23421,RNU6-1335P
Mpig6b,MPIG6B
Potefam3f,POTEA
Or7a36,OR7A5
Or7a36,OR7A17
Or7a36,OR7A10
Grid2,GRID2
Trav12-2,TRAV18
Gm23442,SNORA38
Gm22589,SNORD84
Trav12-3,TRAV18
Gm25128,SNORD117
Gm23725,RNU6-178P
Trav13-2,TRAV22
Potefam3a,POTEA
Trav14-2,TRAV23DV6
Trav15-2-dv6-2,TRDV1
Wdfy4,WDFY4
Defa25,DEFA4
Defa25,DEFA1
Defa25,DEFA5
Defa25,DEFA1B
Defa25,DEFA6
Defa25,DEFA3
Gm25205,RNU6-1004P
Gm25205,RNU6-341P
Atoh1,ATOH1
Gm25574,Metazoa_SRP
Gm25574,RN7SL670P
Gm25574,RN7SL405P
Gm26240,RNU6-1190P
Gm26240,U6
Gm26240,RNU6-294P
Snord73a,SNORD73A
Snord73b,SNORD73B
Defa40,DEFA4
Defa40,DEFA1
Defa40,DEFA5
Defa40,DEFA1B
Defa40,DEFA6
Defa40,DEFA3
Fat4,FAT4
Defa5,DEFA4
Defa5,DEFA1
Defa5,DEFA5
Defa5,DEFA1B
Defa5,DEFA6
Defa5,DEFA3
Gm22645,RNU6-841P
Ccdc78,CCDC78
Igbp1,IGBP1
Igbp1,IGBP1C
Defa33,DEFA4
Defa33,DEFA1
Defa33,DEFA5
Defa33,DEFA1B
Defa33,DEFA6
Defa33,DEFA3
Gm23002,RNU6-665P
Onecut3,ONECUT3
Alms1,ALMS1
Defa32,DEFA4
Defa32,DEFA1
Defa32,DEFA5
Defa32,DEFA1B
Defa32,DEFA6
Defa32,DEFA3
Gm49322,ADAT3
Gm24423,RNU6-1190P
Gm24423,U6
Gm24423,RNU6-294P
Defa26,DEFA4
Defa26,DEFA1
Defa26,DEFA5
Defa26,DEFA1B
Defa26,DEFA6
Defa26,DEFA3
Mir186,MIR186
Gm23850,RNU1-76P
Gm25039,RNU6-1250P
Gm25039,RNU6-1094P
Gm25039,RNU6-272P
Gm25039,RNU6-1287P
Gm25039,RNU6-1315P
Amh,AMH
Mir877,MIR877
Trav3-3,TRAV5
Trav9-4,TRAV8-1
Trav9-4,TRAV8-3
Defb15,DEFB132
Defb35,DEFB105A
Defb35,DEFB105B
Defb13,DEFB107B
Defb13,DEFB107A
H4c16,H4C12
Spata31h1,SPATA31H1
Trav5-4,TRAV13-2
Trav5-4,TRAV13-1
Fam90a1a,FAM90A9
Fam90a1a,FAM90A10
Fam90a1a,FAM90A24
Fam90a1a,FAM90A17
Fam90a1a,FAM90A22
Fam90a1a,FAM90A8
Fam90a1a,FAM90A26
Fam90a1a,FAM90A1
Fam90a1a,FAM90A11
Fam90a1a,FAM90A18
Fam90a1a,FAM90A20
Fam90a1a,FAM90A7
Fam90a1a,FAM90A13
Fam90a1a,FAM90A16
Fam90a1a,FAM90A19
Fam90a1a,FAM90A15
Fam90a1a,FAM90A12
Fam90a1a,FAM90A23
Fam90a1a,FAM90A3
Fam90a1a,FAM90A14
Fam90a1a,FAM90A5
Trav6-7-dv9,TRAV9-1
Trav6-7-dv9,TRAV9-2
Nat8f7,NAT8
Trav7-6,TRAV12-1
Trav7-6,TRAV12-2
Trav7-6,TRAV12-3
Slc41a2,SLC41A2
Pram1,PRAM1
Trav16,TRAV19
Trav13-4-dv7,TRAV22
Vegfd,VEGFD
Trav14-3,TRAV23DV6
Mir302c,MIR302C
Gm55124,RNU6-815P
Gm55124,RNU6-239P
Gm55124,RNU6-587P
Gm55124,RNU6-1325P
Gm55124,RNU6-121P
Gm55124,RNU6-430P
Gm55124,RNU6-117P
Gm55124,RNU6-601P
Mir302d,MIR302D
Gm26164,RNU6-1060P
Gm26164,RNU6-1053P
Trav3-4,TRAV5
Smim40-ps,SMIM40
Trav13-5,TRAV22
Gm24655,RNU6-925P
Gm24655,RNU6-46P
Mir129-1,MIR129-1
Tpte,TPTE
Tpte,TPTE2
Trav19,TRAV29DV5
Gm54967,RN7SKP67
Gm54967,RN7SKP277
Gm54967,RN7SKP298
Erp27,ERP27
Gm54971,U6
Gm55662,RNU6-382P
Trdv2-2,TRAV38-1
Trdv2-2,TRAV38-2DV8
Trav23,TRAV39
Slc6a8,SLC6A8
H2ac21,H2AC21
Gm23625,RNU6-133P
H2ac20,H2AC20
Or6c8b,OR2AP1
H2bc21,H2BC11
H3c15,H3C13
Vmn1r32,VN1R5
H2ac18,H2AC18
Gm25102,RNU4-72P
Vmn1r33,VN1R5
Trdc,TRDC
Vmn1r34,VN1R5
Trdv5,TRDV3
Gm25796,RNU1-44P
Vmn1r35,VN1R5
Dkk4,DKK4
Gm55779,RN7SKP252
Nrg2,NRG2
Clpsl2,CLPSL2
Vmn1r36,VN1R5
Adamts18,ADAMTS18
H4c14,H4C16
Vmn1r37,VN1R5
Or6c68,OR6C68
Gm23511,RNU1-63P
H3c13,H3C13
Fem1a,FEM1A
Or6c6,OR6C6
Vmn1r38,VN1R5
Ticam1,TICAM1
H2bc18,H2BC18
Vmn1r39,VN1R5
Gm22215,RNU6-681P
Gm23096,RNU6-191P
Arhgap12,ARHGAP12
Slc15a5,SLC15A5
Alyreffm11,ALYREF
Alyreffm14,ALYREF
Alyreffm13,ALYREF
Alyreffm16,ALYREF
Alyreffm17,ALYREF
Alyreffm15,ALYREF
Clec3a,CLEC3A
Alyreffm10,ALYREF
Gm24735,RNU6-333P
Maml3,MAML3
Gm23677,RNU6-1200P
Alyreffm5,ALYREF
Alyreffm6,ALYREF
Alyreffm7,ALYREF
Spmip1,SPMIP1
Alyreffm8,ALYREF
Alyreffm12,ALYREF
Plcz1,PLCZ1
Alyreffm9,ALYREF
Snord37,SNORD37
Lrrc10,LRRC10
Pcdh19,PCDH19
Atg5lrt,ATP5MG
Atg5lrt,ATP5MGL
Alyreffm4,ALYREF
Capza3,CAPZA3
Gm26122,RNU6-1339P
Gm55331,RN7SKP194
Trim75,TRIM22
Gja8,GJA8
Trim60,TRIM60
Tnxb,TNXB
Mir183,MIR183
Vaultrc-ps1,Vault
Vaultrc-ps1,VTRNA2-2P
Pwwp4c,PWWP4
Mospd2,MOSPD2
Cpa2,CPA2
Gm24851,RNU6-418P
Frmpd2,FRMPD2
Gm55140,RNU6-270P
Galnt4,GALNT4
Tssk6,TSSK6
Gzmm,GZMM
Rbp3,RBP3
Gm25794,RNU6-34P
Mir486,MIR486-1
Gm55851,RN7SL731P
Npy4r,NPY4R2
Npy4r,NPY4R
Bglap,BGLAP
Snora7a,SNORA7B
Snora7a,SNORA7A
Tcim,TCIM
Mir335,MIR335
Or6c8,OR2AP1
Opn4,OPN4
Gm55819,RN7SKP21
Gm55819,RN7SKP223
Gm55819,RN7SKP52
Or13a1,OR13A1
Gm55506,7SK
Gm55506,RN7SKP88
C4a,C4B
C4a,C4A
Eif4a3l2,EIF4A3
Gm24254,RNU6-673P
Ado,ADO
Capns2,CAPNS2
Gm22944,SNORA38B
Mir346,MIR346
Taar8a,TAAR8
Taar8b,TAAR8
Gm25802,SNORD81
Taar8c,TAAR8
Taar9,TAAR9
Gm55266,RN7SKP295
Lrit1,LRIT1
Lrit2,LRIT2
Mir490,MIR490
Gm24614,RNU6-968P
Ids,IDS
Gm26057,RNU1-129P
Gm26057,RNU1-154P
Gm26057,RNU1-65P
Gm26057,RNU1-114P
Gm26057,RNU1-151P
Svopl,SVOPL
Gm55283,RN7SKP35
Pex39,PEX39
Trim67,TRIM67
Mex3a,MEX3A
Ppp1r2-ps5,PPP1R2
Ppp1r2-ps5,PPP1R2B
Hkdc1,HKDC1
Ptger2,PTGER2
Atp6v0a4,ATP6V0A4
Exoc8,EXOC8
Myef2l,MYEF2
Rps4x,RPS4X
Cldn20,CLDN20
Capn13,CAPN13
S1pr4,S1PR4
Slc10a5,SLC10A5
Slc10a2,SLC10A2
Gzme,GZMH
Tmem213,TMEM213
Gm25132,RNU6-377P
Gm23231,RNU6-873P
Gm23231,RNU6-425P
Gzmd,GZMH
Gzmg,GZMH
Gzmf,GZMH
Gm26008,RNU6-1131P
Gm22826,RNU1-96P
Gm22826,U1
Gm22826,RNU1-51P
Fbxl14,FBXL14
Mab21l1,MAB21L1
Gzmb,GZMB
Gm25730,RNU1-129P
Gm25730,RNU1-154P
Gm25730,RNU1-65P
Gm25730,RNU1-114P
Gm25730,RNU1-151P
Gm22784,SNORA69
Map10,MAP10
Cpap,CPAP
Gm55400,RN7SKP295
Gm26397,SNORA14B
Tspan6,TSPAN6
Gm55481,Y_RNA
Slc4a5,SLC4A5
Gm55487,RN7SKP158
Gm24202,RNU6-884P
Hoxa4,HOXA4
Duxf3,PITX3
Krtap10-36,KRTAP9-1
Krtap10-36,KRTAP12-3
Krtap10-36,KRTAP12-2
Krtap10-36,KRTAP12-1
Krtap10-36,KRTAP10-9
Krtap10-36,KRTAP10-6
Krtap10-36,KRTAP4-5
Krtap10-36,KRTAP10-4
Krtap10-36,KRTAP10-11
Hoxa5,HOXA5
Maoa,MAOA
Krtap10-31,KRTAP9-1
Krtap10-31,KRTAP12-3
Krtap10-31,KRTAP12-2
Krtap10-31,KRTAP12-1
Krtap10-31,KRTAP10-9
Krtap10-31,KRTAP10-6
Krtap10-31,KRTAP4-5
Krtap10-31,KRTAP10-4
Krtap10-31,KRTAP10-11
Mindy4b-ps,MINDY4B
Hoxa6,HOXA6
Mir196b,MIR196B
Tmem241,SLC35D4
Or2t35,OR2T35
Or2t35,OR2T2
Eid3,EID3
0610030E20Rik,C2orf68
Gm55793,RN7SKP190
Gm55793,RN7SKP258
Gm55795,Y_RNA
Or2t6,OR2T6
Gm25199,RNU6-206P
Gm26485,RNU6-70P
Gm27956,Metazoa_SRP
Gm27956,RN7SL670P
Gm27956,RN7SL405P
Bhlhe22,BHLHE22
Gm25964,RNU6-1121P
Evx1,EVX1
Gm23686,RNU1-82P
Dnase1l3,DNASE1L3
Nxt2,NXT2
Rxfp4,RXFP4
Hepacam2,HEPACAM2
Gpr171,GPR171
Gapdhrt2,GAPDH
Atg4a-ps,ATG4A
Gm22509,RNU6-905P
Gm22509,RNU6-540P
Gm26493,SNORA46
Gm26265,SNORA50A
Sap18b,SAP18
Or1f19,OR1F1
Mir489,MIR489
Gm25896,SNORA2A
Gm55498,SNORA80E
Slc7a3,SLC7A3
Gm55526,RN7SKP276
Gm22155,RNU1-14P
Gm22155,RNU1-42P
Gm55847,RNU6-1304P
Rsbn1,RSBN1
Tex15,TEX15
Gm56084,RN7SKP247
Mir135a-2,MIR135A2
Mir1251,MIR1251
Cldn23,CLDN23
Gm26150,RNU1-80P
AI429214,C8orf48
Lipi,LIPI
Cphx1,CPHXL
Cphx1,CPHXL2
Ms4a6c,MS4A6A
Ms4a6c,MS4A6E
Tacstd2,TACSTD2
Sgcz,SGCZ
Igkv2-137,IGKV2D-30
Igkv2-137,IGKV2-30
Gm26091,RNU6-179P
Gm24223,RNU6-158P
Msr1,MSR1
Gm24457,RNU6-984P
Lpar5,LPAR5
Or11h6,OR11H6
Naaladl2,NAALADL2
Or11h7,OR11H7
Or11h4b,OR11H4
Klrb1,KLRB1
Or11h23,OR11H7
Or11h4,OR11H4
Gm55653,RNA5SP172
Ces4a,CES4A
Pbp2,PEBP1
Klhl33,KLHL33
Emp1,EMP1
Gm22063,RNU6-1031P
Rnase12,RNASE12
Plekhg4,PLEKHG4
Or6s1,OR6S1
Eda2r,EDA2R
Iqcn,IQCN
Snora68,SNORA68
Ccdc194,CCDC194
Clec7a,CLEC7A
Gm23128,SNORA17A
Fam246a,FAM246B
Fam246a,FAM246C
Fam246a,FAM246A
Ear10,RNASE2
Ear10,RNASE3
Cfap92,CFAP92
Cldn2,CLDN2
Jund,JUND
Tssk1,TSSK1B
Potefam3c,POTEA
Ptprg,PTPRG
Chrdl1,CHRDL1
H1f10,H1-10
Tssk2,TSSK2
Potefam3d,POTEA
Trappc5,TRAPPC5
Nrep,NREP
Clca4b,CLCA4
Defb12,DEFB105A
Defb12,DEFB105B
Pcdhga10,PCDHGA10
Defb34,DEFB132
Myh15,MYH15
Spag11b,SPAG11A
Spag11b,SPAG11B
Zfp407,ZNF407
Antxrl,ANTXRL
Defb14,DEFB103B
Defb14,DEFB103A
Clca1,CLCA1
Defb4,DEFB4A
Defb4,DEFB4B
Drap1,DRAP1
Atp2c2,ATP2C2
Arhgef37,ARHGEF37
Gm22279,RNU6-800P
Ang6,ANG
Ang5,ANG
Or2f1b,OR2F1
Gm54599,RNU6-1177P
Gm54599,RNU6-1109P
Veph1,VEPH1
Or6b1,OR6B1
Cibar2,CIBAR2
Cd99l2,CD99L2
Jkampl,JKAMP
Scarna10,SCARNA10
Pcdhgb2,PCDHGB2
Gm56047,RN7SKP31
Chia1,CHIA
Cbln2,CBLN2
Foxc2,FOXC2
Psmb11,PSMB11
Foxl1,FOXL1
Cebpe,CEBPE
Gkn1,GKN1
Batf2,BATF2
Gm24283,RNU6-283P
Gm24283,RNU6-917P
Gm24283,RNU6-478P
Gm24283,RNU6-1162P
Gm24283,RNU6-1017P
Il25,IL25
Zfp469,ZNF469
Mir208a,MIR208A
Mir208b,MIR208B
Lars1,LARS1
Gstp1,GSTP1
Gkn2,GKN2
Gm24445,RNU6-16P
Snord68,SNORD68
Gm24754,RNU6-522P
Ptx3,PTX3
Mc1r,MC1R
Cd96,CD96
Eddm3b,EDDM3A
Eddm3b,EDDM3B
Gm56113,SNORA63
n-R5s100,RNA5S17
n-R5s103,RNA5S16
Gm22578,RNU6-682P
Gm22578,RNU6-1172P
Gm22578,RNU6-375P
Rnase2b,RNASE2
Rnase2b,RNASE3
Gm23462,RNU6-288P
n-R5s106,RNA5SP532
n-R5s106,5S_rRNA
n-R5s106,RNA5SP530
n-R5s106,RNA5SP528
Ang2,ANG
Chil4,CHIA
Ear14,RNASE2
Ear14,RNASE3
n-R5s115,RNA5SP532
n-R5s115,5S_rRNA
n-R5s115,RNA5SP530
n-R5s115,RNA5SP528
n-R5s118,RNA5SP532
n-R5s118,5S_rRNA
n-R5s118,RNA5SP530
n-R5s118,RNA5SP528
Gm24312,RNA5SP532
Gm24312,5S_rRNA
Gm24312,RNA5SP530
Gm24312,RNA5SP528
Lpar6,LPAR6
n-R5s130,RNA5SP532
n-R5s130,5S_rRNA
n-R5s130,RNA5SP530
n-R5s130,RNA5SP528
Gm26391,RNA5S4
n-R5s134,RNA5S15
n-R5s136,RNA5SP532
n-R5s136,5S_rRNA
n-R5s136,RNA5SP530
n-R5s136,RNA5SP528
n-R5s141,RNA5S2
n-R5s143,RNA5S6
Ahcyl,AHCY
Gm22291,RNA5S11
Gm23284,RNA5S6
Gm24540,RNU6-1
Lenep,LENEP
Gm7324,RBMXL1
Gm7324,RBMX
Klrh1,KLRC1
Klrh1,KLRC2
Klrh1,KLRC3
Gm25627,RNU1-130P
Dpcd,DPCD
Gm25379,SNORA65
Mcoln3,MCOLN3
Gm23977,RNU6-100P
Gm55402,RNU6-1238P
Gm24676,RNU6-401P
Gm22621,RNU6-100P
Gm24712,RNU6-100P
Dnaaf8,DNAAF8
Gm23552,RNU6-100P
C1s2,C1S
Gm22078,RNU6-1068P
Gm22823,RNU6-6P
Eps8l3,EPS8L3
Phb2,PHB2
Sgo2b,SGO2
Gm23483,RNU6-114P
Gm23483,RNU6-521P
Gsto1,GSTO1
Gm25052,RNU2-53P
Or2l13,OR2L13
Or2l5,OR2L2
Or2l5,OR2L3
Or2l5,OR2L8
Or2l5,OR2L5
Gm23547,SCARNA12
Mir200c,MIR200C
Or2l13b,OR2L13
Cib3,CIB3
Or2aj4,OR2AJ1
Or2aj5,OR2AJ1
Map3k11,MAP3K11
Aknad1,AKNAD1
Or2aj6,OR2AJ1
Gm55677,RN7SKP284
Tspan7,TSPAN7
Gan,GAN
Lnp1,LNP1
Gm25681,RNU6-253P
Shisa9,SHISA9
Gm54487,Metazoa_SRP
Gm54487,RN7SL670P
Gm54487,RN7SL405P
Ncbp2as2,NCBP2AS2
Mir181c,MIR181C
Mir23a,MIR23A
Mir27a,MIR27A
Ier2,IER2
Prkdc,PRKDC
Dand5,DAND5
Trbv3,TRBV2
Smim31,SMIM31
Trbv4,TRBV3-1
Trbv5,TRBV4-1
Trbv5,TRBV4-2
Pja1,PJA1
Snord71,SNORD71
Trbv12-1,TRBV13
Trbv13-1,TRBV10-1
Trbv13-1,TRBV10-3
Trbv13-1,TRBV10-2
Gm24410,RNU6-1290P
Trbv12-2,TRBV13
Cited1,CITED1
Trbv13-2,TRBV10-1
Trbv13-2,TRBV10-3
Trbv13-2,TRBV10-2
Trbv13-3,TRBV10-1
Trbv13-3,TRBV10-3
Trbv13-3,TRBV10-2
Blnk,BLNK
Trbv14,TRBV11-2
Trbv14,TRBV11-1
Trbv14,TRBV11-3
Rps14,RPS14
Trbv15,TRBV12-4
Trbv15,TRBV12-3
Trbv17,TRBV15
Gpr173,GPR173
Trbv19,TRBV19
Trbv20,TRBV20OR9-2
Trbv20,TRBV20-1
Sox1,SOX1
Trbv23,TRBV23-1
1700013H16Rik,SYCP3
Trbv26,TRBV23-1
Trbv29,TRBV28
Trbv30,TRBV29-1
Prss3,PRSS1
Prss3,PRSS3
Prss3,PRSS2
Kctd12,KCTD12
Hdx,HDX
Acod1,ACOD1
Prss3l,PRSS1
Prss3l,PRSS3
Prss3l,PRSS2
Gm25260,RNU1-100P
Gm25260,RNU1-46P
Gm22073,RNU2-50P
Snord8,SNORD8
Gm23758,SNORA72
Ces2b,CES2
1110032F04Rik,C3orf80
Adamts5,ADAMTS5
Otud5,OTUD5
Gm25887,RNU2-54P
Cbln3,CBLN3
Adamts19,ADAMTS19
Slc49a4,SLC49A4
Setd7,SETD7
Ces2f,CES2
Dexi,DEXI
Zfp516,ZNF516
Gm24920,SNORD62
Gm24920,SNORD62B
Mab21l2,MAB21L2
Gm26440,SNORA65
Plac1,PLAC1
Egr1,EGR1
Potefam3b,POTEA
Rn7s6,RN7SL5P
Mb21d2,MB21D2
Zfp532,ZNF532
Mir124a-2,MIR124-2
AY761185,DEFA4
AY761185,DEFA1
AY761185,DEFA5
AY761185,DEFA1B
AY761185,DEFA6
AY761185,DEFA3
Gm23142,RNU6-1190P
Gm23142,U6
Gm23142,RNU6-294P
Defa35,DEFA4
Defa35,DEFA1
Defa35,DEFA5
Defa35,DEFA1B
Defa35,DEFA6
Defa35,DEFA3
Ikbkg,IKBKG
Gm55537,RNU6-163P
Tnfrsf17,TNFRSF17
Samd7,SAMD7
Sorbs1,SORBS1
Pigp,PIGP
Trbc1,TRBC2
Trbc1,TRBC1
4933402J07Rik,C16orf78
Sprr4,SPRR4
Ces1h,CES1
Trav1,TRAV1-2
Trav1,TRAV1-1
Adrm1b,ADRM1
Trav2,TRAV4
Lrit3,LRIT3
Trav6-2,TRAV9-1
Trav6-2,TRAV9-2
Trav6d-4,TRAV9-1
Trav6d-4,TRAV9-2
Trbc2,TRBC2
Trbc2,TRBC1
Trav12d-1,TRAV18
Ces5a,CES5A
Trav15d-1-dv6d-1,TRDV1
Gm22682,RNU6-1
Trav12d-2,TRAV18
Smco1,SMCO1
Trav8d-2,TRAV17
Trpv5,TRPV5
Trav12n-1,TRAV18
Trav15n-1,TRDV1
Ccdc54,CCDC54
Trav12n-2,TRAV18
Trav6-4,TRAV9-1
Trav6-4,TRAV9-2
Csta3,CSTA
Trav12-1,TRAV18
1110002E22Rik,C4orf54
Trav15-1-dv6-1,TRDV1
Cbr1b,CBR1
Trav18,TRAV27
Trdv1,TRAV34
Cstdc6,CSTA
Tdpoz4,SPOP
Tdpoz3,SPOP
Kel,KEL
Tdpoz5,SPOP
Ahsg,AHSG
Tdpoz9,SPOP
Pkd1l2,PKD1L2
Tdpoz7,SPOP
Or9a2,OR9A2
Spopfm2,SPOP
Gm24592,RNU6-743P
Kcna3,KCNA3
Kcna10,KCNA10
Mir15a,MIR15A
Gm23435,RNU1-149P
Mir138-2,MIR138-2
Ubl4b,UBL4B
Nlrc5,NLRC5
Cd8a,CD8A
Adora3,ADORA3
Vgll3,VGLL3
Usp14,USP14
Ovgp1,OVGP1
Vmn1r40,VN1R5
Vmn1r41,VN1R5
Nrk,NRK
Lsg1,LSG1
Chil5,CHIA
4930590J08Rik,C3orf20
Gm24608,SNORA58B
Erhrt-ps,ERH
Mboat4,MBOAT4
Gm23723,SNORA41B
Gm23723,SNORA41
Naa10,NAA10
Tdpoz9-ps1,SPOP
Gm22935,RNU6-415P
Peg10,RTL1
Trbv31,TRBV30
Igkv11-125,IGKV1-9
Igkv11-125,IGKV1D-42
Igkv11-125,IGKV1D-16
Igkv11-125,IGKV1D-37
Igkv11-125,IGKV1D-12
Igkv11-125,IGKV1-16
Igkv11-125,IGKV1D-17
Igkv11-125,IGKV1D-13
Igkv11-125,IGKV1D-8
Igkv11-125,IGKV1-37
Igkv11-125,IGKV1-8
Igkv11-125,IGKV1D-43
Igkv11-125,IGKV1-12
Igkv11-125,IGKV1-6
Igkv11-125,IGKV1-17
Igkv11-125,IGKV1-39
Igkv11-125,IGKV1D-39
Igkv11-125,IGKV1-5
Rap2b,RAP2B
Tdpoz2,SPOP
Tdpoz1,SPOP
Igkv18-36,IGKV3OR2-268
Igkv18-36,IGKV3-11
Igkv18-36,IGKV3D-20
Igkv18-36,IGKV3D-15
Igkv18-36,IGKV3D-7
Igkv18-36,IGKV3D-11
Igkv18-36,IGKV3-7
Igkv18-36,IGKV3-20
Igkv18-36,IGKV3-15
Gm5773,SPOP
Igkv7-33,IGKV4-1
Igkv6-29,IGKV4-1
Igkv8-16,IGKV4-1
Spopfm3,SPOP
Sh2d6,SH2D6
Crabp2,CRABP2
Slc25a31,SLC25A31
Mbp,MBP
Polq,POLQ
Mir15b,MIR15B
Mir16-2,MIR16-2
Adam30,ADAM30
Emd,EMD
Hsd3b9,HSD3B1
Hsd3b9,HSD3B2
Igkv5-48,IGKV6D-41
Igkv5-48,IGKV6D-21
Igkv5-48,IGKV6-21
Igkv5-45,IGKV6D-41
Igkv5-45,IGKV6D-21
Igkv5-45,IGKV6-21
Igkv5-43,IGKV6D-41
Igkv5-43,IGKV6D-21
Igkv5-43,IGKV6-21
Igkv5-39,IGKV6D-41
Igkv5-39,IGKV6D-21
Igkv5-39,IGKV6-21
Cltrn,CLTRN
Gm26105,RNU2-72P
Eif4a3l1,EIF4A3
Arhgap31,ARHGAP31
Gm55605,RNU4-22P
Magea2,MAGEA10
Magea5,MAGEA10
Tas2r120,TAS2R19
Tas2r120,TAS2R46
Tas2r120,TAS2R20
Tas2r120,TAS2R30
Tas2r120,TAS2R43
Tas2r120,TAS2R31
Tas2r120,TAS2R50
Gm63953,S100A9
Tas2r121,TAS2R13
Tmem121b,TMEM121B
Pglyrp3,PGLYRP3
Gm56000,RNU6-1184P
Ufd1,UFD1
Gm5849,S100A9
Gm63964,S100A9
Gm54627,RN7SKP21
Gm54627,RN7SKP223
Gm54627,RN7SKP52
Gm24593,RNU6-1248P
S100a2,S100A2
Gm23464,RNU1-84P
Gm25283,Y_RNA
Dnajb8,DNAJB8
Sox2,SOX2
Gm25487,SNORD22
Mir137,MIR137
Klf14,KLF14
Gripap1,GRIPAP1
Mir29a,MIR29A
Mir29b-1,MIR29B1
Gfral,GFRAL
St3gal6,ST3GAL6
Mir135a-1,MIR135A1
Mirlet7g,MIRLET7G
Tlr9,TLR9
Gm22060,RNU6-377P
Dipk1c,DIPK1C
Rab18,RAB18
Gm54836,RN7SKP121
Gm25558,RNU6-84P
Gm22454,RNU6-1277P
Gm22454,RNU6-1164P
Gm22454,RNU6-311P
Lrch3,LRCH3
Gm24393,RNU6-1148P
Nfatc1,NFATC1
Sh2d7,SH2D7
Gm26146,RNU1-101P
Hyal1,HYAL1
Prelid3a,PRELID3A
Naa80,NAA80
Isl2,ISL2
Cd226,CD226
Gm23407,RNU6-39P
Panx3,PANX3
Or8a1,OR8A1
Or8b12,OR8B12
Or8b12b,OR8B12
Or8b12c,OR8B12
Gm24764,RNU2-17P
Gm24764,RNU2-7P
Or8b8,OR8B8
Gnal,GNAL
Or8b4,OR8B4
Gm54681,RN7SKP112
Gm23805,RNU6-1083P
Becn2,BECN2
Gm54688,SNORA80A
Rbm8a2,RBM8A
Gm26104,RNU6-682P
Gm26104,RNU6-1172P
Gm26104,RNU6-375P
Ube2srt,UBE2S
Gm24765,RNU6-831P
Rrs1,RRS1
Gm54718,RN7SKP241
Esco1,ESCO1
Ccdc168,LRTM3
Gm54739,RNA5SP172
Rogdi,ROGDI
BC035947,ERVW-1
Or8d2,OR8D2
Or8d1,OR8D1
Or8d2b,OR8D2
Apobec4,APOBEC4
Or8d23,OR8D1
Or8d1b,OR8D1
Or8g21,OR8G1
Or8g21,OR8G5
Or8g17,OR8G1
Or8g17,OR8G5
Snord87,SNORD87
Apob,APOB
Hdac6,HDAC6
Or8g23,OR8G1
Or8g23,OR8G5
Dpysl3,DPYSL3
Or8g26,OR8G1
Or8g26,OR8G5
Gm23934,RNU6-5P
Or8g27,OR8G1
Or8g27,OR8G5
Or8g18,OR8G1
Or8g18,OR8G5
Gm45261,CCDC195
Or8g2b,OR8G2P
Or8g2b,OR8G3
Dnah7b,DNAH7
Adnp2,ADNP2
Etf1,ETF1
Tbccd1,TBCCD1
Rpp25,RPP25
Dnah7c,DNAH7
Zbtb7c,ZBTB7C
Lman1l,LMAN1L
Fech,FECH
Gm23240,RNU1-104P
Gm22866,RNU1-142P
Gm26101,RNU6-996P
Gm54899,RN7SKP285
Cpa6,CPA6
Gm49380,RNF26
Naa60,NAA60
Gm24200,RNU1-29P
Zfp648,ZNF648
Mtnr1b,MTNR1B
Rnf26,RNF26
Ier5,IER5
Paqr9,PAQR9
Or1m1,OR1M1
Cep350,CEP350
Fgd4,FGD4
Or7g16,OR7G2
Or7g17,OR7G1
Psma8,PSMA8
Or7g19,OR7G3
Or7g12,OR7G3
Or7g25,OR7G1
Or7g28,OR7G2
Or7g29,OR7G2
Or7g31,OR7G1
Pcdha6,PCDHA6
Pcdha6,PCDHA8
Tmem185b,TMEM185B
Gm23169,RNU6-1179P
Isoc1,ISOC1
Gm25322,RNU6-784P
Or7g34,OR7G1
C330018D20Rik,C5orf63
Arhgap36,ARHGAP36
Trpa1,TRPA1
Or7e173,OR7E24
Or7d11,OR7D4
Or7e174,OR7E24
Or7e175,OR7E24
Pcdhgb1,PCDHGB1
Tbl1x,TBL1Y
Tbl1x,TBL1X
Tmco6,TMCO6
Or7e176,OR7E24
Rwdd2b,RWDD2B
Or7e177,OR7E24
Gm23460,RNU6-929P
Gm23316,RNU6-245P
Or5k15,OR5K4
Hes1,HES1
Gm55495,RN7SKP276
Rdh8,RDH8
H2ax,H2AX
Myh11,MYH11
Gm25578,RNU6-725P
Gm25578,RNU6-1150P
Myo5b,MYO5B
Trim42,TRIM42
Chm,CHM
Defb18,DEFB113
Defb41,DEFB110
Gm55625,PISRT1
Prr23a1,PRR23C
Prr23a1,PRR23B
Prr23a1,PRR23A
Prr23a2,PRR23C
Prr23a2,PRR23B
Prr23a2,PRR23A
Prr23a3,PRR23C
Prr23a3,PRR23B
Prr23a3,PRR23A
Tfap2d,TFAP2D
Prr23a4,PRR23C
Prr23a4,PRR23B
Prr23a4,PRR23A
Foxl2,FOXL2
Gm55451,SNORD29
Pkhd1,PKHD1
A4gnt,A4GNT
Mir711,MIR711
Rabl3,RABL3
Ucn2,UCN2
Gm24166,SNORA2A
Sox14,SOX14
Cep120,CEP120
Gm24162,RNU6-191P
Mir206,MIR206
Mir133b,MIR133B
Il17a,IL17A
Fbxw13,FBXW12
Snora75,SNORA75
Gm55462,SNORD20
Snord82,SNORD82
Tex44,TEX44
Tm4sf19,TM4SF19
Tbx1,TBX1
Cd40lg,CD40LG
Fbxw20,FBXW12
Khdc1a,KHDC1L
Khdc1a,KHDC1
Khdc1c,KHDC1L
Khdc1c,KHDC1
Zmym3,ZMYM3
Cd200r3,CD200R1
Cd200r3,CD200R1L
Khdc1b,KHDC1L
Khdc1b,KHDC1
Gm25484,RNU6-13P
Gm24641,RNU6-32P
Fbxw22,FBXW12
Mars2,MARS2
Gm55757,RNU6-160P
Gm55757,RNU6-193P
Alpi,ALPG
Alpi,ALPI
Alpi,ALPP
Fbxw16,FBXW12
Zfp534,ZNF34
Kcnq5,KCNQ5
Fbxw19,FBXW12
Cdcp2,CDCP2
Gm24002,RNU6-376P
Scarf2,SCARF2
Ldlrad1,LDLRAD1
Fbxw24,FBXW12
Dio1,DIO1
Fbxw25,FBXW12
Fbxw18,FBXW12
Akp3,ALPG
Akp3,ALPI
Akp3,ALPP
Pcdha12,PCDHA13
Fbxw26,FBXW12
Plcl1,PLCL1
Pcdha10,PCDHA4
Gm55790,RN7SKP256
Rbbp8,RBBP8
Tmem200b,TMEM200B
Mir128-1,MIR128-1
Gm22069,RNU6-333P
Cadm2,CADM2
Mir34a,MIR34A
Lct,LCT
Car6,CA6
Gm25064,RNU6-2
2300009A05Rik,C15orf61
Gm24646,RNU6-249P
Gm25384,RNU6-1272P
Gm55126,RNU6-564P
Gm25995,RNU4-41P
Pappa,PAPPA
Parp9,PARP9
Gm23377,SNORA17B
Apoa4,APOA4
Mir30a,MIR30A
Mir30c-2,MIR30C2
Gm55575,RN7SKP291
C130074G19Rik,C1orf115
Slc24a1,SLC24A1
Gm24697,RNU6-330P
Gm24697,RNU6-1230P
Gm24697,RNU6-432P
Mir488,MIR488
Pappa2,PAPPA2
Gm25313,RNU5E-4P
Rnu5g,RNU5E-4P
Gm55908,RNU4-38P
Gm22720,RNU4-38P
Snora16a,SNORA16A
Kbtbd13,KBTBD13
Snora44,SNORA44
Snord99,SNORD99
Aldoart1,ALDOA
Ankdd1a,ANKDD1A
Gm26379,SNORA17A
Gm55296,SNORA63
Snora36b,SNORA36B
Nubp1,NUBP1
4930523C07Rik,KIAA0040
Mir194-1,MIR194-1
Gm24099,RNU6-598P
Cdc25c,CDC25C
Gm23428,RNU6-72P
Gm55959,RNU6-358P
Gm22145,RNU1-55P
Gm22145,RNU1-61P
Trim71,TRIM71
Gm23889,RNU6-707P
Rps27rt,RPS27
Col9a1,COL9A1
Mir190a,MIR190A
Gm22169,RNU6-506P
Gm55993,SNORD113-6
Hprt1,HPRT1
Tmem39a,TMEM39A
Foxb1,FOXB1
Gcnt3,GCNT3
Cyp4a30b,CYP4A22
Cyp4a30b,CYP4A11
Cyp4a30b,CYP4F12
Cyp4a30b,CYP4F11
Mib1,MIB1
Gm25045,RNU6-1212P
Gm25899,RNU4-45P
Gm25899,RNU4-62P
Gm55682,RNU6-382P
Gm56090,RN7SKP195
Gm56090,RN7SKP141
D1Pas1,DDX3X
Gm26017,RNU6-299P
Rraga,RRAGA
Trex2,TREX2
Gpr50,GPR50
Gm55733,RNU6-279P
Nkap,NKAP
Pou4f3,POU4F3
Wdr72,WDR72
Yipf5,YIPF5
Mir491,MIR491
Gm55761,RNU6-351P
Gm55762,RN7SKP219
Gm22092,RNU6-5P
Gm55764,RNU6-501P
Gm23966,RNU6-49P
Zfp352,KLF18
Eras,ERAS
Ush2a,USH2A
Larp7-ps,LARP7
Xcr1,XCR1
Slxl1,SYCP3
Slc4a9,SLC4A9
Tusc1,TUSC1
Ccr1l1,CCR1
Ccr3,CCR3
Gm24796,RNU6-1051P
Xlr5c,FAM9B
Xlr5c,FAM9C
Xlr5c,FAM9A
Slc6a20b,SLC6A20
Cela3a,CELA3B
Cela3a,CELA3A
Rnf223,RNF223
Gm26224,SNORD74
Gm24203,Y_RNA
Gm24203,RNY1P14
Gm23212,SNORD44
Snord78,SNORD78
Gm50452,SNORD79
Snord47,SNORD47
Gm25789,SNORD81
Cfap57,CFAP57
Gm23032,RNU6-1003P
Mmp1a,MMP1
Jrkl,JRKL
Gm25814,RNU6-276P
Itm2a,ITM2A
Celsr3,CELSR3
Nrip1,NRIP1
Slc39a6,SLC39A6
Gm25792,RNU6-496P
Gm23153,RN7SL454P
Gm23153,RN7SL541P
Tnfsf4,TNFSF4
Tnfsf18,TNFSF18
Heph,HEPH
Gm24918,SNORA24B
Brwd1,BRWD1
Gm23275,RNU6-788P
Kif20a,KIF20A
Ddi1,DDI1
Mir199a-2,MIR199A2
Mir214,MIR214
Gm23097,RNU6-1263P
Garin4,GARIN4
Mmp13,MMP13
Gm22446,RNU6-333P
Gm55916,RNU6-1129P
Mmp12,MMP12
Arl4c,ARL4C
Rnu6-ps2,RNU6-22P
Gm24468,RNU6-726P
Gm24468,RNU6-424P
Gm24468,RNU6-697P
Mir101a,MIR101-1
Hivep3,HIVEP3
Mroh9,MROH9
Gm22265,RNU5A-8P
Edn2,EDN2
Scd4,SCD
Gm55970,RN7SKP21
Gm55970,RN7SKP223
Gm55970,RN7SKP52
Ccdc88b,CCDC88B
Mir30c-1,MIR30C1
Cd28,CD28
Mmp1b,MMP1
Gm23540,RNU1-44P
Gm24455,SNORA18
Gm24299,SNORD5
Ctla4,CTLA4
Gm25791,SNORA8
Mir199a-1,MIR199A1
Icos,ICOS
Oxct2b,OXCT2
Padi6,PADI6
Gm55971,RNU6-932P
Gm55600,MIR191
Mir425,MIR425
Gm22154,SNORA55
Catsperz,CATSPERZ
Pard3b,PARD3B
Oxct2a,OXCT2
Tpo,TPO
Gnat1,GNAT1
Ube2d2a,UBE2D2
Morf4l2,MORF4L2
Or8c14,OR5G3
Smim39,SMIM39
Gm56092,RNU6-1321P
Pou3f1,POU3F1
Gm56093,RNU6-505P
Or8c19,OR5G3
Sidt1,SIDT1
Gm25323,RNU6-1225P
Gm25323,RNU6-1140P
Mir205,MIR205
Or8b3,OR8B3
Or8b3,OR8B2
Csmd2,CSMD2
Mbl2,MBL2
Sall3,SALL3
Mir29b-2,MIR29B2
Mir29c,MIR29C
Cetn1,CETN1
Xcl1,XCL2
Xcl1,XCL1
Or8b3b,OR8B3
Or8b3b,OR8B2
Socs6,SOCS6
Espnl,ESPNL
Cyp26a1,CYP26A1
Or8g28,OR8G1
Or8g28,OR8G5
Acta2,ACTA2
Hmgb4,HMGB4
Or8g30,OR8G1
Or8g30,OR8G5
Fer1l5,FER1L5
Or8g32,OR8G1
Or8g32,OR8G5
Srfbp1,SRFBP1
Or8g34,OR8G1
Or8g34,OR8G5
Gm25419,U3
Lrfn4,LRFN4
Pou3f2,POU3F2
Gm14632,SYCP3
Hectd2,HECTD2
Epg5,EPG5
Or6b2,OR6B2
Or6b2,OR6B3
L1cam,L1CAM
Or8g2,OR8G2P
Or8g2,OR8G3
Mir26a-1,MIR26A1
Slc22a13,SLC22A13
Pcdhga6,PCDHGA6
Slc22a13b,SLC22A13
Gypc,GYPC
Gm25705,RNU6-1196P
Gm25705,RNU6-1312P
Plekhm3,PLEKHM3
Gm56158,RN7SKP109
Gja10,GJA10
Ctdp1,CTDP1
Dnaja3,DNAJA3
Gm23567,RNU6-289P
Gm56102,MIR628
Gpr62,GPR62
Gm24016,SNORD54
Mos,MOS
Esyt3,ESYT3
Plag1,PLAG1
Uba52rt,UBA52
Ankrd13d,ANKRD13D
Sdr16c5,SDR16C5
Gm22114,RNU6-1195P
Gm55920,SNORA71A
Npc1,NPC1
Gm56181,Y_RNA
Gm56189,RN7SKP267
Gm23344,SNORD18A
Snord16a,SNORD16
Gm22455,SNORD18C
Uchl4,UCHL3
Gm25235,RNU6-446P
Gm24289,SCARNA14
Gm23423,RNU6-844P
Fcrlb,FCRLB
Gm25581,RNVU1-32
Snord14c,SNORD14C
Snord14d,SNORD14D
Snord14e,SNORD14E
Bsx,BSX
Stk32a,STK32A
Gm22850,RNU2-29P
Gm23932,RNU6-838P
Gm23932,RNU6-529P
Gm23932,RNU6-384P
Lrrd1,LRRD1
Topaz1,TOPAZ1
Gm25637,RNU6-805P
Gm56206,RNU6-1307P
Gm26072,RNU6-68P
Gm26072,RNU6-536P
Gm26072,RNU6-457P
Gm26072,RNU6-81P
Gm22888,SNORD121B
Gm24837,SNORD121A
Hs6st2,HS6ST2
Fzd1,FZD1
Gm26049,RNU6-1031P
Fsbp,FSBP
Ankk1,ANKK1
Gm23422,RNU6-803P
Gm23422,RNU6-751P
Cetn2,CETN2
Gm24826,U3
Abca12,ABCA12
Eif4ebp3,EIF4EBP3
2010003K11Rik,C11orf86
Gm54696,RN7SKP211
Ccdc71l,CCDC71L
Slc22a29,SLC22A9
Gm25721,RNU1-133P
Spry4,SPRY4
Taf7l,TAF7L
Zar1,ZAR1
Gm24978,RNU6-5P
Vsig10l2,VSIG10L2
Gm56227,RNU6-1236P
Pggt1b,PGGT1B
Ccl21b,CCL21
Pate3,PATE3
Cnga1,CNGA1
Or9q1,OR9Q1
Camk2n2,CAMK2N2
Carhsp1,CARHSP1
Spata31f1b,SPATA31F1
Gm23434,RNU6-1050P
Ccl21e,CCL21
Ssr4,SSR4
Arhgap19,ARHGAP19
Hrct1,HRCT1
Ccin,CCIN
Gm24686,RNU6-1062P
Gm24686,RNU6-955P
Gm56267,RNU1-129P
Gm56267,RNU1-154P
Gm56267,RNU1-65P
Gm56267,RNU1-114P
Gm56267,RNU1-151P
Zfp804b,ZNF804B
Dspp,DSPP
Gm22055,RNU6-783P
Gm22055,RNU6-879P
Foxe1,FOXE1
Mepe,MEPE
Gm56250,RN7SKP171
Or7g20,OR7G2
Gm24097,RNU6-187P
Wdr36,WDR36
Gm26424,RNU6-970P
Gm55032,RNU6-660P
Synj1,SYNJ1
Gm24086,RNU6-220P
Gm56292,RN7SKP157
Gm25672,RNU6-822P
Gm25672,RNU6-21P
Gm25672,RNU6-86P
Gm25672,RNU6-235P
Gm25672,RNU6-28P
Gm25609,RNU6-1311P
Or13f5,OR13F1
Gm26214,RNU6-309P
Gm26214,RNU6-699P
Gm26214,RNU6-247P
Gm26206,RNU6-595P
Gm25687,RN7SL864P
Gm25687,RN7SL87P
Gm22985,RNU4-82P
Gm26461,RN7SL268P
Gm26461,Metazoa_SRP
Gm26461,RN7SL526P
Gm26461,RN7SL156P
Gm26461,RN7SL280P
Gm26461,RN7SL33P
Gm26461,RN7SL250P
Gm26461,RN7SL317P
Gm26461,RN7SL234P
Trim43a,TRIM43
Trim43a,TRIM43B
Slc18a2,SLC18A2
Gm22557,RNU6-790P
Gm56275,RNU6-395P
Lrrc66,LRRC66
Gm25280,RNU1-115P
Foxd3,FOXD3
Serpinb13,SERPINB13
Cyp3a41b,CYP3A43
Cyp3a41b,CYP3A7
Cyp3a41b,CYP3A4
Cyp3a41b,CYP3A5
Scn2b,SCN2B
Ccdc172,CCDC172
Cdkn2a,CDKN2A
Tmprss4,TMPRSS4
Cyp3a41a,CYP3A43
Cyp3a41a,CYP3A7
Cyp3a41a,CYP3A4
Cyp3a41a,CYP3A5
Serpinb3d,SERPINB4
Serpinb3d,SERPINB3
Ocrl,OCRL
Gm56089,RN7SKP2
Atp5f1a,ATP5F1A
Smim35,SMIM35
Gm25918,RNU6-698P
Cfap99,CFAP99
Plscr5,PLSCR5
Sufu,SUFU
Gm23856,RNU6-436P
Gpr45,GPR45
Gm25600,RNU6-931P
Gm25600,RNU6-735P
Or13d1,OR13D1
Amigo3,AMIGO3
Snord21,SNORD21
Gm26387,SNORA66
Npbwr1,NPBWR1
Bcl2a1c,BCL2A1
Gm22847,RNU1-125P
Xirp1,XIRP1
Cited4,CITED4
Prame62,PRAMEF2
Prame62,PRAMEF18
Prame62,PRAMEF20
Prame62,PRAMEF6
Prame62,PRAMEF8
Prame62,PRAMEF14
Prame62,PRAMEF19
Prame62,PRAMEF27
Prame62,PRAMEF17
Prame62,PRAMEF11
Prame62,PRAMEF1
Prame62,PRAMEF10
Prame62,PRAMEF9
Prame62,PRAMEF15
Prame62,PRAMEF12
Prame62,PRAMEF4
Prame62,PRAMEF26
Prame62,PRAMEF33
Prame62,PRAMEF7
Prame62,PRAMEF5
Prame62,PRAMEF13
Prame62,PRAMEF25
Gm24044,SNORA6
Snora62,SNORA62
Son,SON
Gm56230,RN7SKP116
Cngb3,CNGB3
Cnbd1,CNBD1
Gm25457,RNU6-463P
Gm56322,Y_RNA
Atp1a4,ATP1A4
Gm24502,RNU6-177P
Gm24502,RNU6-705P
Gm24502,RNU6-1217P
Gm24502,RNU6-998P
Gm24502,RNU6-1052P
Gm24502,RNU6-1319P
Gm24502,RNU6-863P
Gm24502,RNU6-747P
Gm24502,RNU6-791P
Gm24502,RNU6-1118P
Gm24502,U6
Gm24502,RNU6-1100P
Gm24502,RNU6-719P
Gm24502,RNU6-241P
Gm24502,RNU6-912P
Gm24502,RNU6-1076P
Gm24502,RNU6-1254P
Gm24502,RNU6-1199P
Gm24502,RNU6-785P
Gm24502,RNU6-447P
Gm24502,RNU6-1054P
Gm24502,RNU6-355P
Gm24502,RNU6-860P
Pdx1,PDX1
Mir34c,MIR34C
Mir34b,MIR34B
Aadacl3,AADACL3
Pou2af3,POU2AF3
Pramel24,PRAMEF2
Pramel24,PRAMEF18
Pramel24,PRAMEF20
Pramel24,PRAMEF6
Pramel24,PRAMEF8
Pramel24,PRAMEF14
Pramel24,PRAMEF19
Pramel24,PRAMEF27
Pramel24,PRAMEF17
Pramel24,PRAMEF11
Pramel24,PRAMEF1
Pramel24,PRAMEF10
Pramel24,PRAMEF9
Pramel24,PRAMEF15
Pramel24,PRAMEF12
Pramel24,PRAMEF4
Pramel24,PRAMEF26
Pramel24,PRAMEF33
Pramel24,PRAMEF7
Pramel24,PRAMEF5
Pramel24,PRAMEF13
Pramel24,PRAMEF25
Gm13043,PRAMEF2
Gm13043,PRAMEF18
Gm13043,PRAMEF20
Gm13043,PRAMEF6
Gm13043,PRAMEF8
Gm13043,PRAMEF14
Gm13043,PRAMEF19
Gm13043,PRAMEF27
Gm13043,PRAMEF17
Gm13043,PRAMEF11
Gm13043,PRAMEF1
Gm13043,PRAMEF10
Gm13043,PRAMEF9
Gm13043,PRAMEF15
Gm13043,PRAMEF12
Gm13043,PRAMEF4
Gm13043,PRAMEF26
Gm13043,PRAMEF33
Gm13043,PRAMEF7
Gm13043,PRAMEF5
Gm13043,PRAMEF13
Gm13043,PRAMEF25
Pigm,PIGM
Gm13040,PRAMEF2
Gm13040,PRAMEF18
Gm13040,PRAMEF20
Gm13040,PRAMEF6
Gm13040,PRAMEF8
Gm13040,PRAMEF14
Gm13040,PRAMEF19
Gm13040,PRAMEF27
Gm13040,PRAMEF17
Gm13040,PRAMEF11
Gm13040,PRAMEF1
Gm13040,PRAMEF10
Gm13040,PRAMEF9
Gm13040,PRAMEF15
Gm13040,PRAMEF12
Gm13040,PRAMEF4
Gm13040,PRAMEF26
Gm13040,PRAMEF33
Gm13040,PRAMEF7
Gm13040,PRAMEF5
Gm13040,PRAMEF13
Gm13040,PRAMEF25
Pou2af2,POU2AF2
Gm13057,PRAMEF2
Gm13057,PRAMEF18
Gm13057,PRAMEF20
Gm13057,PRAMEF6
Gm13057,PRAMEF8
Gm13057,PRAMEF14
Gm13057,PRAMEF19
Gm13057,PRAMEF27
Gm13057,PRAMEF17
Gm13057,PRAMEF11
Gm13057,PRAMEF1
Gm13057,PRAMEF10
Gm13057,PRAMEF9
Gm13057,PRAMEF15
Gm13057,PRAMEF12
Gm13057,PRAMEF4
Gm13057,PRAMEF26
Gm13057,PRAMEF33
Gm13057,PRAMEF7
Gm13057,PRAMEF5
Gm13057,PRAMEF13
Gm13057,PRAMEF25
Gm25663,SCARNA18B
Stn1,STN1
Pramel21,PRAMEF2
Pramel21,PRAMEF18
Pramel21,PRAMEF20
Pramel21,PRAMEF6
Pramel21,PRAMEF8
Pramel21,PRAMEF14
Pramel21,PRAMEF19
Pramel21,PRAMEF27
Pramel21,PRAMEF17
Pramel21,PRAMEF11
Pramel21,PRAMEF1
Pramel21,PRAMEF10
Pramel21,PRAMEF9
Pramel21,PRAMEF15
Pramel21,PRAMEF12
Pramel21,PRAMEF4
Pramel21,PRAMEF26
Pramel21,PRAMEF33
Pramel21,PRAMEF7
Pramel21,PRAMEF5
Pramel21,PRAMEF13
Pramel21,PRAMEF25
Nhsl2,NHSL2
Rgs1,RGS1
Pramel22,PRAMEF2
Pramel22,PRAMEF18
Pramel22,PRAMEF20
Pramel22,PRAMEF6
Pramel22,PRAMEF8
Pramel22,PRAMEF14
Pramel22,PRAMEF19
Pramel22,PRAMEF27
Pramel22,PRAMEF17
Pramel22,PRAMEF11
Pramel22,PRAMEF1
Pramel22,PRAMEF10
Pramel22,PRAMEF9
Pramel22,PRAMEF15
Pramel22,PRAMEF12
Pramel22,PRAMEF4
Pramel22,PRAMEF26
Pramel22,PRAMEF33
Pramel22,PRAMEF7
Pramel22,PRAMEF5
Pramel22,PRAMEF13
Pramel22,PRAMEF25
Gak,GAK
Pramel23,PRAMEF2
Pramel23,PRAMEF18
Pramel23,PRAMEF20
Pramel23,PRAMEF6
Pramel23,PRAMEF8
Pramel23,PRAMEF14
Pramel23,PRAMEF19
Pramel23,PRAMEF27
Pramel23,PRAMEF17
Pramel23,PRAMEF11
Pramel23,PRAMEF1
Pramel23,PRAMEF10
Pramel23,PRAMEF9
Pramel23,PRAMEF15
Pramel23,PRAMEF12
Pramel23,PRAMEF4
Pramel23,PRAMEF26
Pramel23,PRAMEF33
Pramel23,PRAMEF7
Pramel23,PRAMEF5
Pramel23,PRAMEF13
Pramel23,PRAMEF25
Mmp3,MMP3
Pramel26,PRAMEF2
Pramel26,PRAMEF18
Pramel26,PRAMEF20
Pramel26,PRAMEF6
Pramel26,PRAMEF8
Pramel26,PRAMEF14
Pramel26,PRAMEF19
Pramel26,PRAMEF27
Pramel26,PRAMEF17
Pramel26,PRAMEF11
Pramel26,PRAMEF1
Pramel26,PRAMEF10
Pramel26,PRAMEF9
Pramel26,PRAMEF15
Pramel26,PRAMEF12
Pramel26,PRAMEF4
Pramel26,PRAMEF26
Pramel26,PRAMEF33
Pramel26,PRAMEF7
Pramel26,PRAMEF5
Pramel26,PRAMEF13
Pramel26,PRAMEF25
Pramel11,PRAMEF2
Pramel11,PRAMEF18
Pramel11,PRAMEF20
Pramel11,PRAMEF6
Pramel11,PRAMEF8
Pramel11,PRAMEF14
Pramel11,PRAMEF19
Pramel11,PRAMEF27
Pramel11,PRAMEF17
Pramel11,PRAMEF11
Pramel11,PRAMEF1
Pramel11,PRAMEF10
Pramel11,PRAMEF9
Pramel11,PRAMEF15
Pramel11,PRAMEF12
Pramel11,PRAMEF4
Pramel11,PRAMEF26
Pramel11,PRAMEF33
Pramel11,PRAMEF7
Pramel11,PRAMEF5
Pramel11,PRAMEF13
Pramel11,PRAMEF25
Ercc4,ERCC4
Mmp20,MMP20
Pramel28,PRAMEF2
Pramel28,PRAMEF18
Pramel28,PRAMEF20
Pramel28,PRAMEF6
Pramel28,PRAMEF8
Pramel28,PRAMEF14
Pramel28,PRAMEF19
Pramel28,PRAMEF27
Pramel28,PRAMEF17
Pramel28,PRAMEF11
Pramel28,PRAMEF1
Pramel28,PRAMEF10
Pramel28,PRAMEF9
Pramel28,PRAMEF15
Pramel28,PRAMEF12
Pramel28,PRAMEF4
Pramel28,PRAMEF26
Pramel28,PRAMEF33
Pramel28,PRAMEF7
Pramel28,PRAMEF5
Pramel28,PRAMEF13
Pramel28,PRAMEF25
Nlgn3,NLGN3
Pramel61,PRAMEF2
Pramel61,PRAMEF18
Pramel61,PRAMEF20
Pramel61,PRAMEF6
Pramel61,PRAMEF8
Pramel61,PRAMEF14
Pramel61,PRAMEF19
Pramel61,PRAMEF27
Pramel61,PRAMEF17
Pramel61,PRAMEF11
Pramel61,PRAMEF1
Pramel61,PRAMEF10
Pramel61,PRAMEF9
Pramel61,PRAMEF15
Pramel61,PRAMEF12
Pramel61,PRAMEF4
Pramel61,PRAMEF26
Pramel61,PRAMEF33
Pramel61,PRAMEF7
Pramel61,PRAMEF5
Pramel61,PRAMEF13
Pramel61,PRAMEF25
Oog3,PRAMEF2
Oog3,PRAMEF18
Oog3,PRAMEF20
Oog3,PRAMEF6
Oog3,PRAMEF8
Oog3,PRAMEF14
Oog3,PRAMEF19
Oog3,PRAMEF27
Oog3,PRAMEF17
Oog3,PRAMEF11
Oog3,PRAMEF1
Oog3,PRAMEF10
Oog3,PRAMEF9
Oog3,PRAMEF15
Oog3,PRAMEF12
Oog3,PRAMEF4
Oog3,PRAMEF26
Oog3,PRAMEF33
Oog3,PRAMEF7
Oog3,PRAMEF5
Oog3,PRAMEF13
Oog3,PRAMEF25
Rgs21,RGS21
Pramel5,PRAMEF2
Pramel5,PRAMEF18
Pramel5,PRAMEF20
Pramel5,PRAMEF6
Pramel5,PRAMEF8
Pramel5,PRAMEF14
Pramel5,PRAMEF19
Pramel5,PRAMEF27
Pramel5,PRAMEF17
Pramel5,PRAMEF11
Pramel5,PRAMEF1
Pramel5,PRAMEF10
Pramel5,PRAMEF9
Pramel5,PRAMEF15
Pramel5,PRAMEF12
Pramel5,PRAMEF4
Pramel5,PRAMEF26
Pramel5,PRAMEF33
Pramel5,PRAMEF7
Pramel5,PRAMEF5
Pramel5,PRAMEF13
Pramel5,PRAMEF25
Mmp7,MMP7
Gm56327,RNU4-86P
Pramel30,PRAMEF2
Pramel30,PRAMEF18
Pramel30,PRAMEF20
Pramel30,PRAMEF6
Pramel30,PRAMEF8
Pramel30,PRAMEF14
Pramel30,PRAMEF19
Pramel30,PRAMEF27
Pramel30,PRAMEF17
Pramel30,PRAMEF11
Pramel30,PRAMEF1
Pramel30,PRAMEF10
Pramel30,PRAMEF9
Pramel30,PRAMEF15
Pramel30,PRAMEF12
Pramel30,PRAMEF4
Pramel30,PRAMEF26
Pramel30,PRAMEF33
Pramel30,PRAMEF7
Pramel30,PRAMEF5
Pramel30,PRAMEF13
Pramel30,PRAMEF25
Il11ra2,IL11RA
Crtam,CRTAM
Spata31f1e,SPATA31F1
Sf3b2,SF3B2
Gm56331,7SK
Gm56331,RN7SKP88
Or10j5,OR10J5
Foxd2,FOXD2
Foxe3,FOXE3
Cldn25,CLDN25
Gm24045,Y_RNA
Gm24045,RNY1P14
Gm38423,MSANTD5
Igsf1,IGSF1
Or10j3b,OR10J3
Msantd5f5,MSANTD5
Msantd5f4,MSANTD5
Gm22479,RNU4-34P
Msantd5f3,MSANTD5
Msantd5f2,MSANTD5
Mir100,MIR100
Mir125b-1,MIR125B1
Msantd5f1,MSANTD5
Gm24067,SNORD105
Gm23008,SNORD105B
Ackr1,ACKR1
Gm24666,RNU2-24P
Rasef,RASEF
Ifi214,IFI16
Tmem30b,TMEM30B
B3gnt5,B3GNT5
Gm23312,RNU6-926P
Rnf212,RNF212
Tcl1b5,TCL1B
Tcl1b3,TCL1B
Or10x1,OR10X1
Or10x4,OR10X1
Or6p1,OR6Y1
Msantd5f6,MSANTD5
Pcp4,PCP4
Zfp989,ZNF34
Wdr64,WDR64
Fam13b,FAM13B
Fndc10,FNDC10
Dnajb11,DNAJB11
Tas1r3,TAS1R3
B3galt6,B3GALT6
Gm25982,RNU6-1242P
Gm25982,RNU6-366P
Mir200a,MIR200A
Mir200b,MIR200B
Ccdc24,CCDC24
Marco,MARCO
Adra2c,ADRA2C
Cyp2c55,CYP2C18
Ccdc185,CCDC185
Socs1,SOCS1
Mroh7,MROH7
Olig2,OLIG2
Cdk5r2,CDK5R2
Cryba2,CRYBA2
Siah1b,SIAH1
Zbtb11,ZBTB11
Ltbp3,LTBP3
Mir375,MIR375
Slc23a3,SLC23A3
Pclo,PCLO
Piga,PIGA
Gm22345,RNU6-1145P
Gm22345,RNU6-624P
Kti12,KTI12
Mir761,MIR761
Ifnb1,IFNB1
Ifna15,IFNA8
Ifna15,IFNA13
Ifna15,IFNA5
Ifna15,IFNA16
Ifna15,IFNA2
Ifna15,IFNA7
Ifna15,IFNA17
Ifna15,IFNA14
Ifna15,IFNA10
Ifna15,IFNA4
Ifna15,IFNA6
Ifna15,IFNA21
Ifna15,IFNA1
Ifna14,IFNA8
Ifna14,IFNA13
Ifna14,IFNA5
Ifna14,IFNA16
Ifna14,IFNA2
Ifna14,IFNA7
Ifna14,IFNA17
Ifna14,IFNA14
Ifna14,IFNA10
Ifna14,IFNA4
Ifna14,IFNA6
Ifna14,IFNA21
Ifna14,IFNA1
Ifna9,IFNA8
Ifna9,IFNA13
Ifna9,IFNA5
Ifna9,IFNA16
Ifna9,IFNA2
Ifna9,IFNA7
Ifna9,IFNA17
Ifna9,IFNA14
Ifna9,IFNA10
Ifna9,IFNA4
Ifna9,IFNA6
Ifna9,IFNA21
Ifna9,IFNA1
Vps26c,VPS26C
Axdnd1,AXDND1
Ifna12,IFNA8
Ifna12,IFNA13
Ifna12,IFNA5
Ifna12,IFNA16
Ifna12,IFNA2
Ifna12,IFNA7
Ifna12,IFNA17
Ifna12,IFNA14
Ifna12,IFNA10
Ifna12,IFNA4
Ifna12,IFNA6
Ifna12,IFNA21
Ifna12,IFNA1
Ifna13,IFNA8
Ifna13,IFNA13
Ifna13,IFNA5
Ifna13,IFNA16
Ifna13,IFNA2
Ifna13,IFNA7
Ifna13,IFNA17
Ifna13,IFNA14
Ifna13,IFNA10
Ifna13,IFNA4
Ifna13,IFNA6
Ifna13,IFNA21
Ifna13,IFNA1
Ifna16,IFNA8
Ifna16,IFNA13
Ifna16,IFNA5
Ifna16,IFNA16
Ifna16,IFNA2
Ifna16,IFNA7
Ifna16,IFNA17
Ifna16,IFNA14
Ifna16,IFNA10
Ifna16,IFNA4
Ifna16,IFNA6
Ifna16,IFNA21
Ifna16,IFNA1
Ifna2,IFNA8
Ifna2,IFNA13
Ifna2,IFNA5
Ifna2,IFNA16
Ifna2,IFNA2
Ifna2,IFNA7
Ifna2,IFNA17
Ifna2,IFNA14
Ifna2,IFNA10
Ifna2,IFNA4
Ifna2,IFNA6
Ifna2,IFNA21
Ifna2,IFNA1
Ifnab,IFNA8
Ifnab,IFNA13
Ifnab,IFNA5
Ifnab,IFNA16
Ifnab,IFNA2
Ifnab,IFNA7
Ifnab,IFNA17
Ifnab,IFNA14
Ifnab,IFNA10
Ifnab,IFNA4
Ifnab,IFNA6
Ifnab,IFNA21
Ifnab,IFNA1
Klhl9,KLHL9
Srpx,SRPX
Gm55516,RN7SKP299
Rpl35rt,RPL35
Scgb3a2,SCGB3A2
Ifna7,IFNA8
Ifna7,IFNA13
Ifna7,IFNA5
Ifna7,IFNA16
Ifna7,IFNA2
Ifna7,IFNA7
Ifna7,IFNA17
Ifna7,IFNA14
Ifna7,IFNA10
Ifna7,IFNA4
Ifna7,IFNA6
Ifna7,IFNA21
Ifna7,IFNA1
Ifna11,IFNA8
Ifna11,IFNA13
Ifna11,IFNA5
Ifna11,IFNA16
Ifna11,IFNA2
Ifna11,IFNA7
Ifna11,IFNA17
Ifna11,IFNA14
Ifna11,IFNA10
Ifna11,IFNA4
Ifna11,IFNA6
Ifna11,IFNA21
Ifna11,IFNA1
Ifna6,IFNA8
Ifna6,IFNA13
Ifna6,IFNA5
Ifna6,IFNA16
Ifna6,IFNA2
Ifna6,IFNA7
Ifna6,IFNA17
Ifna6,IFNA14
Ifna6,IFNA10
Ifna6,IFNA4
Ifna6,IFNA6
Ifna6,IFNA21
Ifna6,IFNA1
Ifna5,IFNA8
Ifna5,IFNA13
Ifna5,IFNA5
Ifna5,IFNA16
Ifna5,IFNA2
Ifna5,IFNA7
Ifna5,IFNA17
Ifna5,IFNA14
Ifna5,IFNA10
Ifna5,IFNA4
Ifna5,IFNA6
Ifna5,IFNA21
Ifna5,IFNA1
Ifna4,IFNA8
Ifna4,IFNA13
Ifna4,IFNA5
Ifna4,IFNA16
Ifna4,IFNA2
Ifna4,IFNA7
Ifna4,IFNA17
Ifna4,IFNA14
Ifna4,IFNA10
Ifna4,IFNA4
Ifna4,IFNA6
Ifna4,IFNA21
Ifna4,IFNA1
Rnf125,RNF125
Ifna1,IFNA8
Ifna1,IFNA13
Ifna1,IFNA5
Ifna1,IFNA16
Ifna1,IFNA2
Ifna1,IFNA7
Ifna1,IFNA17
Ifna1,IFNA14
Ifna1,IFNA10
Ifna1,IFNA4
Ifna1,IFNA6
Ifna1,IFNA21
Ifna1,IFNA1
Ifne,IFNE
Mir31,MIR31
Ren1,REN
Actl7b,ACTL7B
Mir32,MIR32
4930562C15Rik,C16orf96
Gm25053,SNORA17A
Zar1l,ZAR1L
Ccl21d,CCL21
Syt4,SYT4
Pak3,PAK3
Gm23641,RNU6-706P
Ccl21f,CCL21
Il11ra3,IL11RA
Fam3b,FAM3B
Gm56370,RNU2-27P
Kif4-ps,KIF4B
Il24,IL24
Mn1,MN1
Atp9b,ATP9B
Ube2l3,UBE2L5
Ube2l3,UBE2L3
Il20,IL20
Gm26457,SNORD51
Gm26457,snoZ196
Snora41,SNORA41B
Snora41,SNORA41
Jun,JUN
Ino80d,INO80D
Pla2g2a,PLA2G2A
Bloc1s4,BLOC1S4
Svep1,SVEP1
Gm1043,C4orf50
Serpina3b,SERPINA3
Gpr25,GPR25
Cyp2d11,CYP2D6
Frmd8,FRMD8
Liph,LIPH
Mir26b,MIR26B
Gm55850,RNU6-1267P
Mixl1,MIXL1
Gm25335,RNU6-682P
Gm25335,RNU6-1172P
Gm25335,RNU6-375P
Gm55773,RNU6-146P
Gm55773,RNU6-322P
Gm55773,RNU6-941P
Gm24129,RNU6-856P
Selp,SELP
Gm23148,RNU6-57P
Gm24839,RNU6-359P
Insl5,INSL5
Gm22106,RNU4-38P
Mroh5,MROH5
Gm24626,RNVU1-33
Nhlh1,NHLH1
Hapstr1,HAPSTR1
Kncn,KNCN
Fzd10,FZD10
Ess2,ESS2
Tmprss11a,TMPRSS11A
Rnf186,RNF186
Tmprss11f,TMPRSS11F
Actrt2,ACTRT2
Majin,MAJIN
Tmprss11e,TMPRSS11E
Gpr37l1,GPR37L1
Serpinb10,SERPINB10
Gm23354,U6
Nhlrc2,NHLRC2
Prlh,PRLH
Frem1,FREM1
Ccdc116,CCDC116
Alyreffm3,ALYREF
Gm23022,RNU2-41P
Gm23022,RNU2-60P
Lgsn,LGSN
Gm25211,RNU6-30P
Gm24121,RNU6-157P
Dnaaf6rt,DNAAF6
Gm24871,RNU5E-4P
Alyref2,ALYREF
Alyreffm2,ALYREF
Golt1a,GOLT1A
Habp2,HABP2
Ascl5,ASCL5
Ppm1f,PPM1F
Asdurf,ASDURF
Tmem275,TMEM275
Fam237a,FAM237A
Lactbl1,LACTBL1
Dytn,DYTN
Gm22887,RNU6-166P
Gm56212,RN7SKP5
Gm56212,RN7SKP96
Cfap91,CFAP91
Glis1,GLIS1
Snord89,SNORD89
Tbc1d25,TBC1D25
Prkg1,PRKG1
Gm55878,RNA5SP443
Gm50451,SNORD93
Trp63,TP63
Snord93,SNORD93
Xlr5b,FAM9B
Xlr5b,FAM9C
Xlr5b,FAM9A
Apba1,APBA1
Utp3,UTP3
Gm56205,RNU1-24P
Pitx1,PITX1
Klhdc7a,KLHDC7A
Gm55274,RN7SKP195
Gm55274,RN7SKP141
Gm22335,RNU6-583P
Gm22980,SNORD38B
Snord38a,SNORD38A
Gm26330,SNORD46
Gm55928,RN7SKP220
Snord55,SNORD55
Gm23287,RNU5E-4P
Draxin,DRAXIN
Cfap95,CFAP95
Gm23792,RNU6-1333P
Glyat,GLYAT
Iqca1l,DRC11L
Cxcr2,CXCR2
Huwe1,HUWE1
Npffr2,NPFFR2
Ciroz,CIROZ
Mir671,MIR671
Crygn,CRYGN
Csta1,CSTA
Slc15a3,SLC15A3
Hrg,HRG
Scgb1a1,SCGB1A1
Kcnh5,KCNH5
Or13j1,OR13J1
Ly6l,LY6L
Aldh1a1,ALDH1A1
Gm55356,Metazoa_SRP
Gm55356,RN7SL670P
Gm55356,RN7SL405P
Mir218-1,MIR218-1
Ptprn2,PTPRN2
Cxcl3,CXCL3
Rusc2,RUSC2
Ugt1a10,UGT1A7
Ugt1a10,UGT1A10
Ugt1a10,UGT1A9
Ugt1a10,UGT1A8
Mafa,MAFA
Igf2bp2,IGF2BP2
Cct8l1,CCT8L2
Mroh2a,MROH2A
Tmed8,TMED8
Six1,SIX1
Hhipl1,HHIPL1
Gm22618,RNU6-878P
Igfn1,IGFN1
Mir148b,MIR148B
Polr1f,POLR1F
Sit1,SIT1
Rpl10l,RPL10L
Gm55611,RNU6-147P
Psma6,PSMA6
Nrros,NRROS
Dnah14,DNAH14
Abcc2,ABCC2
Fam240b,FAM240B
Gm55985,RNU6-64P
Cnnm1,CNNM1
Bdkrb1,BDKRB1
Abhd12b,ABHD12B
Slc34a2,SLC34A2
Abcf3,ABCF3
Vmn1r1,VN1R5
Sptssa,SPTSSA
Cnnm4,CNNM4
Cutc,CUTC
Eml5,EML5
H1f0,H1-0
Gm25072,Metazoa_SRP
Gm25072,RN7SL670P
Gm25072,RN7SL405P
Gm26446,RNU6-1005P
Gm26446,RNU6-591P
Ano7,ANO7
Gm56057,RNU6-1027P
Tlr7,TLR7
Chrm3,CHRM3
Reep5,REEP5
Gm22308,RNU6-36P
Gm23331,RNU6-979P
Ms4a5,MS4A5
G6pd2,G6PD
Sh2d1b2,SH2D1B
Gm25521,RNU6-210P
Ctps2,CTPS2
Sowahb,SOWAHB
Dthd1,DTHD1
B4galt6,B4GALT6
Spata46,SPATA46
Bad,BAD
Gm23623,RNU6-755P
Mboat2,MBOAT2
SLC9C2,SLC9C2
Fras1,FRAS1
Gm23448,RNU6-1271P
Gm23448,RNU6-1096P
Pcdhgc4,PCDHGC4
Mir181a-1,MIR181A1
Mir181b-1,MIR181B1
Lrrc15,LRRC15
Ppp2r5b,PPP2R5B
Fam162a,FAM162A
Mep1b,MEP1B
Sh3rf2,SH3RF2
Gm24623,RNU2-9P
Gk2,GK2
Cfap73,CFAP73
Ythdc2,YTHDC2
Pou3f3,POU3F3
Dlg1,DLG1
Nrde2,NRDE2
Gm24671,RNU1-129P
Gm24671,RNU1-154P
Gm24671,RNU1-65P
Gm24671,RNU1-114P
Gm24671,RNU1-151P
Lama3,LAMA3
Apol9a,APOL4
Apol9a,APOL2
Apol9a,APOL1
Apol9a,APOL3
Them6,THEM6
Ribc2,RIBC2
Atxn2,ATXN2
Mamdc2,MAMDC2
Plcxd3,PLCXD3
Trio,TRIO
Alkbh1,ALKBH1
Haus1,HAUS1
Atad1,ATAD1
Katnal2,KATNAL2
Ago2,AGO2
Mucl3,MUCL3
Syna,ERVFRD-1
Trappc6b,TRAPPC6B
Fam227a,FAM227A
Cldn3,CLDN3
Fzd9,FZD9
Trim50,TRIM50
Wdr45,WDR45
Grp,GRP
Gm22450,RNU6-477P
Gm22450,RNU6-715P
Catsperb,CATSPERB
Tmprss12,TMPRSS12
Gm56207,RNU12-2P
Chkb,CHKB
Mblac1,MBLAC1
Gm54903,RN7SKP46
Gm54903,7SK
Tulp4,TULP4
Syvn1,SYVN1
Trappc8,TRAPPC8
Foxl3,FOXL3
Gm56242,Metazoa_SRP
Gm56242,RN7SL670P
Gm56242,RN7SL405P
Cyp2w1,CYP2W1
Gm25784,RNU6-685P
Gm25784,RNU6-63P
Mir339,MIR339
Gm26285,RNU6-393P
Foxn3,FOXN3
Redic1,REDIC1
Gm4884,C2orf78
Cyp2d34,CYP2D6
Ppp1r2-ps6,PPP1R2
Ppp1r2-ps6,PPP1R2B
Ppp1r2-ps1,PPP1R2
Ppp1r2-ps1,PPP1R2B
Papolb,PAPOLB
Spmip11,SPMIP11
Dnajb7,DNAJB7
Gm23245,SNORA22B
Snora15,SNORA15B-1
Snora15,SNORA15
Snora15,SNORA15B-2
Fam135b,FAM135B
Zdhhc11,ZDHHC11B
Zdhhc11,ZDHHC11
Lrp5,LRP5
Drd5,DRD5
Gm22249,RNU4-5P
Recql4,RECQL4
Coq6,COQ6
Gm54927,SCARNA15
Muc3a,MUC3A
Ufsp1,UFSP1
Eml3,EML3
Zan,ZAN
H2ac23,H2AC8
H4c17,H4C16
H4c18,H4C15
Mgat3,MGAT3
Gm5478,KRT5
H4c9,H4C16
Gm22373,SNORD116-10
Parvg,PARVG
Snord64,SNORD64
Snord107,SNORD107
Snurf,SNURF
Pop7,POP7
Gigyf1,GIGYF1
Peg12,FRAT1
Zmat2,ZMAT2
Gm55005,RNU6-1065P
Gm55013,SNORA74D
Pcyox1l,PCYOX1L
Grxcr1,GRXCR1
Cyyr1,CYYR1
Or52n2,OR52N2
Hcar2,HCAR3
Hcar2,HCAR2
Washc5,WASHC5
Hcar1,HCAR1
Lgmn,LGMN
Or52n2b,OR52N2
Or52n2c,OR52N2
Or52n5,OR52N5
Tesmin,TESMIN
AW554918,KIAA1328
Mapk1,MAPK1
Or56a5,OR56A4
Or56a4,OR56A4
Oas1c,OAS1
Or52l1,OR52L1
Plekhs1,PLEKHS1
Oas1b,OAS1
Or56b34,OR56B4
Or56b35,OR56B4
Or52b2,OR52B2
Gm23921,Y_RNA
Gm23921,RNY1P14
Trpm6,TRPM6
Snx2,SNX2
Gzmk,GZMK
Ints5,INTS5
Gm55188,RNA5SP524
Pola2,POLA2
Nlrp9c,NLRP9
Dgcr2,DGCR2
Abhd1,ABHD1
Atp10d,ATP10D
Sult2a4,SULT2A1
Dusp9,DUSP9
Zhx2,ZHX2
Fntb,FNTB
Iqank1,IQANK1
Gm25091,SNORD102
Gm23202,SNORA27
Asb12,ASB12
Tcl1b2,TCL1B
Lhfpl7,LHFPL7
Lrrc14,LRRC14
Fam3a,FAM3A
Togaram1,TOGARAM1
Eno4,ENO4
Cdh2,CDH2
Mrgprd,MRGPRD
Hspb3,HSPB3
Fgfbp3,FGFBP3
Gm24701,RNU6-323P
Ccdc186,CCDC186
Cxcl13,CXCL13
Morc1,MORC1
Cyp2a12,CYP2A13
Cyp2a12,CYP2A6
Cyp2a12,CYP2A7
Pramel36,PRAMEF2
Pramel36,PRAMEF18
Pramel36,PRAMEF20
Pramel36,PRAMEF6
Pramel36,PRAMEF8
Pramel36,PRAMEF14
Pramel36,PRAMEF19
Pramel36,PRAMEF27
Pramel36,PRAMEF17
Pramel36,PRAMEF11
Pramel36,PRAMEF1
Pramel36,PRAMEF10
Pramel36,PRAMEF9
Pramel36,PRAMEF15
Pramel36,PRAMEF12
Pramel36,PRAMEF4
Pramel36,PRAMEF26
Pramel36,PRAMEF33
Pramel36,PRAMEF7
Pramel36,PRAMEF5
Pramel36,PRAMEF13
Pramel36,PRAMEF25
Pramel38,PRAMEF2
Pramel38,PRAMEF18
Pramel38,PRAMEF20
Pramel38,PRAMEF6
Pramel38,PRAMEF8
Pramel38,PRAMEF14
Pramel38,PRAMEF19
Pramel38,PRAMEF27
Pramel38,PRAMEF17
Pramel38,PRAMEF11
Pramel38,PRAMEF1
Pramel38,PRAMEF10
Pramel38,PRAMEF9
Pramel38,PRAMEF15
Pramel38,PRAMEF12
Pramel38,PRAMEF4
Pramel38,PRAMEF26
Pramel38,PRAMEF33
Pramel38,PRAMEF7
Pramel38,PRAMEF5
Pramel38,PRAMEF13
Pramel38,PRAMEF25
Pramel40,PRAMEF2
Pramel40,PRAMEF18
Pramel40,PRAMEF20
Pramel40,PRAMEF6
Pramel40,PRAMEF8
Pramel40,PRAMEF14
Pramel40,PRAMEF19
Pramel40,PRAMEF27
Pramel40,PRAMEF17
Pramel40,PRAMEF11
Pramel40,PRAMEF1
Pramel40,PRAMEF10
Pramel40,PRAMEF9
Pramel40,PRAMEF15
Pramel40,PRAMEF12
Pramel40,PRAMEF4
Pramel40,PRAMEF26
Pramel40,PRAMEF33
Pramel40,PRAMEF7
Pramel40,PRAMEF5
Pramel40,PRAMEF13
Pramel40,PRAMEF25
Pramel41,PRAMEF2
Pramel41,PRAMEF18
Pramel41,PRAMEF20
Pramel41,PRAMEF6
Pramel41,PRAMEF8
Pramel41,PRAMEF14
Pramel41,PRAMEF19
Pramel41,PRAMEF27
Pramel41,PRAMEF17
Pramel41,PRAMEF11
Pramel41,PRAMEF1
Pramel41,PRAMEF10
Pramel41,PRAMEF9
Pramel41,PRAMEF15
Pramel41,PRAMEF12
Pramel41,PRAMEF4
Pramel41,PRAMEF26
Pramel41,PRAMEF33
Pramel41,PRAMEF7
Pramel41,PRAMEF5
Pramel41,PRAMEF13
Pramel41,PRAMEF25
Fan1,FAN1
Pramel44,PRAMEF2
Pramel44,PRAMEF18
Pramel44,PRAMEF20
Pramel44,PRAMEF6
Pramel44,PRAMEF8
Pramel44,PRAMEF14
Pramel44,PRAMEF19
Pramel44,PRAMEF27
Pramel44,PRAMEF17
Pramel44,PRAMEF11
Pramel44,PRAMEF1
Pramel44,PRAMEF10
Pramel44,PRAMEF9
Pramel44,PRAMEF15
Pramel44,PRAMEF12
Pramel44,PRAMEF4
Pramel44,PRAMEF26
Pramel44,PRAMEF33
Pramel44,PRAMEF7
Pramel44,PRAMEF5
Pramel44,PRAMEF13
Pramel44,PRAMEF25
Pramel49,PRAMEF2
Pramel49,PRAMEF18
Pramel49,PRAMEF20
Pramel49,PRAMEF6
Pramel49,PRAMEF8
Pramel49,PRAMEF14
Pramel49,PRAMEF19
Pramel49,PRAMEF27
Pramel49,PRAMEF17
Pramel49,PRAMEF11
Pramel49,PRAMEF1
Pramel49,PRAMEF10
Pramel49,PRAMEF9
Pramel49,PRAMEF15
Pramel49,PRAMEF12
Pramel49,PRAMEF4
Pramel49,PRAMEF26
Pramel49,PRAMEF33
Pramel49,PRAMEF7
Pramel49,PRAMEF5
Pramel49,PRAMEF13
Pramel49,PRAMEF25
Pramel54,PRAMEF2
Pramel54,PRAMEF18
Pramel54,PRAMEF20
Pramel54,PRAMEF6
Pramel54,PRAMEF8
Pramel54,PRAMEF14
Pramel54,PRAMEF19
Pramel54,PRAMEF27
Pramel54,PRAMEF17
Pramel54,PRAMEF11
Pramel54,PRAMEF1
Pramel54,PRAMEF10
Pramel54,PRAMEF9
Pramel54,PRAMEF15
Pramel54,PRAMEF12
Pramel54,PRAMEF4
Pramel54,PRAMEF26
Pramel54,PRAMEF33
Pramel54,PRAMEF7
Pramel54,PRAMEF5
Pramel54,PRAMEF13
Pramel54,PRAMEF25
Pramel37,PRAMEF2
Pramel37,PRAMEF18
Pramel37,PRAMEF20
Pramel37,PRAMEF6
Pramel37,PRAMEF8
Pramel37,PRAMEF14
Pramel37,PRAMEF19
Pramel37,PRAMEF27
Pramel37,PRAMEF17
Pramel37,PRAMEF11
Pramel37,PRAMEF1
Pramel37,PRAMEF10
Pramel37,PRAMEF9
Pramel37,PRAMEF15
Pramel37,PRAMEF12
Pramel37,PRAMEF4
Pramel37,PRAMEF26
Pramel37,PRAMEF33
Pramel37,PRAMEF7
Pramel37,PRAMEF5
Pramel37,PRAMEF13
Pramel37,PRAMEF25
Shroom4,SHROOM4
Pramel53,PRAMEF2
Pramel53,PRAMEF18
Pramel53,PRAMEF20
Pramel53,PRAMEF6
Pramel53,PRAMEF8
Pramel53,PRAMEF14
Pramel53,PRAMEF19
Pramel53,PRAMEF27
Pramel53,PRAMEF17
Pramel53,PRAMEF11
Pramel53,PRAMEF1
Pramel53,PRAMEF10
Pramel53,PRAMEF9
Pramel53,PRAMEF15
Pramel53,PRAMEF12
Pramel53,PRAMEF4
Pramel53,PRAMEF26
Pramel53,PRAMEF33
Pramel53,PRAMEF7
Pramel53,PRAMEF5
Pramel53,PRAMEF13
Pramel53,PRAMEF25
Cystm1,CYSTM1
Pramel43,PRAMEF2
Pramel43,PRAMEF18
Pramel43,PRAMEF20
Pramel43,PRAMEF6
Pramel43,PRAMEF8
Pramel43,PRAMEF14
Pramel43,PRAMEF19
Pramel43,PRAMEF27
Pramel43,PRAMEF17
Pramel43,PRAMEF11
Pramel43,PRAMEF1
Pramel43,PRAMEF10
Pramel43,PRAMEF9
Pramel43,PRAMEF15
Pramel43,PRAMEF12
Pramel43,PRAMEF4
Pramel43,PRAMEF26
Pramel43,PRAMEF33
Pramel43,PRAMEF7
Pramel43,PRAMEF5
Pramel43,PRAMEF13
Pramel43,PRAMEF25
Pramel45,PRAMEF2
Pramel45,PRAMEF18
Pramel45,PRAMEF20
Pramel45,PRAMEF6
Pramel45,PRAMEF8
Pramel45,PRAMEF14
Pramel45,PRAMEF19
Pramel45,PRAMEF27
Pramel45,PRAMEF17
Pramel45,PRAMEF11
Pramel45,PRAMEF1
Pramel45,PRAMEF10
Pramel45,PRAMEF9
Pramel45,PRAMEF15
Pramel45,PRAMEF12
Pramel45,PRAMEF4
Pramel45,PRAMEF26
Pramel45,PRAMEF33
Pramel45,PRAMEF7
Pramel45,PRAMEF5
Pramel45,PRAMEF13
Pramel45,PRAMEF25
Sema5b,SEMA5B
Tut1,TUT1
Pramel60,PRAMEF2
Pramel60,PRAMEF18
Pramel60,PRAMEF20
Pramel60,PRAMEF6
Pramel60,PRAMEF8
Pramel60,PRAMEF14
Pramel60,PRAMEF19
Pramel60,PRAMEF27
Pramel60,PRAMEF17
Pramel60,PRAMEF11
Pramel60,PRAMEF1
Pramel60,PRAMEF10
Pramel60,PRAMEF9
Pramel60,PRAMEF15
Pramel60,PRAMEF12
Pramel60,PRAMEF4
Pramel60,PRAMEF26
Pramel60,PRAMEF33
Pramel60,PRAMEF7
Pramel60,PRAMEF5
Pramel60,PRAMEF13
Pramel60,PRAMEF25
Sat1,SAT1
Pramel46,PRAMEF2
Pramel46,PRAMEF18
Pramel46,PRAMEF20
Pramel46,PRAMEF6
Pramel46,PRAMEF8
Pramel46,PRAMEF14
Pramel46,PRAMEF19
Pramel46,PRAMEF27
Pramel46,PRAMEF17
Pramel46,PRAMEF11
Pramel46,PRAMEF1
Pramel46,PRAMEF10
Pramel46,PRAMEF9
Pramel46,PRAMEF15
Pramel46,PRAMEF12
Pramel46,PRAMEF4
Pramel46,PRAMEF26
Pramel46,PRAMEF33
Pramel46,PRAMEF7
Pramel46,PRAMEF5
Pramel46,PRAMEF13
Pramel46,PRAMEF25
Pramel47,PRAMEF2
Pramel47,PRAMEF18
Pramel47,PRAMEF20
Pramel47,PRAMEF6
Pramel47,PRAMEF8
Pramel47,PRAMEF14
Pramel47,PRAMEF19
Pramel47,PRAMEF27
Pramel47,PRAMEF17
Pramel47,PRAMEF11
Pramel47,PRAMEF1
Pramel47,PRAMEF10
Pramel47,PRAMEF9
Pramel47,PRAMEF15
Pramel47,PRAMEF12
Pramel47,PRAMEF4
Pramel47,PRAMEF26
Pramel47,PRAMEF33
Pramel47,PRAMEF7
Pramel47,PRAMEF5
Pramel47,PRAMEF13
Pramel47,PRAMEF25
Slc39a4,SLC39A4
Pramel50,PRAMEF2
Pramel50,PRAMEF18
Pramel50,PRAMEF20
Pramel50,PRAMEF6
Pramel50,PRAMEF8
Pramel50,PRAMEF14
Pramel50,PRAMEF19
Pramel50,PRAMEF27
Pramel50,PRAMEF17
Pramel50,PRAMEF11
Pramel50,PRAMEF1
Pramel50,PRAMEF10
Pramel50,PRAMEF9
Pramel50,PRAMEF15
Pramel50,PRAMEF12
Pramel50,PRAMEF4
Pramel50,PRAMEF26
Pramel50,PRAMEF33
Pramel50,PRAMEF7
Pramel50,PRAMEF5
Pramel50,PRAMEF13
Pramel50,PRAMEF25
Pramel55,PRAMEF2
Pramel55,PRAMEF18
Pramel55,PRAMEF20
Pramel55,PRAMEF6
Pramel55,PRAMEF8
Pramel55,PRAMEF14
Pramel55,PRAMEF19
Pramel55,PRAMEF27
Pramel55,PRAMEF17
Pramel55,PRAMEF11
Pramel55,PRAMEF1
Pramel55,PRAMEF10
Pramel55,PRAMEF9
Pramel55,PRAMEF15
Pramel55,PRAMEF12
Pramel55,PRAMEF4
Pramel55,PRAMEF26
Pramel55,PRAMEF33
Pramel55,PRAMEF7
Pramel55,PRAMEF5
Pramel55,PRAMEF13
Pramel55,PRAMEF25
Klk1b27,KLK1
Rasl11a,RASL11A
Bdkrb2,BDKRB2
Ctxnd1,CTXND1
Rab11fip2,RAB11FIP2
Esyt2,ESYT2
Zfp182,ZNF182
Dcstamp,DCSTAMP
Gm23042,RNU6-1034P
Grpr,GRPR
Magea6,MAGEA10
Gm56128,SNORA73
H2ac13,H2AC8
Nxf2,NXF2
Nxf2,NXF2B
H3c10,H3C1
H3c10,H3C7
1700034E13Rik,ZNF475
H2bc14,H2BC5
Ehbp1l1,EHBP1L1
Gm24311,RNU6-206P
Ocm,OCM2
Ocm,OCM
Egflam,EGFLAM
Ccdc62,CCDC62
Alcam,ALCAM
Pcdhga1,PCDHGA1
Or14a259,OR14A2
Malt1,MALT1
Or14a258,OR14A2
Or14c44,OR14C36
Or14n1,OR14C36
Or14c43,OR14C36
Or14c45,OR14C36
Nkx1-1,NKX1-1
Or14c41,OR14C36
Or14a256,OR14A2
Or14c40,OR14C36
Magt1,MAGT1
Or14c39,OR14C36
Dnaaf11,DNAAF11
Nfkbiz,NFKBIZ
Slc5a1,SLC5A1
Cers3,CERS3
Apol10b,APOL4
Apol10b,APOL2
Apol10b,APOL1
Apol10b,APOL3
Bgn,BGN
Tyr,TYR
Gm25525,RNU6-246P
Kdelr3,KDELR3
Mapre2,MAPRE2
Adgrf3,ADGRF3
Rabl2,RABL2A
Rabl2,RABL2B
Selenoi,SELENOI
Bdh1,BDH1
Or2ag12,OR2AG2
Or2ag1b,OR2AG2
Sntg2,SNTG2
Rps6ka3,RPS6KA3
Or2ag13,OR2AG2
Tmem267,TMEM267
Or2ag15,OR2AG2
Or2ag16,OR2AG2
Or2ag17,OR2AG2
Or2ag18,OR2AG2
Slc26a2,SLC26A2
Amtn,AMTN
Or10a2,OR10A5
Or10a2,OR10A2
Jchain,JCHAIN
Ltn1,LTN1
Or10a4,OR10A4
Or2d2b,OR2D2
Or2d2,OR2D2
Cul2,CUL2
Uba1,UBA1
Or2d36,OR2D3
Xrcc3,XRCC3
Dip2b,DIP2B
Rbmxl2,RBMXL3
Rbmxl2,RBMXL2
Ovch2,OVCH2
Zfp277,ZNF277
Or5p50,OR5P2
Or5p51,OR5P2
Gm56091,RNU6-518P
Ceacam5,PSG3
Ceacam5,PSG8
Ceacam5,CEACAM7
Ceacam5,PSG11
Ceacam5,PSG6
Ceacam5,PSG5
Ceacam5,CEACAM3
Ceacam5,CEACAM1
Ceacam5,PSG1
Ceacam5,PSG2
Ceacam5,PSG4
Ceacam5,PSG7
Ceacam5,CEACAM6
Ceacam5,CEACAM8
Ceacam5,PSG9
Ceacam5,CEACAM5
Exoc1l,EXOC1L
Smim11,SMIM11
Arl9,ARL9
Ceacam14,PSG3
Ceacam14,PSG8
Ceacam14,CEACAM7
Ceacam14,PSG11
Ceacam14,PSG6
Ceacam14,PSG5
Ceacam14,CEACAM3
Ceacam14,CEACAM1
Ceacam14,PSG1
Ceacam14,PSG2
Ceacam14,PSG4
Ceacam14,PSG7
Ceacam14,CEACAM6
Ceacam14,CEACAM8
Ceacam14,PSG9
Ceacam14,CEACAM5
Ceacam23,PSG3
Ceacam23,PSG8
Ceacam23,CEACAM7
Ceacam23,PSG11
Ceacam23,PSG6
Ceacam23,PSG5
Ceacam23,CEACAM3
Ceacam23,CEACAM1
Ceacam23,PSG1
Ceacam23,PSG2
Ceacam23,PSG4
Ceacam23,PSG7
Ceacam23,CEACAM6
Ceacam23,CEACAM8
Ceacam23,PSG9
Ceacam23,CEACAM5
Or5p60,OR5P2
Or5p61,OR5P2
Osr1,OSR1
Gm26079,SNORA49
Gm22583,RNU6-646P
Or5p62,OR5P2
Ceacam11,PSG3
Ceacam11,PSG8
Ceacam11,CEACAM7
Ceacam11,PSG11
Ceacam11,PSG6
Ceacam11,PSG5
Ceacam11,CEACAM3
Ceacam11,CEACAM1
Ceacam11,PSG1
Ceacam11,PSG2
Ceacam11,PSG4
Ceacam11,PSG7
Ceacam11,CEACAM6
Ceacam11,CEACAM8
Ceacam11,PSG9
Ceacam11,CEACAM5
Nde1,NDE1
Or5p63,OR5P2
Septin14,SEPTIN14
Ywhaq,YWHAQ
Or5p64,OR5P2
Soat2,SOAT2
Ceacam13,PSG3
Ceacam13,PSG8
Ceacam13,CEACAM7
Ceacam13,PSG11
Ceacam13,PSG6
Ceacam13,PSG5
Ceacam13,CEACAM3
Ceacam13,CEACAM1
Ceacam13,PSG1
Ceacam13,PSG2
Ceacam13,PSG4
Ceacam13,PSG7
Ceacam13,CEACAM6
Ceacam13,CEACAM8
Ceacam13,PSG9
Ceacam13,CEACAM5
Or5p66,OR5P2
Apol7a,APOL4
Apol7a,APOL2
Apol7a,APOL1
Apol7a,APOL3
Or5p67,OR5P2
Or5p68,OR5P2
Or5p69,OR5P2
Or5p70,OR5P2
Or5p72,OR5P2
Fam237b,FAM237B
Igfl3,IGFL4
Or5p78,OR5P2
Psapl1,PSAPL1
Or5p79,OR5P2
Or5p80,OR5P3
Psg28,PSG3
Psg28,PSG8
Psg28,CEACAM7
Psg28,PSG11
Psg28,PSG6
Psg28,PSG5
Psg28,CEACAM3
Psg28,CEACAM1
Psg28,PSG1
Psg28,PSG2
Psg28,PSG4
Psg28,PSG7
Psg28,CEACAM6
Psg28,CEACAM8
Psg28,PSG9
Psg28,CEACAM5
Efr3a,EFR3A
Psg26,PSG3
Psg26,PSG8
Psg26,CEACAM7
Psg26,PSG11
Psg26,PSG6
Psg26,PSG5
Psg26,CEACAM3
Psg26,CEACAM1
Psg26,PSG1
Psg26,PSG2
Psg26,PSG4
Psg26,PSG7
Psg26,CEACAM6
Psg26,CEACAM8
Psg26,PSG9
Psg26,CEACAM5
Angel1,ANGEL1
Or5p81,OR5P2
Ftl1-ps1,FTL
Psg25,PSG3
Psg25,PSG8
Psg25,CEACAM7
Psg25,PSG11
Psg25,PSG6
Psg25,PSG5
Psg25,CEACAM3
Psg25,CEACAM1
Psg25,PSG1
Psg25,PSG2
Psg25,PSG4
Psg25,PSG7
Psg25,CEACAM6
Psg25,CEACAM8
Psg25,PSG9
Psg25,CEACAM5
Ice1,ICE1
Gm26062,RNU6-563P
Gm26062,RNU6-502P
Or10a3m,OR10A3
Or10a3m,OR10A6
Rtp4,RTP4
Psg27,PSG3
Psg27,PSG8
Psg27,CEACAM7
Psg27,PSG11
Psg27,PSG6
Psg27,PSG5
Psg27,CEACAM3
Psg27,CEACAM1
Psg27,PSG1
Psg27,PSG2
Psg27,PSG4
Psg27,PSG7
Psg27,CEACAM6
Psg27,CEACAM8
Psg27,PSG9
Psg27,CEACAM5
Or10a48,OR10A3
Or10a48,OR10A6
Psg23,PSG3
Psg23,PSG8
Psg23,CEACAM7
Psg23,PSG11
Psg23,PSG6
Psg23,PSG5
Psg23,CEACAM3
Psg23,CEACAM1
Psg23,PSG1
Psg23,PSG2
Psg23,PSG4
Psg23,PSG7
Psg23,CEACAM6
Psg23,CEACAM8
Psg23,PSG9
Psg23,CEACAM5
Syne2,SYNE2
Csf2ra,CSF2RA
Or10a3b,OR10A3
Or10a3b,OR10A6
Zfp759,ZNF845
Ap2m1,AP2M1
Or10a49,OR10A3
Or10a49,OR10A6
Psg21,PSG3
Psg21,PSG8
Psg21,CEACAM7
Psg21,PSG11
Psg21,PSG6
Psg21,PSG5
Psg21,CEACAM3
Psg21,CEACAM1
Psg21,PSG1
Psg21,PSG2
Psg21,PSG4
Psg21,PSG7
Psg21,CEACAM6
Psg21,CEACAM8
Psg21,PSG9
Psg21,CEACAM5
Slc9a3,SLC9A3
Or10a3,OR10A3
Or10a3,OR10A6
Ms4a13,MS4A13
Or10a3n,OR10A3
Or10a3n,OR10A6
Pak1ip1,PAK1IP1
Psg17,PSG3
Psg17,PSG8
Psg17,CEACAM7
Psg17,PSG11
Psg17,PSG6
Psg17,PSG5
Psg17,CEACAM3
Psg17,CEACAM1
Psg17,PSG1
Psg17,PSG2
Psg17,PSG4
Psg17,PSG7
Psg17,CEACAM6
Psg17,CEACAM8
Psg17,PSG9
Psg17,CEACAM5
Gstp2,GSTP1
Chd2,CHD2
Ube2ql1,UBE2QL1
Ppp1r3c,PPP1R3C
Aopep,AOPEP
Fam204a,FAM204A
Paxbp1,PAXBP1
Gm26176,RNU6-16P
Zc4h2,ZC4H2
Gm25450,RNU6-10P
Nanos2,NANOS2
Rlim,RLIM
Irf2bp1,IRF2BP1
Gm55620,RN7SKP276
Snora3,SNORA3A
Gm24888,SNORA3C
Gm24888,SNORA3B
Meiosin,MEIOSIN
Agbl1,AGBL1
Ankdd1b,ANKDD1B
Spag6l,SPAG6
Atg4a,ATG4A
Lyset,LYSET
Traf3,TRAF3
Gm55748,RNA5SP536
Mir330,MIR330
Tmem171,TMEM171
Gm25134,RNU1-80P
Gm55765,RNU6-634P
Gm55765,RNU6-927P
Bach1,BACH1
Gm23100,RNU1-83P
Snora23,SNORA23
Susd3,SUSD3
Ofd1,OFD1
Cep97,CEP97
Tmed9,TMED9
Eif1ad14,EIF1AX
Pira1,LILRA4
Pira1,LILRA2
Pira1,LILRA6
Pira1,LILRB1
Pira1,LILRB3
Pira1,LILRB4
Pira1,LILRA1
Pira1,LILRB5
Pira1,LILRB2
Pira1,LILRA5
Ccdc89,CCDC89
Lvrn,LVRN
Ifit1bl2,IFIT1B
Capn12,CAPN12
Dmrt3,DMRT3
Fam81b,FAM81B
Adam17,ADAM17
Gm62087,MAGEB2
Tbc1d12,TBC1D12
Sap130,SAP130
Arsk,ARSK
Nkrf,NKRF
Enthd1,ENTHD1
Mir9-3,MIR9-3
Atp6ap2,ATP6AP2
Fam83h,FAM83H
Pi4k2a,PI4K2A
Cdh9,CDH9
Gm23262,SNORD97
Gm23345,RNU2-18P
Bmp6,BMP6
Tango2,TANGO2
Mesp1,MESP1
Mesp2,MESP2
Lpxn,LPXN
Kmt2d,KMT2D
Gm25684,RNU6-36P
Ceacam16,CEACAM16
Ss18,SS18
Idi1,IDI1
Hps1,HPS1
Cstf2,CSTF2
Ceacam20,CEACAM20
Fam217a,FAM217A
Mir708,MIR708
Ccdc65,DRC2
Fastkd3,FASTKD3
Gm55961,RNA5SP525
Gm22226,RNU6-891P
Endou,ENDOU
Cdc20b,CDC20B
Myh9,MYH9
Spata9,SPATA9
H3c4,H3C15
Gpld1,GPLD1
Slc10a1,SLC10A1
Setbp1,SETBP1
Srp19,SRP19
Glrx5,GLRX5
Snap29,SNAP29
Eva1c,EVA1C
Zfp36l1,ZFP36L1
Nckap5l,NCKAP5L
Ms4a3,MS4A3
Dnmt3a,DNMT3A
Grep1,GREP1
Cpsf7,CPSF7
Apol11b,APOL4
Apol11b,APOL2
Apol11b,APOL1
Apol11b,APOL3
Csnk1g3,CSNK1G3
Tnfrsf11b,TNFRSF11B
Rubcn,RUBCN
Gm34531,LY6L
Mfng,MFNG
Tceal6,TCEAL3
Tceal6,TCEAL5
Tceal6,TCEAL6
Prss22,PRSS22
Nlrp4e,NLRP4
Glra2,GLRA2
Rassf10,RASSF10
Galnt6,GALNT6
Ptprh,PTPRH
Serinc5,SERINC5
Taf9b,TAF9B
Pnpla1,PNPLA1
Lims2,LIMS2
Gm23887,RNU2-11P
Arhgef9,ARHGEF9
Nlrp4f,NLRP4
Gldc,GLDC
Foxred2,FOXRED2
Klhl24,KLHL24
Kcnk13,KCNK13
Pcdha8,PCDHA9
Pcdha8,PCDHA7
Arap3,ARAP3
Rasa1,RASA1
Tuba1c,TUBA1C
Serpina3i,SERPINA3
C9,C9
Spaca6,SPACA6
Casp7,CASP7
Ildr1,ILDR1
Ttc9,TTC9
Zcrb1,ZCRB1
Mir99b,MIR99B
Mirlet7e,MIRLET7E
Mir125a,MIR125A
Has1,HAS1
Atxn7l1,ATXN7L1
Fpr1,FPR1
Gm23847,RNU6-703P
Fpr-rs4,FPR2
Pla1a,PLA1A
Poll,POLL
Impa2,IMPA2
Casr,CASR
Plcxd2,PLCXD2
Snord14a,SNORD14
Snord14a,SNORD14B
Spice1,SPICE1
Slc39a9,SLC39A9
Tkfc,TKFC
Slitrk4,SLITRK4
Nsd1,NSD1
Gm56216,RNU6-419P
Brd8,BRD8
Dnajc22,DNAJC22
Nr0b1,NR0B1
Unc79,UNC79
Papss2,PAPSS2
Pnpla3,PNPLA3
Ifit3b,IFIT3
Usp25,USP25
Plgrkt,PLGRKT
Gm25201,RNU1-129P
Gm25201,RNU1-154P
Gm25201,RNU1-65P
Gm25201,RNU1-114P
Gm25201,RNU1-151P
Ccdc127,CCDC127
Gm54595,RN7SKP152
Ptp4a3,PTP4A3
Abt1,ABT1
Cenph,CENPH
Ppp2r5c,PPP2R5C
Tmem132a,TMEM132A
Rab3c,RAB3C
Nop16,NOP16
Brms1,BRMS1
Cyth4,CYTH4
Nol8,NOL8
Gsk3b,GSK3B
Gm25683,SNORA71
Igsf11,IGSF11
Aldh7a1,ALDH7A1
Slc9a6,SLC9A6
Robo2,ROBO2
Sptlc1,SPTLC1
Mfsd13a,SLC68A1
Exoc3l4,EXOC3L4
Myo10,MYO10
Tspyl2,TSPYL2
Gm26375,RNU6-147P
Dmac2l,DMAC2L
Slc38a9,SLC38A9
Ttc38,TTC38
Mageb5b,MAGEB5
Frmd7,FRMD7
Adcy5,ADCY5
Trmt5,TRMT5
St8sia3,ST8SIA3
Prickle3,PRICKLE3
Klhl28,KLHL28
Zng1,ZNG1C
Zng1,ZNG1E
Zng1,ZNG1F
Smc1b,SMC1B
Pcdhga11,PCDHGA11
Atp5mj,ATP5MJ
Tspan17,TSPAN17
Cuzd1,CUZD1
Rell2,RELL2
Impg2,IMPG2
Wdr13,WDR13
Hmx3,HMX3
Ddn,DDN
Amacr,AMACR
Slc15a2,SLC15A2
Wars1,WARS1
Cndp2,CNDP2
Kank1,KANK1
Pdilt,PDILT
Prl7a1,PRL
Thoc3,THOC3
Csnk1e,CSNK1E
Adam12,ADAM12
Zfp458,ZNF845
Nln,NLN
Znrf4,ZNRF4
Cdc23,CDC23
Tincr,TINCR
Fancb,FANCB
Clrn3,CLRN3
Dnah3,DNAH3
Acer1,ACER1
Afap1l2,AFAP1L2
Pspn,PSPN
Top3b,TOP3B
Srpk3,SRPK3
Cd70,CD70
Ptdss1,PTDSS1
Lnpep,LNPEP
Mrgprx1,MRGPRX4
Mrgprx1,MRGPRX2
Mrgprx1,MRGPRX3
Mrgprx1,MRGPRX1
Lpin1,LPIN1
Mrgprb5,MRGPRX4
Mrgprb5,MRGPRX2
Mrgprb5,MRGPRX3
Mrgprb5,MRGPRX1
Mrgprb4,MRGPRX4
Mrgprb4,MRGPRX2
Mrgprb4,MRGPRX3
Mrgprb4,MRGPRX1
Mrgprb8,MRGPRX4
Mrgprb8,MRGPRX2
Mrgprb8,MRGPRX3
Mrgprb8,MRGPRX1
Mrgprx2,MRGPRX4
Mrgprx2,MRGPRX2
Mrgprx2,MRGPRX3
Mrgprx2,MRGPRX1
Mrgprb3,MRGPRX4
Mrgprb3,MRGPRX2
Mrgprb3,MRGPRX3
Mrgprb3,MRGPRX1
Gm24867,RNU6-1197P
Gm24867,RNU6-365P
Sdr42e2,SDR42E2
Aip,AIP
4933405O20Rik,IDH3G
Dact2,DACT2
Bend2,BEND2
Dsp,DSP
Fancf,FANCF
Gprasp1,GPRASP1
Rfk,RFK
Tdp2,TDP2
Bbs1,BBS1
Rap2c,RAP2C
Rhox13,RHOXF1
Slc35a2,SLC35A2
Sbf1,SBF1
Gm25364,RNU6-148P
Zeb1,ZEB1
Mir22,MIR22
Cdc42ep2,CDC42EP2
Gm54902,RNU1-143P
Gm54902,U1
Gm54902,RNU1-68P
Gm54902,RNU1-153P
Gm54902,RNU1-49P
Gm54902,RNU1-5P
Gm54902,RNU1-6P
Dnmbp,DNMBP
Gm54928,RNU6-983P
Alg1,ALG1
Alg1,ALG1L2
Gm24116,RNU6-61P
Zfp474,ZNF474
Dennd10,DENND10
Tcap,TCAP
Hmgxb3,HMGXB3
Gfm2,GFM2
Ikzf3,IKZF3
Dcx,DCX
Gm25106,RNU2-72P
Fam228b,FAM228B
Lrrc3c,LRRC3C
Fau,FAU
Gm22059,SNORD124
Gm55093,RNU6-850P
Fem1al,FEM1A
Abcd1,ABCD1
Gjd3,GJD3
Rhod,RHOD
Bhlha9,BHLHA9
Mir423,hsa-mir-423
Hba-x,HBZ
Klf9,KLF9
Lratd1,LRATD1
Aldh3b1,ALDH3B1
Pstpip2,PSTPIP2
Il1rap,IL1RAP
Cfap46,CFAP46
Asb11,ASB11
Aanat,AANAT
Gphn,GPHN
Pwwp4a,PWWP4
Zic3,ZIC3
Seh1l,SEH1L
Myo15a,MYO15A
Hs3st2,HS3ST2
Tmem216,TMEM216
Cenpi,CENPI
Morn4,MORN4
Gm5485,C3orf85
Gm23614,RNU6-468P
Ydjc,YDJC
Slc5a11,SLC5A11
Rps6kb2,RPS6KB2
Cep19,CEP19
Wac,WAC
Snord92,SNORD92
Snord53,SNORD53
Gm22858,SNORD53B
L3mbtl4,L3MBTL4
Scaf4,SCAF4
Rgs9bp,RGS9BP
Or52m1,OR52M1
Itpr3,ITPR3
Or52i2,OR52I2
Or52i2,OR52I1
Or51d1,OR51D1
Snord1c,SNORD1C
Snord1b,SNORD1C
Snord1a,SNORD1A
St6galnac1,ST6GALNAC1
Wdr44,WDR44
Mir218-2,MIR218-2
Mir103-1,MIR103A1
Mylip,MYLIP
Fbll1,FBLL1
Tenm2,TENM2
Slc39a7,SLC39A7
Or52j3,OR52J3
Clptm1l,CLPTM1L
Gm22127,RNU6-813P
Gm23520,RNU6-165P
Vmac,VMAC
Ammecr1,AMMECR1
Atp10b,ATP10B
Efhb,EFHB
Zdhhc9,ZDHHC9
Gm56390,RNU6-270P
Cfap298,CFAP298
Man2a1,MAN2A1
Adra1b,ADRA1B
Sft2d1rt,SFT2D1
Garin3,GARIN3
Hs3st4,HS3ST4
Timd5,HAVCR1
Gucy2f,GUCY2F
Timd6,HAVCR1
Tpmt,TPMT
T,TBXT
Gm24966,SNORD115-38
Gm22496,SNORD115-38
Zbtb21,ZBTB21
Acsbg2,ACSBG2
Gm25475,RNU2-15P
Cldn16,CLDN16
Or52a5b,OR52A5
Or52a5,OR52A5
Gm5591,C2orf78
Snord49b,SNORD49B
Snord49a,SNORD49A
Lsm2,LSM2
Gm24797,RNU6-402P
Snord65,SNORD65C
Snord65,SNORD65B
Tekt3,TEKT3
Gm5114,C2orf78
Lca5l,LCA5L
Muc5b,MUC5B
Frmpd4,FRMPD4
Sebox,SEBOX
Spindoc,SPINDOC
Ube2v2,UBE2V2
Krtap5-26,KRTAP9-1
Krtap5-26,KRTAP4-1
Krtap5-26,KRTAP4-2
Krtap5-26,KRTAP10-9
Krtap5-26,KRTAP10-6
Krtap5-26,KRTAP4-5
Krtap5-26,KRTAP4-4
Krtap5-26,KRTAP4-9
Krtap5-26,KRTAP4-8
Krtap5-26,KRTAP4-11
Krtap5-26,KRTAP4-16
Krtap5-26,KRTAP10-4
Krtap5-26,KRTAP10-11
Krtap5-26,KRTAP2-1
Krtap5-26,KRTAP2-2
Krtap5-26,KRTAP2-4
Krtap5-26,KRTAP2-3
Ccnq,CCNQ
Krtap5-23,KRTAP5-6
Krtap5-23,KRTAP5-8
Krtap5-25,KRTAP5-6
Krtap5-25,KRTAP5-8
Krtap5-22,KRTAP5-5
Gm4553,KRTAP5-5
Smn1,SMN2
Smn1,SMN1
Nos2,NOS2
Krtap5-21,KRTAP5-6
Krtap5-21,KRTAP5-8
Krtap5-5,KRTAP5-5
Krtap5-24,KRTAP9-1
Krtap5-24,KRTAP4-1
Krtap5-24,KRTAP4-2
Krtap5-24,KRTAP10-9
Krtap5-24,KRTAP10-6
Krtap5-24,KRTAP4-5
Krtap5-24,KRTAP4-4
Krtap5-24,KRTAP4-9
Krtap5-24,KRTAP4-8
Krtap5-24,KRTAP4-11
Krtap5-24,KRTAP4-16
Krtap5-24,KRTAP10-4
Krtap5-24,KRTAP10-11
Krtap5-24,KRTAP2-1
Krtap5-24,KRTAP2-2
Krtap5-24,KRTAP2-4
Krtap5-24,KRTAP2-3
Krtap5-20,KRTAP9-1
Krtap5-20,KRTAP4-1
Krtap5-20,KRTAP4-2
Krtap5-20,KRTAP10-9
Krtap5-20,KRTAP10-6
Krtap5-20,KRTAP4-5
Krtap5-20,KRTAP4-4
Krtap5-20,KRTAP4-9
Krtap5-20,KRTAP4-8
Krtap5-20,KRTAP4-11
Krtap5-20,KRTAP4-16
Krtap5-20,KRTAP10-4
Krtap5-20,KRTAP10-11
Krtap5-20,KRTAP2-1
Krtap5-20,KRTAP2-2
Krtap5-20,KRTAP2-4
Krtap5-20,KRTAP2-3
Krtap5-4,KRTAP5-5
Gm23297,SNORA54
Snora52,SNORA52
Muc6,MUC6
Pla2g10,PLA2G10
Fahd1,FAHD1
Prop1,PROP1
Prickle4,PRICKLE4
Top6bl,TOP6BL
Fam181b,FAM181B
Slc25a1,SLC25A1
Apbb3,APBB3
Hnrnph2,HNRNPH2
S100z,S100Z
Srd5a1,SRD5A1
Nags,NAGS
Gm55882,RN7SKP70
Mir744,MIR744
Trim26,TRIM26
Prss16,PRSS16
Myadml2,MYADML2
Ssxb1,SSX4B
Ssxb1,SSX3
Ssxb1,SSX4
Ssxb1,SSX5
Ssxb1,SSX2
Ssxb1,SSX2B
Ssxb1,SSX7
Ssxb1,SSX1
Gm56437,RN7SKP225
Gm56438,RN7SKP225
Osbp,OSBP
Arvcf,ARVCF
Adgrg2,ADGRG2
Pcdhac2,PCDHAC2
Mfsd6l,MFSD6L
Gm56441,RNU6-1249P
Rnf222,RNF222
Cdk5r1,CDK5R1
Asic2,ASIC2
Fbxo38,FBXO38
Grk6,GRK6
Sp4,SP4
Sult2a5,SULT2A1
Tnfrsf21,TNFRSF21
Inafm1,INAFM1
Zfp830,ZNF830
Rfx3,RFX3
Csf2,CSF2
Il3,IL3
Fam187a,FAM187A
Mia2,CTAGE6
Mia2,CTAGE4
Mia2,MIA2
Mia2,CTAGE9
Mia2,CTAGE15
Mia2,CTAGE8
Mia2,CTAGE1
Brd2,BRD2
Gm24198,RNU6-506P
Lrrc37a,LRRC37A
Lrrc37a,LRRC37A3
Lrrc37a,LRRC37A2
Lrrc37a,LRRC37B
Lrrc37,LRRC37A
Lrrc37,LRRC37A3
Lrrc37,LRRC37A2
Lrrc37,LRRC37B
Hoxc12,HOXC12
Rprml,RPRML
Ccdc152,CCDC152
Ccdc50,CCDC50
Sppl2c,SPPL2C
Or14c46,OR14C36
Gm24253,SNORD1C
Or13g1,OR13G1
Trappc3l,TRAPPC3L
Or6f1,OR6F1
Gm24582,RNU6-703P
R3hcc1l,R3HCC1L
Snord104,SNORD104
Gm22711,SNORA50C
Apol11a,APOL4
Apol11a,APOL2
Apol11a,APOL1
Apol11a,APOL3
Mir21a,MIR21
5031439G07Rik,KIAA0930
Gm22883,RNU6-1297P
Rnu1a1,RNU1-91P
Gm22068,RNU1-91P
Gm23137,RNU6-271P
Gm23137,RNU6-945P
Or5p6,OR5P2
Tspyl1,TSPYL1
Osm,OSM
Or5p57,OR5P3
Or5p58,OR5P2
Or5p59,OR5P2
Nt5c2,NT5C2
Sult4a1,SULT4A1
Gm23793,RNU5E-4P
Tbp,TBP
Slc25a43,SLC25A43
Or51f1,OR51F1
Lztr1,LZTR1
Or51f2,OR51F2
Or52r1,OR52R1
Timp1,TIMP1
Atoh7,ATOH7
Gm56293,RN7SKP288
Mir497,MIR497
Mir195a,MIR195
Mcts1,MCTS1
Cenpo,CENPO
Rnf7l,RNF7
Gm54816,RNU6-1057P
Miox,MIOX
Mir139,MIR139
Fam83e,FAM83E
Mir142,MIR142
Spaca4,SPACA4
Pdcd2,PDCD2
Sult2b1,SULT2B1
Tm4sf5,TM4SF5
Gm40193,C17orf114
Snord100,SNORD100
Gm23130,SNORD101
Epx,EPX
Zbtb33,ZBTB33
Tst,TST
Taar1,TAAR1
Gm56237,U4
Taar2,TAAR2
Pacrg,PACRG
Kcnj11,KCNJ11
Usp11,USP11
Taar5,TAAR5
Or4d1,OR4D1
Pnma8b,PNMA8B
Pnma8c,PNMA8C
Zfp820,ZNF34
Eapp,EAPP
Gm22378,RNU6-197P
Ppp1r16a,PPP1R16A
Gm24958,SNORD125
Psg29,PSG3
Psg29,PSG8
Psg29,CEACAM7
Psg29,PSG11
Psg29,PSG6
Psg29,PSG5
Psg29,CEACAM3
Psg29,CEACAM1
Psg29,PSG1
Psg29,PSG2
Psg29,PSG4
Psg29,PSG7
Psg29,CEACAM6
Psg29,CEACAM8
Psg29,PSG9
Psg29,CEACAM5
Gm23507,RNU6-1329P
Ccdc8,CCDC8
Taf7l2,TAF7L
Gm56323,RN7SKP123
Gm56323,RN7SKP22
Nog,NOG
1700049L16Rik,JPT2
Myot,MYOT
Kif2b,KIF2B
Galnt14,GALNT14
Gm2042,PRAMEF2
Gm2042,PRAMEF18
Gm2042,PRAMEF20
Gm2042,PRAMEF6
Gm2042,PRAMEF8
Gm2042,PRAMEF14
Gm2042,PRAMEF19
Gm2042,PRAMEF27
Gm2042,PRAMEF17
Gm2042,PRAMEF11
Gm2042,PRAMEF1
Gm2042,PRAMEF10
Gm2042,PRAMEF9
Gm2042,PRAMEF15
Gm2042,PRAMEF12
Gm2042,PRAMEF4
Gm2042,PRAMEF26
Gm2042,PRAMEF33
Gm2042,PRAMEF7
Gm2042,PRAMEF5
Gm2042,PRAMEF13
Gm2042,PRAMEF25
Sdk2,SDK2
Or5p73,OR5P2
Or5p75,OR5P2
Or5p76,OR5P2
Or52n4b,OR52N4
Or56b1b,OR56B1
Nacad,NACAD
Zfp275,ZNF883
H2-Ob,HLA-DOB
Vcf2,FAM156A
Vcf2,FAM156B
Gm24313,SNORA5A
Snora5c,SNORA5C
Ccdc201,CCDC201
Hfe,HFE
Gm56367,SNORD75
Magea8,MAGEA10
Magea9,MAGEA10
Gm26458,SNORA24B
Ebi3,EBI3
Gm56372,RN7SKP136
Arl3,ARL3
Alas2,ALAS2
Or51f1d,OR51F1
Ly6g6d,LY6G6D
Spata20,SPATA20
Or52r1c,OR52R1
Or51f1e,OR51F1
Or52e2,OR52E2
Or51m1,OR51M1
Nfya,NFYA
Haspin,HASPIN
Eef1g,EEF1G
Or51q1,OR51Q1
Pom121l12,POM121L12
Pdlim7,PDLIM7
Greb1l,GREB1L
Or51q1c,OR51Q1
Ism2,ISM2
Gtsf1,GTSF1
Or52e8b,OR52E8
Or52e8b,OR52E6
Gm25698,RNU6-492P
Or52e4,OR52E4
Or52e5,OR52E5
Or56a3,OR56A3
Cinp,CINP
Or52w1,OR52W1
Cables1,CABLES1
Or3a1b,OR3A1
Actmap,ACTMAP
Gm56405,Metazoa_SRP
Gm56405,RN7SL670P
Gm56405,RN7SL405P
Ina,INA
Zfp945,ZNF34
Eif1ad,EIF1AD
Gm22807,SNORA65
Serpina1d,SERPINA1
Smug1,SMUG1
Ptchd4,PTCHD4
Gapdhs,GAPDHS
Tcf19,TCF19
Pcdha7,PCDHA9
Pcdha7,PCDHA7
Gspt1,GSPT1
Gbf1,GBF1
Fgf15,FGF19
Tug1,TUG1
Bbof1,BBOF1
Mllt1,MLLT1
Otc,OTC
Celf4,CELF4
Golph3,GOLPH3
Selenow,SELENOW
Snord23,SNORD23
Gm24576,Metazoa_SRP
Gm24576,RN7SL670P
Gm24576,RN7SL405P
Heatr9,HEATR9
Hexim1,HEXIM1
H3f4,H3-4
Tex13b,TEX13B
H2bc26,H2BC26
H2ac25,H2AC25
Plxnb3,PLXNB3
Gsg1l2,GSG1L2
Gsdmc3,GSDMC
Crip1,CRIP1
Mir132,MIR132
Ovca2,OVCA2
Gm24356,RNU6-503P
Gm24356,RNU6-1000P
Gm24356,RNU6-209P
Gm24356,RNU6-674P
Eid2,EID2
Selenov,SELENOV
Krt32,KRT32
Fbxo32,FBXO32
Krt35,KRT35
Scgb1c1,SCGB1C2
Scgb1c1,SCGB1C1
Lrrc74a,LRRC74A
Dnal4,DNAL4
Gm56393,Y_RNA
Gm56404,RNU6-549P
Gm56404,RNU6-588P
Tac4,TAC4
Cdk3,CDK3
Sh3bgrl,SH3BGRL
Skic2,SKIC2
Rapgef5,RAPGEF5
Gm25835,SNORD10
Zfp174,ZNF174
Phf5a,PHF5A
Parl,PARL
Cdx4,CDX4
Maged2,MAGED2
Spem3,SPEM3
Kctd11,KCTD11
Lratd2,LRATD2
Rptor,RPTOR
Fzd6,FZD6
Hspa12a,HSPA12A
Gm26180,RNU6-724P
Clba1,CLBA1
Gm54979,RNU6-970P
Gm24119,SNORA53
Bcor,BCOR
Sec23a,SEC23A
Masp1,MASP1
Tmem71,TMEM71
Hbb-y,HBE1
Or51b4,OR51B4
Tns2,TNS2
Or51i1,OR51I1
Or51i2,OR51I2
Tbc1d7,TBC1D7
Or52d1,OR52D1
Ubqlnl,UBQLNL
Nrap,NRAP
Prodh,PRODH
Or1r1,OR1R1
Or52h1,OR52H1
Or52b6,OR52B6
Gm24846,RNU6-261P
Gm54952,RNU6-261P
Trim30c,TRIM5
Gm25405,RNU6-1
Gm42742,PAGR1
Spn,SPN
Il22,IL22
Gm25735,Metazoa_SRP
Gm25735,RN7SL670P
Gm25735,RN7SL405P
Gm23585,RNU6-469P
Gm23585,RNU6-704P
Cdc5lrt1,CDC5L
Dbn1,DBN1
Cdc5lrt4,CDC5L
Phf20l1,PHF20L1
Il22b,IL22
Cdc5lrt5,CDC5L
Cdc5lrt6,CDC5L
Cdc5lrt7,CDC5L
Cdc5lrt8,CDC5L
Cdc5lrt9,CDC5L
Cdc5lrt10,CDC5L
Or3a1c,OR3A1
Ifng,IFNG
Or1a1,OR1A2
Or1a1,OR1A1
Or1a1b,OR1A2
Or1a1b,OR1A1
Or1p1b,OR1P1
Or1p1,OR1P1
Eola1,EOLA1
Eola1,EOLA2
Calhm4,CALHM4
Rnf128,RNF128
Tmem26,TMEM26
Or3a1,OR3A1
Or1d2,OR1D2
Gtf2h4,GTF2H4
Or1p4,OR1P1
Or52p1,OR52P1
Npffr1,NPFFR1
Pde6g,PDE6G
Or56b1,OR56B1
Mecp2,MECP2
Il20ra,IL20RA
Arl16,ARL16
Gm36210,C19orf85
Zfp865,ZNF865
Garin2,GARIN2
Tspyl4,TSPYL4
Cdk16,CDK16
Mir340,MIR340
Gm55856,RN7SKP243
Gm23942,RNU6-27P
Gm23942,RNU6-48P
Enpp1,ENPP1
Gm23293,RNU6-809P
Nlrp2,NLRP2
Gm25867,RNU6-796P
Mir193a,MIR193A
Gm55574,RNU6-638P
Gpr142,GPR142
Cd300lb,CD300LB
Ift43,IFT43
Mir150,MIR150
Cd300c,CD300C
Ttc3,TTC3
Snord35a,SNORD35A
Snord34,SNORD34
Snord33,SNORD33
Snord32a,SNORD32A
Snord32a,SNORD32B
Gfy,GFY
Cd300ld2,CD300LF
Cd300ld4,CD300LF
Cd300ld5,CD300LF
Pth2,PTH2
Cd300ld3,CD300LF
Ovol3,OVOL3
Fads6,FADS6
Slc5a7,SLC5A7
Sdhaf1,SDHAF1
Gm25259,RNU2-48P
Gm23645,RNU6-1007P
Mir144,MIR144
Snord42a,SNORD42A
Snord4a,SNORD4A
Snord42b,SNORD42
Snord42b,SNORD42B
Foxn1,FOXN1
Rrp1b,RRP1B
Gm56414,SNORA63
Or52b4,OR52B4
Nts,NTS
Gm56028,Metazoa_SRP
Gm56028,RN7SL670P
Gm56028,RN7SL405P
Fzd2,FZD2
Col6a1,COL6A1
Gpr179,GPR179
Or52k2,OR52K2
Or52k2,OR52K1
Entpd5,ENTPD5
Epop,EPOP
Kcnk16,KCNK16
Or51t4,OR51T1
Il13,IL13
Or51a7,OR51A7
Il5,IL5
Or51g2,OR51G2
Cdc34b,CDC34
Fgf22,FGF22
Or51g1,OR51G1
Ccl2,CCL2
Or5d3,OR5D3
Purb,PURB
Ear6,RNASE2
Ear6,RNASE3
Or51v14,OR51V1
Ikzf4,IKZF4
Gm22123,MIR4657
Snora9,SNORA9
Or51b6b,OR51B6
Zfp831,ZNF831
Borcs6,BORCS6
Or51v8,OR51V1
Gm22354,SNORD58
Hes7,HES7
Afdn,AFDN
Gm23194,RNU6-794P
Or2ag19,OR2AG2
Gm22442,SCARNA21
Kdm6b,KDM6B
Or2ag20,OR2AG2
Gal,GAL
Or2ag1,OR2AG2
Or2ag2,OR2AG2
Fam174c,FAM174C
Or4c104,OR4C16
Rdh16f2,RDH16
Csf2rb,CSF2RB
Ms4a7,MS4A7
Or4c11b,OR4C11
Gm22753,RNU6-682P
Gm22753,RNU6-1172P
Gm22753,RNU6-375P
Gm54897,RNA5SP529
Gm54897,RNA5SP533
Gm54897,5S_rRNA
Gm25296,SNORD95
Snord96a,SNORD96A
Or4c105,OR4C46
Or4c105,OR4C13
Snord95,SNORD95
Cpm,CPM
Cdk2ap1rt,CDK2AP1
Or4c11c,OR4C11
Psme2b,PSME2
Or4c106,OR4C46
Or4c106,OR4C13
Or10a5,OR10A5
Or10a5,OR10A2
Or4c11,OR4C11
Or51l1,OR51L1
Or56b2,OR56B2
Saxo4,SAXO4
Or56b2j,OR56B2
Or4c29,OR4C16
Or52n1,OR52N1
Sowahc,SOWAHC
Or4c107,OR4C15
Or4c109,OR4C15
Samd3,SAMD3
Or4c110,OR4C15
Mcrs1,MCRS1
Agmo,AGMO
Bloc1s2,BLOC1S2
Trpm5,TRPM5
Or4c124,OR4C15
Or4a15,OR4A15
Arsb,ARSB
Rpf2,RPF2
Or4a39,OR4A8
Or4a39,OR4A5
Smndc1,SMNDC1
Tmem238l,TMEM238L
Kdm6a,KDM6A
Gm23503,RNU6-1144P
Or4a68,OR4A16
Fign,FIGN
Hoxb7,HOXB7
Hoxb5,HOXB5
Mir10a,MIR10A
Hoxb4,HOXB4
Or4a71,OR4A16
Hoxb2,HOXB2
Kif3c,KIF3C
Hoxb1,HOXB1
Or4a72,OR4A16
Gm56259,RNU6-1238P
Lect2,LECT2
Or4a73,OR4A8
Or4a73,OR4A5
Gm23735,RNU1-17P
Or4a75,OR4A16
Tmem235,TMEM235
Serpinb6c,SERPINB6
Or4a78,OR4A8
Or4a78,OR4A5
Dnah17,DNAH17
Or4a79,OR4A16
Or4a81,OR4A16
Otub2,OTUB2
Or4c12b,OR4C12
Or4c10b,OR4C46
Or4c10b,OR4C13
Serpina5,SERPINA5
Col18a1,COL18A1
Or4c12,OR4C12
Magel2,MAGEL2
Or4c35,OR4C5
Mkrn3,MKRN3
Ipo11,IPO11
Lrfn2,LRFN2
Rnf213,RNF213
Rnf39,RNF39
Gm25354,RNU6-323P
Or4x18,OR4X2
Il13ra2,IL13RA2
Ppp1r3d,PPP1R3D
Zc3h14,ZC3H14
Taf5,TAF5
Ceacam15,CEACAM21
Foxs1,FOXS1
Ceacam9,CEACAM21
Gpr34,GPR34
Gm23099,RNVU1-34
Xkr7,XKR7
BC004004,C6orf89
Gm23691,RNU6-957P
Gm23691,RNU6-171P
Gm56239,U8
Npm3,NPM3
Gm24949,U3
Pkd1l1,PKD1L1
Gm25328,RNU6-524P
Ifnl3,IFNL3
Ifnl3,IFNL2
Sh3kbp1,SH3KBP1
Cebpa,CEBPA
Pdzrn4,PDZRN4
Efcab3,EFCAB13
Cpt1a,CPT1A
Gm23459,RNU4-38P
Pla2g4b,PLA2G4B
Baz2a,BAZ2A
Tmbim6,TMBIM6
Gm56172,RN7SKP194
Sptbn5,SPTBN5
Zfp385c,ZNF385C
Dchs1,DCHS1
Gsc2,GSC2
Hspb9,HSPB9
Pla2g4d,PLA2G4D
Gm25142,RNU6-228P
Gm25142,RNU6-862P
Foxi1,FOXI1
Krt24,KRT24
Yeats2,YEATS2
Krt25,KRT25
Prr33,PRR33
Cel,CEL
Gm54463,SNORA52
Krt26,KRT26
Mir675,MIR675
Dleu7,DLEU7
Krt27,KRT27
Eaf1,EAF1
Gm22675,RNU6-1231P
Gm22675,RNU6-379P
Gm22675,RNU6-1151P
Bhlhe23,BHLHE23
Krt40,KRT40
Mir124a-3,MIR124-3
Krtap3-3,KRTAP3-3
Krtap3-3,KRTAP3-2
Krtap3-2,KRTAP3-3
Krtap3-2,KRTAP3-2
Map3k8,MAP3K8
Kctd4,KCTD4
Krtap3-1,KRTAP3-1
Psg20,PSG3
Psg20,PSG8
Psg20,CEACAM7
Psg20,PSG11
Psg20,PSG6
Psg20,PSG5
Psg20,CEACAM3
Psg20,CEACAM1
Psg20,PSG1
Psg20,PSG2
Psg20,PSG4
Psg20,PSG7
Psg20,CEACAM6
Psg20,CEACAM8
Psg20,PSG9
Psg20,CEACAM5
Krtap1-5,KRTAP1-3
Krtap1-5,KRTAP1-1
Krtap1-5,KRTAP1-4
Krtap1-5,KRTAP1-5
Krtap1-4,KRTAP10-4
Krtap1-4,KRTAP10-11
Krtap1-3,KRTAP10-4
Krtap1-3,KRTAP10-11
Slc25a37,SLC25A37
Krtap9-3,KRTAP10-4
Krtap9-3,KRTAP10-11
Krtap2-22,KRTAP10-4
Krtap2-22,KRTAP10-11
Krtap2-21,KRTAP10-4
Krtap2-21,KRTAP10-11
Krtap2-4,KRTAP10-4
Krtap2-4,KRTAP10-11
Krtap2-20,KRTAP10-4
Krtap2-20,KRTAP10-11
Rgs17,RGS17
Krtap4-7,KRTAP4-12
Krtap4-7,KRTAP4-7
Krtap4-7,KRTAP4-6
Percc1,PERCC1
Krtap4-24,KRTAP4-12
Krtap4-24,KRTAP4-7
Krtap4-24,KRTAP4-6
Sptbn4,SPTBN4
Stc1,STC1
Krtap4-6,KRTAP4-3
Pcdhga3,PCDHGA3
Jak2,JAK2
Slc15a1,SLC15A1
Krtap4-22,KRTAP4-3
Krtap4-8,KRTAP4-3
Krtap4-9,KRTAP4-3
Krtap4-23,KRTAP4-3
Krtap4-21,KRTAP4-3
Krtap4-20,KRTAP4-3
Krtap4-13,KRTAP4-3
Krtap4-26,KRTAP4-3
Krtap4-16,KRTAP4-1
Krtap4-16,KRTAP4-2
Hdhd2,HDHD2
Gm24536,RNU6-36P
Krtap9-5,KRTAP9-1
Krtap9-5,KRTAP10-4
Krtap9-5,KRTAP10-11
Krtap29-1,KRTAP29-1
Dock5,DOCK5
Krtap16-1,KRTAP16-1
Gm55823,RN7SKP259
Gm55823,RN7SKP65
Krt33a,KRT33A
Mir96,MIR96
Map3k5,MAP3K5
Krt33b,KRT33A
Krt34,KRT34
Cybrd1,CYBRD1
Krt31,KRT33A
Krt9,KRT9
Ryr1,RYR1
Cubn,CUBN
Nynrin,NYNRIN
Mir216b,MIR216B
Mir216a,MIR216A
Msmb,MSMB
Olfm4,OLFM4
Rnf212b,RNF212B
Gm55918,RNU6-328P
Gm55922,RNU6-422P
Gm55922,RNU6-389P
Gm55922,RNU6-388P
Gm55922,RNU6-1044P
Shld3,SHLD3
Syne1,SYNE1
Prl8a2,PRL
Arl5b,ARL5B
Wnk2,WNK2
C1rb,C1R
Hoxc6,HOXC6
Muc5ac,MUC5AC
Wdr70,WDR70
Cep15,CEP15
Malrd1,MALRD1
Krtap5-2,KRTAP9-1
Krtap5-2,KRTAP4-1
Krtap5-2,KRTAP4-2
Krtap5-2,KRTAP10-9
Krtap5-2,KRTAP10-6
Krtap5-2,KRTAP4-5
Krtap5-2,KRTAP4-4
Krtap5-2,KRTAP4-9
Krtap5-2,KRTAP4-8
Krtap5-2,KRTAP4-11
Krtap5-2,KRTAP4-16
Krtap5-2,KRTAP10-4
Krtap5-2,KRTAP10-11
Krtap5-2,KRTAP2-1
Krtap5-2,KRTAP2-2
Krtap5-2,KRTAP2-4
Krtap5-2,KRTAP2-3
Cox15,COX15
Gm10153,KRTAP29-1
Mapk8ip3,MAPK8IP3
Gm22953,MIR1282
Krtap5-1,KRTAP5-5
Scand1,SCAND1
Sp9,SP9
Ppp2r2b,PPP2R2B
Ptf1a,PTF1A
Zfp128,ZNF8
4921504E06Rik,C10orf67
Gm26325,RNU6-531P
Slc10a3,SLC10A3
Myrfl,MYRFL
Gm56104,RNA5SP527
Mageb3,MAGEB6B
Mageb3,MAGEB6
Otud1,OTUD1
Pdha1,PDHA1
4933402N03Rik,C10orf120
Erg,ERG
Pick1,PICK1
Chuk,CHUK
Rnf41,RNF41
Spata24,SPATA24
Duox2,DUOX2
Ifnl2,IFNL3
Ifnl2,IFNL2
Rnase13,RNASE13
Zcchc24,ZCCHC24
Duox1,DUOX1
Tmsb10b,TMSB10
Asb14,ASB14
Tmem121,TMEM121
Nmral1,NMRAL1
Zkscan4,ZKSCAN4
Ffar1,FFAR1
Crip2,CRIP2
Gm23970,RNU6-718P
Slc28a2b,SLC28A2
Gm55166,RNU6-234P
Nectin3,NECTIN3
Gm56145,Metazoa_SRP
Gm56145,RN7SL670P
Gm56145,RN7SL405P
Snord67,SNORD67
Dsc3,DSC3
Was,WAS
Apbb1ip,APBB1IP
Ap3s1,AP3S1
Gpkow,GPKOW
E2f6,E2F6
Mylk4,MYLK4
Cnn2,CNN2
Kcna5,KCNA5
Evx2,EVX2
Kcna1,KCNA1
Hoxd13,HOXD13
Ccn3,CCN3
Hoxd12,HOXD12
Pcsk1,PCSK1
1500009L16Rik,C12orf75
Mir10b,MIR10B
Fermt2,FERMT2
Hoxd1,HOXD1
Galnt1,GALNT1
Dnajc28,DNAJC28
Cldn34b3,CLDN34
Kcnj6,KCNJ6
Slc11a2,SLC11A2
Gm6121,SYCP3
Ift70b,IFT70A
Ift70b,IFT70B
Ift70a2,IFT70A
Ift70a2,IFT70B
Ift70a1,IFT70A
Ift70a1,IFT70B
Phf6,PHF6
Gm22352,RNU6-609P
Eid1,EID1
Cbarp,CBARP
Cbr3,CBR3
Gdf7,GDF7
Mafb,MAFB
Galc,GALC
Tbpl2,TBPL2
Anks3,ANKS3
Cmya5,CMYA5
Figla,FIGLA
Gm56286,RNU1-14P
Gm56286,RNU1-42P
Stmnd1,STMND1
Fam151b,FAM151B
Qrfp,QRFP
Prdx4,PRDX4
Tmem178b,TMEM178B
Gzmc,GZMB
Pabpc1l,PABPC1L
Socs4,SOCS4
Or9a7,OR9A1P
Gtf2h2,GTF2H2
Gtf2h2,GTF2H2C
Or9a4,OR9A4
Tas2r138,TAS2R38
Rd3l,RD3L
Ccdc160,CCDC160
Adk,ADK
Svs3b,SEMG1
Svs3b,SEMG2
Or10k2,OR10K1
Prss58,PRSS58
Mir129b,MIR129-2
Fam161b,FAM161B
Sfxn4,SFXN4
Smpx,SMPX
Gm22606,RNU6-985P
Gm22606,RNU6-1213P
Gm22362,SNORA70
Gm6619,LPA
Lce1e,LCE5A
Tas2r130,TAS2R7
Lce1g,LCE5A
Mipol1,MIPOL1
Tas2r107,TAS2R10
Spint3,SPINT3
Tas2r106,TAS2R10
Tas2r104,TAS2R10
Eppin,EPPIN
Tas2r105,TAS2R10
Tas2r114,TAS2R10
Kprp,KPRP
Wfdc8,WFDC8
Kdm3b,KDM3B
Gm25512,RNU6-16P
Adra2b,ADRA2B
Gm49661,THSD8
Tdpoz8,SPOP
Wfdc11,WFDC11
Wfdc13,WFDC13
Spint4,SPINT4
Best2,BEST2
Crnn,CRNN
Cwf19l1,CWF19L1
Adcy8,ADCY8
Nop9,NOP9
Fjx1,FJX1
S100b,S100B
Flg2,FLG2
Flg,FLG
Gm23452,RNU6-1316P
Fsip2,FSIP2
Gm25506,SNORD41
Hrnr,HRNR
Tdp1,TDP1
Cwc22rt1,CWC22
Rptn,RPTN
Prr32,PRR32
Cwc22rt2,CWC22
Tcp11x2,TCP11X1
Tcp11x2,TCP11X2
Cwc22rt3,CWC22
Tchh,TCHH
Thap11,THAP11
Cwc22rt4,CWC22
Cwc22rt5,CWC22
Phka2,PHKA2
Cwc22rt7,CWC22
Txnl1,TXNL1
Rassf9,RASSF9
Cwc22rt6,CWC22
Col13a1,COL13A1
Prss55,PRSS55
Ddx28,DDX28
Pin1rt1,PIN1
Gm54720,Metazoa_SRP
Gm54720,RN7SL670P
Gm54720,RN7SL405P
Mark2,MARK2
Itgb2l,ITGB2
Lifr,LIFR
Scel,SCEL
Gfra4,GFRA4
Atxn1,ATXN1
Pcnp,PCNP
Cabyr,CABYR
Cd1d2,CD1D
Gm25878,SNORD12C
Bhmt,BHMT
Gm23201,SNORD12B
Snord12,SNORD12
Vipr2,VIPR2
Ppif,PPIF
Siglec1,SIGLEC1
Adam25,ADAM20
Adam20,ADAM20
Adam39,ADAM20
Mon2,MON2
Rhoj,RHOJ
Stk24,STK24
Snora65,SNORA65
Ankra2,ANKRA2
Klhl1,KLHL1
Nol4,NOL4
Ripor3,RIPOR3
Tll1,TLL1
Eif5,EIF5
Fbxl6,FBXL6
Fibin,FIBIN
Ogt,OGT
Nod2,NOD2
Or4f7,OR4F16
Or4f7,OR4F29
Or4f7,OR4F21
Or4f7,OR4F3
Usf3,USF3
Ttll1,TTLL1
F2rl1,F2RL1
Fam149b,FAM149B1
Edn1,EDN1
F7,F7
Or4f6,OR4F6
Zfp608,ZNF608
Junb,JUNB
Atp5pf,ATP5PF
Podnl1,PODNL1
Dbndd1,DBNDD1
Jmy,JMY
Chrm5,CHRM5
Spink1,SPINK1
Mc3r,MC3R
Nat1,NAT2
Nat1,NAT1
Bhmt2,BHMT2
Aplnr,APLNR
S100g,S100G
Pcdhgb7,PCDHGB7
Fa2h,FA2H
Mkx,MKX
Or5ak23,OR5AK2
Or5ak23,OR5AK3P
Tubb2a,TUBB2A
Or5ak24,OR5AK2
Or5ak24,OR5AK3P
Or5ak25,OR5AK2
Or5ak25,OR5AK3P
Fundc1,FUNDC1
Tarbp1,TARBP1
Gm22245,RNU6-289P
Galr1,GALR1
Slc6a19,SLC6A19
Mcc,MCC
Gcnt7,GCNT7
Or5m11b,OR5M11
Or5m8,OR5M8
Or5m3,OR5M3
1700018B08Rik,C16orf95
Cxxc1,CXXC1
Tmem14c,TMEM14C
Tas2r137,TAS2R3
Or5m9,OR5M9
Tas2r108,TAS2R4
Or5m9b,OR5M9
Irak1,IRAK1
Or5al5,OR5AL1
Ces2c,CES2
Or5al6,OR5AL1
Il23r,IL23R
Or5al1,OR5AL1
Dusp11,DUSP11
Or8u9,OR8U1
Saxo5,SAXO5
Or8j3,OR8J1
Or8j3,OR8J3
Or8k1,OR8K1
Mir9-1,MIR9-1
Or8k3,OR8K3
Dpep2nb,DPEP2NB
Gpr27,GPR27
Zcchc9,ZCCHC9
Ntpcr,NTPCR
Bola3,BOLA3
Or5j3,OR5J2
Or8k21,OR8K5
Or8k22,OR8K3
Pla2g6,PLA2G6
Grip2,GRIP2
Or8k24,OR8K3
Or8k37,OR8K3
Or8k3b,OR8K3
Or2k2,OR2K2
Pip5k1c,PIP5K1C
Or8k39,OR8K3
Mir876,MIR876
Mir873b,MIR873
Or8k40,OR8K3
Idnk,IDNK
Defa34,DEFA4
Defa34,DEFA1
Defa34,DEFA5
Defa34,DEFA1B
Defa34,DEFA6
Defa34,DEFA3
Ralgapa1,RALGAPA1
Or5t5,OR5T1
Or5t5,OR5T3
Gm26456,Y_RNA
Gm26456,RNY1P14
Defa38,DEFA4
Defa38,DEFA1
Defa38,DEFA5
Defa38,DEFA1B
Defa38,DEFA6
Defa38,DEFA3
Or5t18,OR5T2
Defa29,DEFA4
Defa29,DEFA1
Defa29,DEFA5
Defa29,DEFA1B
Defa29,DEFA6
Defa29,DEFA3
Defa22,DEFA4
Defa22,DEFA1
Defa22,DEFA5
Defa22,DEFA1B
Defa22,DEFA6
Defa22,DEFA3
Efcc1,EFCC1
Or5t15,OR5T2
Or8h6,OR8H1
Or8h6,OR8H2
Or8h6,OR8H3
Defa2,DEFA4
Defa2,DEFA1
Defa2,DEFA5
Defa2,DEFA1B
Defa2,DEFA6
Defa2,DEFA3
Defa20,DEFA4
Defa20,DEFA1
Defa20,DEFA5
Defa20,DEFA1B
Defa20,DEFA6
Defa20,DEFA3
Or8h7,OR8H1
Or8h7,OR8H2
Or8h7,OR8H3
Defa31,DEFA4
Defa31,DEFA1
Defa31,DEFA5
Defa31,DEFA1B
Defa31,DEFA6
Defa31,DEFA3
Or8h8,OR8H1
Or8h8,OR8H2
Or8h8,OR8H3
Or8h9,OR8H1
Or8h9,OR8H2
Or8h9,OR8H3
Or8h10,OR8H1
Or8h10,OR8H2
Or8h10,OR8H3
Hgd,HGD
Or5t16,OR5T2
Cttnbp2,CTTNBP2
Gm24382,RNU6-523P
Gm24382,RNU6-964P
Elmo3,ELMO3
Zfp595,ZNF727
Zfp595,ZNF695
Zfp595,ZNF738
Zfp595,ZNF85
Zfp595,ZNF681
Zfp595,ZNF682
Zfp595,ZNF736
Zfp595,ZNF678
Zfp595,ZNF724
Afap1l1,AFAP1L1
Or8i2,OR8I2
Gm55671,RNU6-99P
Zfp459,ZNF845
Gm22165,RNU6-256P
Bicd2,BICD2
Or5as1,OR5AS1
Qrfprl,QRFPR
Trap1,TRAP1
Or10ag54,OR10AG1
Or10ag55,OR10AG1
Fam13a,FAM13A
Or10ag56,OR10AG1
Paip1,PAIP1
Or10ag57,OR10AG1
Plaat5,PLAAT5
Or10ag2,OR10AG1
Ccdc113,CFAP263
Tulp3,TULP3
Pramel7,PRAMEF2
Pramel7,PRAMEF18
Pramel7,PRAMEF20
Pramel7,PRAMEF6
Pramel7,PRAMEF8
Pramel7,PRAMEF14
Pramel7,PRAMEF19
Pramel7,PRAMEF27
Pramel7,PRAMEF17
Pramel7,PRAMEF11
Pramel7,PRAMEF1
Pramel7,PRAMEF10
Pramel7,PRAMEF9
Pramel7,PRAMEF15
Pramel7,PRAMEF12
Pramel7,PRAMEF4
Pramel7,PRAMEF26
Pramel7,PRAMEF33
Pramel7,PRAMEF7
Pramel7,PRAMEF5
Pramel7,PRAMEF13
Pramel7,PRAMEF25
Thoc1,THOC1
Or4d6,OR4D6
Pramel6,PRAMEF2
Pramel6,PRAMEF18
Pramel6,PRAMEF20
Pramel6,PRAMEF6
Pramel6,PRAMEF8
Pramel6,PRAMEF14
Pramel6,PRAMEF19
Pramel6,PRAMEF27
Pramel6,PRAMEF17
Pramel6,PRAMEF11
Pramel6,PRAMEF1
Pramel6,PRAMEF10
Pramel6,PRAMEF9
Pramel6,PRAMEF15
Pramel6,PRAMEF12
Pramel6,PRAMEF4
Pramel6,PRAMEF26
Pramel6,PRAMEF33
Pramel6,PRAMEF7
Pramel6,PRAMEF5
Pramel6,PRAMEF13
Pramel6,PRAMEF25
Pdzd7,PDZD7
Unc13a,UNC13A
Or5w22,OR5W2
Zc3hav1l,ZC3HAV1L
Or8w1,OR5W2
Enpep,ENPEP
Rtkn,RTKN
Rnaseh2c,RNASEH2C
Or5i1,OR5I1
Zfp369,ZNF274
Or5w18,OR5W2
Dnai3,DNAI3
Gal3st3,GAL3ST3
Or5w8,OR5W2
Slc16a12,SLC16A12
Rgs14,RGS14
Actrt3,ACTRT3
Or5d16,OR5D16
Dchs2,DCHS2
Or5l13,OR5L2
Or5l13,OR5L1
C2cd4d,C2CD4D
Or5l14,OR5L2
Or5l14,OR5L1
Ldb1,LDB1
Or5d47,OR5D18
Rarres1,RARRES1
Tdrp,TDRP
Allc,ALLC
Pygo2,PYGO2
Riiad1,RIIAD1
Aplf,APLF
Gm56454,RN7SKP121
Gm25583,RNU6-1
Gm56455,RN7SKP194
Ccdc70,CCDC70
Mlh3,MLH3
Pla2g15,PLA2G15
Notch1,NOTCH1
Prmt6,PRMT6
Tmem179b,TMEM179B
Ptgfrn,PTGFRN
Ndufa12,NDUFA12
Kbtbd8,KBTBD8
Gipc2,GIPC2
Isy1,ISY1
Gpc5,GPC5
Tnfaip2,TNFAIP2
Trmt13,TRMT13
Scp2d1,SCP2D1
Rybp,RYBP
Itprip,ITPRIP
Cdk1,CDK1
Fbxo16,FBXO16
Ttc13,TTC13
Reg3a,REG1B
Ska1,SKA1
Mgam2-ps,MGAM2
Lipa,LIPA
Opa1,OPA1
Mir126a,MIR126
Fancc,FANCC
Clec4a4,CLEC4C
Garin1a,GARIN1A
Ccnk,CCNK
Klrb1f,KLRB1
Or1j1,OR1J1
Zmym2,ZMYM2
Snora43,SNORA17B
Diaph1,DIAPH1
Or1j4,OR1J4
Serpina3n,SERPINA3
Or1n1,OR1N1
Oaz1,OAZ1
Asprv1,ASPRV1
Lcn4,OBP2B
Lcn4,OBP2A
Trabd,TRABD
Olr1,OLR1
Vegfb,VEGFB
Or1n2,OR1N2
Gtf2b,GTF2B
Slc24a4,SLC24A4
Tafa2,TAFA2
Or1b1,OR1B1
St8sia1,ST8SIA1
Gm22306,RNU6-42P
Or5c1,OR5C1
Ptpn2,PTPN2
Insm1,INSM1
Bltp3a,BLTP3A
Gm23969,SNORD24
Pdha2,PDHA2
Gm22879,SNORD36B
Gm24134,SNORD36
Gm24134,SNORD36A
Snord90,SNORD90
Prss48,PRSS48
Arl8b,ARL8B
Gpr21,GPR21
Rnf8,RNF8
Med23,MED23
Crb2,CRB2
Clmn,CLMN
Pear1,PEAR1
Gm14137,C15orf62
Adra2a,ADRA2A
Mycbp2,MYCBP2
Awat2,AWAT2
Mir181b-2,MIR181B2
Mta2,MTA2
Ino80c,INO80C
Rad21l,RAD21L1
Fgf16,FGF16
Mtmr1,MTMR1
Gtf2h5,GTF2H5
Tmem74bos,C20orf202
Cpne8,CPNE8
Eif1a,EIF1AX
Rgl2,RGL2
Snrpd1,SNRPD1
Akap5,AKAP5
Galnt16,GALNT16
Lrp1b,LRP1B
Ark2n,ARK2N
Atp2b2,ATP2B2
Tcf4,TCF4
Zfp41,ZFP41
Ptgdr,PTGDR
Cyp2d26,CYP2D6
Gm57326,SNORA17A
Mmp14,MMP14
Wdr35,WDR35
Epc2,EPC2
Bex3,BEX3
A330040F15Rik,FAM111A
Sdha,SDHA
Spmip2,SPMIP2
Glt8d1,GLT8D1
Psors1c2,PSORS1C2
E130311K13Rik,C3orf33
Zfp213,ZNF213
Gm25898,U6
Sppl2b,SPPL2B
Pdzd4,PDZD4
Rprm,RPRM
Mtdh,MTDH
Cdh16,CDH16
Krtcap2,KRTCAP2
Col4a5,COL4A5
Ssh3,SSH3
Piwil4,PIWIL4
Taf8,TAF8
Gm56482,SNORA75
Gm56482,SNORA75B
Mir147,MIR147B
Pank2,PANK2
Pitx2,PITX2
Fut4,FUT4
Kng2,KNG1
Mir103-2,MIR103A2
Tgm6,TGM6
Wwox,WWOX
Tmc2,TMC2
Snord110,SNORD110
Gm23187,SNORD86
Gm23650,SNORD56
Snord57,SNORD57
Klc1,KLC1
Inafm2,INAFM2
Fshb,FSHB
Abca3,ABCA3
Gm25187,SNORA71E
Gm25129,SNORA60
Fam83c,FAM83C
Litaf,LITAF
Gdf5,GDF5
Atrx,ATRX
Prdx5,PRDX5
Mtrr,MTRR
Brd7,BRD7
Dyrk1a,DYRK1A
Arhgef2,ARHGEF2
Gdf1,GDF1
Zfyve27,ZFYVE27
Hnrnpa1,HNRNPA1
Arhgef40,ARHGEF40
Atp7a,ATP7A
Pcm1,PCM1
Rn7sk,7SK
Or10g7,OR10G8
Or10g7,OR10G4
Or10g7,OR10G9
Or10g7,OR10G7
Or10g9,OR10G8
Or10g9,OR10G4
Or10g9,OR10G9
Or10g9,OR10G7
Or10g9b,OR10G8
Or10g9b,OR10G4
Or10g9b,OR10G9
Or10g9b,OR10G7
Csta2,CSTA
Or10g6,OR10G6
Pdzd11,PDZD11
1700001J11Rik,RNF19A
Cip2a,CIP2A
Or10s1,OR10S1
Or4d5,OR4D5
Or8d4,OR8D4
Arhgef6,ARHGEF6
Telo2,TELO2
Kcnmb4,KCNMB4
Epdr1,EPDR1
Hif1an,HIF1AN
Chrd,CHRD
Uqcrfs1,UQCRFS1
Hmga2,HMGA2
Pcsk1n,PCSK1N
Gm5617,C11orf71
Mypn,MYPN
Uimc1,UIMC1
Gab3,GAB3
Acvr1b,ACVR1B
Zfp711,ZNF711
Gm55788,RN7SKP54
Tctn3,TCTN3
Mei1,MEI1
Vgll2,VGLL2
Il1f10,IL1F10
Pim2,PIM2
Igf1,IGF1
Trnt1,TRNT1
Cfp,CFP
Or8k25,OR8K3
Or8k28,OR8K3
Or8k41,OR8K3
Or8k30,OR8K3
Or8k33,OR8K3
Dcaf12l1,DCAF12L2
Or8k35,OR8K3
Pir,PIR
Gm56480,Y_RNA
Gm56480,RNY1P14
Or4x13,OR4X2
Mlc1,MLC1
Rbm15b,RBM15B
Or8u3,OR8U3
Tbxa2r,TBXA2R
Fbxo31,FBXO31
Or8k16,OR8K5
Nox1,NOX1
Erbb3,ERBB3
Or9g20,OR9G1
Lgals12,LGALS12
Ctag2l2,CTAG1A
Ctag2l2,CTAG1B
Ctag2l2,CTAG2
Or5ar1,OR5AR1
Or5ap2,OR5AP2
Tbx22,TBX22
Or5m10b,OR5M10
Or5m10b,OR5M1
Or5m10,OR5M10
Or5m10,OR5M1
Mrpl43,MRPL43
S100a16,S100A16
Tab3,TAB3
Or5m11,OR5M11
Sh3pxd2a,SH3PXD2A
Or8k31,OR8K3
Or5d35,OR5D18
C1galt1,C1GALT1
Or5d18,OR5D18
Or5d14,OR5D14
Atpsckmt,ATPSCKMT
Fam136a,FAM136A
Or5d36,OR5D14
Cemip2,CEMIP2
Sgta,SGTA
Or5d20,OR5G3
Niban3,NIBAN3
Cela1,CELA1
Or4c126,OR4C45
Map7d3,MAP7D3
Kbtbd12,KBTBD12
Lhfpl2,LHFPL2
Or4c127,OR4C45
Syt6,SYT6
Lrp2bp,LRP2BP
Or4c52,OR4C45
Uprt,UPRT
Pdpk1,PDPK1
Or4c3,OR4C3
Cyp8b1,CYP8B1
Eif3d,EIF3D
Prrg3,PRRG3
Klrb1c,KLRB1
Or4x11,OR4X2
Tmem262,CATSPERH
Or4x12,OR4X2
Pex11g,PEX11G
Or4x5,OR4X1
Klhl15,KLHL15
Or4x6,OR4X2
Or4x15,OR4X2
Bid,BID
Or4b13,OR4B1
Pelo,PELO
Or4b12,OR4B1
Scgn,SCGN
Acap2,ACAP2
Or4b1b,OR4B1
Or4b1c,OR4B1
Slc34a1,SLC34A1
Zfp91,ZFP91
Adprhl1,ADPRHL1
Kantr,KANTR
Casq2,CASQ2
Aifm1,AIFM1
Or4c102,OR4C6
Zdhhc6,ZDHHC6
Or4p4,OR4P4
Hdhd5,HDHD5
Nedd8,NEDD8
Or4c103,OR4C16
Sncb,SNCB
Mab21l3,MAB21L3
Gm13889,C11orf96
Rbbp8nl,RBBP8NL
Mir1a-1,MIR1-1
Mir133a-2,MIR133A2
Cirop,CIROP
Cebpb,CEBPB
Pld1,PLD1
Scrib,SCRIB
Gm26236,SNORA8
Tox4,TOX4
Jmjd8,JMJD8
H2al2a,H2AL1Q
H2al2a,H2AL3
Nme8,NME8
Gm25147,RNU6-679P
Tmem158,TMEM158
Nr3c2,NR3C2
Gm56440,RNU6-314P
Mir130a,MIR130A
Stac,STAC
Dolk,DOLK
Ier5l,IER5L
Teddm1b,TEDDM1
Zfp654,ZNF654
Teddm1a,TEDDM1
Imp3,IMP3
Glul,GLUL
Tmem115,TMEM115
Apod,APOD
Slc6a18,SLC6A18
Zmiz1,ZMIZ1
Panx1,PANX1
Rpl32,RPL32
S1pr1,S1PR1
Vsx1,VSX1
Casp3,CASP3
Glyr1,GLYR1
Pfkfb1,PFKFB1
Khdc3,KHDC3L
Mtmr11,MTMR11
Cyp24a1,CYP24A1
Or4c118,OR4C15
Cadps2,CADPS2
Carmil3,CARMIL3
Or4c122,OR4C15
Psmb1,PSMB1
Or4c15b,OR4C15
Map3k1,MAP3K1
2310022B05Rik,C1orf198
Or4c123,OR4C6
Slc44a2,SLC44A2
Gdf11,GDF11
Urb2,URB2
Acot13,ACOT13
Flna,FLNA
Or4f4b,OR4F4
Or4f4b,OR4F17
Or4f4b,OR4F5
Prep,PREP
Qng1,QNG1
Or4f4-ps1,OR4F4
Or4f4-ps1,OR4F17
Or4f4-ps1,OR4F5
Zfp13,ZNF205
Hnf4g,HNF4G
Dctn6,DCTN6
Tm7sf2,TM7SF2
Nutm1,NUTM1
Vps41,VPS41
Etfdh,ETFDH
Tubb1,TUBB1
Cenpb,CENPB
Cimip4,CIMIP4
Plk5,PLK5
Sart1,SART1
Rspo2,RSPO2
Clec18a,CLEC18B
Clec18a,CLEC18C
Clec18a,CLEC18A
Adgre1,ADGRE1
Actr10,ACTR10
Tmem236,TMEM236
Skida1,SKIDA1
Nbdy,NBDY
Gpr162,GPR162
Farp1,FARP1
Unc5c,UNC5C
Lcn10,LCN10
Tubgcp6,TUBGCP6
Dhrs7l,DHRS7
Obp2b,OBP2B
Obp2b,OBP2A
Klf8,KLF8
Tsacc,TSACC
Mbd4,MBD4
Serpina1e,SERPINA1
Tomm20,TOMM20
Lcn9,LCN9
Pou2f3,POU2F3
Gm24905,RNU6-1134P
Prdx6b,PRDX6
Slc35b2,SLC35B2
Chrm4,CHRM4
Rnf168,RNF168
Nr2e3,NR2E3
Gng3,GNG3
Fam221a,FAM221A
Tm2d2,TM2D2
Pacsin2,PACSIN2
Ifit1,IFIT1B
Ace2,ACE2
Snord3b-ps2,U3
Serpina1f,SERPINA2
Ggt5,GGT5
Zfp687,ZNF687
Stfa1,CSTA
Hmbox1,HMBOX1
Tgm5,TGM5
Rpusd4,RPUSD4
Gen1,GEN1
Tgm7,TGM7
Erlin2,ERLIN2
Bcat1,BCAT1
Dzip3,DZIP3
Nxpe2,NXPE2
Cep43,CEP43
Fam227b,FAM227B
Bank1,BANK1
Btrc,BTRC
Mir219a-2,MIR219A2
Gm26226,RNU6-264P
Slc38a5,SLC38A5
Pkib,PKIB
Sox12,SOX12
Zcchc3,ZCCHC3
Defb20,DEFB128
S100a4,S100A4
Defb22,DEFB108B
Defb22,DEFB108C
Defb22,DEFB132
Defb22,DEFB121
Defb22,DEFB127
Defb22,DEFB104B
Defb22,DEFB104A
Defb22,DEFB134
Max,MAX
Defb26,DEFB125
Mcts2,MCTS2
4930579F01Rik,C4orf17
Gm24340,RNU6-210P
Fhip1a,FHIP1A
Abcg4,ABCG4
Itpk1,ITPK1
Ntng2,NTNG2
Ankrd35,ANKRD35
Aco2,ACO2
Xk,XK
Or6c1,OR6C1
Kcnc2,KCNC2
Mtrex,MTREX
Rab33a,RAB33A
Jtb,JTB
Myo3a,MYO3A
Cacna1f,CACNA1F
Plat,PLAT
Tespa1,TESPA1
Rpf1,RPF1
Cacna2d3,CACNA2D3
Dyrk2,DYRK2
Sst,SST
Nt5c3,NT5C3A
Ptprj,PTPRJ
Cimap1d,CIMAP1D
Tmem271rt,TMEM271
Fbxo40,FBXO40
Hmgcll1,HMGCLL1
Hsdl1,HSDL1
Ldah,LDAH
Ppil4,PPIL4
Gbp2b,GBP2
Hmgn1,HMGN1
Syt11,SYT11
Gm23055,RNU6-1236P
Gm55363,RNU6-616P
Sfn,SFN
Atp6v1g2,ATP6V1G2
Gm55425,Metazoa_SRP
Gm55425,RN7SL670P
Gm55425,RN7SL405P
Synpr,SYNPR
Gm56467,RN7SKP62
Gm56377,5S_rRNA
Nudt12,NUDT12
Dennd4a,DENND4A
Sort1,SORT1
Serpinb6a,SERPINB6
Reep4,REEP4
Synpo,SYNPO
Drp2,DRP2
Nek5,NEK5
Hoxa3,HOXA3
Msln,MSLN
Zmym5,ZMYM5
Slc7a13,SLC7A13
Slc25a18,SLC25A18
Map7,MAP7
Erich2,ERICH2
Zfp703,ZNF703
Or13c3,OR13C3
Kcng2,KCNG2
Nrxn3,NRXN3
Tubb3,TUBB3
Ankrd63,ANKRD63
Muc13,MUC13
Tnfsf13b,TNFSF13B
St8sia5,ST8SIA5
Hoxa10,HOXA10
Crtc1,CRTC1
Ankrd9,ANKRD9
Itsn1,ITSN1
Slc33a1,SLC33A1
Pon2,PON2
Slc8a1,SLC8A1
Prpf19,PRPF19
Myoz3,MYOZ3
Clec4d,CLEC4D
Arl14epl,ARL14EPL
Efcab10,EFCAB10
Cideb,CIDEB
Nmbr,NMBR
Arhgap26,ARHGAP26
Mdga2,MDGA2
Cmtm5,CMTM5
Pou6f1,POU6F1
Tbc1d5,TBC1D5
Mon1b,MON1B
Mansc1,MANSC1
AW209491,C7orf25
Nodal,NODAL
Mkrn2os,MKRN2OS
Slc39a5,SLC39A5
Duxbl1,DUX4L9
Duxbl1,DUX4
Aoah,AOAH
Dtd2,DTD2
Piezo1,PIEZO1
Calcr,CALCR
Lrrfip2,LRRFIP2
Slc2a12,SLC2A12
Fkbp1b,FKBP1B
Tmtc3,TMTC3
Arnt,ARNT
Btbd7,BTBD7
Nrl,NRL
Zfp87,ZNF195
Zfp87,ZNF429
Rrp12,RRP12
Kif13b,KIF13B
Exoc4,EXOC4
Prl,PRL
Aadacl4fm1,AADACL4
Ell2,ELL2
Aadacl4,AADACL4
Laptm4a,LAPTM4A
Aadacl4fm4,AADACL4
AAdacl4fm3,AADACL4
Aadacl4fm5,AADACL4
Akap11,AKAP11
Hbegf,HBEGF
Mapk15,MAPK15
Ly6g6c,LY6G6C
Cpsf6,CPSF6
Pcdhga5,PCDHGA5
Dsg2,DSG2
Rnaset2b,RNASET2
Tnfrsf8,TNFRSF8
Zic5,ZIC5
Hmgcr,HMGCR
Poldip3,POLDIP3
Spata7,SPATA7
Tubgcp3,TUBGCP3
Sfr1,SFR1
Rprd1a,RPRD1A
Rft1,RFT1
Tigd3,TIGD3
Gpha2,GPHA2
Hcfc1r1,HCFC1R1
Gm55379,RN7SKP238
Tex54,TEX54
Sra1,SRA1
Tmem252,TMEM252
Ctag2,CTAG1A
Ctag2,CTAG1B
Ctag2,CTAG2
Ap5b1,AP5B1
Col27a1,COL27A1
Mdfic2,MDFIC2
Yipf4,YIPF4
Ighmbp2,IGHMBP2
Trib1,TRIB1
Mansc4,MANSC4
Ubl4a,UBL4A
Gcc1,GCC1
Krt77,KRT77
Cndp1,CNDP1
Rpusd3,RPUSD3
Ly6g,LY6S
Rpusd1,RPUSD1
Usp9x,USP9X
Mapk8ip2,MAPK8IP2
Sec11c,SEC11C
Adamts14,ADAMTS14
Wtap,WTAP
Mir455,MIR455
Orm2,ORM1
Orm2,ORM2
Cep290,CEP290
Gm24448,RNU6-45P
Zfp397,ZNF397
Gria3,GRIA3
Entrep1,ENTREP1
Gm24234,RNU6-138P
Rhbdl2,RHBDL2
Klf15,KLF15
Syndig1l,SYNDIG1L
Snip1,SNIP1
Cdo1,CDO1
Tnrc6b,TNRC6B
Faxc,FAXC
Ms4a6d,MS4A6A
Ms4a6d,MS4A6E
Isl1,ISL1
Klhdc1,KLHDC1
Cpa5,CPA5
E4f1,E4F1
Cdk11b,CDK11A
Cdk11b,CDK11B
Map4k2,MAP4K2
Pcdhga8,PCDHGA8
Zfp455,ZNF195
Zfp455,ZNF429
Map7d2,MAP7D2
Gnat2,GNAT2
Gimap3,GIMAP5
Cby1,CBY1
Piezo2,PIEZO2
Elavl1,ELAVL1
Il5ra,IL5RA
Erbin,ERBIN
Ilvbl,HACL2
Spam1,SPAM1
Malsu1,MALSU1
Gstm5,GSTM3
Eif1ad10,EIF1AX
Fam43b,FAM43B
Vrtn,VRTN
Csad,CSAD
Rnf19b,RNF19B
Kcp,KCP
Sos2,SOS2
Hsd3b6,HSD3B1
Hsd3b6,HSD3B2
Phaf1,PHAF1
Prok1,PROK1
Gpr87,GPR87
Cimap3,CIMAP3
Trnp1,TRNP1
Prkaa2,PRKAA2
Celsr2,CELSR2
Epb41l4a,EPB41L4A
Serinc2,SERINC2
Nod1,NOD1
Rpl22l1,RPL22L1
Capza1b,CAPZA1
Plekhh1,PLEKHH1
Zfp185,ZNF185
Rgs3,RGS3
Col28a1,COL28A1
Ifnar1,IFNAR1
Gcsh,GCSH
Mtfmt,MTFMT
Mgll,MGLL
Unkl,UNKL
Wdr20rt,WDR20
Aspn,ASPN
Rps6ka5,RPS6KA5
Pabpc5,PABPC5
Gmps,GMPS
Trappc4,TRAPPC4
Kir3dl1,KIR2DS4
Kir3dl1,KIR3DL1
Kir3dl1,KIR3DL2
Kir3dl1,KIR2DL1
Kir3dl1,KIR2DL4
Kir3dl1,KIR3DL3
Kir3dl1,KIR2DL3
Zbed3,ZBED3
Rpl24,RPL24
Tmx3,TMX3
Otud4,OTUD4
Hcrtr1,HCRTR1
Suv39h1,SUV39H1
Elmo1,ELMO1
Cstdc4,CSTA
Slc25a20,SLC25A20
Robo1,ROBO1
Hpdl,HPDL
Pdlim1,PDLIM1
Airim,AIRIM
Dennd2a,DENND2A
Gpr3,GPR3
Tmem255a,TMEM255A
Plscr1,PLSCR1
Isyna1,ISYNA1
Hic2,HIC2
Tas1r1,TAS1R1
Mybpc1,MYBPC1
Hnrnpll,HNRNPLL
Tnfaip8l3,TNFAIP8L3
Prm2,PRM2
Cyp7a1,CYP7A1
Vps13a,VPS13A
Pramel19,PRAMEF2
Pramel19,PRAMEF18
Pramel19,PRAMEF20
Pramel19,PRAMEF6
Pramel19,PRAMEF8
Pramel19,PRAMEF14
Pramel19,PRAMEF19
Pramel19,PRAMEF27
Pramel19,PRAMEF17
Pramel19,PRAMEF11
Pramel19,PRAMEF1
Pramel19,PRAMEF10
Pramel19,PRAMEF9
Pramel19,PRAMEF15
Pramel19,PRAMEF12
Pramel19,PRAMEF4
Pramel19,PRAMEF26
Pramel19,PRAMEF33
Pramel19,PRAMEF7
Pramel19,PRAMEF5
Pramel19,PRAMEF13
Pramel19,PRAMEF25
Map3k9,MAP3K9
Srarp,SRARP
Pramel18,PRAMEF2
Pramel18,PRAMEF18
Pramel18,PRAMEF20
Pramel18,PRAMEF6
Pramel18,PRAMEF8
Pramel18,PRAMEF14
Pramel18,PRAMEF19
Pramel18,PRAMEF27
Pramel18,PRAMEF17
Pramel18,PRAMEF11
Pramel18,PRAMEF1
Pramel18,PRAMEF10
Pramel18,PRAMEF9
Pramel18,PRAMEF15
Pramel18,PRAMEF12
Pramel18,PRAMEF4
Pramel18,PRAMEF26
Pramel18,PRAMEF33
Pramel18,PRAMEF7
Pramel18,PRAMEF5
Pramel18,PRAMEF13
Pramel18,PRAMEF25
Rrh,RRH
Spire1,SPIRE1
Pramel15,PRAMEF2
Pramel15,PRAMEF18
Pramel15,PRAMEF20
Pramel15,PRAMEF6
Pramel15,PRAMEF8
Pramel15,PRAMEF14
Pramel15,PRAMEF19
Pramel15,PRAMEF27
Pramel15,PRAMEF17
Pramel15,PRAMEF11
Pramel15,PRAMEF1
Pramel15,PRAMEF10
Pramel15,PRAMEF9
Pramel15,PRAMEF15
Pramel15,PRAMEF12
Pramel15,PRAMEF4
Pramel15,PRAMEF26
Pramel15,PRAMEF33
Pramel15,PRAMEF7
Pramel15,PRAMEF5
Pramel15,PRAMEF13
Pramel15,PRAMEF25
Fhl1,FHL1
Scg3,SCG3
Rpa2,RPA2
Pomc,POMC
Edc4,EDC4
Dkk2,DKK2
Serpina1b,SERPINA1
Cert1,CERT1
Mad2l1bp,MAD2L1BP
Zfp626,ZNF780A
Ret,RET
Sec14l5,SEC14L5
Aqp3,AQP3
Ccdc169,CCDC169
Gm7072,ZNF34
Efhd2,EFHD2
Rnaseh1,RNASEH1
Slc2a7,SLC2A7
Kansl2,KANSL2
Spata31f1a,SPATA31F1
Spata31f1c,SPATA31F1
4921539E11Rik,C1orf141
Trim23,TRIM23
Slc25a13,SLC25A13
Boc,BOC
Gm30191,C1orf232
Ldlrad2,LDLRAD2
Cep55,CEP55
Cimap2,CIMAP2
Armcx2,ARMCX2
Ermard,ERMARD
Zbtb38,ZBTB38
Tshr,TSHR
Spata31g1,SPATA31G1
Dclre1b,DCLRE1B
Camk2a,CAMK2A
Tssk3,TSSK3
Ccr2,CCR2
Saxo1,SAXO1
Tlr8,TLR8
Ripor2,RIPOR2
Efna3,EFNA3
Rcn2,RCN2
Xkrx,XKRX
Spata31f1d,SPATA31F1
Lsmem1,LSMEM1
Gpc3,GPC3
Tal2,TAL2
Spmip6,SPMIP6
Pnn,PNN
Tmem212,TMEM212
Slc25a14,SLC25A14
Zfp263,ZNF263
Acvr2b,ACVR2B
Gstm4,GSTM4
Dok4,DOK4
Rab10,RAB10
Ankrd65,ANKRD65
Dnali1,DNALI1
Stk38l,STK38L
Stfa2,CSTA
Actl7a,ACTL7A
Atg9b,ATG9B
Acot2,ACOT2
Acot2,ACOT1
Zfp993,ZNF34
Flad1,FLAD1
Clxn,CLXN
Mideas,MIDEAS
Ambp,AMBP
Msantd2,MSANTD2
Tll2,TLL2
Gbx1,GBX1
Slc3a2,SLC3A2
Fcer2a,FCER2
Psmg2,PSMG2
Brms1l,BRMS1L
Abcf1,ABCF1
Eya3,EYA3
Iws1,IWS1
Col12a1,COL12A1
Ktn1,KTN1
Oosp2,OOSP2
Lpar3,LPAR3
Serp1,SERP1
Hoxa7,HOXA7
Btaf1,BTAF1
Filip1l,FILIP1L
Zfp704,ZNF704
Etnk1,ETNK1
Mrps36,KGD4
Vipas39,VIPAS39
Sin3b,SIN3B
Dynlt2b,DYNLT2B
Eif2s3x,EIF2S3
Eif2s3x,EIF2S3B
Gm55876,RN7SKP229
Fam120c,FAM120C
Tcerg1,TCERG1
Il17re,IL17RE
Gbp11,GBP6
Ganab,GANAB
Enc1,ENC1
Odf2l,ODF2L
Map4k3,MAP4K3
Gpbp1l1,GPBP1L1
Ribc1,RIBC1
Hlcs,HLCS
Bmper,BMPER
Jarid2,JARID2
Gm5071,MAGEB6B
Gm5071,MAGEB6
Gm10488,SYCP3
Tceal9,TCEAL9
Eef1akmt4,EEF1AKMT4
Tob2,TOB2
Smim24,SMIM24
Psmd10,PSMD10
Slc7a4,SLC7A4
Phip,PHIP
Pianp,PIANP
Ostm1,OSTM1
Mmgt1,MMGT1
Trmt9b,TRMT9B
Pde1b,PDE1B
Abcb7,ABCB7
Ulbp1,ULBP3
Tmem61,TMEM61
Vwa5b2,VWA5B2
Cdh5,CDH5
Clec4a3,CLEC4C
Grhl3,GRHL3
Rtn4ip1,RTN4IP1
Spmip9,SPMIP9
Nono,NONO
Mthfd2,MTHFD2
Gm23535,RNU6-408P
Agmat,AGMAT
Padi4,PADI4
Smc6,SMC6
Fkbp8,FKBP8
Spata31e2,SPATA31D3
Spata31e2,SPATA31D1
Spata31e2,SPATA31D4
Anapc16,ANAPC16
Cyp4a32,CYP4A22
Cyp4a32,CYP4A11
Cyp4a32,CYP4F12
Cyp4a32,CYP4F11
Gm55767,Y_RNA
Gm55767,RNY1P14
Cep192,CEP192
Spock2,SPOCK2
Gjb5,GJB5
Fam241b,FAM241B
Fads3,FADS3
Nfam1,NFAM1
Entpd3,ENTPD3
Atp8b1,ATP8B1
Eomes,EOMES
Muc17,MUC17
Zc3h11a,ZC3H11A
Zc3h11a,ZC3H11C
Zc3h11a,ZC3H11B
Exosc10,EXOSC10
Slurp1,SLURP1
Chic1,CHIC1
Gask1b,GASK1B
Ppp1ca,PPP1CA
Dek,DEK
Bin1,BIN1
Lmbr1l,LMBR1L
Egr4,EGR4
Rbm3,RBM3
Cxxc4,CXXC4
Ano2,ANO2
Slc25a36,SLC25A36
Gm26418,SNORA10B
Gm26418,SNORA10
Spata1,SPATA1
Gm22260,RNU6-1316P
Map2k2,MAP2K2
Gm25294,RNU6-851P
Gm25294,RNU6-213P
Wbp2nl,WBP2NL
Tmem168,TMEM168
Gm2102,RNF228
Ttc23l,TTC23L
Psmg1,PSMG1
Sf3b6,SF3B6
Umodl1,UMODL1
Sumf1,SUMF1
Ifi44,IFI44
Gpbp1,GPBP1
Ahsa1,AHSA1
Cd5,CD5
Qtrt2,QTRT2
Adgrb1,ADGRB1
Atrnl1,ATRNL1
Snord70,SNORD70
Gm26293,SNORD70B
Gm26287,SNORD11B
Snord11,SNORD11
Chordc1,CHORDC1
Ubr7,UBR7
Clrn2,CLRN2
N6amt1,HEMK2
Rftn1,RFTN1
Arpc4,ARPC4
Gm22089,RNU6-835P
Hspa4l,HSPA4L
Gal3st2b,GAL3ST2
Gm23389,SNORD30
Thap7,THAP7
Pthlh,PTHLH
Rtn1,RTN1
Ash2l,ASH2L
Polr2m,POLR2M
Bst1,BST1
Ing3,ING3
Hsfy2,HSFY1
Hsfy2,HSFY2
Mis18a,MIS18A
Cxcr5,CXCR5
Birc6,BIRC6
Scyl1,SCYL1
Ppihl,PPIH
Gap43,GAP43
Rrm2,RRM2
Tfap4,TFAP4
Clspn,CLSPN
Cyp3a57,CYP3A43
Cyp3a57,CYP3A7
Cyp3a57,CYP3A4
Cyp3a57,CYP3A5
Apeh,APEH
Cyp3a16,CYP3A43
Cyp3a16,CYP3A7
Cyp3a16,CYP3A4
Cyp3a16,CYP3A5
Tmprss15,TMPRSS15
Glt8d2,GLT8D2
Cldn34d,CLDN34
Mageb4,MAGEB2
Abtb1,ABTB1
Lage3,LAGE3
Rock2,ROCK2
Ctnnal1,CTNNAL1
Trmt10c,TRMT10C
Heg1,HEG1
Pa2g4,PA2G4
4930527J03Rik,C1orf202
Pdzk1,PDZK1
Donson,DONSON
Cltb,CLTB
Gm56121,SNORD32A
Gm56121,SNORD32B
Cyc1,CYC1
Mir25,MIR25
Mir106b,MIR106B
Hnrnpu,HNRNPU
Cpt2,CPT2
Nemp1,NEMP1
Alg3,ALG3
Sgtb,SGTB
Phgdh,PHGDH
Zfp990,ZNF34
Smlr1,SMLR1
Mdga1,MDGA1
Gm56305,RNU6-907P
Gm22950,RNU6-41P
Shmt2,SHMT2
Tyrp1,TYRP1
Car5b,CA5B
Rab9b,RAB9B
Ddi2,RSC1A1
Or6n2,OR6N2
Nudt10,NUDT11
Fkbp11,FKBP11
Or6n1,OR6N1
Iqcb1,IQCB1
Gm14525,SYCP3
Or6k6,OR6K6
Or6k4,OR6K3
Armcx6,ARMCX6
Prr27,PRR27
Or6k2,OR6K2
Or10z1,OR10Z1
Odam,ODAM
Cdkal1,CDKAL1
Anxa4,ANXA4
Aspg,ASPG
Col4a3,COL4A3
Cimap1b,CIMAP1B
Fdcsp,FDCSP
Cenpe,CENPE
Ccdc107,CCDC107
Aff2,AFF2
Dhh,DHH
Pam16l,PAM16
Vpreb3,VPREB3
Prkaa1,PRKAA1
Tm4sf20,TM4SF20
Tro,TRO
Chrna9,CHRNA9
Zbtb8os,ZBTB8OS
Timm21,TIMM21
Traf7,TRAF7
Hmx1,HMX1
Cenpm,CENPM
Gm25930,RNU6-377P
Gdf9,GDF9
Fcrl5,FCRL5
Akap9,AKAP9
Sowaha,SOWAHA
Pcdha2,PCDHA2
Mul1,MUL1
Il4,IL4
Cst6,CST6
Arg2,ARG2
Marchf3,MARCHF3
Deptor,DEPTOR
Gm24517,RNU6-743P
Mus81,MUS81
Syne3,SYNE3
Ttr,TTR
Fbxo42,FBXO42
Fnta,FNTA
Krt80,KRT80
Wnt8a,WNT8A
Ctxn3,CTXN3
Pomt2,POMT2
Itgb5,ITGB5
Baiap2l2,BAIAP2L2
Tmem132d,TMEM132D
Mad2l1,MAD2L1
Iars1,IARS1
Rbm27,RBM27
Renbp,RENBP
Mir152,MIR152
Slc10a4-ps,SLC10A4
Lypd2,LYPD2
Ccdc85b,CCDC85B
Tnfrsf4,TNFRSF4
Ank3,ANK3
Ms4a1,MS4A1
Arl6ip5,ARL6IP5
Trmu,TRMU
Trim14,TRIM14
Wdr83os,WDR83OS
Plaat3,PLAAT3
Nat8l,NAT8L
Retsat,RETSAT
Fam184b,FAM184B
Tm6sf2,TM6SF2
A430005L14Rik,C1orf174
Psd2,PSD2
Ahnak,AHNAK
Gal3st2c,GAL3ST2
Dnajc30,DNAJC30
Cxcl5,CXCL6
Calm1,CALM1
Pbx4,PBX4
Pi15,PI15
Shh,SHH
Mfsd9,SLC67A2
Srrm3,SRRM3
Gorab,GORAB
Hnrnpul2,HNRNPUL2
Dlx5,DLX5
2310009B15Rik,C1orf53
Nfkb2,NFKB2
Inmt,INMT
Nipal1,NIPAL1
Igfbp5,IGFBP5
Dusp4,DUSP4
Tex52,TEX52
Calb2,CALB2
Slc10a6,SLC10A6
Crocc2,CROCC2
Clcn6,CLCN6
Slco4c1,SLCO4C1
Prok2,PROK2
Oas1g,OAS1
Begain,BEGAIN
Kdm7a,KDM7A
Glt1d1,GLT1D1
Neil3,NEIL3
Shcbp1l,SHCBP1L
Rnf182,RNF182
Micall2,MICALL2
Cox14,COX14
Bcap29,BCAP29
Cfap65,CFAP65
Cd80,CD80
Amph,AMPH
Osmr,OSMR
Entpd1,ENTPD1
Dennd5b,DENND5B
Usp33,USP33
Wnt10a,WNT10A
Prrg1,PRRG1
Tmem186,TMEM186
Nupr2,NUPR2
Adat1,ADAT1
AU021092,C16orf89
Naa40,NAA40
5730480H06Rik,PACRGL
Zfand2b,ZFAND2B
Atp6v1d,ATP6V1D
Rpl22,RPL22
Smad2,SMAD2
Slc52a2,SLC52A1
Slc52a2,SLC52A2
Akap14,AKAP14
Pcyt1a,PCYT1A
Xlr5a,FAM9B
Xlr5a,FAM9C
Xlr5a,FAM9A
Tcf7l1,TCF7L1
Spata31h-ps1,SPATA31H1
Tmprss11d,TMPRSS11D
Nckap1l,NCKAP1L
Gpbar1,GPBAR1
B3gnt7,B3GNT7
Usp7,USP7
Pprc1,PPRC1
Cldn13,CLDN4
Kif14,KIF14
Cabs1,CABS1
Mis18bp1,MIS18BP1
Gmeb1,GMEB1
4933424G06Rik,C2orf92
Agtr2,AGTR2
Sri,SRI
Far2,FAR2
Rnf139,RNF139
6430548M08Rik,KIAA0513
Msn,MSN
Nms,NMS
Parp6,PARP6
Smagp,SMAGP
Neurl3,NEURL3
Il18rap,IL18RAP
Msantd5f10,MSANTD5
Bag5,BAG5
Fam167b,FAM167B
Ap3b1,AP3B1
Fam118a,FAM118A
Smad7,SMAD7
Hsp90aa1,HSP90AA1
Efcab2,DRC8
Ccdc171,CCDC171
Pcdhga7,PCDHGA7
Tmf1,TMF1
Mbd2,MBD2
Tex50,TEX50
Ap1s3,AP1S3
Bscl2,BSCL2
Lmx1a,LMX1A
Cpox,CPOX
Btla,BTLA
Pgk1,PGK1
Camk4,CAMK4
Tagln2,TAGLN2
Hgf,HGF
Htr1f,HTR1F
Smarcad1,SMARCAD1
Ndufb4,NDUFB4
Steep1,STEEP1
Ephb3,EPHB3
Gne,GNE
Sft2d2,SFT2D2
Mtpap,MTPAP
Aldh6a1,ALDH6A1
Sh3bp4,SH3BP4
Hpse,HPSE
Tmem191,TMEM191B
Tmem191,TMEM191C
Rrp7a,RRP7A
Ppp1r3f,PPP1R3F
Kif11,KIF11
Iqca1,DRC11
Adgrg4,ADGRG4
Slain2,SLAIN2
Adcy7,ADCY7
Fam50a,FAM50A
Mrpl21,MRPL21
Ndufb1,NDUFB1
Ikzf2,IKZF2
Hfm1,HFM1
Ppwd1,PPWD1
Art4,ART4
Pnliprp2,PNLIPRP2
Arf5,ARF5
Zfp148,ZNF148
B4gat1,B4GAT1
Rbm25,RBM25
Fev,FEV
Rbsn,RBSN
Pmm1,PMM1
Gpam,GPAM
Klhl21,KLHL21
Klf2,KLF2
Shb,SHB
Apln,APLN
N4bp2,N4BP2
Rs1,RS1
Cyp4v3,CYP4V2
Acaa2,ACAA2
Timm17b,TIMM17B
Lzts1,LZTS1
Ndufa13,NDUFA13
Gm22152,U3
Agtpbp1,AGTPBP1
Gpr82,GPR82
Slc12a8,SLC12A8
Rps6ka6,RPS6KA6
Creb3l3,CREB3L3
Gnl2,GNL2
Hsd17b2,HSD17B2
Parm1,PARM1
Tmem209,TMEM209
Myo1b,MYO1B
Kif5b,KIF5B
Senp1,SENP1
Usp30,USP30
Serpina10,SERPINA10
Mmaa,MMAA
Ckb,CKB
Lats1,LATS1
Dynlt1a,DYNLT1
Lmnb2,LMNB2
Tagap1,TAGAP
Med15,MED15
Medag,MEDAG
Spats1,SPATS1
Gm24596,RNU6-531P
Chchd2,CHCHD2
Snx12,SNX12
Cox16,COX16
Or2t49,OR2T5
Or2t49,OR2T29
Or2t49,OR2T4
Dhdds,DHDDS
Or2t48,OR2T5
Or2t48,OR2T29
Or2t48,OR2T4
Klc4,KLC4
Or2t47,OR2T5
Or2t47,OR2T29
Or2t47,OR2T4
Or11l3,OR11L1
Or2ak7,OR2AK2
Ppef2,PPEF2
Or2ak6,OR2AK2
Xlr,SYCP3
Or2ak5,OR2AK2
Or2t44,OR2T33
Or2t44,OR2T12
Or2t44,OR2T8
Cdk10,CDK10
Pigg,PIGG
Dapk3,DAPK3
Zfta,ZFTA
Fchsd1,FCHSD1
Sephs2,SEPHS2
Ccdc177,CCDC177
Arsa,ARSA
Avpi1,AVPI1
Kidins220,KIDINS220
Gm773,SYCP3
Xndc1,XNDC1N
Iqsec3,IQSEC3
Slfn14,SLFN14
Sec31b,SEC31B
Sms,SMS
Khdrbs3,KHDRBS3
Pdia2,PDIA2
Snord7,SNORD7
Gas2l2,GAS2L2
1700020L24Rik,C17orf50
Zbtb8b,ZBTB8B
Trim62,TRIM62
Phf10,PHF10
Ccdc68,CCDC68
Rmnd1,RMND1
Rph3a,RPH3A
Gale,GALE
Zfp438,ZNF438
Haus7,HAUS7
Slc25a26,SLC25A26
Fbn2,FBN2
Rpgrip1l,RPGRIP1L
Bcorl1,BCORL1
Nsmce2,NSMCE2
Usp16,USP16
Dlgap1,DLGAP1
Prelid2,PRELID2
Gm22177,RNU1-44P
Lancl3,LANCL3
Rab1b,RAB1B
Tead4,TEAD4
Ccne2,CCNE2
Mageb18,MAGEB18
Pwwp4d,PWWP4
Ankar,ANKAR
Gemin8,GEMIN8
Slc20a2,SLC20A2
Cxxc5,CXXC5
Acrbp,ACRBP
Efemp2,EFEMP2
Fam199x,FAM199X
Tmem72,TMEM72
Snora30,SNORA37
Rab9,RAB9A
Fkbp9,FKBP9
Stradb,STRADB
Cdh10,CDH10
Ccdc182,CCDC182
Omp,OMP
Mfsd12,MFSD12
Szt2,SZT2
Mppe1,MPPE1
Taf1,TAF1L
Taf1,TAF1
Prrt4,PRRT4
Vps28,VPS28
Dhx36,DHX36
2610528J11Rik,C1orf210
4930522H14Rik,C1orf185
Cct8,CCT8
Slco1a5,SLCO1A2
Fen1,FEN1
Cirbp,CIRBP
Pot1a,POT1
Cc2d2b,CC2D2B
Tmt1a,TMT1A
Dync1li2,DYNC1LI2
Gm23040,RNU1-43P
Twnk,TWNK
Echdc2,ECHDC2
Gm24143,SNORA38
Gm54825,SNORA21B
Snora21,SNORA21
Fgf2,FGF2
Ntaq1,NTAQ1
Psen1,PSEN1
Minpp1,MINPP1
Niban1,NIBAN1
Cyp2u1,CYP2U1
Tfb1m,TFB1M
Fuca2,FUCA2
Taco1,TACO1
Lbx2,LBX2
Intu,INTU
Cfl1,CFL1
Ints1,INTS1
Mogs,MOGS
Usp43,USP43
Slc25a5,SLC25A5
Pcdhga4,PCDHGA4
Parp11,PARP11
Ppp2r5d,PPP2R5D
Slc27a6,SLC27A6
Cct5,CCT5
Pld6,PLD6
Snord15b,SNORD15B
Snord15a,SNORD15A
Psmd2,PSMD2
Lman1,LMAN1
Ctxnd2,CTXND2
Ehd1,EHD1
Nipal4,NIPAL4
Atp11c,ATP11C
Tor1aip1,TOR1AIP1
Iba57,IBA57
Meox2,MEOX2
Esrrb,ESRRB
Aloxe3,ALOXE3
Mir326,MIR326
Tpbgl,TPBGL
Exosc1,EXOSC1
Glg1,GLG1
Shisa6,SHISA6
Or2at4,OR2AT4
Psmc1,PSMC1
Ykt6,YKT6
Tnfaip8,TNFAIP8
Hoxa11,HOXA11
Cnot2,CNOT2
Vgll4,VGLL4
Tnfsf14,TNFSF14
Cacng4,CACNG4
Shisa4,SHISA4
Ier3,IER3
Rab40c,RAB40C
Rit2,RIT2
Cnih2,CNIH2
Glcci1,GLCCI1
Nr1d1,NR1D1
Slc5a2,SLC5A2
Zfp980,ZNF34
Phtf1,PHTF1
Prkd1,PRKD1
Fam117a,FAM117A
Cdh7,CDH7
Prss38,PRSS38
Cd74,CD74
Cldn34c6,CLDN34
Ngfr,NGFR
Pnck,PNCK
Zfp947,ZNF34
Serbp1,SERBP1
Usp48,USP48
Kcnmb1,KCNMB1
Leng9,LENG9
Asb13,ASB13
Lhcgr,LHCGR
Tdrd1,TDRD1
Traf4,TRAF4
Lnx1,LNX1
Eif1ad4,EIF1AX
Synj2bp,SYNJ2BP
Pheta2,PHETA2
Thsd1,THSD1
Aqp5,AQP5
Lipg,LIPG
Akain1,AKAIN1
Ndufs4,NDUFS4
Shisal1,SHISAL1
Spata32,SPATA32
Ptgr3,PTGR3
Prox2,PROX2
Taf7,TAF7
Osgin1,OSGIN1
Fhod3,FHOD3
Dgkd,DGKD
Ager,AGER
Lamb1,LAMB1
Chct1,CHCT1
Basp1,BASP1
Adm2,ADM2
Galp,GALP
Ly6c2,LY6S
Zfp712,ZNF845
Dip2c,DIP2C
Dennd3,DENND3
Eme2,EME2
Faap20,FAAP20
Sec22a,SEC22A
Acbd4,ACBD4
Stfa2l1,CSTA
Rcc1,RCC1
Nlrp12,NLRP12
Def8,DEF8
Sorcs1,SORCS1
Tigit,TIGIT
Mir292,MIR371A
Mir291b,MIR372
Mir293,MIR371A
Mir294,MIR372
BC016579,C3orf52
Klhl3,KLHL3
Eif2b5,EIF2B5
Inhba,INHBA
Mtmr12,MTMR12
Arhgdig,ARHGDIG
Klk1b16,KLK1
Ly86,LY86
Klk1b24,KLK1
Mycbpap,MYCBPAP
Mitf,MITF
Lcor,LCOR
Klk1b3,KLK1
Tusc2,TUSC2
Fpr3,FPR2
Arid1b,ARID1B
Tert,TERT
Klk1b5,KLK1
Ephb1,EPHB1
Krt15,KRT15
Acsl5,ACSL5
Gm26247,SNORD88C
Snord88c,SNORD88B
Snord88a,SNORD88B
Gm23991,SNORD88B
Acp4,ACP4
Krbox5,ZNF257
Dync2li1,DYNC2LI1
Phf8,PHF8
Fndc8,FNDC8
Zfp738,ZNF727
Zfp738,ZNF695
Zfp738,ZNF738
Zfp738,ZNF85
Zfp738,ZNF681
Zfp738,ZNF682
Zfp738,ZNF736
Zfp738,ZNF678
Zfp738,ZNF724
Sbk3,SBK3
Slfn10,SLFN11
Slfn10,SLFN13
Mier3,MIER3
Podn,PODN
Cd300lf,CD300LF
Als2cl,ALS2CL
Klrb1b,KLRB1
Papola,PAPOLA
Polr3h,POLR3H
Hapln1,HAPLN1
Akr1b1,AKR1B1
Lingo2,LINGO2
Catsperg2,CATSPERG
Colec12,COLEC12
Pik3r1,PIK3R1
Tuba8,TUBA8
Ivns1abp,IVNS1ABP
Cimip6,CIMIP6
Prrc1,PRRC1
Srsf3,SRSF3
Aass,AASS
Depdc1b,DEPDC1B
Ccl21a,CCL21
Slc4a1,SLC4A1
Actr1a,ACTR1A
Fam151a,FAM151A
Scube1,SCUBE1
Samtor,SAMTOR
Faim,FAIM
Phf2,PHF2
Pkd2l2,PKD2L2
Ift25,IFT25
Ypel1,YPEL1
Vsig10l,VSIG10L
Nrn1,NRN1
Sox5,SOX5
Iglon5,IGLON5
Pgbd1,PGBD1
Or5k17,OR5K4
Pnliprp1,PNLIPRP1
Ftsj1,FTSJ1
Klk14,KLK14
Azi2,AZI2
4930563E22Rik,C17orf100
Etv5,ETV5
Mtr,MTR
Syt7,SYT7
Kcnc4,KCNC4
Klk9,KLK9
Dsg1b,DSG1
Faap100,FAAP100
Klk1b8,KLK1
Osbpl1a,OSBPL1A
Ulk1,ULK1
Klk1b1,KLK1
Mtss1,MTSS1
Klk1b9,KLK1
Klk1b11,KLK1
Kifc1,KIFC1
Srsf11,SRSF11
Adat3,ADAT3
Klk1b26,KLK1
Ddx21,DDX21
Mrpl22,MRPL22
Mier1,MIER1
Mylk,MYLK
Rps15,RPS15
Gm38999,C19orf84
Smg8,SMG8
Fmr1,FMR1
Gpihbp1,GPIHBP1
1810055G02Rik,C11orf24
Aars1,AARS1
Zfp61,ZNF226
Nlrp1a,NLRP1
Slc22a30,SLC22A9
Spatc1,SPATC1
Tescl,TESC
Crtap,CRTAP
Gm50092,SRRM5
Ccdc43,CCDC43
Efcab6,EFCAB6
Sh3bgr,SH3BGR
Pigq,PIGQ
Aagab,AAGAB
Mgat5b,MGAT5B
Asah2,ASAH2
Asah2,ASAH2B
Carmil1,CARMIL1
H2aj,H2AJ
Arhgap39,ARHGAP39
Shq1,SHQ1
Dynll1,DYNLL1
Ccng1,CCNG1
Rtn4r,RTN4R
Rsl1d1,RSL1D1
Stmn1,STMN1
Gpr12,GPR12
Bbip1,BBIP1
Iscu,ISCU
Fbxw21,FBXW12
Trmt11,TRMT11
Fkbp14,FKBP14
Tlcd3a,TLCD3A
Zfp266,ZNF266
Gm22649,RN7SL211P
Gm22649,RN7SL81P
Gm22649,RN7SL38P
Gm22649,RN7SL69P
Gm22649,RN7SL801P
Gm22649,RN7SL77P
Gm22649,Metazoa_SRP
Gm22649,RN7SL74P
Gm22649,RN7SL252P
Gm22649,RN7SL434P
Gm22649,RN7SL217P
Gm22649,RN7SL727P
Gm22649,RN7SL574P
Bbs12,BBS12
Atf4,ATF4
Tmem145,TMEM145
Cd86,CD86
Rwdd3,RWDD3
Gucy2c,GUCY2C
C1qtnf6,C1QTNF6
Cdr2,CDR2
Tmem50b,TMEM50B
1700012B09Rik,C11orf97
Dlgap3,DLGAP3
Atl3,ATL3
Fancl,FANCL
Bmp3,BMP3
Mmrn1,MMRN1
Ern2,ERN2
Dcps,DCPS
Chic2,CHIC2
Ubr5,UBR5
Tbce,TBCE
Cntnap2,CNTNAP2
Acad9,ACAD9
Kpna1,KPNA1
Six5,SIX5
Aldh18a1,ALDH18A1
Rwdd2a,RWDD2A
Coprs,COPRS
Ndn,NDN
Pan3,PAN3
Nkx6-2,NKX6-2
Fzd4,FZD4
Ntmt2,NTMT2
Ptpro,PTPRO
Lrrc3,LRRC3
Rnf7,RNF7
Kiss1r,KISS1R
Agpat5,AGPAT5
Cadm1,CADM1
Arhgap33,ARHGAP33
Sgcd,SGCD
Ccnd3,CCND3
Hmg20b,HMG20B
Stx6,STX6
Txnip,TXNIP
Sncaip,SNCAIP
Pcnx2,PCNX2
Fbxo45,FBXO45
Zfp2,ZFP2
Ehhadh,EHHADH
Elavl2,ELAVL2
Tmprss2,TMPRSS2
Mgarp,MGARP
Endod1,ENDOD1
Plaat1,PLAAT1
Hephl1,HEPHL1
Uqcc4,UQCC4
Prelid1,PRELID1
Btnl2,BTNL2
Clcc1,CLCC1
Exph5,EXPH5
Ly6g5b,LY6G5B
Prss50,PRSS50
Clic1,CLIC1
Cadm4,CADM4
Rrn3,RRN3
Catsper3,CATSPER3
Rasgef1b,RASGEF1B
Ccdc91,CCDC91
Ramp1,RAMP1
Scaper,SCAPER
Eid2b,EID2B
Spmip10,SPMIP10
St8sia2,ST8SIA2
Rexo1,REXO1
Tmem238,TMEM238
Erbb4,ERBB4
Nrip3,NRIP3
Hk3,HK3
Elac1,ELAC1
Ccdc102a,CCDC102A
Tead3,TEAD3
Rasgef1c,RASGEF1C
Cemip,CEMIP
Gfra3,GFRA3
Rbm22,RBM22
Htr7,HTR7
Cldn34b1,CLDN34
Zfhx3,ZFHX3
Rbm10,RBM10
Aamp,AAMP
Galm,GALM
Ciart,CIART
Gna14,GNA14
Ubn1,UBN1
Hmgb2,HMGB2
Grk2,GRK2
Bambi,BAMBI
Ankrd12,ANKRD12
Lmnb1,LMNB1
Zfp189,ZNF189
Nfkb1,NFKB1
Atp11a,ATP11A
Itpripl2,ITPRIPL2
Lrrc42,LRRC42
Slc28a1,SLC28A1
B4galnt2,B4GALNT2
Slc14a2,SLC14A2
Sec14l4,SEC14L4
Pgpep1l,PGPEP1L
Cripto,CRIPTO3
Cripto,CRIPTO
Nuak1,NUAK1
Uevld,UEVLD
Sema6b,SEMA6B
Adarb1,ADARB1
Klf1,KLF1
Pdgfrb,PDGFRB
Ciao2b,CIAO2B
Msl1,MSL1
Cacybp,CACYBP
Grin2a,GRIN2A
Sdhb,SDHB
Homer3,HOMER3
Pccb,PCCB
Pglyrp1,PGLYRP1
Tlnrd1,TLNRD1
Dppa2,DPPA2
Kcnc3,KCNC3
Gabarap,GABARAP
Wdr46,WDR46
Colgalt2,COLGALT2
Zscan5b,ZSCAN5B
Zscan5b,ZSCAN5C
Zscan5b,ZSCAN5A
Lxn,LXN
Atp13a5,ATP13A5
Tmed7,TMED7
Mcur1,MCUR1
Prr12,PRR12
Entpd7,ENTPD7
Spinkl,SPINK9
Myoz2,MYOZ2
Pcdhga9,PCDHGA9
Iqcm,IQCM
S100pbp,S100PBP
Abraxas2,ABRAXAS2
Stk36,STK36
Gfra1,GFRA1
Polr2d,POLR2D
Tmem170,TMEM170A
Slc14a1,SLC14A1
Prkar2b,PRKAR2B
Gsr,GSR
Crybb1,CRYBB1
Tspo2,TSPO2
Brd10,BRD10
Asap1,ASAP1
Pde4d,PDE4D
Tm2d1,TM2D1
Samd13,SAMD13
Gpr156,GPR156
2510009E07Rik,C3orf70
Rmc1,RMC1
Negr1,NEGR1
Rpp30,RPP30
Fbxl13,FBXL13
Akap7,AKAP7
Robo4,ROBO4
Sdf2l1,SDF2L1
Naxe,NAXE
Timmdc1,TIMMDC1
Lin7b,LIN7B
Boll,BOLL
Slc26a7,SLC26A7
Pdzrn3,PDZRN3
Eif4ebp2,EIF4EBP2
Icosl,ICOSLG
Pigh,PIGH
Rcan3,RCAN3
Kif22,KIF22
Tfe3,TFE3
Lbx1,LBX1
Serpind1,SERPIND1
Serpine1,SERPINE1
Tm4sf1,TM4SF1
Dok1,DOK1
Ptrhd1,PTRHD1
Plcb3,PLCB3
Zbtb42,ZBTB42
Reep3,REEP3
Svbp,SVBP
F11,F11
Nfkbia,NFKBIA
Smim30,SMIM30
Nlrc3,NLRC3
Vwa3b,VWA3B
Ap4m1,AP4M1
Klk1b22,KLK1
Bsdc1,BSDC1
Gng12,GNG12
Abca4,ABCA4
Rps28,RPS28
Flvcr2,FLVCR2
Ubqln3,UBQLN3
Wdr88,WDR88
Fbxo30,FBXO30
Erfl,ERFL
Btg3,BTG3
Col4a1,COL4A1
Fhl4,FHL1
Zbtb25,ZBTB25
Themis,THEMIS
Scamp1,SCAMP1
Wdr53,WDR53
Clnk,CLNK
Inpp5d,INPP5D
Fer,FER
Klhl22,KLHL22
S100a13,S100A13
Gpr22,GPR22
Amn1,AMN1
Cdk17,CDK17
Yy1,YY1
Eri3,ERI3
Myl2,MYL2
Cryz,CRYZ
Ets2,ETS2
Mapk4,MAPK4
Fxyd4,FXYD4
Coa8,COA8
Wrnip1,WRNIP1
Tpcn2,TPCN2
Jcad,JCAD
Cryzl1,CRYZL1
2700062C07Rik,RMP24
Grik4,GRIK4
Cipc,CIPC
Nol7,NOL7
Hdac11,HDAC11
Ppic,PPIC
Dctn2,DCTN2
Gon4l,YY1AP1
Gon4l,GON4L
Acot1,ACOT2
Acot1,ACOT1
Tnmd,TNMD
Ppp1r36,PPP1R36
Apcdd1,APCDD1
Washc1,WASHC1
Washc1,WASH6P
Fam114a1,FAM114A1
Med12,MED12
Alpk2,ALPK2
Aldh5a1,ALDH5A1
Cdh3,CDH3
Vcpkmt,VCPKMT
Ostf1,OSTF1
Atp6v0a1,ATP6V0A1
Tekt4,TEKT4
Tekt4,MAFIP
Lrriq4,LRRIQ4
Minar2,MINAR2
Phc1,PHC1
Aida,AIDA
Slc25a24,SLC25A24
Gpr137b,GPR137B
Cyp1a1,CYP1A1
Pxmp2,PXMP2
Pcdhga2,PCDHGA2
Dtx4,DTX4
Tshz1,TSHZ1
Nwd1,NWD1
Zkscan16,ZNF483
Pphln1,PPHLN1
Pdgfc,PDGFC
Mbd1,MBD1
As3mt,AS3MT
Wdr20,WDR20
Mdh2,MDH2
Cfi,CFI
Ddx10,DDX10
Hsp90ab1,HSP90AB1
Asap3,ASAP3
Casp6,CASP6
Izumo1,IZUMO1
Cdyl,CDYL
Ap4s1,AP4S1
Gipc3,GIPC3
Cyp2a4,CYP2A13
Cyp2a4,CYP2A6
Cyp2a4,CYP2A7
Hint3,HINT3
Flrt1,FLRT1
Sars1,SARS1
Pttg1ip2,PTTG1IP2
Slc22a26,SLC22A9
Lrrc32,LRRC32
Tmc1,TMC1
Fhl3,FHL3
Relb,RELB
Iqcg,DRC9
Ube2n,UBE2N
Crybb3,CRYBB3
Rnf44,RNF44
Foxa1,FOXA1
Slf2,SLF2
Slc2a5,SLC2A5
Jkamp,JKAMP
Avpr1a,AVPR1A
Tmprss5,TMPRSS5
Il10rb,IL10RB
Tbc1d8,TBC1D8
Spire2,SPIRE2
Polr3b,POLR3B
Gpr63,GPR63
Rps9,RPS9
Perm1,PERM1
Paqr3,PAQR3
Msmp,MSMP
Lrp12,LRP12
Eqtn,EQTN
4930453N24Rik,C3orf38
Mrap,MRAP
Atl1,ATL1
Nup50,NUP50
Nrxn2,NRXN2
Ucp3,UCP3
Pola1,POLA1
C1qtnf7,C1QTNF7
Lsm3,LSM3
Usp45,USP45
Coro7,CORO7
Orai1,ORAI1
Zfp740,ZNF740
Lrguk,LRGUK
Tnrc18,TNRC18
Ube2s,UBE2S
Bbs2,BBS2
Lum,LUM
Cib2,CIB2
Trim12a,TRIM5
Acp6,ACP6
Bcl2l14,BCL2L14
Necab1,NECAB1
Enpp4,ENPP4
Timm9,TIMM9
Cdkn1b,CDKN1B
Cyp2e1,CYP2E1
Glb1l2,GLB1L2
Nap1l1,NAP1L1
Pex26,PEX26
Or5b102,OR5B3
Mmut,MMUT
Ppcs,PPCS
Sipa1,SIPA1
Tango6,TANGO6
Resf1,RESF1
Kif4,KIF4A
Nipsnap3b,NIPSNAP3A
Ttyh3,TTYH3
Ccnt1,CCNT1
Moap1,MOAP1
Selenot,SELENOT
Taf1b,TAF1B
Mynn,MYNN
Rmi1,RMI1
Plaa,PLAA
Alk,ALK
Ndufb11,NDUFB11
Arr3,ARR3
Mrps33,MRPS33
Prickle1,PRICKLE1
Fbxo9,FBXO9
Ocln,OCLN
Brpf3,BRPF3
Extl2,EXTL2
Cmc4,CMC4
Pomp,POMP
Zfx,ZFX
Nme9,NME9
Syngr1,SYNGR1
Arap1,ARAP1
Nanog,NANOGP8
Nanog,NANOG
Wdr7,WDR7
Trim45,TRIM45
Txndc11,TXNDC11
Myom3,MYOM3
Ddhd2,DDHD2
Yipf6,YIPF6
Dbf4,DBF4
Lmod2,LMOD2
Ccnb1,CCNB1
Lep,LEP
Cep63,CEP63
Tsga13,TSGA13
Rpe65,RPE65
Puf60,PUF60
Ifi206,IFI16
Amot,AMOT
Serpinb3b,SERPINB4
Serpinb3b,SERPINB3
Nol9,NOL9
Wnk1,WNK1
Tdo2,TDO2
Jdp2,JDP2
Magea13,MAGEA8
Magea13,MAGEC1
Magea13,MAGEC2
Magea13,MAGEA11
Magea13,MAGEC3
Magea13,MAGEA4
Magea13,MAGEA2B
Magea13,MAGEA12
Magea13,MAGEA2
Gjb1,GJB1
Ltbp1,LTBP1
Usp37,USP37
Utp14a,UTP14A
Utp14a,UTP14C
Pfn4,PFN4
Ints12,INTS12
Kctd7,KCTD7
Neurog3,NEUROG3
Cox7b2,COX7B2
Kcns3,KCNS3
Vps26a,VPS26A
Agr2,AGR2
Npnt,NPNT
Cyth3,CYTH3
Pdik1l,PDIK1L
Trim9,TRIM9
Pgls,PGLS
Zmynd12,ZMYND12
Rev3l,REV3L
Rps8,RPS8
Cimap1c,CIMAP1C
Ablim3,ABLIM3
Gfod2,GFOD2
Tmem35b,TMEM35B
Cntnap3,CNTNAP3
Cntnap3,CNTNAP3B
Cntnap3,CNTNAP3C
Plppr1,PLPPR1
Gabpa,GABPA
Myl3,MYL3
Lpar4,LPAR4
Rwdd1,RWDD1
Jakmip2,JAKMIP2
Plp2,PLP2
Xrcc4,XRCC4
Myom1,MYOM1
Glod5,GLOD5
Fmo1,FMO1
Vps35,VPS35
Gbp6,GBP6
Suox,SUOX
Slc25a34,SLC25A34
Phka1,PHKA1
Ccdc28a,CCDC28A
Guca2b,GUCA2B
Lrtm2,LRTM2
Ddah1,DDAH1
Fkbp2,FKBP2
Plxna4,PLXNA4
Sobp,SOBP
Ptp4a2,PTP4A2
Maf1,MAF1
Ifitm7,IFITM1
Ifitm7,IFITM2
Ifitm7,IFITM3
Rela,RELA
Dgcr8,DGCR8
Gdi2,GDI2
Polr2e,POLR2E
Slc36a4,SLC36A4
Pura,PURA
Brca2,BRCA2
Gata6,GATA6
Scly,SCLY
Sphk2,SPHK2
Hpca,HPCA
Ccny,CCNY
Atf1,ATF1
Dntt,DNTT
Lims1,LIMS1
Lims1,LIMS3
Lims1,LIMS4
Macir,MACIR
Sac3d1,SAC3D1
Ankrd2,ANKRD2
Dpp8,DPP8
Commd8,COMMD8
Rbm4,RBM4
Abcc9,ABCC9
Bend6,BEND6
Cyp51,CYP51A1
Sub1,SUB1
Peli3,PELI3
Rbm11,RBM11
Phax,PHAX
Eya4,EYA4
Bace2,BACE2
Fam170a,FAM170A
Tnpo1,TNPO1
Hnrnpdl,HNRNPDL
Upk3a,UPK3A
Tmt1a2,TMT1A
Ube3a,UBE3A
Or4f17,OR4F4
Or4f17,OR4F17
Or4f17,OR4F5
Trpt1,TRPT1
Afg3l2,AFG3L2
Rictor,RICTOR
Mpv17l,MPV17L
Cfhr1,CFHR2
Cfhr1,CFHR1
Naaladl1,NAALADL1
Tmem67,TMEM67
Sstr5,SSTR5
Myf6,MYF6
Pdcd11,PDCD11
Dusp1,DUSP1
Apc2,APC2
Usp34,USP34
Abi3bp,ABI3BP
Lonp2,LONP2
Qpct,QPCT
Map4k4,MAP4K4
Myct1,MYCT1
Alx1,ALX1
Sypl1,SYPL1
Dhx37,DHX37
Ccn2,CCN2
Ralbp1,RALBP1
Spatc1l,SPATC1L
Cys1,CYS1
Or9k2b,OR9K2
Dnajc21,DNAJC21
Nab2,NAB2
Dlk1,DLK1
Rsrp1,RSRP1
Prph,PRPH
Mctp1,MCTP1
Tjp2,TJP2
Sgk1,SGK1
Zswim6,ZSWIM6
Smim23,SMIM23
Ripk1,RIPK1
Dmac1,DMAC1
Abra,ABRA
Prpf40b,PRPF40B
Zc2hc1c,ZC2HC1C
Phldb3,PHLDB3
Pcdhgb4,PCDHGB4
Pcnx1,PCNX1
Apc,APC
Zkscan8,ZKSCAN8
Atosb,ATOSB
Angptl4,ANGPTL4
Ncf1,NCF1
Exoc2,EXOC2
Lix1,LIX1
Prkd2,PRKD2
Ppfia4,PPFIA4
Fbf1,FBF1
Rnaset2a,RNASET2
Cyp3a59,CYP3A43
Cyp3a59,CYP3A7
Cyp3a59,CYP3A4
Cyp3a59,CYP3A5
Grm3,GRM3
Slc25a28,SLC25A28
Spata17,SPATA17
Serpina3c,SERPINA3
Ccdc175,CCDC175
Rcor2,RCOR2
Uvssa,UVSSA
Rmdn2,RMDN2
Adck1,ADCK1
Tox3,TOX3
Rbbp5,RBBP5
Irx3,IRX3
Septin12,SEPTIN12
Mms22l,MMS22L
Btg1,BTG1
Tpcn1,TPCN1
Nup133,NUP133
Sptbn2,SPTBN2
Epas1,EPAS1
Tle5,TLE5
Zfp444,ZNF444
Rttn,RTTN
Bex6,BEX4
Hcls1,HCLS1
Ebag9,EBAG9
Tvp23a,TVP23A
Tnfsf9,TNFSF9
Cdkl4,CDKL4
Oasl1,OASL
Dmxl1,DMXL1
Mrps17,MRPS17
Bfar,BFAR
Laptm4b,LAPTM4B
Ppargc1b,PPARGC1B
Six3,SIX3
Spsb4,SPSB4
Ephx3,EPHX3
Alg12,ALG12
Pip4k2c,PIP4K2C
Inppl1,INPPL1
Rrp36,RRP36
Trim36,TRIM36
Thsd7b,THSD7B
Man2b1,MAN2B1
Abcc1,ABCC1
Cep76,CEP76
Tyw5,TYW5
Chka,CHKA
Txlna,TXLNA
Otulin,OTULIN
Aarsd1,AARSD1
Pom121l2,POM121L2
Gtf2a1l,GTF2A1L
Cwc27,CWC27
Glipr1l1,GLIPR1L1
Rock1,ROCK1
Msh5,MSH5
Cpsf4,CPSF4
Zfp280c,ZNF280C
Rab36,RAB36
Cthrc1,CTHRC1
Serpinb5,SERPINB5
Gramd4,GRAMD4
Dmap1,DMAP1
Nek2,NEK2
Tomm22,TOMM22
Bmerb1,BMERB1
Nat8f6,NAT8
Wdr74,WDR74
Phykpl,PHYKPL
Dnmt1,DNMT1
Wasl,WASL
Spink13,SPINK13
St3gal1,ST3GAL1
Tnfrsf12a,TNFRSF12A
Fmn2,FMN2
Tcof1,TCOF1
Naa50,NAA50
Ncf4,NCF4
Kcnip2,KCNIP2
Rasl11b,RASL11B
Tprkb,TPRKB
Plekhh2,PLEKHH2
Ppp4r3a,PPP4R3A
Snai2,SNAI2
Ccdc191,CCDC191
Prap1,PRAP1
Ppp3r2,PPP3R2
Man1a,MAN1A1
Fam133b,FAM133B
Tnfrsf25,TNFRSF25
Cacnb3,CACNB3
Rasip1,RASIP1
Utp11,UTP11
Tnp2,TNP2
Actr2,ACTR2
Txnrd2,TXNRD2
Parp8,PARP8
Sertm2,SERTM2
Acot9,ACOT9
Nipsnap3a,NIPSNAP3A
Rdh13,RDH13
Slc2a9,SLC2A9
Rdh16,RDH16
Snx32,SNX32
Tnnt2,TNNT2
Ubxn2b,UBXN2B
Elob,ELOB
Oprm1,OPRM1
Caskin2,CASKIN2
Cd209f,CLEC4M
Axin1,AXIN1
Eci2,ECI2
Sigirr,SIGIRR
Lrrc25,LRRC25
Lurap1l,LURAP1L
Gm56411,RNA5SP172
Syf2,SYF2
Nme3,NME3
Ciita,CIITA
Hdac9,HDAC9
Rad18,RAD18
Kcnj4,KCNJ4
Gnl3l,GNL3L
Nup93,NUP93
Tmem117,TMEM117
Hadha,HADHA
Elavl4,ELAVL4
Slfn1,SLFN12
Slfn1,SLFN12L
Pgc,PGC
Triobp,TRIOBP
Aff4,AFF4
Rfx2,RFX2
Epc1,EPC1
Dpp3,DPP3
Map3k10,MAP3K10
Secisbp2,SECISBP2
Glipr1l3,GLIPR1L1
1810030O07Rik,CXorf38
Prcd,PRCD
Sbno2,SBNO2
Oog4,PRAMEF2
Oog4,PRAMEF18
Oog4,PRAMEF20
Oog4,PRAMEF6
Oog4,PRAMEF8
Oog4,PRAMEF14
Oog4,PRAMEF19
Oog4,PRAMEF27
Oog4,PRAMEF17
Oog4,PRAMEF11
Oog4,PRAMEF1
Oog4,PRAMEF10
Oog4,PRAMEF9
Oog4,PRAMEF15
Oog4,PRAMEF12
Oog4,PRAMEF4
Oog4,PRAMEF26
Oog4,PRAMEF33
Oog4,PRAMEF7
Oog4,PRAMEF5
Oog4,PRAMEF13
Oog4,PRAMEF25
Mocos,MOCOS
Erp44,ERP44
Nr1i2,NR1I2
Lpcat3,LPCAT3
Rtl8c,RTL8C
Snn,SNN
Jade3,JADE3
Ier3ip1,IER3IP1
Popdc2,POPDC2
Triqk,TRIQK
Itgam,ITGAM
Acvrl1,ACVRL1
Gm22192,SNORD62A
Treml2,TREML2
Mir199b,MIR199B
Pcdhga12,PCDHGA12
Trat1,TRAT1
Cdkn2c,CDKN2C
Lcn2,LCN2
Stard8,STARD8
Rhot2,RHOT2
Senp5,SENP5
Zmiz2,ZMIZ2
Dok6,DOK6
Samd9l,SAMD9L
Rassf8,RASSF8
Impact,IMPACT
Fbxo6,FBXO6
Htra3,HTRA3
Gnb4,GNB4
Serpinb6b,SERPINB6
Gm25879,RNU6-1012P
Zfp384,ZNF384
Epcip,EPCIP
Rcan1,RCAN1
Sema5a,SEMA5A
Gm22708,RNU6-716P
Dlst,DLST
Sod1,SOD1
Gp5,GP5
Ppp1r2,PPP1R2
Ppp1r2,PPP1R2B
Fam169a,FAM169A
Ptk6,PTK6
Rragb,RRAGB
Commd10,COMMD10
Srms,SRMS
Nalf1,NALF1
Or2a12,OR2A12
Il17c,IL17C
Ciao3,CIAO3
Gprc6a,GPRC6A
Ces3b,CES3
Xpc,XPC
Lrat,LRAT
Dcst2,DCST2
Zcchc8,ZCCHC8
Slc22a16,SLC22A16
Tsc22d2,TSC22D2
Cd200,CD200
Apoo,APOO
Gja5,GJA5
Tafa3,TAFA3
Usp44,USP44
Hdac10,HDAC10
Pet100,PET100
Cth,CTH
Gramd2b,GRAMD2B
Mrpl50,MRPL50
Ipmk,IPMK
Hcst,HCST
Dcun1d5,DCUN1D5
Ffar3,GPR42
Ffar3,FFAR3
Fbxw4,FBXW4
Agtrap,AGTRAP
Dctn5,DCTN5
Adcy9,ADCY9
Mocs3,MOCS3
Dpysl5,DPYSL5
Med10,MED10
Tmem59l,TMEM59L
Tnfrsf14,TNFRSF14
Odc1,ODC1
Or1q1,OR1Q1
Tamm41,TAMM41
Barx2,BARX2
Slc35a4,SLC35A4
Cdkn2d,CDKN2D
Il22ra2,IL22RA2
Morn1,MORN1
Armt1,DCPH1
Htr4,HTR4
Rora,RORA
Cxadr,CXADR
Nsa2,NSA2
Ttc9c,TTC9C
Rfc5,RFC5
Ms4a4a,MS4A4E
Ms4a4a,MS4A4A
C4b,C4B
C4b,C4A
Prl7d1,PRL
Cblb,CBLB
Cdh8,CDH8
Kmt5b,KMT5B
Slco1c1,SLCO1C1
Ndufs6,NDUFS6
Tfam,TFAM
Gbp7,GBP4
Svil,SVIL
Zfp445,ZNF445
Abi2,ABI2
Rps23,RPS23
Dph5,DPH5
Sash1,SASH1
Morc4,MORC4
Crhbp,CRHBP
Cep128,CEP128
Gldn,GLDN
Ppfia3,PPFIA3
Simc1,SIMC1
Snapc2,SNAPC2
Mbd3l2,MBD3L2B
Mbd3l2,MBD3L5
Mbd3l2,MBD3L4
Mbd3l2,MBD3L2
Mbd3l2,MBD3L3
Col25a1,COL25A1
Chrna5,CHRNA5
Pced1b,PCED1B
Mcm7,MCM7
Siah1a,SIAH1
Kcnj8,KCNJ8
Hey1,HEY1
Dab1,DAB1
Ptbp1,PTBP1
Dapk1,DAPK1
P2rx6,P2RX6
Eef1d,EEF1D
Eif5a,EIF5AL1
Eif5a,EIF5A
Mtcp1,MTCP1
Reps2,REPS2
Msto1,MSTO1
Ptcd3,PTCD3
Riox2,RIOX2
Trf,TF
Nop58,NOP58
Cdhr3,CDHR3
Tff2,TFF2
Pals1,PALS1
Tmprss3,TMPRSS3
Tfrc,TFRC
Calr,CALR
Ebp,EBP
Tifab,TIFAB
Zfp160,ZNF160
Zfp160,ZNF665
Rbm24,RBM24
Ddx3x,DDX3X
Fbrsl1,FBRSL1
Fat1,FAT1
Ryr2,RYR2
Eipr1,EIPR1
Tlx1,TLX1
Nudt22,NUDT22
Socs5,SOCS5
Bclaf3,BCLAF3
Stx3,STX3
Fabp2,FABP2
Lamp1,LAMP1
Mrps18b,MRPS18B
Amer3,AMER3
Ndufc2,NDUFC2
L3hypdh,L3HYPDH
Ece2,ECE2
Dbi,DBI
Rras,RRAS
Ahnak2,AHNAK2
Bcan,BCAN
Cox5b,COX5B
Sel1l,SEL1L
Aqp11,AQP11
Tmprss6,TMPRSS6
Gm29695,BLACAT1
Kcne4,KCNE4
Fam98c,FAM98C
Gpatch3,GPATCH3
Cklf,CKLF
Zfp451,ZNF451
Adamts6,ADAMTS6
Ube2d1,UBE2D1
Lilra6,LILRA4
Lilra6,LILRA2
Lilra6,LILRA6
Lilra6,LILRB1
Lilra6,LILRB3
Lilra6,LILRB4
Lilra6,LILRA1
Lilra6,LILRB5
Lilra6,LILRB2
Lilra6,LILRA5
Nfil3,NFIL3
Ly6a,LY6S
Praf2,PRAF2
C1galt1c1,C1GALT1C1
C3,C3
Pwwp3b,PWWP3B
Cope,COPE
Pald1,PALD1
Yae1d1,YAE1
Ttll13,TTLL13
Zdhhc16,ZDHHC16
Gfus,GFUS
Mknk1,MKNK1
Mfsd14b,SLC71A2
Dmd,DMD
Gp2,GP2
Kpna7,KPNA7
Plekha4,PLEKHA4
Ctsk,CTSK
Ints6l,INTS6L
Slc16a9,SLC16A9
Neil1,NEIL1
Qdpr,QDPR
Aqp4,AQP4
Pttg1ip,PTTG1IP
Srrm2,SRRM2
Hnrnph1,HNRNPH1
Tbl1xr1,TBL1XR1
D2hgdh,D2HGDH
Gsk3a,GSK3A
Hars1,HARS1
Sfxn1,SFXN1
Mlf2,MLF2
Nfkbil1,NFKBIL1
Cstdc5,CSTA
Riok2,RIOK2
Cand1,CAND1
Osbpl11,OSBPL11
Tent5d,TENT5D
Rnf4,RNF4
Tmem179,TMEM179
Insl3,INSL3
Eif4ebp1,EIF4EBP1
Yaf2,YAF2
Cysltr1,CYSLTR1
Rgs6,RGS6
Rnf5,RNF5
Gdi1,GDI1
Fxn,FXN
Tfap2b,TFAP2B
Aplp2,APLP2
Snord17,SNORD17
Slc12a2,SLC12A2
Tusc3,TUSC3
Zfp30,ZFP30
Dock10,DOCK10
Abcd2,ABCD2
Mrpl49,MRPL49
Ndufb10,NDUFB10
Utrn,UTRN
Paxip1,PAXIP1
Ms4a6b,MS4A6A
Ms4a6b,MS4A6E
Gnpda1,GNPDA1
Cldn1,CLDN1
Tnfsf13,TNFSF13
Urb1,URB1
Slc22a15,SLC22A15
Rgn,RGN
Crtac1,CRTAC1
Lrrc56,LRRC56
Chaf1a,CHAF1A
Dlx3,DLX3
Letmd1,LETMD1
Serpina9,SERPINA9
Uba3,UBA3
Serpina3k,SERPINA3
Hrob,HROB
Plk2,PLK2
Ctif,CTIF
Myo16,MYO16
Creb3l4,CREB3L4
Abca1,ABCA1
Pqbp1,PQBP1
Ppp1r18,PPP1R18
Srp54c,SRP54
Pam16,PAM16
Tsr3,TSR3
Garem1,GAREM1
Ercc3,ERCC3
Tbc1d23,TBC1D23
Gabrq,GABRQ
Tvp23b,TVP23C
Tvp23b,TVP23B
Bsg,BSG
Sphkap,SPHKAP
Plk4,PLK4
Slc9a7,SLC9A7
Ing1,ING1
Rbp7,RBP7
Btbd9,BTBD9
Gpn2,GPN2
Nnt,NNT
Nptx2,NPTX2
Tmem183a,TMEM183A
Slc66a2,SLC66A2
Ankrd40,ANKRD40
Adss1,ADSS1
Katnb1,KATNB1
Eif3e,EIF3E
Klhl4,KLHL4
Tmem126b,TMEM126B
Otub1,OTUB1
Dcun1d4,DCUN1D4
Mfap4,MFAP4
Smim38,SMIM38
Jsrp1,JSRP1
3110040N11Rik,C15orf40
Uhmk1,UHMK1
Hoga1,HOGA1
Ranbp1,RANBP1
Cadm3,CADM3
P2ry1,P2RY1
Spata31f3,SPATA31F3
Mpeg1,MPEG1
Agtr1b,AGTR1
Cd6,CD6
Ly6g2,LY6S
Nt5dc3,NT5DC3
Map3k4,MAP3K4
Abhd3,ABHD3
Jam2,JAM2
Slc25a47,SLC25A47
Bmpr1b,BMPR1B
Syce3,SYCE3
Kmt5c,KMT5C
Cldn34c2,CLDN34
Canx,CANX
Gls,GLS
Dynlt3,DYNLT3
Stx12,STX12
Snx15,SNX15
Sec63,SEC63
Colec11,COLEC11
Pfdn5,PFDN5
Gm5169,SYCP3
3830403N18Rik,SYCP3
Grm8,GRM8
Actn1,ACTN1
Spdye4a,SPDYE21
Spdye4a,SPDYE5
Spdye4a,SPDYE2B
Spdye4a,SPDYE12
Spdye4a,SPDYE1
Spdye4a,SPDYE14
Spdye4a,SPDYE4
Spdye4a,SPDYE15
Spdye4a,SPDYE6
Spdye4a,SPDYE18
Spdye4a,SPDYE13
Spdye4a,SPDYE8
Spdye4a,SPDYE3
Spdye4a,SPDYE17
Spdye4a,SPDYE9
Spdye4a,SPDYE16
Spdye4a,SPDYE10
Spdye4a,SPDYE2
Spdye4a,SPDYE11
Casp1,CARD16
Casp1,CASP1
Hnrnpa2b1,HNRNPA2B1
Hcfc1,HCFC1
2900026A02Rik,KIAA1671
Tfg,TFG
Atf7,ATF7
Golga7b,GOLGA7B
Adh6b,ADH6
Hormad1,HORMAD1
Gm26003,SNORA71A
Sppl3,SPPL3
Nr3c1,NR3C1
Reg3g,REG1B
Ano10,ANO10
Foxj3,FOXJ3
Klhl29,KLHL29
Rab3il1,RAB3IL1
Actg2,ACTG2
Mplkip,MPLKIP
Lonrf3,LONRF3
Use1,USE1
Gpx4,GPX4
Gm10486,SYCP3
Mterf3,MTERF3
Dnmt3c,DNMT3B
Ncoa1,NCOA1
Il2rb,IL2RB
Itln1,ITLN1
Stard6,STARD6
Bpifb2,BPIFB2
Cd47,CD47
Mturn,MTURN
Esrra,ESRRA
Sytl4,SYTL4
Kcnmb3,KCNMB3
Tymp,TYMP
Mug2,PZP
Mug2,CPAMD8
Pim1,PIM1
Snrnp25,SNRNP25
Col14a1,COL14A1
Rhobtb1,RHOBTB1
Calhm2,CALHM2
Card11,CARD11
Actn3,ACTN3
N4bp3,N4BP3
Pdk4,PDK4
Kremen2,KREMEN2
Ctse,CTSE
Klrd1,KLRD1
Mnt,MNT
Vmn1r12,VN1R5
Zfp521,ZNF521
Ankrd53,ANKRD53
Ahdc1,AHDC1
Aff3,AFF3
Med13,MED13
Wnt5b,WNT5B
Stim2,STIM2
Bex4,BEX4
Rabggtb,RABGGTB
Ntrk2,NTRK2
Pcdhac1,PCDHAC1
Ripply1,RIPPLY1
Ccdc92b,CCDC92B
Capn6,CAPN6
Nfatc3,NFATC3
Zfp236,ZNF236
Gm24875,RNU6-678P
Dscc1,DSCC1
Herc6,HERC6
Plagl1,PLAGL1
Nrarp,NRARP
Gm22572,RNU6-739P
Smarcd3,SMARCD3
Slc34a3,SLC34A3
Armcx4,ARMCX4
Brd1,BRD1
Ndfip1,NDFIP1
Gpc4,GPC4
Rnf224,RNF224
Map2k3,MAP2K3
Tceal8,TCEAL8
Bag6,BAG6
Cysrt1,CYSRT1
Wwp1,WWP1
Rnf208,RNF208
Tmem203,TMEM203
Slc26a6,SLC26A6
Dkc1,DKC1
Rpe,RPE
Rpe,RPEL1
Klrb1a,KLRB1
Glra3,GLRA3
Cxcl1,CXCL3
F2rl3,F2RL3
Cx3cl1,CX3CL1
Myo1h,MYO1H
Rarres2,RARRES2
Caps2,CAPS2
Hand2,HAND2
Ap1s2,AP1S2
Scn11a,SCN11A
1110038F14Rik,C8orf33
Dnajc18,DNAJC18
Cerkl,CERKL
Cfap54,CFAP54
Igdcc3,IGDCC3
Plekha2,PLEKHA2
Cav1,CAV1
Ark2c,ARK2C
Sfxn3,SFXN3
Syap1,SYAP1
Racgap1,RACGAP1
B4galt4,B4GALT4
Trp53rkb,TP53RK
Adh4,ADH4
Repin1,REPIN1
Rnmt,RNMT
Ddx54,DDX54
Lyrm7,LYRM7
Sim1,SIM1
Tsen2,TSEN2
Plp1,PLP1
Pus3,PUS3
Fnbp4,FNBP4
Tbrg1,TBRG1
Cfap44,CFAP44
Pramel31,PRAMEF2
Pramel31,PRAMEF18
Pramel31,PRAMEF20
Pramel31,PRAMEF6
Pramel31,PRAMEF8
Pramel31,PRAMEF14
Pramel31,PRAMEF19
Pramel31,PRAMEF27
Pramel31,PRAMEF17
Pramel31,PRAMEF11
Pramel31,PRAMEF1
Pramel31,PRAMEF10
Pramel31,PRAMEF9
Pramel31,PRAMEF15
Pramel31,PRAMEF12
Pramel31,PRAMEF4
Pramel31,PRAMEF26
Pramel31,PRAMEF33
Pramel31,PRAMEF7
Pramel31,PRAMEF5
Pramel31,PRAMEF13
Pramel31,PRAMEF25
Tsga10,TSGA10
Asic5,ASIC5
Hk1,HK1
Pcgf1,PCGF1
Col23a1,COL23A1
Ric1,RIC1
Sertm1,SERTM1
Dnajc5b,DNAJC5B
Ss18l2,SS18L2
Nlrp3,NLRP3
Cpped1,CPPED1
Irx5,IRX5
Timm8b,TIMM8B
Cisd2,CISD2
Hmcn2,HMCN2
Kras,KRAS
Rps6ka1,RPS6KA1
Cenpu,CENPU
Pmm2,PMM2
Dock3,DOCK3
Tenm1,TENM1
Mblac2,MBLAC2
Zfp346,ZNF346
Elp5,ELP5
Tnni3k,TNNI3K
Shtn1,SHTN1
Bpgm,BPGM
Pcdhgb5,PCDHGB5
Angpt4,ANGPT4
Fam53c,FAM53C
Bcl11b,BCL11B
Lrrc4,LRRC4
Gprasp2,GPRASP2
Baz1a,BAZ1A
Cercam,CERCAM
Eif4a2,EIF4A2
Plxnd1,PLXND1
Wdr33,WDR33
Zfp729a,ZNF845
Bphl,BPHL
Ccnjl,CCNJL
Gsc,GSC
Trp53i13,TP53I13
Asxl2,ASXL2
Ptar1,PTAR1
Pitpnm1,PITPNM1
Cxcl14,CXCL14
Igf2bp3,IGF2BP3
Slc5a10,SLC5A10
Plpp1,PLPP1
Sorl1,SORL1
Agbl5,AGBL5
Ttc32,TTC32
Nol10,NOL10
Krt17,KRT17
Uqcrb,UQCRB
Ankrd7,POTEA
Cenpk,CENPK
Suclg1,SUCLG1
Gucd1,GUCD1
Mbnl3,MBNL3
Fbxo15,FBXO15
Arhgap10,ARHGAP10
4833439L19Rik,KIAA1191
Dele1,DELE1
Vash1,VASH1
Tomm20l,TOMM20L
Upk2,UPK2
Hsd17b10,HSD17B10
Dnttip2,DNTTIP2
Dus4l,DUS4L
Ccdc28b,CCDC28B
Htr3a,HTR3A
Ylpm1,YLPM1
Mios,MIOS
Mef2d,MEF2D
Dab2ip,DAB2IP
Ndufs7,NDUFS7
Ajap1,AJAP1
Pcyt1b,PCYT1B
Megf6,MEGF6
Cep170b,CEP170B
Sgsm3,SGSM3
Pdk3,PDK3
Ankhd1,ANKHD1
Dlx6,DLX6
Tfb2m,TFB2M
Bicd1,BICD1
Slc18b1,SLC18B1
Cyb561a3,CYB561A3
Mon1a,MON1A
Nrsn1,NRSN1
Aptx,APTX
Thbs4,THBS4
Nalf2,NALF2
Pfdn1,PFDN1
Popdc3,POPDC3
Fmr1nb,FMR1NB
Cdh20,CDH20
Car14,CA14
Nck1,NCK1
Dcaf5,DCAF5
Adgb,ADGB
Zfp874a,ZNF195
Zfp874a,ZNF429
Ifi209,IFI16
Fam193a,FAM193A
Lmntd1,LMNTD1
Ubap1l,UBAP1L
Cnnm2,CNNM2
Me2,ME2
Pole2,POLE2
Omd,OMD
Elovl5,ELOVL5
Tgfbi,TGFBI
Brcc3,BRCC3
Dohh,DOHH
Ak3,AK3
Tox,TOX
Drc1,DRC1
A830018L16Rik,C8orf34
Impa1,IMPA1
Cd274,CD274
Dpf3,DPF3
Krba1,KRABD3
Cyp26c1,CYP26C1
Or5an11,OR5AN1
Mtrf1l,MTRF1L
A1cf,A1CF
Cd209b,CD209
Bag1,BAG1
Thbd,THBD
Hcn2,HCN2
Pabir3,PABIR3
Sstr4,SSTR4
Zbtb10,ZBTB10
Gnaz,GNAZ
Lipm,LIPM
Sfpq,SFPQ
Chil3,CHIA
Spg21,SPG21
Rps6kl1,RPS6KL1
Mrpl54,MRPL54
Spink10,SPINK9
Lyrm4,LYRM4
Pgm5,PGM5
Tasor2,TASOR2
Zfp992,ZNF34
Pitpnb,PITPNB
Tmem164,TMEM164
Lyrm2,LYRM2
Cep78,CEP78
R3hdm4,R3HDM4
Il6ra,IL6R
Tgfbr1,TGFBR1
Tbx5,TBX5
Spink6,SPINK6
F2r,F2R
Pcdhgb6,PCDHGB6
Nkd2,NKD2
Tk2,TK2
Matr3,MATR3
Brwd3,BRWD3
Arid5b,ARID5B
Cyb561d1,CYB561D1
Nsun2,NSUN2
Zfp518a,ZNF518A
Myb,MYB
Ccdc86,CCDC86
Esam,ESAM
Ube2j1,UBE2J1
Ifit3,IFIT3
Pdgfra,PDGFRA
Myo18a,MYO18A
Gsto2,GSTO2
Amdhd1,AMDHD1
Lhfpl1,LHFPL1
Elk1,ELK1
Fam162b,FAM162B
Padi3,PADI3
Car7,CA7
Anp32a,ANP32A
Anp32a,ANP32D
Ston2,STON2
Dock11,DOCK11
Zfr2,ZFR2
Ccnj,CCNJ
Nbl1,NBL1
Ncapg2,NCAPG2
Slc22a6,SLC22A6
Coro1b,CORO1B
Mpv17l2,MPV17L2
Cops5,COPS5
Tceal5,TCEAL3
Tceal5,TCEAL5
Tceal5,TCEAL6
Sp8,SP8
Acot6,ACOT6
Tdrd9,TDRD9
Kars1,KARS1
Fam90a1b,FAM90A9
Fam90a1b,FAM90A10
Fam90a1b,FAM90A24
Fam90a1b,FAM90A17
Fam90a1b,FAM90A22
Fam90a1b,FAM90A8
Fam90a1b,FAM90A26
Fam90a1b,FAM90A1
Fam90a1b,FAM90A11
Fam90a1b,FAM90A18
Fam90a1b,FAM90A20
Fam90a1b,FAM90A7
Fam90a1b,FAM90A13
Fam90a1b,FAM90A16
Fam90a1b,FAM90A19
Fam90a1b,FAM90A15
Fam90a1b,FAM90A12
Fam90a1b,FAM90A23
Fam90a1b,FAM90A3
Fam90a1b,FAM90A14
Fam90a1b,FAM90A5
Ropn1l,ROPN1L
Bcap31,BCAP31
Slc38a3,SLC38A3
Gdf3,GDF3
Tigd2,TIGD2
Cd9,CD9
Igfbp6,IGFBP6
Nr5a2,NR5A2
Nit2,NIT2
Setd1b,SETD1B
Retreg1,RETREG1
Nrdc,NRDC
Scd2,SCD
Fkbp3,FKBP3
Hltf,HLTF
Gbx2,GBX2
Defa17,DEFA4
Defa17,DEFA1
Defa17,DEFA5
Defa17,DEFA1B
Defa17,DEFA6
Defa17,DEFA3
Tac1,TAC1
Atp1b1,ATP1B1
Carnmt1,CARNMT1
Txlnb,TXLNB
Stag2,STAG2
Ces3a,CES3
Fyttd1,FYTTD1
Anxa3,ANXA3
Oxr1,OXR1
Pfkfb3,PFKFB3
Paip2,PAIP2
Trmt112,TRMT112
Irf5,IRF5
Cd34,CD34
Unc5cl,UNC5CL
Rbm20,RBM20
Sfxn2,SFXN2
Sacm1l,SACM1L
Arf6,ARF6
Pdia6,PDIA6
Oit3,OIT3
Ubr2,UBR2
Etfbkmt,ETFBKMT
Tbc1d32,TBC1D32
Fcho2,FCHO2
Slc12a9,SLC12A9
Cntf,CNTF
Dmrt1,DMRT1
Atp13a4,ATP13A4
Tmem109,TMEM109
Sycp1,SYCP1
Cd48,CD48
Chd4,CHD4
Tmem198,TMEM198
Arv1,ARV1
Cdk4,CDK4
Erlin1,ERLIN1
Cd244a,CD244
Fut8,FUT8
Gm34066,C2orf66
Pcdha3,PCDHA3
Catip,CATIP
Poli,POLI
Nphs2,NPHS2
Cdk2ap2,CDK2AP2
Mettl21e,METTL21EP
Vti1a,VTI1A
Prelp,PRELP
Banp,BANP
Apbb2,APBB2
Eef1a1,EEF1A1
Zc3h12d,ZC3H12D
Lrrc52,LRRC52
Pkp1,PKP1
Slc9b1,SLC9B1
Nabp2,NABP2
Chga,CHGA
Dimt1,DIMT1
Vangl1,VANGL1
Smc3,SMC3
Heatr5b,HEATR5B
Tnnt3,TNNT3
Cxcr1,CXCR1
Mpp7,MPP7
Tex22,TEX22
Samd11,SAMD11
Tram2,TRAM2
Kcnh3,KCNH3
Ckap4,CKAP4
Vcan,VCAN
Polrmt,POLRMT
Ddx1,DDX1
Magix,MAGIX
Kmo,KMO
Mrpl3,MRPL3
Akna,AKNA
AU015836,CHCHD4
P2ry10,P2RY10
Cybb,CYBB
Ppef1,PPEF1
Msantd5f8,MSANTD5
Abhd17a,ABHD17A
Slit1,SLIT1
Tars1,TARS1
Pxdc1,PXDC1
Bex1,BEX1
Bex1,BEX2
Vcp,VCP
Rnf149,RNF149
Pla2r1,PLA2R1
Gng4,GNG4
Tcp11l2,TCP11L2
Porcn,PORCN
Pi4ka,PI4KA
Fubp1,FUBP1
Phf14,PHF14
Lhfpl5,LHFPL5
Cenpp,CENPP
Prrt1,PRRT1
Med30,MED30
Elp2,ELP2
Gdap1,GDAP1
B230219D22Rik,C5orf24
Gxylt1,GXYLT1
Tmem170b,TMEM170B
Best3,BEST3
Eif4e1b,EIF4E1B
Ccdc59,CCDC59
Ranbp3,RANBP3
Tuba4a,TUBA4A
Klf16,KLF16
Dbx2,DBX2
Mtfr2,MTFR2
Ctnnb1,CTNNB1
Mfsd5,SLC61A1
Rhpn1,RHPN1
2610028H24Rik,C21orf58
Pigc,PIGC
Pla2g4a,PLA2G4A
Pym1,PYM1
Rnf103,RNF103
Zeb2,ZEB2
Kdm1b,KDM1B
Fam184a,FAM184A
Kat5,KAT5
Alppl2,ALPG
Alppl2,ALPI
Alppl2,ALPP
Ybx1,YBX1
Mest,MEST
A530016L24Rik,C14orf180
Cnot9,CNOT9
Pus7,PUS7
Esr2,ESR2
Tmem276,TMEM276
Card10,CARD10
Cfap126,CFAP126
Cdca7l,CDCA7L
Ndufaf6,NDUFAF6
Ankrd33,ANKRD33
Fbxo7,FBXO7
Tnks1bp1,TNKS1BP1
Sqle,SQLE
Atg2b,ATG2B
Mstn,MSTN
Tmem45a2,TMEM45A
Chrng,CHRNG
Hook2,HOOK2
Fam83d,FAM83D
Vps8,VPS8
Hal,HAL
Ggh,GGH
Accsl,ACCSL
Klhl30,KLHL30
Il6st,IL6ST
Cpsf3,CPSF3
Septin3,SEPTIN3
Aire,AIRE
Tbc1d13,TBC1D13
Dhx57,DHX57
Aqp7,AQP7
Aqp7,AQP7B
Ankrd1,ANKRD1
Prr5,PRR5
Zc3hav1,ZC3HAV1
Zfp326,ZNF326
Azin1,AZIN1
Ppp1r14b,PPP1R14B
U2surp,U2SURP
Fem1c,FEM1C
Ifit2,IFIT2
Odad2,ODAD2
Fads1,FADS1
Bzw1,BZW1
Msx2,MSX2
Arid3c,ARID3C
Tex11,TEX11
Slf1,SLF1
Lias,LIAS
Galk2,GALK2
Ccbe1,CCBE1
Spata6,SPATA6
Cd163,CD163
Lrrtm2,LRRTM2
Cyb5a,CYB5A
Usp12,USP12
Ankrd29,ANKRD29
Spata18,SPATA18
Opn1mw,OPN1MW3
Opn1mw,OPN1LW
Opn1mw,OPN1MW2
Opn1mw,OPN1MW
Cfap58,CFAP58
Hgh1,HGH1
Cmas,CMAS
Trpc5os,TRPC5OS
Myrf,MYRF
Pgrmc1,PGRMC1
Aard,AARD
Taf4,TAF4
Tctn2,TCTN2
Asb9,ASB9
Pop1,POP1
Tmx1,TMX1
Atp2b3,ATP2B3
Plekhg6,PLEKHG6
Supt3,SUPT3H
Ddx59,DDX59
Klf11,KLF11
Riok3,RIOK3
Tes,TES
Tmem141,TMEM141
Crcp,CRCP
Prlr,PRLR
Atp6v1c2,ATP6V1C2
Echdc1,ECHDC1
Gtpbp4,GTPBP4
Rtf1,RTF1
Cdc42,CDC42
Vamp8,VAMP8
Wfdc9,WFDC9
Clec4b1,CLEC4C
Vps51,VPS51
Lpgat1,LPGAT1
Try10,PRSS1
Try10,PRSS3
Try10,PRSS2
Stx18,STX18
Clic3,CLIC3
Arx,ARX
Tnks2,TNKS2
Clcn1,CLCN1
Tmem185a,TMEM185A
Trim69,TRIM69
Kmt2a,KMT2A
Kdm4b,KDM4B
Nt5c1b,NT5C1B
Nup43,NUP43
Ndp,NDP
Rfwd3,RFWD3
Nyx,NYX
Cytip,CYTIP
Fam236f,FAM236B
Fam236f,FAM236A
Fam236f,FAM236C
Fam236f,FAM236D
Tmem223,TMEM223
1600025M17Rik,SMIM10L2B-AS1
Ffar4,FFAR4
BC005537,C6orf62
Spmip5,SPMIP5
Rbm41,RBM41
Vsig8,VSIG8
Fabp7,FABP7
Styxl2,STYXL2
Tet1,TET1
Ippk,IPPK
Prtg,PRTG
Il1b,IL1B
Csgalnact1,CSGALNACT1
Nhsl1,NHSL1
Prg3,PRG3
Trmt2b,TRMT2B
Vps37c,VPS37C
Wfdc5,WFDC5
Scamp2,SCAMP2
Lypla1,LYPLA1
Mtres1,MTRES1
Prdm6,PRDM6
Bpifa3,BPIFA3
Pum2,PUM2
Rbp4,RBP4
Tmem200a,TMEM200A
Tuba3b,TUBA3D
Slc6a7,SLC6A7
Polk,POLK
Zswim2,ZSWIM2
Tab2,TAB2
Mobp,MOBP
Itpr1,ITPR1
Lipn,LIPN
Hars2,HARS2
Ptger4,PTGER4
Rnf217,RNF217
Pdcd1lg2,PDCD1LG2
Adcy6,ADCY6
Lyz2,LYZ
Ncor2,NCOR2
Hc,C5
Elovl3,ELOVL3
Wnt8b,WNT8B
Mcm4,MCM4
Dennd4b,DENND4B
Afg2b,AFG2B
Ppp6r3,PPP6R3
Gm2030,SYCP3
Ikbkb,IKBKB
Spin2i,SPIN2B
Spin2i,SPIN2A
Ctnnd2,CTNND2
Arhgap4,ARHGAP4
Fcnb,FCN1
Mink1,MINK1
Ptpru,PTPRU
Tmem70,TMEM70
Usp15,USP15
Ptpn18,PTPN18
Chodl,CHODL
Acy1,ACY1
Slc44a3,SLC44A3
Clcn2,CLCN2
Hrh4,HRH4
Arfgef1,ARFGEF1
Rgs19,RGS19
Prickle2,PRICKLE2
Slc23a1,SLC23A1
Ugt8a,UGT8
Eif4e3,EIF4E3
Arsi,ARSI
Dctn4,DCTN4
Rab11fip5,RAB11FIP5
Sugct,SUGCT
Il12a,IL12A
Ddx47,DDX47
Slc2a13,SLC2A13
Mast4,MAST4
Shox2,SHOX2
Abhd16b,ABHD16B
Actl10,ACTL10
Apol6,APOL6
Defb29,DEFB116
Mybphl,MYBPHL
Wfdc12,WFDC12
Hsd3b2,HSD3B1
Hsd3b2,HSD3B2
Mrpl4,MRPL4
Zfp7,ZNF7
Pmaip1,PMAIP1
Fam210a,FAM210A
Mttp,MTTP
Stard4,STARD4
Zhx1,ZHX1
Hoxc8,HOXC8
Ndufa2,NDUFA2
Mybpc3,MYBPC3
Bik,BIK
Rnf14,RNF14
Slc25a32,SLC25A32
Wnt7a,WNT7A
Rpa3,RPA3
Aggf1,AGGF1
Naprt,NAPRT
Pax4,PAX4
Runx1t1,RUNX1T1
Mageb16,MAGEB16
Mreg,MREG
Lad1,LAD1
Fundc2,FUNDC2
Jph2,JPH2
Timm17a,TIMM17A
Bmp2k,BMP2K
Rad54l,RAD54L
Arl6ip6,ARL6IP6
Ppp1r17,PPP1R17
Gcnt4,GCNT4
Thumpd3,THUMPD3
Rbms3,RBMS3
Tafa5,TAFA5
Stard3nl,STARD3NL
Ankrd33b,ANKRD33B
Styxl1,STYXL1
Fabp12,FABP12
Cab39,CAB39
Gsdmc2,GSDMC
Txndc2,TXNDC2
Stk40,STK40
Plrg1,PLRG1
Wdr43,WDR43
Sh3bp1,SH3BP1
Mak,MAK
Anapc2,ANAPC2
Pgam5,PGAM5
Noc3l,NOC3L
Msantd5f7,MSANTD5
Bbx,BBX
Med8,MED8
Mmp17,MMP17
Dnase1l1,DNASE1L1
Crb1,CRB1
Upf3a,UPF3A
Serpini2,SERPINI2
Eif2ak3,EIF2AK3
Patl1,PATL1
S100a3,S100A3
Dusp22,DUSP22
Ankrd46,ANKRD46
Prkci,PRKCI
Mpl,MPL
Ccno,CCNO
Marveld2,MARVELD2
Angel2,ANGEL2
Rps6ka4,RPS6KA4
2210016L21Rik,C12orf43
Acot12,ACOT12
Galnt12,GALNT12
Kcnu1,KCNU1
Fam3c,FAM3C
Prps2,PRPS2
Nipal2,NIPAL2
S1pr3,S1PR3
Cdh15,CDH15
Ugt2a1,UGT2A1
Cd164l2,CD164L2
Rnf180,RNF180
Tsr2,TSR2
Pole,POLE
Stambpl1,STAMBPL1
Rp2,RP2
Slc25a25,SLC25A25
Mtap,MTAP
Ly6i,LY6S
Cntnap4,CNTNAP4
Ankrd54,ANKRD54
Sirt6,SIRT6
Klhdc3,KLHDC3
Nuak2,NUAK2
Ssx2ip,SSX2IP
Phlpp1,PHLPP1
Fuca1,FUCA1
Pcbd2,PCBD2
Efnb1,EFNB1
Tstd1,TSTD1
Serpinb1a,SERPINB1
Magea14,MAGEA10
Podxl,PODXL
Mbtps2,MBTPS2
Pla2g5,PLA2G5
Gmppb,GMPPB
Pon1,PON1
Dse,DSE
Lman2l,LMAN2L
Skic3,SKIC3
Zscan25,ZSCAN25
Ermp1,ERMP1
Rimoc1,RIMOC1
Iqcd,DRC10
Apof,APOF
Zc3h7a,ZC3H7A
Ndufaf4,NDUFAF4
Tmem263,TMEM263
Iqcf6,IQCF6
Kl,KL
Zfp786,ZNF786
Ptpn23,PTPN23
Ddb2,DDB2
Cyp26b1,CYP26B1
Slc2a1,SLC2A1
Hmgn5,HMGN5
Ly6e,LY6E
Tceal7,TCEAL7
Tada3,TADA3
Klhl8,KLHL8
Hccs,HCCS
Smarcc2,SMARCC2
Zbtb47,ZBTB47
Col9a2,COL9A2
Adgrg3,ADGRG3
Prkar2a,PRKAR2A
Psd,PSD
Arrdc5,ARRDC5
Rgs13,RGS13
Muc19,MUC19
Gla,GLA
Acat2,ACAT2
Dpys,DPYS
Aurkaip1,AURKAIP1
Bpnt1,BPNT1
Lmo3,LMO3
Dnaaf6,DNAAF6
L3mbtl2,L3MBTL2
Herpud2,HERPUD2
Pabir2,PABIR2
Morn2,MORN2
Pink1,PINK1
Twsg1,TWSG1
Pmp22,PMP22
Adrb2,ADRB2
Txnl4a,TXNL4A
Slc12a7,SLC12A7
Sytl3,SYTL3
Frmpd1,FRMPD1
Kcnk10,KCNK10
Atrn,ATRN
Gm2012,SYCP3
Zfhx4,ZFHX4
Prps1,PRPS1
Zfyve21,ZFYVE21
Ndrg4,NDRG4
Tada1,TADA1
Ctsh,CTSH
Abcb9,ABCB9
Kyat3,KYAT3
Prune2,PRUNE2
Ecscr,ECSCR
Add2,ADD2
Dop1b,DOP1B
Blzf1,BLZF1
Mageb2,MAGEB6B
Mageb2,MAGEB6
Septin6,SEPTIN6
Dagla,DAGLA
Reep2,REEP2
Lclat1,LCLAT1
Drd2,DRD2
Tbcd,TBCD
Cyb5rl,CYB5RL
Cers5,CERS5
Rims1,RIMS1
Tpgs2,TPGS2
C1qtnf4,C1QTNF4
Lix1l,LIX1L
Zfp598,ZNF598
Epb42,EPB42
Nxf1,NXF1
Slc16a4,SLC16A4
Spink2,SPINK2
Pgf,PGF
Fgf5,FGF5
Npy2r,NPY2R
Chpf2,CHPF2
Foxo1,FOXO1
Daam1,DAAM1
Elf2,ELF2
Gca,GCA
Fbxl4,FBXL4
Grxcr2,GRXCR2
Pik3c3,PIK3C3
Rnpep,RNPEP
Lyar,LYAR
Avpr2,AVPR2
Polr1c,POLR1C
Pafah1b2,PAFAH1B2
Pwwp4b,PWWP4
Srsf6,SRSF6
Serpina7,SERPINA7
Macroh2a1,MACROH2A1
Plxna3,PLXNA3
Mif,MIF
Nnat,NNAT
Mob3a,MOB3A
Sgms1,SGMS1
Wdr18,WDR18
Mdn1,MDN1
Arfgap3,ARFGAP3
Tmem63b,TMEM63B
Rgs8,RGS8
Rpgr,RPGR
Ampd2,AMPD2
Bloc1s1,BLOC1S1
Hoxa9,HOXA9
Lrrn3,LRRN3
Ric8b,RIC8B
Elmod3,ELMOD3
Strn3,STRN3
Zcwpw2,ZCWPW2
Sco2,SCO2
Tamalin,TAMALIN
Slco6c1,SLCO6A1
Tagln3,TAGLN3
Tmod1,TMOD1
Bnipl,BNIPL
Plbd2,PLBD2
Kcnj1,KCNJ1
Ntan1,NTAN1
Mrpl36,MRPL36
Cdh18,CDH18
Lemd1,LEMD1
Emb,EMB
Pias2,PIAS2
Jmjd4,JMJD4
Me1,ME1
Slc25a45,SLC25A45
Etnppl,ETNPPL
Mex3d,MEX3D
Tatdn1,TATDN1
Tram1,TRAM1
Dnajc14,DNAJC14
Cuedc2,CUEDC2
Dmrta2,DMRTA2
Evpl,EVPL
Cela3b,CELA3B
Cela3b,CELA3A
Slc22a23,SLC22A23
Kcnn3,KCNN3
Slc6a4,SLC6A4
Pmf1,PMF1
Tal1,TAL1
Bco1,BCO1
Zfp800,ZNF800
Or2c1,OR2C1
Pdzk1ip1,PDZK1IP1
Zscan26,ZSCAN26
Pros1,PROS1
Cetn3,CETN3
Ifi30,IFI30
Cd55,CD55
Gstk1,GSTK1
Prkcz,PRKCZ
Snx27,SNX27
Tnpo2,TNPO2
Coq5,COQ5
Pan2,PAN2
Mthfsl,MTHFS
Mrpl15,MRPL15
Tprg1,TPRG1
Grik1,GRIK1
Hcn1,HCN1
Smox,SMOX
Hsbp1l1,HSBP1L1
Tent4a,TENT4A
Gm94,C5orf46
Batf,BATF
2300002M23Rik,C6orf15
Csrnp2,CSRNP2
Syt16,SYT16
Ski,SKI
Cidea,CIDEA
Rsph3a,RSPH3
Arhgef12,ARHGEF12
Mdh1b,MDH1B
Kctd1,KCTD1
Pla2g2d,PLA2G2D
Lrrc24,LRRC24
Npepps,NPEPPS
Fst,FST
Paqr7,PAQR7
Pmvk,PMVK
Pcdhgc5,PCDHGC5
Stfa3,CSTA
Brix1,BRIX1
Mybl1,MYBL1
Clec16a,CLEC16A
Ptk7,PTK7
Lrrc47,LRRC47
Isca1,ISCA1
C2cd5,C2CD5
Zfp839,ZNF839
Pgap4,PGAP4
Eci3,ECI2
Hes2,HES2
Med6,MED6
Ptx4,PTX4
Wdr3,WDR3
Dffa,DFFA
Kif2a,KIF2A
Zfp942,ZNF34
Gpa33,GPA33
Pcdh12,PCDH12
Rpl7l1,RPL7L1
Ugt1a1,UGT1A1
5730409E04Rik,C1orf216
Zfp24,ZNF24
Gtf3c2,GTF3C2
Rps19bp1,RPS19BP1
Ccdc88c,CCDC88C
Filip1,FILIP1
Ifi211,MNDA
Mtbp,MTBP
Rcc2,RCC2
Mrpl2,MRPL2
Maip1,MAIP1
Crem,CREM
Eif3g,EIF3G
Prr35,PRR35
Guca1b,GUCA1B
Gal3st2,GAL3ST2
Zdhhc14,ZDHHC14
Aqp12,AQP12B
Aqp12,AQP12A
Cnst,CNST
Sptlc2,SPTLC2
D030056L22Rik,C9orf40
Pomk,POMK
Lrrn4cl,LRRN4CL
Tprg1l,TPRG1L
Spa17,SPA17
Itga1,ITGA1
Msmo1,MSMO1
Xkr8,XKR8
Zbtb3,ZBTB3
Tpbg,TPBG
Glis3,GLIS3
Kcnj9,KCNJ9
Ankrd34c,ANKRD34C
Uqcc2,UQCC2
Noc2l,NOC2L
Hoatz,HOATZ
Zfp322a,ZNF322
Vsx2,VSX2
Rasl12,RASL12
Shroom2,SHROOM2
Notch3,NOTCH3
Slc25a29,SLC25A29
Map4k5,MAP4K5
Loxl4,LOXL4
Zftraf1,ZFTRAF1
Pcdh11x,PCDH11Y
Pcdh11x,PCDH11X
Id4,ID4
Crebrf,CREBRF
F2rl2,F2RL2
Ankrd11,ANKRD11
Ecm2,ECM2
Sin3a,SIN3A
Nexn,NEXN
Got1,GOT1
Gdpd2,GDPD2
Dppa4,DPPA4
Cyrib,CYRIB
Hsd17b3,HSD17B3
Sdccag8,SDCCAG8
Tmem181a,TMEM181
Pitrm1,PITRM1
Ophn1,OPHN1
Utp6,UTP6
Srsf4,SRSF4
Zfp1,ZFP1
Tmem151a,TMEM151A
Anxa1,ANXA1
Ccdc80,CCDC80
Kcnn1,KCNN1
Megf10,MEGF10
Rtp2,RTP2
Pigx,PIGX
Srbd1,SRBD1
Ubr4,UBR4
Lpp,LPP
Sil1,SIL1
Ccr1,CCR1
Vstm2a,VSTM2A
Gorasp1,GORASP1
Top1,TOP1
Psat1,PSAT1
Wfdc1,WFDC1
Slc9b2,SLC9B2
Akap17a,AKAP17A
Natd1,NATD1
Abca13,ABCA13
Prima1,PRIMA1
Metap1,METAP1
Araf,ARAF
Zfp317,ZNF317
Sting1,STING1
Kctd19,KCTD19
Ccdc85c,CCDC85C
Psmf1,PSMF1
Ppil1,PPIL1
Mark3,MARK3
Liat1,LIAT1
Ptprcap,PTPRCAP
Fbxo47,FBXO47
Capn9,CAPN9
Capn1,CAPN1
Sapcd1,SAPCD1
Trmt2a,TRMT2A
Lonrf1,LONRF1
Wdr55,WDR55
Ttc19,TTC19
Foxp4,FOXP4
Crispld2,CRISPLD2
Slc4a8,SLC4A8
Acvr2a,ACVR2A
BC031181,C18orf32
Tmem38b,TMEM38B
Ube2q2,UBE2Q2
Pex11b,PEX11B
Mc2r,MC2R
Tcirg1,TCIRG1
Esrp2,ESRP2
Mettl5,METTL5
Tlr2,TLR2
Smim3,SMIM3
Napg,NAPG
Rorc,RORC
Ttc39b,TTC39B
Hopx,HOPX
Sall1,SALL1
Apobec3,APOBEC3H
Dipk1a,DIPK1A
Med26,MED26
Fgf20,FGF20
Galntl6,GALNTL6
Aldh8a1,ALDH8A1
Hey2,HEY2
Sema3d,SEMA3D
Lrig3,LRIG3
Abcc12,ABCC12
Mbd5,MBD5
Mif4gd,MIF4GD
Gpr160,GPR160
Trmt1l,TRMT1L
Cdk19,CDK19
Git2,GIT2
Alpk1,ALPK1
Pcdh1,PCDH1
Dcst1,DCST1
Ccdc178,CCDC178
Ndc1,NDC1
Ddb1,DDB1
Mcu,MCU
Vps13c,VPS13C
Ccdc148,CCDC148
Cd79b,CD79B
Fmnl3,FMNL3
Dnase2b,DNASE2B
Iqcj,IQCJ
Mfap1a,MFAP1
Palm,PALM
F3,F3
Nars1,NARS1
Tap1,TAP1
Spaca7,SPACA7
Bcl2l15,BCL2L15
Ascc2,ASCC2
Fhod1,FHOD1
Dusp2,DUSP2
Gabpb2,GABPB2
Defb23,DEFB129
Zswim3,ZSWIM3
Gk,GK3
Gk,GK
Cast,CAST
Mt1,MT1B
Chst10,CHST10
Ptpn1,PTPN1
Insrr,INSRR
Cars2,CARS2
Mrtfb,MRTFB
Hs3st1,HS3ST1
Il1r2,IL1R2
Gm128,C1orf56
Acaa1a,ACAA1
Selenbp1,SELENBP1
Smim14,SMIM14
Adgrb3,ADGRB3
Crybg1,CRYBG1
Sertad2,SERTAD2
Neu1,NEU1
Fgf11,FGF11
Ism1,ISM1
Trhde,TRHDE
Wdr38,WDR38
Atp6v1a,ATP6V1A
Cers2,CERS2
Rhbdf2,RHBDF2
Ackr4,ACKR4
Pex6,PEX6
Pip5kl1,PIP5KL1
Klhl18,KLHL18
Kctd17,KCTD17
Pip5k1b,PIP5K1B
E130308A19Rik,KIAA1958
Gcc2,GCC2
Gsta3,GSTA5
Tas1r2,TAS1R2
Errfi1,ERRFI1
Ptpn11,PTPN11
Bach2,BACH2
Bud13,BUD13
Elk4,ELK4
Cep104,CEP104
Gm5150,SIRPA
Gm5150,SIRPB1
Gm5150,SIRPG
Epha4,EPHA4
Naalad2,NAALAD2
Pgam2,PGAM2
Sh2d2a,SH2D2A
Marchf11,MARCHF11
Jrk,JRK
Cacng2,CACNG2
Pcif1,PCIF1
Sgca,SGCA
Fyb1,FYB1
Vps45,VPS45
Emc3,EMC3
Rce1,RCE1
Zbtb22,ZBTB22
Mymx,MYMX
Slc16a7,SLC16A7
Sbspon,SBSPON
Spdya,SPDYA
Matn2,MATN2
Dusp23,DUSP23
Crp,CRP
Megf11,MEGF11
Usp18,USP18
Gpm6a,GPM6A
Ociad1,OCIAD1
Ywhae,YWHAE
Plekhb2,PLEKHB2
Atat1,ATAT1
Tspan2,TSPAN2
2700049A03Rik,KIAA0586
Naf1,NAF1
Nxph4,NXPH4
Dtwd2,DTWD2
Them5,THEM5
Dna2,DNA2
Scp2,SCP2
Atg2a,ATG2A
Clic6,CLIC6
Col4a2,COL4A2
Map6d1,MAP6D1
Atg7,ATG7
Abat,ABAT
Ammecr1l,AMMECR1L
Gata3,GATA3
Apool,APOOL
Pde4dip,PDE4DIP
Dhrs7b,DHRS7B
1700066M21Rik,C2orf69
Optc,OPTC
Tgif2,TGIF2
Rnf25,RNF25
Gabra3,GABRA3
Plac8l1,PLAC8L1
Ctxn2,CTXN2
Taf4b,TAF4B
Numb,NUMB
Bfsp1,BFSP1
Mier2,MIER2
Sh3tc2,SH3TC2
Zfp358,ZNF358
Mef2b,MEF2B
Asb6,ASB6
Cldn34c3,CLDN34
Armcx5,ARMCX5
Fam118b,FAM118B
P4hb,P4HB
Ube2a,UBE2A
Cdx1,CDX1
Vbp1,VBP1
Aldh9a1,ALDH9A1
Lyzl1,LYZL2
Lyzl1,LYZL1
Oosp1,OOSP1
Snx24,SNX24
Cabp2,CABP2
Stip1,STIP1
Nostrin,NOSTRIN
Mrps6,MRPS6
Pcdhgc3,PCDHGC3
Spidr,SPIDR
Adprm,ADPRM
Gpr174,GPR174
Uhrf1,UHRF1
Ctnna1,CTNNA1
Zmat1,ZMAT1
Gm73394,ZRSR2
C1qtnf2,C1QTNF2
Polr3f,POLR3F
Or1p1c,OR1P1
Slc16a2,SLC16A2
Cd72,CD72
Mrpl12,MRPL12
Upf1,UPF1
Myog,MYOG
Stx7,STX7
Gm527,DORIP1
Foxo4,FOXO4
Ccdc187,CCDC187
Armcx3,ARMCX3
Serpina3g,SERPINA3
Chmp6,CHMP6
D430019H16Rik,C14orf132
Ankmy2,ANKMY2
Sema4g,SEMA4G
Sp100,SP140
Wipi2,WIPI2
Atpaf1,ATPAF1
Aurka,AURKA
Slc22a28,SLC22A9
Dld,DLD
Itgb1bp2,ITGB1BP2
Ccna2,CCNA2
Alg9,ALG9
B3galt5,B3GALT5
Cldn34c5,CLDN34
Xpnpep2,XPNPEP2
Mettl1,METTL1
Or4d10c,OR4D10
Lox,LOX
Psmd4,PSMD4
Cmss1,CMSS1
Gpr137,GPR137
Mfrp,MFRP
Kalrn,KALRN
Tunar,TUNAR
Ctnna3,CTNNA3
Gpx2,GPX2
Tcea2,TCEA2
Serpina1c,SERPINA1
Grpel2,GRPEL2
Fggy,FGGY
Gtf2a1,GTF2A1
Ugt3a2,UGT3A2
Hdac3,HDAC3
Ctdsp2,CTDSP2
Gm1993,SYCP3
Osr2,OSR2
Mtm1,MTM1
Aldh1a7,ALDH1A1
Kcmf1,KCMF1
Spag1,SPAG1
Churc1,CHURC1
Smarca2,SMARCA2
Pld4,PLD4
Mapk6,MAPK6
Kifbp,KIFBP
Slc39a11,SLC39A11
Tacc3,TACC3
Zfp248,ZNF248
Usp38,USP38
Phyh,PHYH
Atm,ATM
Spryd3,SPRYD3
Evl,EVL
Fbln2,FBLN2
Slc5a12,SLC5A12
Slc25a17,SLC25A17
Prex2,PREX2
Trmt1,TRMT1
Zic4,ZIC4
Chmp2b,CHMP2B
Higd1c,HIGD1C
Rmi2,RMI2
Eaf2,EAF2
Metrn,METRN
Slc48a1,SLC48A1
Mmp8,MMP8
Arid4a,ARID4A
Gga1,GGA1
Mrps18a,MRPS18A
Mpz,MPZ
Mcam,MCAM
R3hdm2,R3HDM2
Senp7,SENP7
Gng13,GNG13
Nr4a2,NR4A2
Daxx,DAXX
Bard1,BARD1
Ssu2,SSUH2
Gng5,GNG5
Flrt2,FLRT2
Ccdc192,CCDC192
Mrps28,MRPS28
F13b,F13B
Ptgr2,PTGR2
Srprb,SRPRB
Wipf3,WIPF3
Actl6a,ACTL6A
Snrpg,SNRPG
Slc25a46,SLC25A46
Rgs5,RGS5
Armcx1,ARMCX1
Poc1a,POC1A
Sft2d1,SFT2D1
Pcp4l1,PCP4L1
Gsdmc4,GSDMC
Mrpl13,MRPL13
Cnot4,CNOT4
Orc2,ORC2
Usp49,USP49
Fam209,FAM209B
Fam209,FAM209A
Wdr4,WDR4
Vdr,VDR
Ift46,IFT46
Golim4,GOLIM4
Spp1,SPP1
Scml2,SCML2
Aifm3,AIFM3
Slc25a23,SLC25A23
Gadl1,GADL1
Zmynd8,ZMYND8
Prdm2,PRDM2
Ugdh,UGDH
Lmf2,LMF2
Pkia,PKIA
Cela2a,CELA2A
Cela2a,CELA2B
Dcdc2b,DCDC2B
Ccdc51,CCDC51
Hsd17b8,HSD17B8
B4galt2,B4GALT2
Camp,CAMP
Tmem154,TMEM154
Dhfr,DHFR
Dhfr,DHFR2
Slc9a9,SLC9A9
Pptc7,PPTC7
H2bc6,H2BC6
H2bc6,H2BC10
H2bc6,H2BC8
Mov10,MOV10
Rad17,RAD17
Mog,MOG
Cbx7,CBX7
Fam168b,FAM168B
Chn2,CHN2
Edn3,EDN3
Chrnb4,CHRNB4
Ptprm,PTPRM
Ranbp3l,RANBP3L
Lrrc1,LRRC1
Pfkm,PFKM
Lzts2,LZTS2
She,SHE
Atp6v0a2,ATP6V0A2
Nfe2l3,NFE2L3
Sardh,SARDH
Agl,AGL
Speg,SPEG
Ssbp1,SSBP1
Mms19,MMS19
Riok1,RIOK1
Atxn3,ATXN3
Smc1a,SMC1A
Kirrel3,KIRREL3
Chmp1a,CHMP1A
Hsd11b2,HSD11B2
Tle1,TLE1
Polb,POLB
Slc44a4,SLC44A4
Hoxd8,HOXD8
Ndufa9,NDUFA9
Egf,EGF
Ggps1,GGPS1
Gsdmc,GSDMC
Pycr3,PYCR3
Ubash3a,UBASH3A
Nxf3,NXF3
Hoxc9,HOXC9
Psmg4,PSMG4
Baalc,BAALC
Txndc9,TXNDC9
Fam91a1,FAM91A1
Lman2,LMAN2
Cse1l,CSE1L
Slc25a41,SLC25A41
Rbfox3,RBFOX3
Trmt61a,TRMT61A
Rbmx2,RBMX2
Bmp10,BMP10
Wnt16,WNT16
Hpcal1,HPCAL1
Cdc5l,CDC5L
Zcchc12,ZCCHC18
Habp4,HABP4
Gar1,GAR1
Tfcp2l1,TFCP2L1
Efcab11,EFCAB11
Slitrk2,SLITRK2
Clps,CLPS
Alg13,ALG13
Eif2ak2,EIF2AK2
Foxp1,FOXP1
Siva1,SIVA1
B3galnt1,B3GALNT1
Ap1g1,AP1G1
Tmem204,TMEM204
Anxa5,ANXA5
Uggt1,UGGT1
Pfdn6,PFDN6
Eif1ad8,EIF1AX
Hykk,HYKK
Scin,SCIN
Dgat1,DGAT1
Ddx4,DDX4
Tti1,TTI1
Qki,QKI
Sstr1,SSTR1
Fcf1,FCF1
Sidt2,SIDT2
Dlg3,DLG3
Inf2,INF2
Snx25,SNX25
Brd9,BRD9
Pramel34,PRAMEF2
Pramel34,PRAMEF18
Pramel34,PRAMEF20
Pramel34,PRAMEF6
Pramel34,PRAMEF8
Pramel34,PRAMEF14
Pramel34,PRAMEF19
Pramel34,PRAMEF27
Pramel34,PRAMEF17
Pramel34,PRAMEF11
Pramel34,PRAMEF1
Pramel34,PRAMEF10
Pramel34,PRAMEF9
Pramel34,PRAMEF15
Pramel34,PRAMEF12
Pramel34,PRAMEF4
Pramel34,PRAMEF26
Pramel34,PRAMEF33
Pramel34,PRAMEF7
Pramel34,PRAMEF5
Pramel34,PRAMEF13
Pramel34,PRAMEF25
Baiap2l1,BAIAP2L1
Itgb1bp1,ITGB1BP1
Tmem129,TMEM129
Frmd4a,FRMD4A
Nvl,NVL
Pcdh10,PCDH10
Slbp,SLBP
Il13ra1,IL13RA1
Pnldc1,PNLDC1
Gbe1,GBE1
Tacr3,TACR3
Scrt1,SCRT1
Atxn10,ATXN10
S100a10,S100A10
Nin,NIN
Thbs3,THBS3
Ccdc14,CCDC14
Clcn5,CLCN5
Klf3,KLF3
Slc38a2,SLC38A2
Cbr1,CBR1
Ptcd2,PTCD2
Foxn2,FOXN2
Upf3b,UPF3B
Adprh,ADPRH
Hdac4,HDAC4
Mtss2,MTSS2
Dgcr6,DGCR6L
Dgcr6,DGCR6
Zfp202,ZNF202
6430550D23Rik,C20orf173
Anxa9,ANXA9
Tra2b,TRA2B
Fbxo43,FBXO43
Xrcc6,XRCC6
Aste1,ASTE1
Jakmip1,JAKMIP1
Timm8a1,TIMM8A
Ct45a,CT45A5
Ct45a,CT45A9
Ct45a,CT45A2
Ct45a,CT45A8
Ct45a,CT45A6
Ct45a,CT45A1
Ct45a,CT45A3
Ct45a,CT45A7
Ct45a,CT45A10
Adamts16,ADAMTS16
Itfg1,ITFG1
Lamc3,LAMC3
Lamb3,LAMB3
Slc25a53,SLC25A53
Zfp367,ZNF367
Slc17a3,SLC17A3
Polr2f,POLR2F
Shc4,SHC4
Clk3,CLK3
Ramacl,RAMACL
Ramacl,RAMAC
Otos,OTOS
Mrps27,MRPS27
Tsc2,TSC2
Amhr2,AMHR2
Zhx3,ZHX3
Rnf2,RNF2
8030474K03Rik,CXorf49B
8030474K03Rik,CXorf49
Defa28,DEFA4
Defa28,DEFA1
Defa28,DEFA5
Defa28,DEFA1B
Defa28,DEFA6
Defa28,DEFA3
Flt3,FLT3
Mroh1,MROH1
Vps4a,VPS4A
Crybg3,CRYBG3
Syp,SYP
Ctsw,CTSW
Rpl31,RPL31
Spata31,SPATA31C1
Spata31,SPATA31C2
Spata31,SPATA31A1
Spata31,SPATA31A7
Spata31,SPATA31A3
Spata31,SPATA31A5
Spata31,SPATA31A6
Fgf8,FGF8
Dmgdh,DMGDH
Dnajc2,DNAJC2
Slc51a,SLC51A
Samhd1,SAMHD1
Muc20,MUC20
Acy3,ACY3
Fbxl8,FBXL8
Nudt16l1,NUDT16L1
Gm4779,CXorf49B
Gm4779,CXorf49
Nutf2,NUTF2
Lrrc58,LRRC58
Il33,IL33
Mark1,MARK1
Bmx,BMX
Gnb1l,GNB1L
Fam236e,FAM236B
Fam236e,FAM236A
Fam236e,FAM236C
Fam236e,FAM236D
Elf4,ELF4
Ccdc18,CCDC18
Atp6v1b2,ATP6V1B2
Pgam1,PGAM1
Rbbp7,RBBP7
Ndufv1,NDUFV1
Ubap2l,UBAP2L
Gapt,GAPT
Cep72,CEP72
Zfyve1,ZFYVE1
Borcs5,BORCS5
Spata31e5,SPATA31D3
Spata31e5,SPATA31D1
Spata31e5,SPATA31D4
Coa5,COA5
Nelfcd,NELFCD
Mix23,MIX23
Fndc4,FNDC4
Abl2,ABL2
Tbk1,TBK1
Rad52,RAD52
Abhd10,ABHD10
Ero1b,ERO1B
Lrrc41,LRRC41
Yjefn3,YJEFN3
Usp21,USP21
Fam185a,FAM185A
Tgfb3,TGFB3
Abcc5,ABCC5
Angpt2,ANGPT2
Pdzd8,PDZD8
Egfl6,EGFL6
Banf1,BANF1
Ccdc180,CCDC180
Iah1,IAH1
Cog4,COG4
Ablim1,ABLIM1
Cd300c2,CD300C
Nup62cl,NUP62CL
Uqcrc1,UQCRC1
Shisal2b,SHISAL2B
Slc25a48,SLC25A48
Slc15a4,SLC15A4
Elovl2,ELOVL2
Plek2,PLEK2
Gpm6b,GPM6B
Pole3,POLE3
Susd2,SUSD2
Efr3b,EFR3B
Pramel32,PRAMEF2
Pramel32,PRAMEF18
Pramel32,PRAMEF20
Pramel32,PRAMEF6
Pramel32,PRAMEF8
Pramel32,PRAMEF14
Pramel32,PRAMEF19
Pramel32,PRAMEF27
Pramel32,PRAMEF17
Pramel32,PRAMEF11
Pramel32,PRAMEF1
Pramel32,PRAMEF10
Pramel32,PRAMEF9
Pramel32,PRAMEF15
Pramel32,PRAMEF12
Pramel32,PRAMEF4
Pramel32,PRAMEF26
Pramel32,PRAMEF33
Pramel32,PRAMEF7
Pramel32,PRAMEF5
Pramel32,PRAMEF13
Pramel32,PRAMEF25
Arl15,ARL15
Scai,SCAI
Car9,CA9
Hnrnpk,HNRNPK
Atp13a3,ATP13A3
Tnfaip3,TNFAIP3
Llgl1,LLGL1
Rab3b,RAB3B
Pole4,POLE4
Serpina6,SERPINA6
Dnajc27,DNAJC27
Scarb1,SCARB1
Ifnk,IFNK
Umad1,UMAD1
Klhl17,KLHL17
Disp1,DISP1
Tektip1,TEKTIP1
Srp54a,SRP54
Agap2,AGAP2
Tra2a,TRA2A
Kcns2,KCNS2
Oplah,OPLAH
Kics2,KICS2
Lkaaear1,LKAAEAR1
Thap2,THAP2
Cisd1,CISD1
Fmo4,FMO4
Jag2,JAG2
Or5ac20,OR5AC2
Tmprss7,TMPRSS7
Camta1,CAMTA1
Mettl21a,METTL21A
Rab5b,RAB5B
Raf1,RAF1
Tspan18,TSPAN18
Htr2c,HTR2C
Serpinb11,SERPINB11
Eef2kmt,EEF2KMT
Eef2kmt,FAM86B2
Eef2kmt,FAM86B1
Cldn34c1,CLDN34
Serpina12,SERPINA12
Parp16,PARP16
Gemin2,GEMIN2
Dgka,DGKA
Polr2g,POLR2G
Odr4,ODR4
Zdhhc15,ZDHHC15
Mettl22,METTL22
Coro2b,CORO2B
Eif3i,EIF3I
Kazald1,KAZALD1
Wdsub1,WDSUB1
Cul4b,CUL4B
Defa21,DEFA4
Defa21,DEFA1
Defa21,DEFA5
Defa21,DEFA1B
Defa21,DEFA6
Defa21,DEFA3
Snapc1,SNAPC1
Cd300ld,CD300LF
Znrf1,ZNRF1
Lrrc46,LRRC46
Anxa2,ANXA2
Dgkq,DGKQ
Tm9sf3,TM9SF3
Tmem114,TMEM114
Eif4g1,EIF4G1
Arhgap5,ARHGAP5
Mkks,MKKS
Csdc2,CSDC2
Zyg11a,ZYG11A
Wnt7b,WNT7B
Cog2,COG2
Rnf144a,RNF144A
Cbx5,CBX5
Pin1,PIN1
Fam114a2,FAM114A2
Emc1,EMC1
Sostdc1,SOSTDC1
Gskip,GSKIP
Ccr8,CCR8
Krt5,KRT5
Gpatch2l,GPATCH2L
Gpr143,GPR143
Ndufb9,NDUFB9
Mcm3ap,MCM3AP
Zfp9,ZNF25
Yif1a,YIF1A
Cdkl5,CDKL5
Pde6h,PDE6H
Zfp623,ZNF623
Nfe2,NFE2
Sema4f,SEMA4F
Ankle1,ANKLE1
Gad1,GAD1
Rasgrp2,RASGRP2
Brinp2,BRINP2
Ly6k,LY6K
Zcchc18,ZCCHC18
Asic1,ASIC1
Srpx2,SRPX2
Ubp1,UBP1
Mast1,MAST1
Zfpm2,ZFPM2
Rnf19a,RNF19A
Akap4,AKAP4
Apoa2,APOA2
Tmem18,TMEM18
Cnksr2,CNKSR2
Mthfd1,MTHFD1
Wif1,WIF1
Il34,IL34
9130401M01Rik,C8orf76
Kdm3a,KDM3A
Ces2g,CES2
Os9,OS9
Cyp2d12,CYP2D6
Il1rl1,IL1RL1
Zdhhc1,ZDHHC1
Tarbp2,TARBP2
Exoc6,EXOC6
Fgr,FGR
Ephb4,EPHB4
Naga,NAGA
Ints7,INTS7
Nt5c,NT5C
Atp6v1g1,ATP6V1G1
Cby2,CBY2
Zbtb1,ZBTB1
Las1l,LAS1L
Armh4,ARMH4
Mmachc,MMACHC
Nrcam,NRCAM
Pgd,PGD
Nr2e1,NR2E1
Fubp3,FUBP3
Zfp641,ZNF641
Ercc6,ERCC6
Prss57,PRSS57
Pgs1,PGS1
Ptprk,PTPRK
Tax1bp1,TAX1BP1
Pcsk5,PCSK5
Ufl1,UFL1
Pkhd1l1,PKHD1L1
Ift22,IFT22
Cpne6,CPNE6
Fcmr,FCMR
Med28,MED28
Klhl13,KLHL13
Gins4,GINS4
Trmt44,TRMT44
Rab29,RAB29
Casp12,CASP12
Tbc1d9,TBC1D9
Fgl2,FGL2
Mrto4,MRTO4
Adamts20,ADAMTS20
Hmgb1,HMGB1
Dis3l2,DIS3L2
Ttll3,TTLL3
Usp19,USP19
Il1rapl2,IL1RAPL2
Mau2,MAU2
Pex10,PEX10
Spin2d,SPIN2B
Spin2d,SPIN2A
Fgf13,FGF13
Ntf3,NTF3
Paip2b,PAIP2B
Slco1b2,SLCO1B3
Slco1b2,SLCO1B1
Ercc6l,ERCC6L
Ssxb3,SSX4B
Ssxb3,SSX3
Ssxb3,SSX4
Ssxb3,SSX5
Ssxb3,SSX2
Ssxb3,SSX2B
Ssxb3,SSX7
Ssxb3,SSX1
Txk,TXK
Neurl1a,NEURL1
Pdpn,PDPN
Dnai2,DNAI2
Tceal3,TCEAL3
Tceal3,TCEAL5
Tceal3,TCEAL6
Pip4p2,PIP4P2
Slc43a1,SLC43A1
Cdip1,CDIP1
Smim1,SMIM1
Pign,PIGN
Antxr1,ANTXR1
Ppp1r9b,PPP1R9B
Xiap,XIAP
Abhd17b,ABHD17B
Tmem52,TMEM52
Or5b12,OR5B12
Stx5a,STX5
Slfnl1,SLFNL1
Sh2d1a,SH2D1A
Slc38a4,SLC38A4
Sytl1,SYTL1
Rbm6,RBM6
Ndufa4,COXFA4
Radx,RADX
Fastk,FASTK
Ccdc179,CCDC179
Lrrc45,LRRC45
Apobec1,APOBEC1
Prkx,PRKX
Prdm15,PRDM15
Kif7,KIF7
B4galt3,B4GALT3
Rgp1,RGP1
Tcaf2,TCAF2C
Tcaf2,TCAF2
Srgap3,SRGAP3
Dhcr24,DHCR24
Sox10,SOX10
St13,ST13
Nup37,NUP37
Rnf114,RNF114
Tktl1,TKTL1
Ncdn,NCDN
Pls3,PLS3
Gpr6,GPR6
Zfp143,ZNF143
Cep20,CEP20
Ifngr1,IFNGR1
Qsox1,QSOX1
Cped1,CPED1
Ppie,PPIE
Smim22,SMIM22
Lima1,LIMA1
Mrc1,MRC1
Stxbp5,STXBP5
Vasn,VASN
Poglut1,POGLUT1
Myh6,MYH6
Aspm,ASPM
Avp,AVP
Plpp3,PLPP3
Gid8,GID8
Cacul1,CACUL1
Ppm1n,PPM1N
Anln,ANLN
Zfp580,ZNF580
Pramel12,PRAMEF2
Pramel12,PRAMEF18
Pramel12,PRAMEF20
Pramel12,PRAMEF6
Pramel12,PRAMEF8
Pramel12,PRAMEF14
Pramel12,PRAMEF19
Pramel12,PRAMEF27
Pramel12,PRAMEF17
Pramel12,PRAMEF11
Pramel12,PRAMEF1
Pramel12,PRAMEF10
Pramel12,PRAMEF9
Pramel12,PRAMEF15
Pramel12,PRAMEF12
Pramel12,PRAMEF4
Pramel12,PRAMEF26
Pramel12,PRAMEF33
Pramel12,PRAMEF7
Pramel12,PRAMEF5
Pramel12,PRAMEF13
Pramel12,PRAMEF25
Snx4,SNX4
Mtmr3,MTMR3
Arid2,ARID2
Zfp428,ZNF428
Hycc2,HYCC2
Upp2,UPP2
Slc22a27,SLC22A9
Hes3,HES3
Pla2g2e,PLA2G2E
Tnfrsf1a,TNFRSF1A
Pvrig,PVRIG
Nans,NANS
Rhpn2,RHPN2
Pcx,PC
Aldh1l2,ALDH1L2
Nsdhl,NSDHL
Atp6v0b,ATP6V0B
Umod,UMOD
Fdx1,FDX1
Ptprz1,PTPRZ1
Ropn1,ROPN1B
Ropn1,ROPN1
Atp6ap1,ATP6AP1
Taok3,TAOK3
Klhl6,KLHL6
Xpot,XPOT
Nckipsd,NCKIPSD
Anapc1,ANAPC1
Tex10,TEX10
App,APP
Acd,ACD
Klhl20,KLHL20
Klf10,KLF10
Drosha,DROSHA
Per2,PER2
Ubiad1,UBIAD1
Fam131b,FAM131B
Vars1,VARS1
Osgin2,OSGIN2
Nptn,NPTN
Strn4,STRN4
Iqsec2,IQSEC2
Trim7,TRIM7
Ltbr,LTBR
Zfp618,ZNF618
Aoc1,AOC1
Trub1,TRUB1
Rab39b,RAB39B
Foxm1,FOXM1
Vgll1,VGLL1
Inava,INAVA
Fgd1,FGD1
5430401F13Rik,LPA
Rftn2,RFTN2
Traf2,TRAF2
Ipo8,IPO8
Dock8,DOCK8
Wdr59,WDR59
Epha7,EPHA7
Pmch,PMCH
Thy1,THY1
Nrbf2,NRBF2
Smyd2,SMYD2
Nolc1,NOLC1
Bcl9l,BCL9L
Lama4,LAMA4
Smarca1,SMARCA1
Lrcol1,LRCOL1
Bri3bp,BRI3BP
Rps6kb1,RPS6KB1
Chst12,CHST12
Nktr,NKTR
Afap1,AFAP1
Flnc,FLNC
Myof,MYOF
Or4c114,OR4C15
Serpinb1b,SERPINB1
Helb,HELB
4833420G17Rik,C5orf34
Ptma,PTMA
Maob,MAOB
Mbd6,MBD6
Ldb2,LDB2
Zfp449,ZNF449
Coq10b,COQ10B
Anxa10,ANXA10
Gm614,CXorf65
Bex2,BEX1
Bex2,BEX2
Stab2,STAB2
Mpp1,MPP1
Ptgds,PTGDS
Alg11,ALG11
Xkr5,XKR5
Tbc1d21,TBC1D21
Copa,COPA
Cfdp1,CFDP1
Ift122,IFT122
Tex26,TEX26
Utp15,UTP15
Creld2,CRELD2
Slc17a5,SLC17A5
Spmap2,SPMAP2
Amelx,AMELX
Gltp,GLTP
Slc6a2,SLC6A2
Oxct1,OXCT1
Pde9a,PDE9A
Lfng,LFNG
Hsd17b6,HSD17B6
F8,F8
Pofut2,POFUT2
Klhl7,KLHL7
Elovl1,ELOVL1
Tnfrsf26,TNFRSF10C
Tnfrsf26,TNFRSF10B
Tnfrsf26,TNFRSF10D
Prr36,PRR36
Pold4,POLD4
Thrsp,THRSP
Tafazzin,TAFAZZIN
Incenp,INCENP
Sfrp4,SFRP4
Mfhas1,MFHAS1
Elp6,ELP6
Nlrp5,NLRP5
Mrs2,MRS2
Gpr182,ACKR5
E2f1,E2F1
Dnaaf5,DNAAF5
Rufy2,RUFY2
Foxf1,FOXF1
Cers1,CERS1
Commd4,COMMD4
Msh3,MSH3
Ift52,IFT52
Calca,CALCA
Atp13a2,ATP13A2
Nol12,NOL12
Maff,MAFF
Got2,GOT2
Dmc1,DMC1
Arpin,ARPIN
Kdr,KDR
Rad9a,RAD9A
St8sia4,ST8SIA4
Tma7,TMA7
Tma7,TMA7B
Herc2,HERC2
Nkiras1,NKIRAS1
Trpm8,TRPM8
Smim46,SMIM46
Mfap1b,MFAP1
Aaas,AAAS
Adgra2,ADGRA2
Tex14,TEX14
Fbxo22,FBXO22
Wdr37,WDR37
Ghitm,GHITM
Nicol1,NICOL1
Pank1,PANK1
Tor3a,TOR3A
Ckmt1,CKMT1B
Ckmt1,CKMT1A
Gda,GDA
Trappc11,TRAPPC11
Tpsab1,TPSB2
Tpsab1,TPSAB1
Sltm,SLTM
H2-Oa,HLA-DOA
Fhl2,FHL2
Smchd1,SMCHD1
Tmem138,TMEM138
Rps27a,RPS27A
Rin1,RIN1
Tonsl,TONSL
Cldn14,CLDN14
Il9r,IL9R
Ppl,PPL
Snx29,SNX29
Il17rd,IL17RD
Rspo3,RSPO3
Cmklr2,CMKLR2
Ikzf1,IKZF1
Sdk1,SDK1
Gm867,C22orf15
Mob4,MOB4
Grk5,GRK5
Prl8a8,PRL
Cep85l,CEP85L
Alkbh7,ALKBH7
Snx18,SNX18
Pus7l,PUS7L
Anxa11,ANXA11
Vldlr,VLDLR
Akr1e1,AKR1E2
Scn1b,SCN1B
Frs2,FRS2
Prss41,PRSS41
Gorasp2,GORASP2
Tsc22d3,TSC22D3
Oc90,OC90
Ilrun,ILRUN
Dusp10,DUSP10
Nherf1,NHERF1
Ugt2a2,UGT2A2
Nkx6-1,NKX6-1
Nfkbib,NFKBIB
Txlng,TXLNG
Azgp1,AZGP1
Smad5,SMAD5
Car5a,CA5A
Col2a1,COL2A1
Ankrd23,ANKRD23
Kif5a,KIF5A
Htra4,HTRA4
Cox6a1,COX6A1
Nrxn1,NRXN1
Cd200r2,CD200R1
Cd200r2,CD200R1L
Gfap,GFAP
Gmnc,GMNC
Selplg,SELPLG
St6gal1,ST6GAL1
Pld3,PLD3
Sult5a1,SULT1A3
Sult5a1,SULT1A4
Sult5a1,SULT1A2
Sult5a1,SULT1A1
Tbc1d4,TBC1D4
Rsl1,ZNF195
Rsl1,ZNF429
Birc2,BIRC2
Cox7c,COX7C
Golga3,GOLGA3
Cdhr2,CDHR2
Zdhhc18,ZDHHC18
Zfp560,ZNF121
Ndufaf2,NDUFAF2
Gtf2e2,GTF2E2
Brinp3,BRINP3
1700037C18Rik,C16orf90
C1qa,C1QA
Rab42,RAB42
Nagpa,NAGPA
Txndc15,TXNDC15
Agbl4,AGBL4
Dop1a,DOP1A
Pbdc1,PBDC1
Hrh2,HRH2
Ckmt2,CKMT2
Psmb2,PSMB2
Tjap1,TJAP1
Mkrn1,MKRN1
Limk2,LIMK2
Spata6l,SPATA6L
Ocel1,OCEL1
Tmem253,TMEM253
Tmem44,TMEM44
Ptchd1,PTCHD1
Pbxip1,PBXIP1
Slurp2,LYNX1
Thrb,THRB
Defa30,DEFA4
Defa30,DEFA1
Defa30,DEFA5
Defa30,DEFA1B
Defa30,DEFA6
Defa30,DEFA3
Atp5mc2,ATP5MC2
Cables2,CABLES2
Mid1,MID1
Prdx1,PRDX1
Rnf170,RNF170
Mterf4,MTERF4
Ptov1,PTOV1
Mrpl57,MRPL57
Defb42,DEFB136
Satb2,SATB2
Slc35b3,SLC35B3
Nmrk1,NMRK1
Skap2,SKAP2
Smim9,SMIM9
Cfap299,CFAP299
Anxa7,ANXA7
Syn1,SYN1
Itga10,ITGA10
Cib4,CIB4
Oas1d,OAS1
Man1c1,MAN1C1
Sstr3,SSTR3
Ttc33,TTC33
Ccdc170,CCDC170
H3f3a,H3-3A
Cfap300,CFAP300
B3gat3,B3GAT3
Wls,WLS
Nxf7,NXF2
Nxf7,NXF2B
Zfp335,ZNF335
Slc25a40,SLC25A40
Plpp2,PLPP2
Fbxw27,FBXW12
Fam221b,FAM221B
Dennd6b,DENND6B
Npat,NPAT
Shoc2,SHOC2
Rassf3,RASSF3
Ddost,DDOST
Uxt,UXT
Acer3,ACER3
Grin3b,GRIN3B
Asgr2,ASGR2
Gnb3,GNB3
Susd4,SUSD4
Fdx2,FDX2
Crebbp,CREBBP
Pyroxd2,PYROXD2
Lrrc75a,LRRC75A
Lrpprc,LRPPRC
Nrg1,NRG1
Slc41a3,SLC41A3
Lss,LSS
Ttc12,TTC12
Tmsb4x,TMSB4X
Serf1,SERF1A
1700093K21Rik,C2orf74
Larp1b,LARP1B
Slx,SYCP3
Dtnbp1,DTNBP1
Cd38,CD38
Mid2,MID2
Cox11,COX11
Ovol2,OVOL2
Zdhhc8,ZDHHC8
Ms4a10,MS4A10
Saal1,SAAL1
Pdcd1,PDCD1
Pof1b,POF1B
Nfx1,NFX1
Tmem230,TMEM230
Ctsf,CTSF
Hes6,HES6
Acads,ACADS
Atg4d,ATG4D
Csf1,CSF1
Fetub,FETUB
Clint1,CLINT1
Zfp638,ZNF638
Hspd1,HSPD1
Tmem33,TMEM33
Gnl3,GNL3
Hcn3,HCN3
Ass1,ASS1
Ncbp2,NCBP2
Hadh,HADH
Dtx3l,DTX3L
Comt,COMT
Zfp780b,ZNF420
Abcf2,ABCF2
Med14,MED14
F13a1,F13A1
Miga1,MIGA1
Usp28,USP28
Cartpt,CARTPT
Ccdc117,CCDC117
Larp4b,LARP4B
Spcs1,SPCS1
Mzt1,MZT1
Rdh5,RDH5
Lsamp,LSAMP
Itm2b,ITM2B
Cnnm3,CNNM3
Slc26a11,SLC26A11
Ap2a2,AP2A2
Arhgap18,ARHGAP18
Setd4,SETD4
Hgsnat,HGSNAT
Tfap2a,TFAP2A
Nampt,NAMPT
Tmem74b,TMEM74B
Insl6,INSL6
Fra10ac1,FRA10AC1
Mia3,MIA3
Fars2,FARS2
Dock7,DOCK7
Osbpl8,OSBPL8
Slc25a30,SLC25A30
Egln3,EGLN3
Col26a1,COL26A1
Sptb,SPTB
Lefty1,LEFTY1
Lefty1,LEFTY2
Bivm,ERCC5
Bivm,BIVM
Thbs2,THBS2
Rgcc,RGCC
Trp53bp1,TP53BP1
Ndufa1,NDUFA1
Mefv,MEFV
Hdac8,HDAC8
Cma1,CMA1
Tnrc6c,TNRC6C
Slc25a16,SLC25A16
Or5h17,OR5H1
Or5h17,OR5H15
Or5h17,OR5H8
Or5h17,OR5H2
Or5h17,OR5H14
Or5h17,OR5H6
Lrtm1,LRTM1
P3h2,P3H2
Igfbp7,IGFBP7
Gja3,GJA3
Oxa1l,OXA1L
Dnajc4,DNAJC4
Hspa13,HSPA13
Eef1e1,EEF1E1
Abcg1,ABCG1
Slc6a3,SLC6A3
Dcbld2,DCBLD2
Bpifc,BPIFC
Srrt,SRRT
Trpc5,TRPC5
Med20,MED20
Syt12,SYT12
Mettl24,METTL24
Hsf5,HSF5
Irx2,IRX2
Il2rg,IL2RG
Pank3,PANK3
Bloc1s5,BLOC1S5
Ipo4,IPO4
Zap70,ZAP70
Cacna1i,CACNA1I
Rnf13,RNF13
Eif1ad12,EIF1AX
Htatsf1,HTATSF1
4930447C04Rik,C14orf39
Tmem259,TMEM259
Cnp,CNP
Klkb1,KLKB1
Ttc7,TTC7A
Reg3b,REG1B
Xpnpep1,XPNPEP1
Cks2,CKS2
Faim2,FAIM2
Fgf10,FGF10
Emp2,EMP2
Lrrc14b,LRRC14B
Gimap4,GIMAP4
Penk,PENK
Cap2,CAP2
Kctd3,KCTD3
Mvb12a,MVB12A
Adipoq,ADIPOQ
Abcb5,ABCB5
Trmt10b,TRMT10B
Zfp212,ZNF212
Rbfox1,RBFOX1
Tnni3,TNNI3
Cdkl1,CDKL1
Procr,PROCR
Gfra2,GFRA2
Tmem176a,TMEM176A
Tcl1b1,TCL1B
Tmem229b,TMEM229B
Mtmr7,MTMR7
Sirt5,SIRT5
Amn,AMN
Dynlt2a3,DYNLT2
Bhlhe40,BHLHE40
Zswim8,ZSWIM8
Rps7,RPS7
Ceacam18,CEACAM18
Iffo1,IFFO1
Sos1,SOS1
Abhd17c,ABHD17C
Dkk3,DKK3
Cpn2,CPN2
Hspbap1,HSPBAP1
Syk,SYK
Sec61b,SEC61B
Rex2,ZNF34
Egfl8,EGFL8
Pramel51,PRAMEF2
Pramel51,PRAMEF18
Pramel51,PRAMEF20
Pramel51,PRAMEF6
Pramel51,PRAMEF8
Pramel51,PRAMEF14
Pramel51,PRAMEF19
Pramel51,PRAMEF27
Pramel51,PRAMEF17
Pramel51,PRAMEF11
Pramel51,PRAMEF1
Pramel51,PRAMEF10
Pramel51,PRAMEF9
Pramel51,PRAMEF15
Pramel51,PRAMEF12
Pramel51,PRAMEF4
Pramel51,PRAMEF26
Pramel51,PRAMEF33
Pramel51,PRAMEF7
Pramel51,PRAMEF5
Pramel51,PRAMEF13
Pramel51,PRAMEF25
Slc45a1,SLC45A1
Sim2,SIM2
Rcor1,RCOR1
Mdm2,MDM2
Etfb,ETFB
Myo1f,MYO1F
Lgals2,LGALS2
Ostn,OSTN
Rab23,RAB23
Trib2,TRIB2
Rpl30,RPL30
Cggbp1,CGGBP1
Exd2,EXD2
Ank1,ANK1
Edil3,EDIL3
Or5k8,OR5K3
Ifngr2,IFNGR2
Cmpk1,CMPK1
Sc5d,SC5D
Tbc1d31,TBC1D31
Mtrf1,MTRF1
Lmo1,LMO1
Fscn3,FSCN3
Hira,HIRA
Mindy4,MINDY4
Zic1,ZIC1
Phkg2,PHKG2
Itpkb,ITPKB
Rpn2,RPN2
Trip11,TRIP11
Amer2,AMER2
Capn8,CAPN8
Fhit,FHIT
Spock1,SPOCK1
Cc2d2a,CC2D2A
Orc3,ORC3
Fgd3,FGD3
Rnaseh2b,RNASEH2B
Srsf7,SRSF7
Prps1l3,PRPS1
Psma3,PSMA3
Fam131a,FAM131A
Smarca4,SMARCA4
Bdp1,BDP1
Srgap2,SRGAP2B
Srgap2,SRGAP2
Srgap2,SRGAP2C
Mrpl9,MRPL9
Ripply3,RIPPLY3
Lrrc74b,LRRC74B
Syt10,SYT10
Glipr1,GLIPR1
Tmem128,TMEM128
Gprc5d,GPRC5D
Card6,CARD6
Hsd3b3,HSD3B1
Hsd3b3,HSD3B2
Ddx56,DDX56
Asns,ASNS
Gpt,GPT
Copb1,COPB1
Slc1a6,SLC1A6
Lrrc71,LRRC71
Caml,CAMLG
Clu,CLU
Tiam1,TIAM1
Hcfc2,HCFC2
Adgra3,ADGRA3
Ccs,CCS
Nedd9,NEDD9
Fgb,FGB
Sohlh2,SOHLH2
Ppa1,PPA1
Prepl,PREPL
Adgrv1,ADGRV1
Glmp,GLMP
Pygm,PYGM
Copz1,COPZ1
Ltv1,LTV1
P2ry12,P2RY12
Wnt2b,WNT2B
Alg14,ALG14
Bcr,BCR
2410004B18Rik,C1orf52
Eefsec,EEFSEC
Siah2,SIAH2
Fignl2,FIGNL2
Ndrg1,NDRG1
Rxrb,RXRB
Ak5,AK5
Armc5,ARMC5
Epm2a,EPM2A
Cs,CS
Aldh2,ALDH2
Zfp746,ZNF746
Foxa3,FOXA3
Cdc27,CDC27
Ms4a12,MS4A12
Arrdc4,ARRDC4
Cyp17a1,CYP17A1
Klhdc9,KLHDC9
Ddx39b,DDX39B
Rorb,RORB
A130010J15Rik,C1orf74
Smpd4,SMPD4
Cd46,CD46
Loxl2,LOXL2
Fam111a,FAM111A
Atp6v1e1,ATP6V1E1
Tbc1d22a,TBC1D22A
Ccdc181,CCDC181
Zbtb39,ZBTB39
Zfpl1,ZFPL1
Zfp280b,ZNF280B
Prim1,PRIM1
Ero1a,ERO1A
Vil1,VIL1
Rreb1,RREB1
Slc35a3,SLC35A3
Ankmy1,ANKMY1
Xpo4,XPO4
Zfp467,ZNF467
Csrp2,CSRP2
Zbtb12,ZBTB12
Dmrt2,DMRT2
Eci1,ECI1
Gimd1,GIMD1
Zmat3,ZMAT3
Cdc37l1,CDC37L1
Dcaf4,DCAF4L2
Dcaf4,DCAF4
Prox1,PROX1
Xpo1,XPO1
Insr,INSR
Fbxw7,FBXW7
Grina,GRINA
Ppfia1,PPFIA1
Pask,PASK
Pdp1,PDP1
Dhx35,DHX35
Nup107,NUP107
Zfp219,ZNF219
Hpcal4,HPCAL4
Lemd2,LEMD2
Fanca,FANCA
Faf2,FAF2
Clca2,CLCA2
Hoxa13,HOXA13
Atoh8,ATOH8
Tspan33,TSPAN33
Bcl10,BCL10
Ulk3,ULK3
Lamtor3,LAMTOR3
Flywch2,FLYWCH2
Rangap1,RANGAP1
Serpina3f,SERPINA3
Plin3,PLIN3
Erbb2,ERBB2
Mnat1,MNAT1
Nif3l1,NIF3L1
Cux1,CUX1
Sftpc,SFTPC
Atp8a2,ATP8A2
Capg,CAPG
Rala,RALA
Rtca,RTCA
Adcy2,ADCY2
Npas3,NPAS3
Agt,AGT
Lonp1,LONP1
Pcolce2,PCOLCE2
Thrap3,THRAP3
Ces2e,CES2
D8Ertd738e,C19orf53
Pax9,PAX9
Slc19a3,SLC19A3
Rbm4b,RBM4B
Ddx42,DDX42
Hinfp,HINFP
Ppp2cb,PPP2CB
Hbp1,HBP1
Il17rb,IL17RB
Cfap20,CFAP20
Gimap6,GIMAP6
Dstyk,DSTYK
Atp5mk,ATP5MK
Smim43,SMIM43
Pmepa1,PMEPA1
Cpn1,CPN1
Ggcx,GGCX
Plppr4,PLPPR4
Naa20,NAA20
Zfp503,ZNF503
Slc22a8,SLC22A8
Tnfrsf19,TNFRSF19
Tat,TAT
Retn,RETN
Ilf2,ILF2
H6pd,H6PD
Hsd11b1,HSD11B1
Grk1,GRK1
Ift57,IFT57
Or8k38,OR8K3
Smad3,SMAD3
Trpv6,TRPV6
Klhl2,KLHL2
Tcf3,TCF3
Smarcd2,SMARCD2
Akr1b8,AKR1B10
Vsnl1,VSNL1
Pax5,PAX5
Zkscan7,ZKSCAN7
Aldh3b2,ALDH3B2
Ubxn1,UBXN1
Card19,CARD19
Fam181a,FAM181A
Gpr18,GPR18
Ip6k2,IP6K2
Gpr68,GPR68
Arhgdib,ARHGDIB
Mapk8,MAPK8
Dyrk3,DYRK3
Coch,COCH
S100a14,S100A14
D130043K22Rik,KIAA0319
Slc40a1,SLC40A1
Ythdf3,YTHDF3
Mrpl40,MRPL40
Rtn3,RTN3
Tmem108,TMEM108
Nkx2-1,NKX2-1
Rpl35a,RPL35A
Noxred1,NOXRED1
Brinp1,BRINP1
Krt73,KRT73
Smco3,SMCO3
Slc8a3,SLC8A3
Nab1,NAB1
Mpped1,MPPED1
Serac1,SERAC1
Tia1,TIA1
Med4,MED4
Slc9a8,SLC9A8
Hao2,HAO2
2510002D24Rik,C22orf39
Npc2,NPC2
Pkp2,PKP2
Mapk7,MAPK7
Slc26a4,SLC26A4
Fezf2,FEZF2
Cr2,CR2
Psmb5,PSMB5
Ubqln1,UBQLN1
Qars1,QARS1
Zc3h18,ZC3H18
Arhgef19,ARHGEF19
Zbtb7b,ZBTB7B
Hacd2,HACD2
Hnrnpc,HNRNPCL1
Hnrnpc,HNRNPCL3
Hnrnpc,HNRNPCL2
Hnrnpc,HNRNPCL4
Trim59,TRIM59
Polr2h,POLR2H
Pla2g4c,PLA2G4C
Naa15,NAA15
Oga,OGA
Tex55,TEX55
Fgf12,FGF12
Tpp2,TPP2
Erich5,ERICH5
Cpt1b,CPT1B
Mx1,MX1
Stk38,STK38
Nxnl2,NXNL2
Phactr1,PHACTR1
Med18,MED18
Tex46,TEX46
Mgrn1,MGRN1
Ndufa3,NDUFA3
Nfia,NFIA
Ppp1r37,PPP1R37
Ccdc125,CCDC125
Myh10,MYH10
Asrgl1,ASRGL1
Aadacl2,AADACL2
Ddx41,DDX41
Zc3h3,ZC3H3
Alg5,ALG5
Nadsyn1,NADSYN1
Taf6l,TAF6L
Ube2h,UBE2H
Cdh13,CDH13
Nfxl1,NFXL1
Wasf2,WASF2
Fam83a,FAM83A
Neurog2,NEUROG2
Armc1,ARMC1
Scn8a,SCN8A
Ttll2,TTLL2
Ttll11,TTLL11
Zfp42,ZFP42
Gtpbp2,GTPBP2
Sec13,SEC13
Dctn3,DCTN3
Phox2b,PHOX2B
Lrrc31,LRRC31
Nr2c2,NR2C2
Rnf144b,RNF144B
AI837181,C11orf68
Smc5,SMC5
Tmco5,TMCO5A
Plekho1,PLEKHO1
Rpp40,RPP40
Myl12b,MYL12B
Chd7,CHD7
Clrn1,CLRN1
Htr1b,HTR1B
Blm,BLM
Abcg5,ABCG5
Champ1,CHAMP1
Tbc1d14,TBC1D14
Tmed1,TMED1
Acta1,ACTA1
Zfp456,ZNF195
Zfp456,ZNF429
Ankrd13c,ANKRD13C
Cspg4,CSPG4
Map1b,MAP1B
Manf,MANF
Fgd2,FGD2
Rnf220,RNF220
Tent2,TENT2
Pax8,PAX8
Gpx1,GPX1
Slc25a15,SLC25A15
Cops7a,COPS7A
Cep57,CEP57
Tcf20,TCF20
Nmur1,NMUR1
Unc13d,UNC13D
En1,EN1
Mast3,MAST3
Inpp1,INPP1
Cntln,CNTLN
Troap,TROAP
Hck,HCK
Adora1,ADORA1
Kansl1l,KANSL1L
Dnase1l2,DNASE1L2
Zfp593,ZNF593
Clcf1,CLCF1
Folh1,FOLH1
Kif6,KIF6
Kcnk4,KCNK4
Itgb1,ITGB1
Epha10,EPHA10
Gdf2,GDF2
Fam124a,FAM124A
Armh3,ARMH3
Dclk2,DCLK2
Chd8,CHD8
Dipk1b,DIPK1B
Exosc7,EXOSC7
Hs3st6,HS3ST6
Mlst8,MLST8
Cage1,CAGE1
Zfp536,ZNF536
Igfbp3,IGFBP3
Mab21l4,MAB21L4
A4galt,A4GALT
Ankrd55,ANKRD55
Luc7l2,LUC7L2
Slc38a11,SLC38A11
Zfp692,ZNF692
Gtse1,GTSE1
Rrp8,RRP8
Fam167a,FAM167A
Rab20,RAB20
Pglyrp2,PGLYRP2
Slc38a8,SLC38A8
Sox7,SOX7
Itgbl1,ITGBL1
Abcb4,ABCB4
Gk5,GK5
Stau2,STAU2
Mrgprb2,MRGPRX4
Mrgprb2,MRGPRX2
Mrgprb2,MRGPRX3
Mrgprb2,MRGPRX1
Borcs8,BORCS8
Pik3cd,PIK3CD
Twf1,TWF1
Ap2s1,AP2S1
Tnfsf11,TNFSF11
Sh3gl1,SH3GL1
B3galnt2,B3GALNT2
Dzip1,DZIP1
Slc17a6,SLC17A6
Necab2,NECAB2
Slco1a1,SLCO1A2
Tmed3,TMED3
Angpt1,ANGPT1
Myrip,MYRIP
Ly6f,LY6S
Fibp,FIBP
Mapk12,MAPK12
Crip3,CRIP3
St7,ST7
Cxcl2,CXCL3
Slc35f3,SLC35F3
Nubp2,NUBP2
Alg10,ALG10B
Alg10,ALG10
Eef2k,EEF2K
Cldn18,CLDN18
Eny2,ENY2
Fam228a,FAM228A
Fermt3,FERMT3
Cacna1a,CACNA1A
Plscr4,PLSCR4
Acot5,ACOT2
Acot5,ACOT1
Matn3,MATN3
Oog1,PRAMEF2
Oog1,PRAMEF18
Oog1,PRAMEF20
Oog1,PRAMEF6
Oog1,PRAMEF8
Oog1,PRAMEF14
Oog1,PRAMEF19
Oog1,PRAMEF27
Oog1,PRAMEF17
Oog1,PRAMEF11
Oog1,PRAMEF1
Oog1,PRAMEF10
Oog1,PRAMEF9
Oog1,PRAMEF15
Oog1,PRAMEF12
Oog1,PRAMEF4
Oog1,PRAMEF26
Oog1,PRAMEF33
Oog1,PRAMEF7
Oog1,PRAMEF5
Oog1,PRAMEF13
Oog1,PRAMEF25
Kcnma1,KCNMA1
Cog5,COG5
Ms4a2,MS4A2
Bcdin3d,BCDIN3D
Eif3h,EIF3H
Wbp1l,WBP1L
Smoc2,SMOC2
Atp2a2,ATP2A2
Ide,IDE
Hemk1,HEMK1
Srek1ip1,SREK1IP1
Ubxn2a,UBXN2A
Adarb2,ADARB2
Irx4,IRX4
Tbc1d9b,TBC1D9B
Gjb4,GJB4
Hecw1,HECW1
Lpar2,LPAR2
Cyp2d40,CYP2D6
Plvap,PLVAP
Mtfr1l,MTFR1L
Tmt1a3,TMT1A
Ak7,AK7
Cramp1,CRAMP1
Tmem65,TMEM65
Tecr,TECR
Adi1,ADI1
Trip13,TRIP13
Nr4a1,NR4A1
Tcf7l2,TCF7L2
Arel1,AREL1
Bricd5,BRICD5
Lyplal1,LYPLAL1
Or2h1,OR2H2
Arhgef33,ARHGEF33
Fam76b,FAM76B
Trim27,TRIM27
Phlda3,PHLDA3
Lefty2,LEFTY1
Lefty2,LEFTY2
Catsperg1,CATSPERG
Crb3,CRB3
Kcnk2,KCNK2
Col8a2,COL8A2
Gpaa1,GPAA1
Rpl29,RPL29
2210408I21Rik,KIAA0825
Ly6g5c,LY6G5C
Serpinb8,SERPINB8
Ccdc30,CCDC30
Fcgr1,FCGR1A
Nkapd1,NKAPD1
Cntn4,CNTN4
Pou6f2,POU6F2
Slc29a1,SLC29A1
Ankzf1,ANKZF1
Fstl1,FSTL1
Cdc42ep1,CDC42EP1
Eif4g2,EIF4G2
Asb8,ASB8
Rapgef4,RAPGEF4
Iqch,IQCH
Mocs2,MOCS2
Pdxdc1,PDXDC1
Pdlim5,PDLIM5
Kifc2,KIFC2
Ces1b,CES1
Cmc2,CMC2
Tnfrsf23,TNFRSF10C
Tnfrsf23,TNFRSF10B
Tnfrsf23,TNFRSF10D
Tomm40l,TOMM40L
Plekhg3,PLEKHG3
Inka1,INKA1
Lrrc2,LRRC2
Kif20b,KIF20B
Usp10,USP10
Spns1,SPNS1
Itgb3bp,ITGB3BP
Cgas,CGAS
Acp5,ACP5
Rasgrf2,RASGRF2
Sema4d,SEMA4D
Frg2f1,FRG2C
Frg2f1,FRG2B
Frg2f1,FRG2
Nr1i3,NR1I3
Cpne4,CPNE4
Rspo1,RSPO1
Dync2i1,DYNC2I1
Cxcl17,CXCL17
Trim30a,TRIM5
Tmeff1,TMEFF1
Insc,INSC
Klc2,KLC2
Ryk,RYK
Arhgef16,ARHGEF16
Gli2,GLI2
Mrpl48,MRPL48
Kcnrg,KCNRG
Zkscan14,ZNF394
Polr1d,POLR1D
Ldb3,LDB3
Cdh17,CDH17
Loxl3,LOXL3
Ccnd1,CCND1
Scfd1,SCFD1
Smim8,SMIM8
Asb4,ASB4
Lrpap1,LRPAP1
Oat,OAT
Dusp16,DUSP16
Kdm4c,KDM4C
Unc93b1,UNC93B1
Il17ra,IL17RA
Armc9,ARMC9
Snd1,SND1
Pskh1,PSKH1
Ethe1,ETHE1
Slc51b,SLC51B
Pax2,PAX2
Ets1,ETS1
Wwp2,WWP2
Pcgf6,PCGF6
Zfp28,ZFP28
Emilin1,EMILIN1
Sh3bgrl2,SH3BGRL2
Nqo2,NQO2
Zcchc17,ZCCHC17
Il18bp,IL18BP
Loxl1,LOXL1
Slc1a1,SLC1A1
Bfsp2,BFSP2
Zfp764,ZNF764
Zfp764,ZNF747
Mical1,MICAL1
Ube3d,UBE3D
Dcdc2c,DCDC2C
Qpctl,QPCTL
Cdc7,CDC7
Ifrd1,IFRD1
Kcnk7,KCNK7
Arl2,ARL2
Rexo2,REXO2
Cnr2,CNR2
Per3,PER3
Ndufb8,NDUFB8
Serpinb6d,SERPINB6
Ccne1,CCNE1
Cdk13,CDK13
Slc1a4,SLC1A4
Ccnd2,CCND2
Kirrel1,KIRREL1
Mrps22,MRPS22
Naa16,NAA16
Klf6,KLF6
Gstz1,GSTZ1
Snrnp40,SNRNP40
Nkx6-3,NKX6-3
Wdr41,WDR41
Sdhaf2,SDHAF2
Vamp5,VAMP5
Ehbp1,EHBP1
Lrrc8b,LRRC8B
Magohb,MAGOHB
Lcorl,LCORL
Vpreb1a,VPREB1
D16Ertd472e,C21orf91
Zfand5,ZFAND5
Lekr1,LEKR1
Cnot1,CNOT1
9930012K11Rik,C8orf58
Cish,CISH
P3r3urf,P3R3URF
Dqx1,DQX1
Cdkn2b,CDKN2B
Serpinb1c,SERPINB1
Slc30a2,SLC30A2
Cyp7b1,CYP7B1
Slc6a13,SLC6A13
Zmynd11,ZMYND11
Ccdc198,CCDC198
Nell2,NELL2
Bnip2,BNIP2
Phldb2,PHLDB2
Pax7,PAX7
Fpgt,FPGT
Spata21,SPATA21
1110059E24Rik,C9orf85
Cgrrf1,CGRRF1
S100a6,S100A6
Ppp1r13b,PPP1R13B
Tubgcp5,TUBGCP5
Tmem199,VMA12
Pcdh18,PCDH18
Cfap43,CFAP43
Rem1,REM1
Hjv,HJV
Sgcg,SGCG
Clstn1,CLSTN1
Cfap410,CFAP410
Prorp,PRORP
M6pr,M6PR
Fads2,FADS2
Slc7a11,SLC7A11
Rasa4,RASA4B
Rasa4,RASA4
Gad2,GAD2
Clec4a2,CLEC4C
Zic2,ZIC2
Golga5,GOLGA5
Lemd3,LEMD3
Vcam1,VCAM1
Arhgap44,ARHGAP44
Samd4,SAMD4A
Herc3,HERC3
Inhbc,INHBC
Dag1,DAG1
Rit1,RIT1
Derl3,DERL3
Uqcc3,UQCC3
Cradd,CRADD
Lgi1,LGI1
Clec2h,CLEC2D
Birc3,BIRC3
Etv6,ETV6
Armc2,ARMC2
Hmox2,HMOX2
Vps16,VPS16
Fam110c,FAM110C
Rab43,RAB43
Plekhd1,PLEKHD1
Nherf4,NHERF4
Pcdh9,PCDH9
Cog6,COG6
Trim24,TRIM24
Tcaim,TCAIM
Cdca5,CDCA5
Chst3,CHST3
Greb1,GREB1
Fndc3a,FNDC3A
Slc35e3,SLC35E3
Mcee,MCEE
Sirt1,SIRT1
Gcnt1,GCNT1
Gtpbp8,GTPBP8
Crtc3,CRTC3
Pcgf5,PCGF5
Slc44a1,SLC44A1
Mmp28,MMP28
Prtn3,PRTN3
Celf5,CELF5
Pygo1,PYGO1
Tmem104,SLC38A12
Wdcp,WDCP
Psmc6,PSMC6
Cdc45,CDC45
Rsad2,RSAD2
Pknox2,PKNOX2
Coq8b,COQ8B
Epyc,EPYC
Hdac7,HDAC7
Dtx3,DTX3
Wdr81,WDR81
Zfyve26,ZFYVE26
Mmp19,MMP19
Coq10a,COQ10A
Ccdc74a,CCDC74B
Ccdc74a,CCDC74A
Smpdl3a,SMPDL3A
Tex2,TEX2
Uhrf2,UHRF2
Micos10,MICOS10
Sdc4,SDC4
Cdc40,CDC40
Stxbp5l,STXBP5L
Sec31a,SEC31A
Snx13,SNX13
Or4e2,OR4E2
Pparg,PPARG
Sntn,SNTN
Gulp1,GULP1
Sucla2,SUCLA2
Kitl,KITLG
Map3k7,MAP3K7
Gpr149,GPR149
Leap2,LEAP2
Gba1,GBA1
Mrpl11,MRPL11
Raver1,RAVER1
Prr29,PRR29
Dusp5,DUSP5
Rcl1,RCL1
Trim3,TRIM3
Itm2c,ITM2C
Sf1,SF1
Ap1m2,AP1M2
Atg101,ATG101
Gpatch4,GPATCH4
Slc19a2,SLC19A2
Smarcd1,SMARCD1
Slc6a20a,SLC6A20
3110009E18Rik,C2orf76
Rpgrip1,RPGRIP1
Arfgap2,ARFGAP2
Ggt1,GGTLC2
Ggt1,GGT1
Ggt1,GGTLC3
Ggt1,GGTLC1
Mbtd1,MBTD1
Cd101,CD101
Fam241a,FAM241A
Cmpk2,CMPK2
Slc30a7,SLC30A7
Srp9,SRP9
Tcaf1,TCAF1
Frmd6,FRMD6
Ift27,IFT27
Decr1,DECR1
Bet1l,BET1L
Mael,MAEL
Fsaf1,FSAF1
Idh3a,IDH3A
Csnk2b,CSNK2B
Gas6,GAS6
Sdc2,SDC2
Gpr183,GPR183
Gjb2,GJB2
Dusp29,DUSP29
Ndufa10,NDUFA10
Rhd,RHCE
Rhd,RHD
Papss1,PAPSS1
Nars2,NARS2
Hsf1,HSF1
Pibf1,PIBF1
Tinagl1,TINAGL1
Grhl1,GRHL1
Golph3l,GOLPH3L
Ccl22,CCL22
Mcrip2,MCRIP2
Opalin,OPALIN
Jak3,JAK3
Ints3,INTS3
Pacs1,PACS1
Zfp943,ZNF34
G2e3,G2E3
Serpinc1,SERPINC1
Mmp23,MMP23B
Tpsg1,TPSG1
Gpnmb,GPNMB
Cyp21a1,CYP21A2
N4bp2l1,N4BP2L1
Ptpn14,PTPN14
Synm,SYNM
Rsbn1l,RSBN1L
Tesk2,TESK2
Ncapd2,NCAPD2
Gtf2f2,GTF2F2
Myadm,MYADM
Erh,ERH
Msc,MSC
Mss51,MSS51
Slc66a3,SLC66A3
Trim8,TRIM8
Ube2w,UBE2W
Tfip11,TFIP11
Spsb1,SPSB1
Plekhb1,PLEKHB1
Tsc22d1,TSC22D1
Retnla,RETNLB
Pou1f1,POU1F1
Sav1,SAV1
Cpeb3,CPEB3
Atp1b2,ATP1B2
Gtdc1,QTMAN
Pik3cg,PIK3CG
Ppil2,PPIL2
Dalrd3,DALRD3
Hectd3,HECTD3
Tmed5,TMED5
Tram1l1,TRAM1L1
Zc2hc1a,ZC2HC1A
Kcnab3,KCNAB3
Btbd6,BTBD6
Nudt3,NUDT3
Tmem19,TMEM19
Ibsp,IBSP
Ttc7b,TTC7B
Dhx9,DHX9
H2-M2,HLA-F
Ndrg2,NDRG2
Helq,HELQ
Ccdc154,CCDC154
Hsd3b1,HSD3B1
Hsd3b1,HSD3B2
Klrg1,KLRG1
Cacnb4,CACNB4
Chrm2,CHRM2
Akr1b10,AKR1B10
Prr22,PRR22
Cdc42se1,CDC42SE1
C2,C2
Prl2c5,PRL
Cox6b1,COX6B1
Mcidas,MCIDAS
Chrnb3,CHRNB3
Rtp3,RTP3
Kif27,KIF27
Cenpw,CENPW
Rassf4,RASSF4
Map3k21,MAP3K21
Stat6,STAT6
Ndufs8,NDUFS8
Prpf3,PRPF3
C6,C6
Nfrkb,NFRKB
Mfap3l,MFAP3L
H2bc3,H2BC3
Hhat,HHAT
Rgs7bp,RGS7BP
Dpep3,DPEP3
Gzma,GZMA
Cmtm2a,CMTM2
Pdxp,PDXP
Eftud2,EFTUD2
Adamts12,ADAMTS12
Mccc2,MCCC2
Vamp1,VAMP1
Olfml2b,OLFML2B
Irf8,IRF8
B3galt4,B3GALT4
Cdc20,CDC20
Eif3l,EIF3L
Sh2b1,SH2B1
Sepsecs,SEPSECS
Atp6v0e,ATP6V0E1
Serinc3,SERINC3
Tmem82,TMEM82
Elf3,ELF3
Tle4,TLE4
Impdh1,IMPDH1
Scoc,SCOC
Cox7a2l,COX7A2L
Dok7,DOK7
Nasp,NASP
Sirpb1b,SIRPA
Sirpb1b,SIRPB1
Sirpb1b,SIRPG
Agap1,AGAP1
Ppp1r10,PPP1R10
Eeig2,EEIG2
Fam186a,FAM186A
Rad23a,RAD23A
Asb10,ASB10
Dpyd,DPYD
Grap2,GRAP2
Pln,PLN
Rapgef3,RAPGEF3
Hif1a,HIF1A
Slc5a8,SLC5A8
Vps33a,VPS33A
Dzip1l,DZIP1L
Pcnt,PCNT
Angptl2,ANGPTL2
Ecrg4,ECRG4
Slc29a2,SLC29A2
Scamp3,SCAMP3
Mpzl1,MPZL1
Cptp,CPTP
Spaca1,SPACA1
Psma2,PSMA2
Wfikkn2,WFIKKN2
Nt5c1a,NT5C1A
Hbq1a,HBQ1
Rnasek,RNASEK
Taf12,TAF12
Ugt1a6b,UGT1A6
Rrbp1,RRBP1
Mfsd6,MFSD6
Mlx,MLX
Ak6,TAF9
Frrs1,FRRS1
Oxtr,OXTR
Ninj1,NINJ1
Cidec,CIDEC
Smim13,SMIM13
Pard3,PARD3
Gli3,GLI3
Crabp1,CRABP1
Rps10,RPS10
Usp39,USP39
Tbx20,TBX20
Mrpl1,MRPL1
Pnkd,PNKD
Mfsd2a,MFSD2A
Kdm2a,KDM2A
Mrps30,MRPS30
Lhfpl6,LHFPL6
Plscr1l1,PLSCR1
Sod2,SOD2
H4c1,H4C8
Zfp131,ZNF131
Dppa5a,DPPA5
Zfp39,ZNF570
Nucb2,NUCB2
AU022252,C1orf50
Adam15,ADAM15
Srf,SRF
Mapre1,MAPRE1
Arhgap25,ARHGAP25
Ahr,AHR
Spdef,SPDEF
Cd320,CD320
Invs,INVS
Atf7ip2,ATF7IP2
Fgfr4,FGFR4
Pum3,PUM3
Gpr65,GPR65
Cdc42bpb,CDC42BPB
Ehmt2,EHMT2
Asl,ASL
Adam23,ADAM23
4930451I11Rik,C16orf92
Cdh23,CDH23
Smarcc1,SMARCC1
Clec11a,CLEC11A
Lurap1,LURAP1
Srebf2,SREBF2
C1ra,C1R
Slc25a21,SLC25A21
Atp10a,ATP10A
Atad2b,ATAD2B
Marf1,MARF1
Fblim1,FBLIM1
Bmal2,BMAL2
Nup153,NUP153
Sfi1,SFI1
Gtf2e1,GTF2E1
Degs2,DEGS2
Ttll12,TTLL12
Zdhhc19,ZDHHC19
Cbll1,CBLL1
Igf1r,IGF1R
Crkl,CRKL
Lgals8,LGALS8
Yars2,YARS2
Mrm2,MRM2
Tmed10,TMED10
Prr14l,PRR14L
Zdhhc23,ZDHHC23
Krt8,KRT8
Fancm,FANCM
Zfp398,ZNF398
Rhbdd2,RHBDD2
Pak2,PAK2
Anxa13,ANXA13
Sla,SLA
Klre1,KLRC4
Klre1,KLRC1
Klre1,KLRC2
Klre1,KLRC3
Lmcd1,LMCD1
Tank,TANK
Rab7,RAB7A
Osbpl5,OSBPL5
N4bp2l2,N4BP2L2
Rad1,RAD1
Arl6,ARL6
Fbxo33,FBXO33
Zmym6,ZMYM6
Isca2,ISCA2
Cracd,CRACD
Togaram2,TOGARAM2
Tecpr2,TECPR2
Cerk,CERK
Sema3e,SEMA3E
Dgkg,DGKG
Cldn6,CLDN6
Or5a1,OR5A1
Hells,HELLS
Vps52,VPS52
Slc35d2,SLC35D2
Acad10,ACAD10
Cdpf1,CDPF1
Lmod1,LMOD1
Tcf24,TCF24
Ly9,LY9
Tmem63c,TMEM63C
Hspb6,HSPB6
Rbm42,RBM42
Ubap2,UBAP2
Mlph,MLPH
Hdac2,HDAC2
Nid1,NID1
Adck5,ADCK5
Wdr75,WDR75
Cd8b1,CD8B
Cd8b1,CD8B2
Rmnd5a,RMND5A
Gpatch1,GPATCH1
Lpcat1,LPCAT1
Itga7,ITGA7
Mapre3,MAPRE3
Klhdc10,KLHDC10
Ubtd1,UBTD1
Tfpi,TFPI
Prdx3,PRDX3
Dhrs7,DHRS7
Fas,FAS
Fancd2os,FANCD2OS
Tigar,TIGAR
Tagap,TAGAP
Tc2n,TC2N
Pnlip,PNLIP
Clpp,CLPP
Ccl28,CCL28
Cplx2,CPLX2
Hk2,HK2
Zfp58,ZNF195
Zfp58,ZNF429
Prkch,PRKCH
Lrrc8d,LRRC8D
Nxpe3,NXPE3
Car11,CA11
Srd5a2,SRD5A2
Anapc13,ANAPC13
Adamts1,ADAMTS1
Tmem134,TMEM134
Xpo5,XPO5
Cacng1,CACNG1
Kcnj15,KCNJ15
Gsdme,GSDME
Golm1,GOLM1
Tbc1d15,TBC1D15
Smad6,SMAD6
Kctd8,KCTD8
Atp5mf,ATP5MF
Ccdc157,CCDC157
Septin5,SEPTIN5
Snx6,SNX6
Ubfd1,UBFD1
Lbr,LBR
Gnb5,GNB5
Nat3,NAT2
Nat3,NAT1
Gnao1,GNAO1
Gcfc2,GCFC2
Crot,CROT
Dclre1a,DCLRE1A
Ifnar2,IFNAR2
Rpl37,RPL37
Deaf1,DEAF1
Pdcd4,PDCD4
Nob1,NOB1
Elmod1,ELMOD1
Gpx8,GPX8
Shc3,SHC3
Znrf2,ZNRF2
Dcdc2a,DCDC2
Zfp653,ZNF653
Fkbp4,FKBP4
Litafd,LITAFD
Ddit3,DDIT3
Zfp827,ZNF827
Sh3d21,SH3D21
Xxylt1,XXYLT1
Snrnp48,SNRNP48
6430571L13Rik,C3orf18
Rfc4,RFC4
Uckl1,UCKL1
Marchf5,MARCHF5
Grb10,GRB10
Ranbp2,RANBP2
Pid1,PID1
Hspb2,HSPB2
Cdhr4,CDHR4
Wdr26,WDR26
D17H6S53E,C6orf47
Vgf,VGF
Pcnx4,PCNX4
Fam50b,FAM50B
Foxn4,FOXN4
Hdac1,HDAC1
Hivep1,HIVEP1
Kcne1,KCNE1
Clec4n,CLEC6A
Tcf25,TCF25
Borcs7,BORCS7
Morc3,MORC3
Homer1,HOMER1
Cebpz,CEBPZ
Fxyd2,FXYD2
Gdnf,GDNF
Rida,RIDA
Pcnx3,PCNX3
Snorc,SNORC
Depp1,DEPP1
Eif2b2,EIF2B2
Edem1,EDEM1
Trafd1,TRAFD1
Mfsd4a,SLC60A1
Slc31a1,SLC31A1
Nrm,NRM
Espl1,ESPL1
Tube1,TUBE1
1700102P08Rik,C3orf62
Trip10,TRIP10
Srsf5,SRSF5
Olfm2,OLFM2
Coq3,COQ3
Vopp1,VOPP1
Cyren,CYREN
Wasf1,WASF1
Cilk1,CILK1
Retnlg,RETNLB
1700003E16Rik,C2orf81
Srl,SRL
Tuba1b,TUBA1B
Arhgef11,ARHGEF11
Bms1,BMS1
B4galt7,B4GALT7
Gcat,GCAT
Ddx50,DDX50
Rarb,RARB
Rrm2b,RRM2B
Txndc5,TXNDC5
Senp2,SENP2
Pdrg1,PDRG1
Adamts4,ADAMTS4
Fgfr2,FGFR2
Pdzd2,PDZD2
Lrrc18,LRRC18
Rdx,RDX
Scnn1a,SCNN1A
Mxi1,MXI1
Tspan14,TSPAN14
Rad51,RAD51
Ugt3a1,UGT3A2
Dst,DST
Chchd6,CHCHD6
Tyms,TYMS
Ano6,ANO6
Mpdz,MPDZ
Rnf17,RNF17
Anxa6,ANXA6
Pex3,PEX3
Npy,NPY
Or5m3b,OR5M3
Gsg1,GSG1
Gckr,GCKR
Wipf1,WIPF1
Cep126,CEP126
Pex2,PEX2
Foxo3,FOXO3
Rab39,RAB39A
Dbr1,DBR1
Ap1s1,AP1S1
Gja1,GJA1
Tmem40,TMEM40
Ptprb,PTPRB
Ttc27,TTC27
Cntn5,CNTN5
Ppat,PPAT
Kng1,KNG1
Mvb12b,MVB12B
Ackr2,ACKR2
Adcy4,ADCY4
Pvalb,PVALB
Arih1,ARIH1
Upk3b,UPK3B
Gstm1,GSTM1
Myg1,MYG1
Tmem119,TMEM119
Dync1h1,DYNC1H1
Klrc2,KLRC1
Zbtb2,ZBTB2
Actl6b,ACTL6B
Appl2,APPL2
Ttbk2,TTBK2
Ddx49,DDX49
Mrps25,MRPS25
Samm50,SAMM50
Acp3,ACP3
BC048671,C3orf22
Brf1,BRF1
Zfand4,ZFAND4
Gcnt2,GCNT2
Adh5,ADH5
Mrpl32,MRPL32
Efs,EFS
Nxpe4,NXPE4
Atg3,ATG3
Tfdp1,TFDP1
Zfp366,ZNF366
Zfp169,ZNF169
Pbrm1,PBRM1
Glrx,GLRX
Etv1,ETV1
Zbed6,ZBED6
P2rx7,P2RX7
Tmem184b,TMEM184B
Rab24,RAB24
Sec62,SEC62
Sgo2a,SGO2
Slc35a5,SLC35A5
Adar,ADAR
Exoc6b,EXOC6B
Ogn,OGN
Rpsa,RPSA2
Rpsa,RPSA
Cfc1,CFC1B
Cfc1,CFC1
Cdc14b,CDC14B
Cdc14b,CDC14C
Lmln,LMLN
Rcan2,RCAN2
Epha3,EPHA3
Myoc,MYOC
Pbx2,PBX2
Rxylt1,RXYLT1
Atp5f1c,ATP5F1C
Eif5b,EIF5B
Pom121,POM121C
Pom121,POM121
Arc,ARC
Sntb1,SNTB1
Caskin1,CASKIN1
Cyp2d9,CYP2D6
Ccn6,CCN6
Slc46a3,SLC46A3
Fzr1,FZR1
Noct,NOCT
Stpg2,STPG2
Hunk,HUNK
Nudt14,NUDT14
Nsun5,NSUN5
Gatb,GATB
Arl13b,ARL13B
Adam10,ADAM10
Foxf2,FOXF2
Erap1,ERAP1
Ppp4r4,PPP4R4
Nsun3,NSUN3
Mapk11,MAPK11
Aph1b,APH1B
Fshr,FSHR
Cluap1,CLUAP1
Galns,GALNS
Cdk18,CDK18
Ppp4r1,PPP4R1
Aqp6,AQP6
Kcnv1,KCNV1
Oaz2,OAZ2
Emc2,EMC2
Clec2i,CLEC2D
4931406C07Rik,C11orf54
Ankrd34b,ANKRD34B
Iapp,IAPP
Klrc1,KLRC1
Cfap90,CFAP90
Spata31d1a,SPATA31D3
Spata31d1a,SPATA31D1
Spata31d1a,SPATA31D4
Terb1,TERB1
Slc17a2,SLC17A2
Mkrn2,MKRN2
Slc37a4,SLC37A4
Smdt1,SMDT1
Zbtb4,ZBTB4
Htr5a,HTR5A
Moxd1,MOXD1
Tnk2,TNK2
Sftpb,SFTPB
Slc1a3,SLC1A3
Slc35f5,SLC35F5
Cyp3a25,CYP3A43
Cyp3a25,CYP3A7
Cyp3a25,CYP3A4
Cyp3a25,CYP3A5
Tshz3,TSHZ3
Cd63,CD63
Col1a2,COL1A2
Fcgrt,FCGRT
Auh,AUH
Armc6,ARMC6
Gfm1,GFM1
Zglp1,ZGLP1
Pxdn,PXDN
Skic8,SKIC8
Zfp664,ZNF664
Galr3,GALR3
Ppp1r1a,PPP1R1A
Cd33,CD33
Cd33,SIGLEC6
Preb,PREB
Tnip1,TNIP1
Slc38a1,SLC38A1
Cfl2,CFL2
Ssr3,SSR3
Ddx27,DDX27
Smoc1,SMOC1
Th,TH
Tpgs1,TPGS1
BC025920,ZNF77
Purg,PURG
H2az1,H2AZ1
Grm1,GRM1
N4bp1,N4BP1
Slc5a3,SLC5A3
Mzt2,MZT2A
Mzt2,MZT2B
Kcnk1,KCNK1
Zmat4,ZMAT4
Cd200r4,CD200R1
Cd200r4,CD200R1L
Dact1,DACT1
Fn1,FN1
Sucnr1,SUCNR1
Atp5po,ATP5PO
E2f5,E2F5
Wdr25,WDR25
Ppp1r11,PPP1R11
Glo1,GLO1
Tex264,TEX264
Tcf21,TCF21
Eea1,EEA1
Serpina3a,SERPINA3
Plppr5,PLPPR5
Mlycd,MLYCD
Celsr1,CELSR1
Il31ra,IL31RA
Slc38a6,SLC38A6
Nectin2,NECTIN2
Ppm1g,PPM1G
Mlkl,MLKL
Dscam,DSCAM
St7l,ST7L
Shisa8,SHISA8
Lhfpl3,LHFPL3
Or12d17,OR12D3
Tmem74,TMEM74
Gcsam,GCSAM
Lgals1,LGALS1
H2-DMa,HLA-DMA
Zfp655,ZNF655
Ncam2,NCAM2
Tcl1b4,TCL1B
Trappc13,TRAPPC13
Lrrc9,LRRC9
Myl6,MYL6
Map1s,MAP1S
Mbd3l1,MBD3L1
Pim3,PIM3
Bak1,BAK1
Med17,MED17
Zfp597,ZNF597
1700088E04Rik,C22orf23
Chaf1b,CHAF1B
Ctr9,CTR9
Prr18,PRR18
Med19,MED19
Zbtb14,ZBTB14
Sh3bp2,SH3BP2
Rab12,RAB12
Plpp7,PLPP7
Map1lc3b,MAP1LC3B
Map1lc3b,MAP1LC3B2
Plxnb2,PLXNB2
Zfp36l2,ZFP36L2
Noxo1,NOXO1
Tmem45a,TMEM45A
Mpzl2,MPZL2
Tmprss13,TMPRSS13
Kcne2,KCNE2
Zfp961,ZNF700
Get1,GET1
Radil,RADIL
Cyp46a1,CYP46A1
Hydin,HYDIN
Psme2,PSME2
Tmem25,TMEM25
Tmem232,TMEM232
Upk1b,UPK1B
Runx1,RUNX1
Prss8,PRSS8
Anapc11,ANAPC11
Umps,UMPS
Wdr27,WDR27
Efna4,EFNA4
Smg9,SMG9
Ahcyl1,AHCYL1
Rbpms,RBPMS
Cldnd1,CLDND1
Diaph3,DIAPH3
Marchf10,MARCHF10
Arrdc3,ARRDC3
Rbck1,RBCK1
Pyroxd1,PYROXD1
Krt28,KRT28
Abhd6,ABHD6
Pramel35,PRAMEF2
Pramel35,PRAMEF18
Pramel35,PRAMEF20
Pramel35,PRAMEF6
Pramel35,PRAMEF8
Pramel35,PRAMEF14
Pramel35,PRAMEF19
Pramel35,PRAMEF27
Pramel35,PRAMEF17
Pramel35,PRAMEF11
Pramel35,PRAMEF1
Pramel35,PRAMEF10
Pramel35,PRAMEF9
Pramel35,PRAMEF15
Pramel35,PRAMEF12
Pramel35,PRAMEF4
Pramel35,PRAMEF26
Pramel35,PRAMEF33
Pramel35,PRAMEF7
Pramel35,PRAMEF5
Pramel35,PRAMEF13
Pramel35,PRAMEF25
Hnf1a,HNF1A
Cd83,CD83
Unc119,UNC119
Acot4,ACOT4
Prl8a6,PRL
Nudcd1,NUDCD1
Alkal2,ALKAL2
Zbtb20,ZBTB20
Ccni,CCNI
Irx1,IRX1
Lin52,LIN52
Arl10,ARL10
Prr11,PRR11
Prxl2c,PRXL2C
Pi16,PI16
Kctd9,KCTD9
Ruvbl1,RUVBL1
Adgrg6,ADGRG6
Lctl,LCTL
Or2ag2b,OR2AG2
Eif2s1,EIF2S1
Cox6c,COX6C
Slc49a3,SLC49A3
Hexb,HEXB
Obscn,OBSCN
Rasd2,RASD2
Synpo2l,SYNPO2L
Ddx19b,DDX19B
P2ry13,P2RY13
Atp1a1,ATP1A1
P3h3,P3H3
Rundc3b,RUNDC3B
Ccn4,CCN4
Camkv,CAMKV
Gpsm3,GPSM3
Tmem260,TMEM260
Zfp689,ZNF689
Lpin2,LPIN2
Rac2,RAC2
Crebzf,CREBZF
Dhx38,DHX38
Cyria,CYRIA
Rbfox2,RBFOX2
Prdm1,PRDM1
Ccp110,CCP110
Plb1,PLB1
Adora2a,ADORA2A
Elane,ELANE
Ipcef1,IPCEF1
Abcd3,ABCD3
Trim6,TRIM6
Prl2c2,PRL
Tbca,TBCA
Angptl6,ANGPTL6
Ift56,IFT56
P2ry2,P2RY2
Il18,IL18
Sh3bgrl3,SH3BGRL3
Actn2,ACTN2
Epcam,EPCAM
Perp,PERP
Tmc4,TMC4
Rps12,RPS12
Acot7,ACOT7
Tbl3,TBL3
Rpl36al,RPL36A
Dok2,DOK2
Fam177a2,FAM177A1
Uqcc6,UQCC6
Abhd8,ABHD8
Ppp2r3c,PPP2R3C
Myo6,MYO6
Ngly1,NGLY1
Dnaja2,DNAJA2
Wtip,WTIP
Psmc2,PSMC2
Yeats4,YEATS4
Garin5b,GARIN5B
Sesn1,SESN1
Bspry,BSPRY
Mcf2l,MCF2L
Sfrp2,SFRP2
Zkscan6,ZNF18
Snrpa1,SNRPA1
Tnik,TNIK
Mrpl35,MRPL35
Yars1,YARS1
Hs1bp3,HS1BP3
Itfg2,ITFG2
Atp5f1d,ATP5F1D
Pnpla8,PNPLA8
Ahsp,AHSP
Poc5,POC5
Tep1,TEP1
Rnf126,RNF126
Pdgfa,PDGFA
Pigw,PIGW
Or5v1,OR5V1
Ppfibp2,PPFIBP2
Wdr90,WDR90
Ttpal,TTPAL
Narf,NARF
Parp12,PARP12
Vta1,VTA1
Abhd4,ABHD4
Car8,CA8
Pon3,PON3
Glb1l,GLB1L
Sdsl,SDSL
E2f3,E2F3
Elp4,ELP4
Mettl25,METTL25
Dcaf12,DCAF12
Lgals9,LGALS14
Lgals9,LGALS16
Lgals9,LGALS13
Gpr19,GPR19
Uggt2,UGGT2
Ranbp9,RANBP9
Rad51b,RAD51B
Id2,ID2
Slc25a33,SLC25A33
Ngb,NGB
Bicc1,BICC1
Fndc1,FNDC1
Slc26a1,SLC26A1
Nufip2,NUFIP2
Lhfpl4,LHFPL4
Kpna3,KPNA3
Dgkb,DGKB
Prss1,PRSS1
Prss1,PRSS3
Prss1,PRSS2
B3gnt2,B3GNT2
Cftr,CFTR
Oas1e,OAS1
Shisal2a,SHISAL2A
Artn,ARTN
Thg1l,THG1L
Acat3,ACAT2
Parg,PARG
Alg6,ALG6
Pdgfb,PDGFB
Sele,SELE
Cbs,CBS
Sec14l2,SEC14L2
Zfp65,ZNF200
Zfp65,KRABD1
Klri2,KLRC4
Klri2,KLRC1
Klri2,KLRC2
Klri2,KLRC3
Ggct,GGCT
Ccdc134,CCDC134
Pde8b,PDE8B
Slc12a5,SLC12A5
Arfgef3,ARFGEF3
Jagn1,JAGN1
Pak1,PAK1
Alox5,ALOX5
Csrnp1,CSRNP1
Arl4d,ARL4D
Wdfy3,WDFY3
Rb1cc1,RB1CC1
Wsb1,WSB1
Alkbh8,ALKBH8
Scx,SCX
Zfp647,ZNF250
Csmd3,CSMD3
Stk11,STK11
1110065P20Rik,C1orf122
Pdia5,PDIA5
Rho,RHO
Plekhf2,PLEKHF2
Crbn,CRBN
Ak4,AK4P3
Ak4,AK4
Cd200r1,CD200R1
Cd200r1,CD200R1L
Car4,CA4
Vpreb1b,VPREB1
Rims3,RIMS3
Glis2,GLIS2
Tfap2e,TFAP2E
Ccar2,CCAR2
Dnm1l,DNM1L
Gm3336,CIST1
Yipf1,YIPF1
Mcph1,MCPH1
Chrna3,CHRNA3
Npr3,NPR3
Matcap2,MATCAP2
Eif4e,EIF4E
M1ap,M1AP
Nol11,NOL11
Cpsf1,CPSF1
Try4,PRSS1
Try4,PRSS3
Try4,PRSS2
Cul5,CUL5
Arhgap45,ARHGAP45
Creld1,CRELD1
Rasal3,RASAL3
Tnfsf10,TNFSF10
Depdc5,DEPDC5
Lrrc7,LRRC7
Gpr85,GPR85
Nmnat1,NMNAT1
Grcc10,C12orf57
Spaar,SPAAR
Pate4,PATE4
Klrg2,KLRG2
Matn1,MATN1
Ipo9,IPO9
Agps,AGPS
Prr15,PRR15
Pcare,PCARE
Parp3,PARP3
Fam229a,FAM229A
Ermardl1,ERMARD
Snca,SNCA
Ldhd,LDHD
Ephb2,EPHB2
Tcp10b,TCP10L
Nsd3,NSD3
Thada,THADA
Nagk,NAGK
Ptafr,PTAFR
Trim46,TRIM46
9530068E07Rik,C5orf15
Timp3,TIMP3
Zfp566,ZNF566
Pfn1,PFN1
Phyhipl,PHYHIPL
Cdh24,CDH24
Cep85,CEP85
Cdkn2aipnl,CDKN2AIPNL
Zfp429,ZNF195
Zfp429,ZNF429
Itgb8,ITGB8
Lsr,LSR
Bap1,BAP1
Cdk7,CDK7
Fabp1,FABP1
Rad51d,RAD51D
Fam229b,FAM229B
Plxna1,PLXNA1
Spry1,SPRY1
Crppa,CRPPA
Dnajc1,DNAJC1
Otud7b,OTUD7B
Ntm,NTM
Tmem151b,TMEM151B
Prrc2a,PRRC2A
Dlc1,DLC1
Nedd4,NEDD4
Sumo3,SUMO3
Hapln3,HAPLN3
Cdc6,CDC6
Vax2,VAX2
Tmem86b,TMEM86B
Cacna1c,CACNA1C
Rab5if,RAB5IF
Fam83f,FAM83F
Zfp324,ZNF324
Zfp324,ZNF324B
Cdh12,CDH12
Ces1c,CES1
Syde1,SYDE1
Serpina11,SERPINA11
Alpk3,ALPK3
Lyst,LYST
Cst5,CST3
Hectd1,HECTD1
Lmx1b,LMX1B
Sh3rf3,SH3RF3
Exosc4,EXOSC4
Bcs1l,BCS1L
Lyl1,LYL1
Mrtfa,MRTFA
Il16,IL16
Fance,FANCE
Gstt2,GSTT2
Gstt2,GSTT2B
Slc36a3,SLC36A3
Gstm7,GSTM2
Plpbp,PLPBP
Polr1b,POLR1B
Pfkp,PFKP
Epb41l2,EPB41L2
Rnase2a,RNASE2
Rnase2a,RNASE3
Arhgap22,ARHGAP22
Cc2d1b,CC2D1B
Slc30a6,SLC30A6
Ncstn,NCSTN
Inka2,INKA2
Relt,RELT
Gria2,GRIA2
Gemin5,GEMIN5
Itgb7,ITGB7
Pabpn1,PABPN1
Htr3b,HTR3B
Trim72,TRIM72
Rai14,RAI14
Leo1,LEO1
Klk10,KLK10
Mrpl39,MRPL39
Slc7a6,SLC7A6
Mrgprb1,MRGPRX4
Mrgprb1,MRGPRX2
Mrgprb1,MRGPRX3
Mrgprb1,MRGPRX1
Hr,HR
Syngr4,SYNGR4
Des,DES
Minar1,MINAR1
Nme6,NME6
Gdf10,GDF10
Timm23,TIMM23B
Timm23,TIMM23
Gnas,GNAS
Irf3,IRF3
Tent4b,TENT4B
Apobec2,APOBEC2
Prss27,PRSS27
Parp14,PARP14
Hsbp1,HSBP1
Cd52,CD52
Bmp1,BMP1
Rgs20,RGS20
Ldlrap1,LDLRAP1
Prss54,PRSS54
Vav1,VAV1
Arhgap8,ARHGAP8
Rps5,RPS5
Gramd1c,GRAMD1C
Cfap97,CFAP97
Zfp105,ZNF35
Marchf6,MARCHF6
Snw1,SNW1
Nepro,RMP64
Cspg5,CSPG5
Trir,TRIR
Ugp2,UGP2
Bean1,BEAN1
Ppip5k2,PPIP5K2
Zbtb17,ZBTB17
Nt5e,NT5E
Tomm70a,TOMM70
Ppm1a,PPM1A
Cnpy4,CNPY4
Ap1m1,AP1M1
Ccdc15,CCDC15
Fchsd2,FCHSD2
Coro1c,CORO1C
Ddx17,DDX17
Lrr1,LRR1
Parn,PARN
Mdh1,MDH1
Eml1,EML1
Psma4,PSMA4
Slc26a8,SLC26A8
Mthfsd,MTHFSD
Pdcd7,PDCD7
Odad3,ODAD3
Ttll8,TTLL8
Rnf216,RNF216
Snu13,SNU13
Pafah1b1,PAFAH1B1
Slc3a1,SLC3A1
Ywhaz,YWHAZ
Gpank1,GPANK1
Smap2,SMAP2
Hmbs,HMBS
Gmip,GMIP
Trim10,TRIM10
Heatr1,HEATR1
Axl,AXL
Nudt15,NUDT15
Virma,VIRMA
Pot1b,POT1
Defb30,DEFB135
Ttc5,TTC5
Dap,DAP
Ror2,ROR2
Panx2,PANX2
Ppp1r16b,PPP1R16B
Cd2ap,CD2AP
Zfp622,ZNF622
Fam193b,FAM193B
Slc36a2,SLC36A2
Muc1,MUC1
Ubxn7,UBXN7
Ptk2,PTK2
Cttnbp2nl,CTTNBP2NL
Efcab7,EFCAB7
Dlg5,DLG5
Zfp334,ZNF334
Tmem39b,TMEM39B
Crtc2,CRTC2
Thpo,THPO
Cyp4a31,CYP4A22
Cyp4a31,CYP4A11
Cyp4a31,CYP4F12
Cyp4a31,CYP4F11
Neurl1b,NEURL1B
Rpl11,RPL11
Agpat1,AGPAT1
Dvl3,DVL3
Kntc1,KNTC1
Aldob,ALDOB
Wdr17,WDR17
Mcmbp,MCMBP
Cuedc1,CUEDC1
Agtr1a,AGTR1
Gart,GART
Tnnc1,TNNC1
Tmem242,TMEM242
Zdhhc22,ZDHHC22
Dnajb14,DNAJB14
Mok,MOK
Zbtb44,ZBTB44
Slc30a5,SLC30A5
Tff3,TFF3
Adh1,ADH1A
Adh1,ADH1B
Adh1,ADH1C
Hsf2bp,HSF2BP
Rgr,RGR
Arnt2,ARNT2
Rgl3,RGL3
Rnase9,RNASE9
Pdcl2,PDCL2
Mast2,MAST2
Ppp3cb,PPP3CB
Clic5,CLIC5
Gpr89,GPR89A
Gpr89,GPR89B
Chd1,CHD1
Trpc4,TRPC4
Mlxipl,MLXIPL
Trappc12,TRAPPC12
Xaf1,XAF1
Pth1r,PTH1R
Actg1,ACTG1
Ankub1,ANKUB1
Ralgds,RALGDS
Rsrc1,RSRC1
Rab30,RAB30
Hs3st3a1,HS3ST3A1
Mrgprg,MRGPRG
Vwa5a,VWA5A
Iqgap2,IQGAP2
Ldaf1,LDAF1
Mapk13,MAPK13
Mrfap1,MRFAP1
Mrfap1,MRFAP1L2
Mrfap1,MRFAP1L1
Rhbdd3,RHBDD3
Gtf2h3,GTF2H3
Fgd5,FGD5
Fam53b,FAM53B
Dis3l,DIS3L
Tm4sf4,TM4SF4
Tlr3,TLR3
Atp11b,ATP11B
Prr7,PRR7
Spr,SPR
Pdcd6,PDCD6
Atxn2l,ATXN2L
Ntsr2,NTSR2
Frmd4b,FRMD4B
Farsb,FARSB
Nkx2-9,NKX2-8
Nek9,NEK9
Gpat3,GPAT3
Vps36,VPS36
Gfod1,GFOD1
Serpinb9,SERPINB9
Rpl27,RPL27
Bud23,BUD23
Txndc16,TXNDC16
Nubpl,NUBPL
Fbxw10,FBXW10
Fbxw10,FBXW10B
Gprin1,GPRIN1
Dhx29,DHX29
Ppm1e,PPM1E
Tiam2,TIAM2
Defb3,DEFB4A
Defb3,DEFB4B
Ido2,IDO2
Calml4,CALML4
Inpp4b,INPP4B
Lrrc27,LRRC27
Apoc3,APOC3
Pgap1,PGAP1
Dnaaf2,DNAAF2
Rdh14,RDH14
Camkk1,CAMKK1
Mta1,MTA1
Nudt16,NUDT16
Itga9,ITGA9
Lax1,LAX1
Trappc14,TRAPPC14
Tulp1,TULP1
Acadl,ACADL
Arb2a,ARB2A
Capn5,CAPN5
Capza2,CAPZA2
Rnf111,RNF111
Spata2l,SPATA2L
Rnps1,RNPS1
Dda1,DDA1
Grifin,GRIFIN
Krt18,KRT18
Uap1,UAP1
Rbm47,RBM47
Scaf11,SCAF11
Ugcg,UGCG
Lpl,LPL
Vwa1,VWA1
Nudcd2,NUDCD2
Slx9,SLX9
Fam110b,FAM110B
Ctso,CTSO
C1qbp,C1QBP
Mphosph9,MPHOSPH9
Tppp,TPPP
Ccdc6,CCDC6
Stk3,STK3
Zc2hc1b,ZC2HC1B
Eogt,EOGT
Cd180,CD180
Ctbs,CTBS
Kera,KERA
Gadd45g,GADD45G
Ctsd,CTSD
Osbp2,OSBP2
Cyp4b1,CYP4B1
Atxn7l2,ATXN7L2
Rnaseh2a,RNASEH2A
Naa35,NAA35
Armc12,ARMC12
Fbln5,FBLN5
Rhoq,RHOQ
Macc1,MACC1
Foxh1,FOXH1
Ddit4,DDIT4
Rdh12,RDH12
Rrp1,RRP1
Rnd1,RND1
Atf6b,ATF6B
Mycn,MYCN
Zfr,ZFR
Rspry1,RSPRY1
Selenof,SELENOF
Slco1a4,SLCO1A2
Avpr1b,AVPR1B
Tuft1,TUFT1
Ccdc196,CCDC196
Tmco1,TMCO1
Setd2,SETD2
Rfc1,RFC1
Tspan13,TSPAN13
Or2f2,OR2F1
Zfp637,ZNF32
Gdpd1,GDPD1
Ddit4l,DDIT4L
Smg5,SMG5
Srp54b,SRP54
Igsf9,IGSF9
Clec2g,CLEC2D
Sarnp,SARNP
Nrg3,NRG3
Ptprd,PTPRD
Ripk3,RIPK3
Cav2,CAV2
Lgals3bp,LGALS3BP
Washc2,WASHC2A
Washc2,WASHC2C
Tmod2,TMOD2
Syngr2,SYNGR2
Wdhd1,WDHD1
Chst8,CHST8
Ppp1r14c,PPP1R14C
Ube2o,UBE2O
Safb,SAFB
Cpq,CPQ
Zfp365,ZNF365
Acsm4,ACSM4
Itsn2,ITSN2
Efna1,EFNA1
Crygb,CRYGB
Unc50,UNC50
Spag7,SPAG7
Tac2,TAC3
Larp7,LARP7
Higd2a,HIGD2A
Higd2a,HIGD2B
Lysmd3,LYSMD3
Ppm1h,PPM1H
Cdk20,CDK20
Snx31,SNX31
Nr1h2,NR1H2
Nrp1,NRP1
Xrn2,XRN2
Nle1,NLE1
Rhebl1,RHEBL1
Rufy4,RUFY4
Tmbim4,TMBIM4
Khdc4,KHDC4
Ncoa4,NCOA4
Mboat1,MBOAT1
Myl1,MYL1
Ank,ANKH
Hyal2,HYAL2
Exoc3,EXOC3
Parpbp,PARPBP
Vstm5,VSTM5
Parp10,PARP10
Pla2g3,PLA2G3
Nkx2-5,NKX2-5
Sipa1l2,SIPA1L2
Nsl1,NSL1
Rasgrp3,RASGRP3
Glb1,GLB1
Lama2,LAMA2
G6pc3,G6PC3
Cyb5r3,CYB5R3
Slamf1,SLAMF1
Syt2,SYT2
Ghsr,GHSR
Arhgdia,ARHGDIA
Ccna1,CCNA1
Prxl2a,PRXL2A
Tmem249,CATSPERQ
Selenop,SELENOP
Fmo3,FMO3
C030006K11Rik,C8orf82
Tmem169,TMEM169
Nipbl,NIPBL
Adgrf4,ADGRF4
Spata45,SPATA45
Tshb,TSHB
Cited2,CITED2
Sf3b1,SF3B1
Gpr141,GPR141
Fstl5,FSTL5
Cebpzos,CEBPZOS
Ano4,ANO4
Homez,HOMEZ
Ercc8,ERCC8
Oxgr1,OXGR1
Dnajc15,DNAJC15
Topbp1,TOPBP1
Mpp3,MPP3
Hoxc10,HOXC10
Wdr86,WDR86
Aqp2,AQP2
Mfsd2b,MFSD2B
Daam2,DAAM2
Plac9,PLAC9
Arf3,ARF3
Wdfy2,WDFY2
Sbds,SBDS
Capns1,CAPNS1
Amigo2,AMIGO2
Prkag1,PRKAG1
Ifi202b,IFI16
Cd5l,CD5L
Sell,SELL
Car3,CA3
Abcc4,ABCC4
Sgpp1,SGPP1
Ltbp2,LTBP2
Plpp5,PLPP5
Wnt6,WNT6
Fcgr4,FCGR3B
Fcgr4,FCGR3A
Rgs4,RGS4
Rfpl4,RFPL4AL1
Rfpl4,RFPL4A
Ccnh,CCNH
Ifitm3,IFITM1
Ifitm3,IFITM2
Ifitm3,IFITM3
Kif26b,KIF26B
Lysmd4,LYSMD4
Fbxl7,FBXL7
Arfip1,ARFIP1
Fam216a,FAM216A
Cplane1,CPLANE1
Aox1,AOX1
Snrnp35,SNRNP35
Arl4a,ARL4A
Apoc2,APOC2
Nudt1,NUDT1
Hspa2,HSPA2
Map2k5,MAP2K5
Nps,NPS
Fam177a,FAM177A1
Chtop,CHTOP
Lmtk3,LMTK3
Stxbp6,STXBP6
1700030J22Rik,C16orf46
Nt5dc2,NT5DC2
St6galnac5,ST6GALNAC5
Dnase2a,DNASE2
Rps6ka2,RPS6KA2
Twist1,TWIST1
Pacs2,PACS2
Ppara,PPARA
Prkrip1,PRKRIP1
1700067K01Rik,C19orf67
Tbx15,TBX15
Zbtb41,ZBTB41
Mbtps1,MBTPS1
Ano5,ANO5
Mettl17,METTL17
Gmpr,GMPR
Man1a2,MAN1A2
Plekhm1,PLEKHM1
F5,F5
Phf21b,PHF21B
Unc119b,UNC119B
Syngap1,SYNGAP1
Cabcoco1,CABCOCO1
Tcea1,TCEA1
Slc29a3,SLC29A3
Psph,PSPH
Smpd2,SMPD2
Prune1,PRUNE1
Kif13a,KIF13A
Zfp251,ZNF251
Traf3ip2,TRAF3IP2
Fbxo4,FBXO4
Lrrc39,LRRC39
Vegfa,VEGFA
Spry2,SPRY2
Gmfb,GMFB
Hid1,HID1
Rpap3,RPAP3
Inpp4a,INPP4A
Washc3,WASHC3
Ptch1,PTCH1
Capn15,CAPN15
Nkg7,NKG7
Dgkh,DGKH
Zfp697,ZNF697
Zfp383,ZNF383
Mterf1b,MTERF1
Arhgef38,ARHGEF38
Gp6,GP6
Tmco4,TMCO4
Rcc1l,RCC1L
Tspan5,TSPAN5
Zfp329,ZNF329
Psmb10,PSMB10
Nop56,NOP56
Gls2,GLS2
Lsm6,LSM6
Cyp2d22,CYP2D6
Phf11b,PHF11
Gkap1,GKAP1
Parp2,PARP2
S100a1,S100A1
Mbip,MBIP
Plch1,PLCH1
Btbd19,BTBD19
Eif1ad2,EIF1AX
Trappc9,TRAPPC9
Iqgap1,IQGAP1
Ddx24,DDX24
Gfer,GFER
Ptpn20,PTPN20
Zswim4,ZSWIM4
Btn2a2,BTN2A2
Rsph3b,RSPH3
Dpp6,DPP6
Ecd,ECD
Enpp3,ENPP3
Nqo1,NQO1
Cryaa,CRYAA
4933430I17Rik,C9orf43
Nkd1,NKD1
Esm1,ESM1
Diras2,DIRAS2
Zfp944,ZNF34
Zfp729b,ZNF845
Prpf4b,PRP4K
Tlcd2,TLCD2
Ilf3,ILF3
Klhdc2,KLHDC2
Il12b,IL12B
P3h1,P3H1
Spdl1,SPDL1
Mical3,MICAL3
Ptges3,PTGES3
Slc7a8,SLC7A8
Orc6,ORC6
Fam120b,FAM120B
Il17d,IL17D
Rnf130,RNF130
Nefl,NEFL
Fam25a,FAM25G
Fam25a,FAM25C
Fam25a,FAM25A
Bclaf1,BCLAF1
Or5au1,OR5AU1
Ccdc25,CCDC25
Hmgcs1,HMGCS1
Tchhl1,TCHHL1
Erg28,ERG28
Rusc1,RUSC1
Slc10a7,SLC10A7
Gmnn,GMNN
Chac2,CHAC2
Chat,CHAT
Atg16l2,ATG16L2
Alkbh5,ALKBH5
Pla2g7,PLA2G7
Akap6,AKAP6
Slc9a2,SLC9A2
Fbxw11,FBXW11
Pde6d,PDE6D
Gon7,GON7
Slc17a4,SLC17A4
Dio2,DIO2
Wdr89,WDR89
Mpv17,MPV17
Slc7a7,SLC7A7
Tedc1,TEDC1
Wdfy1,WDFY1
Fut7,FUT7
Fam8a1,FAM8A1
Ankrd31,ANKRD31
B4galt5,B4GALT5
Cpsf2,CPSF2
Adamts10,ADAMTS10
Arhgef28,ARHGEF28
Pirt,PIRT
Il19,IL19
Etnk2,ETNK2
Sec24b,SEC24B
Glod4,GEMIN4
Ppp2r5e,PPP2R5E
Slc27a1,SLC27A1
Or52r1b,OR52R1
Rimkla,RIMKLA
Mrps11,MRPS11
Fcer1g,FCER1G
Fbxo10,FBXO10
B3galt2,B3GALT2
Nsd2,NSD2
Cd69,CD69
Tjp1,TJP1
Relch,RELCH
Celf1,CELF1
Pygl,PYGL
Rasgef1a,RASGEF1A
Amigo1,AMIGO1
Dcun1d1,DCUN1D1
Pramel16,PRAMEF2
Pramel16,PRAMEF18
Pramel16,PRAMEF20
Pramel16,PRAMEF6
Pramel16,PRAMEF8
Pramel16,PRAMEF14
Pramel16,PRAMEF19
Pramel16,PRAMEF27
Pramel16,PRAMEF17
Pramel16,PRAMEF11
Pramel16,PRAMEF1
Pramel16,PRAMEF10
Pramel16,PRAMEF9
Pramel16,PRAMEF15
Pramel16,PRAMEF12
Pramel16,PRAMEF4
Pramel16,PRAMEF26
Pramel16,PRAMEF33
Pramel16,PRAMEF7
Pramel16,PRAMEF5
Pramel16,PRAMEF13
Pramel16,PRAMEF25
Casp9,CASP9
Dock4,DOCK4
Ccdc42,CCDC42
Ndufb5,NDUFB5
Atg10,ATG10
Srp68,SRP68
Mycl,MYCL
Tnfrsf13c,TNFRSF13C
Ints11,INTS11
Skp2,SKP2
Elovl7,ELOVL7
Utp20,UTP20
Clptm1,CLPTM1
Btn1a1,BTN1A1
Omg,OMG
Gosr2,GOSR2
Trhr,TRHR
Ptpdc1,PTPDC1
Wnt10b,WNT10B
Lrba,LRBA
Cntd1,CNTD1
Mief1,MIEF1
Cd300e,CD300E
F12,F12
Gpatch8,GPATCH8
Gatd3a,GATD3
S1pr2,S1PR2
Hspb8,HSPB8
Camk2g,CAMK2G
Arid4b,ARID4B
St3gal4,ST3GAL4
Lrriq1,LRRIQ1
Cfap69,CFAP69
Tfcp2,TFCP2
Thop1,THOP1
Or2t29,OR2T5
Or2t29,OR2T29
Or2t29,OR2T4
Tspan10,TSPAN10
Enkur,ENKUR
Myocd,MYOCD
Ctcfl,CTCFL
Fiz1,FIZ1
Cecr2,CECR2
Ythdf1,YTHDF1
Arhgef39,ARHGEF39
Papln,PAPLN
Itpkc,ITPKC
Kcna4,KCNA4
Ppp3r1,PPP3R1
Ppp1r1c,PPP1R1C
Zfp282,ZNF282
Col6a6,COL6A6
Gadd45b,GADD45B
1700034J05Rik,C12orf71
Sf3a2,SF3A2
Hes5,HES5
Rab22a,RAB22A
Hint2,HINT2
Hipk2,HIPK2
Rcvrn,RCVRN
Rxfp1,RXFP1
Ston1,STON1
6030468B19Rik,C17orf99
Fam120a,FAM120A
Trim15,TRIM15
Sytl2,SYTL2
Stk19,WHR1
Pnrc2,PNRC2
Nppa,NPPA
Hmg20a,HMG20A
Usp36,USP36
Akr7a5,AKR7L
Herc4,HERC4
Susd6,SUSD6
Cimip3,CIMIP3
Lrrc19,LRRC19
Capsl,CAPSL
Pgap6,PGAP6
Mrps35,MRPS35
Gabrd,GABRD
Cgn,CGN
Bzw2,BZW2
Plcb4,PLCB4
Commd5,COMMD5
Cmbl,CMBL
Net1,NET1
Tmem120b,TMEM120B
Cbx8,CBX8
Rergl,RERGL
Sgce,SGCE
Cfap74,CFAP74
Ccr7,CCR7
Mrc2,MRC2
Barx1,BARX1
Krt72,KRT72
4930579G24Rik,C4orf46
Usp53,USP53
Smim15,SMIM15
Dcaf13,DCAF13
Serpinb9c,SERPINB9
Armh2,ARMH2
Ahrr,AHRR
Mst1,MST1
Zfp3,ZFP3
Frs3,FRS3
Samd12,SAMD12
Spin1,SPIN1
Rab15,RAB15
Sun2,SUN2
Oprd1,OPRD1
Map3k6,MAP3K6
Bag3,BAG3
Pknox1,PKNOX1
Sh3pxd2b,SH3PXD2B
Rps13,RPS13
Ttc8,TTC8
Ndufs1,NDUFS1
Tex9,TEX9
Angptl7,ANGPTL7
Taf1c,TAF1C
Anapc15,ANAPC15
Ssr1,SSR1
Rnf207,RNF207
Pmpca,PMPCA
Txn2,TXN2
Ppm1j,PPM1J
Grsf1,GRSF1
Csf2rb2,CSF2RB
Hnrnpf,HNRNPF
Ergic1,ERGIC1
Micu3,MICU3
Spag17,SPAG17
Or2w1b,OR2W1
Nim1k,NIM1K
Desi1,DESI1
Tex36,TEX36
Cfap97d1,CFAP97D1
Emp3,EMP3
Mxd3,MXD3
Nudt17,NUDT17
Terf2,TERF2
Znrf3,ZNRF3
Gpr37,GPR37
Adsl,ADSL
Clec2d,CLEC2D
Cldn19,CLDN19
Dhdh,DHDH
Ssbp2,SSBP2
Kdm2b,KDM2B
Etv3l,ETV3L
Aldh3a1,ALDH3A1
Zfp784,ZNF784
Tmigd3,TMIGD3
Vrk1,VRK1
2200002D01Rik,C19orf33
Clip4,CLIP4
Cyth2,CYTH2
Mcm5,MCM5
Lrif1,LRIF1
Pik3ip1,PIK3IP1
Fxr1,FXR1
Ulk4,ULK4
Kif1b,KIF1B
Txnrd3,TXNRD3
Prss36,PRSS36
Abca2,ABCA2
Supt4a,SUPT4H1
Ceacam12,PSG3
Ceacam12,PSG8
Ceacam12,CEACAM7
Ceacam12,PSG11
Ceacam12,PSG6
Ceacam12,PSG5
Ceacam12,CEACAM3
Ceacam12,CEACAM1
Ceacam12,PSG1
Ceacam12,PSG2
Ceacam12,PSG4
Ceacam12,PSG7
Ceacam12,CEACAM6
Ceacam12,CEACAM8
Ceacam12,PSG9
Ceacam12,CEACAM5
Kcnn4,KCNN4
Arrdc2,ARRDC2
Rskr,RSKR
Dync1i1,DYNC1I1
Sema3a,SEMA3A
Lsm14a,LSM14A
Ciapin1,CIAPIN1
Irak4,IRAK4
Atg5,ATG5
Nnmt,NNMT
Larp4,LARP4
Gnai2,GNAI2
Hvcn1,HVCN1
Slc22a14,SLC22A14
Ppil6,PPIL6
Efnb2,EFNB2
Gtpbp6,GTPBP6
Baiap2,BAIAP2
Gclc,GCLC
Txnl4b,TXNL4B
Otp,OTP
Taf9,TAF9
Ceacam1,PSG3
Ceacam1,PSG8
Ceacam1,CEACAM7
Ceacam1,PSG11
Ceacam1,PSG6
Ceacam1,PSG5
Ceacam1,CEACAM3
Ceacam1,CEACAM1
Ceacam1,PSG1
Ceacam1,PSG2
Ceacam1,PSG4
Ceacam1,PSG7
Ceacam1,CEACAM6
Ceacam1,CEACAM8
Ceacam1,PSG9
Ceacam1,CEACAM5
Zbtb7a,ZBTB7A
Prl3c1,PRL
Pcid2,PCID2
Rhobtb3,RHOBTB3
Kif21a,KIF21A
Ak1,AK1
Txnrd1,TXNRD1
B3glct,B3GLCT
Drd1,DRD1
Fbp1,FBP1
Prmt9,PRMT9
Unc5a,UNC5A
Tcta,TCTA
Or6x1,OR6X1
Mcub,MCUB
Snapc5,SNAPC5
Tbcb,TBCB
Ybey,YBEY
Cry1,CRY1
Pgm3,PGM3
Ngf,NGF
Cgref1,CGREF1
Ubxn8,UBXN8
Cdk6,CDK6
Ash1l,ASH1L
Pgcka1,PGCKA1
Abce1,ABCE1
Chmp4c,CHMP4C
Ptpn5,PTPN5
Tdg,TDG
Zfp748,ZNF845
Pi4kb,PI4KB
Por,POR
Zkscan3,ZKSCAN4
Zfp64,ZFP64
2310057J18Rik,C6orf58
Rfesd,RFESD
Hivep2,HIVEP2
Nr2f1,NR2F1
Hsd3b8,HSD3B1
Hsd3b8,HSD3B2
Gmds,GMDS
Atp8b2,ATP8B2
Chlsn,CHLSN
Thyn1,THYN1
Cyp3a13,CYP3A43
Cyp3a13,CYP3A7
Cyp3a13,CYP3A4
Cyp3a13,CYP3A5
Atmin,ATMIN
Setd6,SETD6
Zfp953,ZNF727
Zfp953,ZNF695
Zfp953,ZNF738
Zfp953,ZNF85
Zfp953,ZNF681
Zfp953,ZNF682
Zfp953,ZNF736
Zfp953,ZNF678
Zfp953,ZNF724
Atpaf2,ATPAF2
Grik2,GRIK2
Mef2c,MEF2C
Or8g20,OR8G1
Or8g20,OR8G5
Hpd,HPD
Insyn1,INSYN1
Trpc1,TRPC1
Mustn1,MUSTN1
Dnah1,DNAH1
Folr2,FOLR2
Ctdspl2,CTDSPL2
Naxd,NAXD
Coq7,COQ7
Ppp1r1b,PPP1R1B
Mme,MME
Obi1,OBI1
Enpp5,ENPP5
Diras1,DIRAS1
Vstm4,VSTM4
Cd24a,CD24
Mlip,MLIP
Dyrk1b,DYRK1B
Ntn4,NTN4
Rph3al,RPH3AL
Pnoc,PNOC
Fam234a,FAM234A
Grid1,GRID1
Nfic,NFIC
Rnf32,RNF32
Prss2,PRSS1
Prss2,PRSS3
Prss2,PRSS2
Car1,CA1
Mug5,PZP
Mug5,CPAMD8
Cdadc1,CDADC1
Asb2,ASB2
Pik3ca,PIK3CA
Cyth1,CYTH1
Mtpn,MTPN
Opn1sw,OPN1SW
Clec1a,CLEC1A
Ufm1,UFM1
Jazf1,JAZF1
Slc7a5,SLC7A5
Adipor2,ADIPOR2
Txndc12,TXNDC12
Trim33,TRIM33
C1qb,C1QB
Marchf1,MARCHF1
Coil,COIL
Ube4b,UBE4B
Pcbp3,PCBP3
Slc6a17,SLC6A17
Pcgf3,PCGF3
Got1l1,GOT1L1
Zyx,ZYX
Cep68,CEP68
Pdlim3,PDLIM3
Knstrn,KNSTRN
Extl3,EXTL3
S100a5,S100A5
Clasrp,CLASRP
Iqgap3,IQGAP3
4921524J17Rik,C16orf87
Zfp410,ZNF410
Nfix,NFIX
Tatdn2,TATDN2
Mrgbp,MRGBP
Galr2,GALR2
Glp2r,GLP2R
Pals2,PALS2
Rec8,REC8
Zfand3,ZFAND3
Cct6b,CCT6B
Sv2a,SV2A
Lbp,LBP
Fam76a,FAM76A
Tsbp1,TSBP1
Has2,HAS2
Ep300,EP300
Utp4,UTP4
Bnip3l,BNIP3L
Rnf10,RNF10
Bdnf,BDNF
Thsd4,THSD4
Bin3,BIN3
Kcnk9,KCNK9
Ccl19,CCL19
C1qtnf3,C1QTNF3
Cct4,CCT4
Exosc8,EXOSC8
Serhl,SERHL2
Pofut4,POFUT4
Klhdc8b,KLHDC8B
Tmem200c,TMEM200C
Sbpl,ZG16B
Rnase10,RNASE10
Psmd6,PSMD6
Aldh1b1,ALDH1B1
Ppp1r21,PPP1R21
Fut9,FUT9
Gsdmd,GSDMD
Tlr4,TLR4
Mrap2,MRAP2
Apex1,APEX1
Smco4,SMCO4
Sdcbp,SDCBP
Taf2,TAF2
Slc18a1,SLC18A1
Fbxo34,FBXO34
Stxbp1,STXBP1
Celf3,CELF3
Rnf146,RNF146
Dnal1,DNAL1
Rsad1,RSAD1
Tef,TEF
Dnajb1,DNAJB1
Cdc16,CDC16
Nus1,NUS1
Bicdl2,BICDL2
Tmem11,TMEM11
Washc4,WASHC4
Parvb,PARVB
Mrpl55,MRPL55
Kctd6,KCTD6
Apol7b,APOL4
Apol7b,APOL2
Apol7b,APOL1
Apol7b,APOL3
Nemf,NEMF
Snrpc,SNRPC
Cbx6,CBX6
Ccdc66,CCDC66
Ccl7,CCL7
Ampd1,AMPD1
Scarf1,SCARF1
Npw,NPW
Cyp4f16,CYP4F8
Sost,SOST
Zfp385a,ZNF385A
Ppm1d,PPM1D
Arpp21,ARPP21
Mal2,MAL2
Hs3st3b1,HS3ST3B1
Top1mt,TOP1MT
Kif18b,KIF18B
Sema6c,SEMA6C
Dnajc3,DNAJC3
Erlec1,ERLEC1
Mas1,MAS1
9430015G10Rik,C1orf159
Arl11,ARL11
Ces1d,CES1
Pebp4,PEBP4
Sp1,SP1
Rtcb,RTCB
Rgs18,RGS18
Gnrh1,GNRH1
Trerf1,TRERF1
Sned1,SNED1
Pcbp2,PCBP2
Rcbtb2,RCBTB2
Mrpl34,MRPL34
Chrna6,CHRNA6
Tmem221,TMEM221
Bcar1,BCAR1
Gng8,GNG8
Rilp,RILP
Cyp4x1,CYP4X1
Lrfn5,LRFN5
Nek1,NEK1
Rinl,RINL
Fndc9,FNDC9
Trim32,TRIM32
Krt20,KRT20
Hsp90b1,HSP90B1
Mettl23,METTL23
Nck2,NCK2
Prrg2,PRRG2
Tln1,TLN1
L2hgdh,L2HGDH
Mylk2,MYLK2
Tob1,TOB1
Sdhc,SDHC
Gps1,GPS1
Nox3,NOX3
Agpat4,AGPAT4
Shroom3,SHROOM3
Slc28a2,SLC28A2
Setd3,SETD3
Acsl3,ACSL3
Rad51ap1,RAD51AP1
Rnf141,RNF141
Eral1,ERAL1
Bicral,BICRAL
Kdm5a,KDM5A
Galnt17,GALNT17
Enho,ENHO
Paxx,PAXX
Baat,BAAT
Upk3bl,UPK3BL1
Upk3bl,UPK3BL2
Tnfrsf9,TNFRSF9
1700010I14Rik,C6orf118
Get3,GET3
AI467606,C16orf54
Sult2a3,SULT2A1
Piwil1,PIWIL1
Zfp454,ZNF454
Pdpr,PDPR
Slc31a2,SLC31A2
Hba-a2,HBA1
Hba-a2,HBA2
Mfap2,MFAP2
Tcp10c,TCP10L
Cd7,CD7
Ubald2,UBALD2
Emsy,EMSY
Fam20a,FAM20A
Clec2m,KLRC4
Clec2m,KLRC1
Clec2m,KLRC2
Clec2m,KLRC3
Polr1h,POLR1H
Nfib,NFIB
Anapc10,ANAPC10
Pdxk,PDXK
Fbxo11,FBXO11
Cpa4,CPA4
Yipf7,YIPF7
Mff,MFF
Zfp354c,ZNF354C
Tpi1,TPI1
Rps21,RPS21
Ust,UST
Pip4k2b,PIP4K2B
Slc25a42,SLC25A42
Rdh7,RDH16
Arf2,ARL17B
Arf2,ARL17A
Coq9,COQ9
Babam2,BABAM2
Zwint,ZWINT
Il36a,IL36A
Lancl2,LANCL2
Entpd4b,ENTPD4
Psmc3,PSMC3
Stat5b,STAT5B
Prdm5,PRDM5
Polr3a,POLR3A
Msh2,MSH2
A1bg,A1BG
Adam21,ADAM21
Sh3yl1,SH3YL1
Hp1bp3,HP1BP3
Enpp2,ENPP2
Mbd3,MBD3
Adcy3,ADCY3
Creb3l2,CREB3L2
Fgf17,FGF17
Acadsb,ACADSB
Pabpn1l,PABPN1L
Dnai7,DNAI7
Rnase1,RNASE1
Ngdn,NGDN
Nrn1l,NRN1L
Ptger1,PTGER1
Dynlrb2,DYNLRB2
Ccsap,CCSAP
Zcchc14,ZCCHC14
Fhip2b,FHIP2B
Ncoa6,NCOA6
Fgfr1op2,FGFR1OP2
Galnt2,GALNT2
Or51e2,OR51E2
Cdk5,CDK5
Plpp4,PLPP4
Dmtn,DMTN
Ajm1,AJM1
Romo1,ROMO1
Eif3f,EIF3F
Efemp1,EFEMP1
Ndufb2,NDUFB2
Psme3ip1,PSME3IP1
Mrpl44,MRPL44
Mlxip,MLXIP
Cyp4f15,CYP4F2
Neu4,NEU4
Rab3ip,RAB3IP
Ppp2r2d,PPP2R2D
Rhobtb2,RHOBTB2
Rabl6,RABL6
Tmeff2,TMEFF2
Fam234b,FAM234B
Tecrl,TECRL
Ndufv3,NDUFV3
Tspoap1,TSPOAP1
Cngb1,CNGB1
Nbas,NBAS
Erc2,ERC2
Strn,STRN
Adap1,ADAP1
Haghl,HAGHL
Plekhj1,PLEKHJ1
Has3,HAS3
Creb1,CREB1
Nr2c2ap,NR2C2AP
Stk31,STK31
Zfp787,ZNF787
Ankrd37,ANKRD37
Mtfp1,MTFP1
Tbc1d30,TBC1D30
Ptpn21,PTPN21
Mrps23,MRPS23
Evi5l,EVI5L
Tfpt,TFPT
Ttc39a,TTC39A
Lsm7,LSM7
Alkbh2,ALKBH2
Cops3,COPS3
Sspn,SSPN
Tmem161b,TMEM161B
Eno2,ENO2
Nfyb,NFYB
Immp2l,IMMP2L
Rnf115,RNF115
Zfp36,ZFP36
Six2,SIX2
Tlr5,TLR5
Cracr2b,CRACR2B
Ap5z1,AP5Z1
Abcd4,ABCD4
Efhd1,EFHD1
Epb41l3,EPB41L3
Ska3,SKA3
Tex30,TEX30
Prl3d1,PRL
Zscan12,ZSCAN12
Gopc,GOPC
Phf7,PHF7
Ecm1,ECM1
Kcne3,KCNE3
Sox9,SOX9
Trpc7,TRPC7
Myorg,MYORG
Taf15,TAF15
Tmem87b,TMEM87B
Cr1l,CR1
Tbata,TBATA
Slc7a10,SLC7A10
Tut7,TUT7
Atp6v1b1,ATP6V1B1
Drg1,DRG1
Ttc34,TTC34
Zcwpw1,ZCWPW1
Lrrtm4,LRRTM4
Cfap107,CFAP107
Dglucy,DGLUCY
Cab39l,CAB39L
Pex14,PEX14
Rimklb,RIMKLB
Marchf9,MARCHF9
Abca7,ABCA7
Tex29,TEX29
Ghrhr,GHRHR
Pnrc1,PNRC1
Cimip2c,CIMIP2C
Ufc1,UFC1
Eif4a1,EIF4A1
Ghrl,GHRL
Cmtm1,CMTM1
Gnai1,GNAI1
Amfr,AMFR
Bcl2l13,BCL2L13
Usp13,USP13
Nfyc,NFYC
Dhx34,DHX34
Adtrp,ADTRP
P2rx4,P2RX4
Rdh11,RDH11
Cops7b,COPS7B
St3gal5,ST3GAL5
Spaca3,SPACA3
Prr30,PRR30
Serpine3,SERPINE3
Prpf39,PRPF39
Calcoco1,CALCOCO1
Mapk1ip1l,MAPK1IP1L
Gpr15lg,GPR15LG
Nckap5,NCKAP5
Btnl9,BTNL9
Fbp2,FBP2
Ogdhl,OGDHL
Rslcan18,ZNF195
Rslcan18,ZNF429
Tbx4,TBX4
Nat9,NAT9
Tatdn3,TATDN3
Zc3hc1,ZC3HC1
Lelp1,LELP1
Gdpd5,GDPD5
Rfx6,RFX6
Lrig2,LRIG2
Serpina1a,SERPINA1
Zfp672,ZNF672
Chadl,CHADL
Gfi1,GFI1
Trdn,TRDN
Cenpt,CENPT
Itga4,ITGA4
3425401B19Rik,C10orf71
Tspo,TSPO
Sec22b,SEC22B
Acox3,ACOX3
Heatr5a,HEATR5A
Zfp281,ZNF281
Daw1,DAW1
Lcp1,LCP1
Cul1,CUL1
Sirpd,SIRPA
Sirpd,SIRPB1
Sirpd,SIRPG
Atp6v1c1,ATP6V1C1
Sf3b4,SF3B4
Kcnab1,KCNAB1
Maneal,MANEAL
Dcakd,DCAKD
Pam,PAM
Ppy,PPY
Lrrc36,LRRC36
Tmem50a,TMEM50A
Tsen34,TSEN34
Rap1a,RAP1A
Npm2,NPM2
Rin3,RIN3
Flnb,FLNB
Cln8,CLN8
Rab2a,RAB2A
Src,SRC
Gtf2ird2,GTF2IRD2
Gtf2ird2,GTF2IRD2B
Cyba,CYBA
Tmem106c,TMEM106C
Sanbr,SANBR
Cdca4,CDCA4
Elapor1,ELAPOR1
Vti1b,VTI1B
Smad1,SMAD1
Gpc6,GPC6
Mutyh,MUTYH
Zfp575,ZNF575
Pnma2,PNMA2
Akt1,AKT1
Napsa,NAPSA
Tmtc4,TMTC4
Stxbp2,STXBP2
Lingo4,LINGO4
Rhoc,RHOC
Sirt3,SIRT3
Mmd2,MMD2
Tuba1a,TUBA1A
Adat2,ADAT2
Cct3,CCT3
Fstl3,FSTL3
Ndufa6,NDUFA6
Pex7,PEX7
Bok,BOK
Kpna6,KPNA6
Mfap5,MFAP5
Mcat,MCAT
Sctr,SCTR
Tada2b,TADA2B
Apol9b,APOL4
Apol9b,APOL2
Apol9b,APOL1
Apol9b,APOL3
Mospd3,MOSPD3
Spats2,SPATS2
Cpeb1,CPEB1
Nkain3,NKAIN3
Chchd10,CHCHD10
Agrn,AGRN
Rxfp2,RXFP2
1700019D03Rik,AKAP19
Sipa1l1,SIPA1L1
Gys2,GYS2
Lingo3,LINGO3
Rerg,RERG
P4ha1,P4HA1
Thap12,THAP12
Mapkap1,MAPKAP1
Ppp1r9a,PPP1R9A
Klhl38,KLHL38
Slc16a8,SLC16A8
Ankrd13a,ANKRD13A
Dazap2,DAZAP2
Bub3,BUB3
Nadk2,NADK2
Tbck,TBCK
Dnaaf1,DNAAF1
Rd3,RD3
Chi3l1,CHI3L1
Prmt7,PRMT7
Or4d2,OR4D2
Lcp2,LCP2
Vps13b,VPS13B
Tmem150b,TMEM150B
Xrra1,XRRA1
Slc35f6,SLC35F6
Cop1,COP1
Zzef1,ZZEF1
Rnpc3,RNPC3
Akr1d1,AKR1D1
Rab6a,RAB6A
Gmcl1,GMCL1
Gmcl1,GMCL2
Eln,ELN
Pcsk4,PCSK4
Serpina3m,SERPINA3
Acot3,ACOT2
Acot3,ACOT1
Dnajb9,DNAJB9
Cdh6,CDH6
Ces1g,CES1
Rbm12b1,RBM12B
Fos,FOS
Bola2,BOLA2B
Bola2,BOLA2
Gpr61,GPR61
Ebpl,EBPL
2510039O18Rik,KIAA2013
Slirp,SLIRP
Upb1,UPB1
Isg20l2,ISG20L2
Sfrp1,SFRP1
Ear2,RNASE2
Ear2,RNASE3
Dnai1,DNAI1
Stox2,STOX2
Gzmn,GZMH
Eif3c,EIF3CL
Eif3c,EIF3C
Bola1,BOLA1
Prkacb,PRKACB
Tcl1,TCL1A
Gpd1,GPD1
Dhrs4,DHRS4
Dhrs4,DHRS4L2
Ctns,CTNS
Arid3a,ARID3A
Fyb2,FYB2
Itgb6,ITGB6
Large1,LARGE1
Slc35b4,SLC35B4
Myt1l,MYT1L
Nup155,NUP155
Trappc10,TRAPPC10
Entpd4,ENTPD4
Cimap1a,CIMAP1A
Cachd1,CACHD1
Atf5,ATF5
Lacc1,LACC1
Mrgpre,MRGPRE
Gna15,GNA15
Timm50,TIMM50
Gli1,GLI1
Cln5,CLN5
Sgms2,SGMS2
Ctsg,CTSG
Lrp11,LRP11
Rab13,RAB13
Gtpbp3,GTPBP3
Marchf8,MARCHF8
Slc2a2,SLC2A2
Wt1,WT1
Pakap,PALM2AKAP2
Ensa,ENSA
Nphs1,NPHS1
Prrc2c,PRRC2C
Htr2a,HTR2A
Vnn1,VNN1
Aadac,AADAC
Klf12,KLF12
Chst1,CHST1
Map2k4,MAP2K4
Sync,SYNC
Mlf1,MLF1
Tab1,TAB1
Sftpd,SFTPD
Lrrc75b,LRRC75B
Plekhg1,PLEKHG1
Chmp7,CHMP7
Rnf20,RNF20
Irgq,IRGQ
Exoc3l2,EXOC3L2
9430038I01Rik,C10orf143
Tmed2,TMED2
Lrrc57,LRRC57
Ctsb,CTSB
Slc16a1,SLC16A1
Kash5,KASH5
Tbcel,TBCEL
Ccdc39,CCDC39
Corin,CORIN
Pmel,PMEL
Trps1,TRPS1
Snrpd3,SNRPD3
Cyp4a10,CYP4A22
Cyp4a10,CYP4A11
Cyp4a10,CYP4F12
Cyp4a10,CYP4F11
1700017N19Rik,C12orf50
Zbed4,ZBED4
Mr1,MR1
Mov10l1,MOV10L1
Arhgef10,ARHGEF10
Ccrl2,CCRL2
Rrp15,RRP15
Gba2,GBA2
Strip2,STRIP2
Adpgk,ADPGK
Gpr39,GPR39
Nedd1,NEDD1
Hdgf,HDGF
Khdrbs2,KHDRBS2
Mchr1,MCHR1
Zfand2a,ZFAND2A
Rgs22,RGS22
Car2,CA2
Rpl15,RPL15
Cdkl3,CDKL3
Stac3,STAC3
Paqr6,PAQR6
Rims2,RIMS2
Trpm4,TRPM4
Prss33,PRSS33
Rfx4,RFX4
Bhlha15,BHLHA15
Cd84,CD84
Mtch1,MTCH1
Gm11100,C3orf49
Baz1b,BAZ1B
Trim13,TRIM13
Gm49336,NUP58
Pabpc4l,PABPC4L
Pbx1,PBX1
Slc25a44,SLC25A44
Traip,TRAIP
Mtfr1,MTFR1
Pef1,PEF1
Asb18,ASB18
Pars2,PARS2
Casp8ap2,CASP8AP2
Ssrp1,SSRP1
Tsfm,TSFM
Elfn1,ELFN1
Gsx1,GSX1
Ttpa,TTPA
Ankrd45,ANKRD45
Crmp1,CRMP1
Egr2,EGR2
Fancd2,FANCD2
Mxra8,MXRA8
Rap1b,RAP1B
Bcl2a1a,BCL2A1
Rasa2,RASA2
Vamp4,VAMP4
Depdc1a,DEPDC1
Rpl6,RPL6
Fgf14,FGF14
Prxl2b,PRXL2B
Ubd,UBD
Treml1,TREML1
Phf11d,PHF11
Ptger3,PTGER3
Ndst4,NDST4
Ube2j2,UBE2J2
Mea1,MEA1
Fam13c,FAM13C
Hs2st1,HS2ST1
Dpysl2,DPYSL2
Cdc14a,CDC14A
Abcb1a,ABCB1
Pcdh20,PCDH20
Uchl3,UCHL3
Abcc10,ABCC10
Rfx8,RFX8
Gin1,GIN1
Cyb5r4,CYB5R4
Acad12,ACAD10
Adm,ADM
Oca2,OCA2
Itih4,ITIH4
Ppid,PPID
Chl1,CHL1
Tktl2,TKTL2
Atp6v1h,ATP6V1H
Sntb2,SNTB2
Dlk2,DLK2
Golga7,GOLGA7
Prkag2,PRKAG2
Rabac1,RABAC1
Rab44,RAB44
Clca4a,CLCA4
Hpgd,HPGD
Fbxo46,FBXO46
Mapk14,MAPK14
Tpd52l1,TPD52L1
Gstm6,GSTM1
Klk1b21,KLK1
Comp,COMP
Spen,SPEN
Cldnd2,CLDND2
Zfp821,ZNF821
Cnksr1,CNKSR1
Irf7,IRF7
Ptprq,PTPRQ
Asb17,ASB17
Pias3,PIAS3
Wdr76,WDR76
Amotl1,AMOTL1
Ten1,TEN1
Dram1,DRAM1
Ccdc153,DRC12
Ascc3,ASCC3
Bin2,BIN2
Rnf185,RNF185
Wdr73,WDR73
Rbl2,RBL2
Ankrd28,ANKRD28
Armh1,ARMH1
Slc35g2,SLC35G2
Rarg,RARG
Plod2,PLOD2
Cstb,CSTB
Zfp987,ZNF34
Psap,PSAP
Eif1,EIF1
Trmo,TRMO
Plk3,PLK3
Nop14,NOP14
Plscr3,PLSCR3
Elfn2,ELFN2
Acr,ACR
Dhrs1,DHRS1
Ncaph2,NCAPH2
Gatc,GATC
Vps33b,VPS33B
Gper1,GPER1
Ubc,UBC
Mtrfr,MTRFR
Olfml3,OLFML3
Dnajc19,DNAJC19
Arpc3,ARPC3
Prrc2b,PRRC2B
Susd1,SUSD1
Cbr4,CBR4
Aqp9,AQP9
Tnfrsf10b,TNFRSF14
BC028528,C1orf54
Atxn7,ATXN7
Fcgr3,FCGR2A
Fcgr3,FCGR2B
Fcgr3,FCGR2C
Clcn3,CLCN3
Nova1,NOVA1
Rab11fip3,RAB11FIP3
Sdc1,SDC1
Pdcd10,PDCD10
Septin7,SEPTIN7
Cux2,CUX2
Jpt1,JPT1
Cryl1,CRYL1
Gtf2a2,GTF2A2
Rab3gap2,RAB3GAP2
Cdk5rap2,CDK5RAP2
Dad1,DAD1
Irag2,IRAG2
Slc39a2,SLC39A2
Ssr2,SSR2
Spryd7,SPRYD7
Srcin1,SRCIN1
Styx,STYX
Msx1,MSX1
Lrrc8c,LRRC8C
Pias1,PIAS1
Ccdc149,CCDC149
Gpr137c,GPR137C
Notch2,NOTCH2
Thtpa,THTPA
Exoc5,EXOC5
Slc13a1,SLC13A1
Prkce,PRKCE
Nras,NRAS
Lmbr1,LMBR1
Mkln1,MKLN1
Rp9,RP9
Apmap,APMAP
Ppp2r3a,PPP2R3A
Ank2,ANK2
Prr3,PRR3
Ermardl2,ERMARD
Srsf2,SRSF2
Nxph3,NXPH3
Tmem98,TMEM98
Rnase6,RNASE6
C1qtnf9,C1QTNF9B
C1qtnf9,C1QTNF9
Ankrd16,ANKRD16
Sec22c,SEC22C
Thoc6,THOC6
Edrf1,EDRF1
Ppp2r2a,PPP2R2A
Ubxn10,UBXN10
Gjb3,GJB3
Bahcc1,BAHCC1
Tbxas1,TBXAS1
Tmppe,TMPPE
Fgg,FGG
Cdc37,CDC37
Dcaf10,DCAF10
Oaz3,OAZ3
Fam98a,FAM98A
Plau,PLAU
Tcf7,TCF7
Pex19,PEX19
Sinhcaf,SINHCAF
Bcas2,BCAS2
Defb47,DEFB130B
Defb47,DEFB130A
Pcca,PCCA
Myo5a,MYO5A
Cmtr1,CMTR1
Syde2,SYDE2
Nbea,NBEA
Ogfr,OGFR
Aak1,AAK1
Atox1,ATOX1
Zfp114,ZNF233
Vstm2b,VSTM2B
Slamf6,SLAMF6
Dll4,DLL4
Arrb2,ARRB2
Cyp4f13,CYP4F8
Btg2,BTG2
Ndufaf1,NDUFAF1
Pomgnt2,POMGNT2
Efhc1,EFHC1
Pum1,PUM1
Syt3,SYT3
Robo3,ROBO3
Cnga3,CNGA3
Fam107b,FAM107B
Rag1,RAG1
Ndst3,NDST3
Ube3c,UBE3C
Sgpp2,SGPP2
Mmp9,MMP9
Plcd4,PLCD4
Ptpmt1,PTPMT1
Bdh2,BDH2
Kynu,KYNU
Mmp2,MMP2
Atp2a3,ATP2A3
Fbxw28,FBXW12
Nes,NES
Alx3,ALX3
Yif1b,YIF1B
Rab11fip1,RAB11FIP1
Tnf,TNF
Snapin,SNAPIN
Glce,GLCE
Slco2a1,SLCO2A1
Uba52,UBA52
Gdap2,GDAP2
Abhd16a,ABHD16A
Clec4f,CLEC4F
Capn7,CAPN7
S1pr5,S1PR5
Gng11,GNG11
Cers4,CERS4
Rint1,RINT1
Chek1,CHEK1
Rab38,RAB38
Immt,IMMT
Tnfrsf22,TNFRSF10C
Tnfrsf22,TNFRSF10B
Tnfrsf22,TNFRSF10D
Rbl1,RBL1
Mphosph10,MPHOSPH10
Zfp507,ZNF507
Sar1b,SAR1B
Rps11,RPS11
Midn,MIDN
Rheb,RHEB
Mapkapk3,MAPKAPK3
Lgalsl,LGALSL
Kpna4,KPNA4
Or51f23b,OR51C1
Sertad1,SERTAD1
Abhd13,ABHD13
Rlig1,RLIG1
Itgae,ITGAE
Pofut3,POFUT3
Bcl7c,BCL7C
Snai1,SNAI1
Pus1,PUS1
Tor1a,TOR1A
Cd160,CD160
Rhbg,RHBG
Smpd3,SMPD3
Fbxl17,FBXL17
Elk3,ELK3
Tlcd5,TLCD5
Tspan32,TSPAN32
Bbs10,BBS10
Dnajc17,DNAJC17
Pag1,PAG1
Bbs4,BBS4
Irak3,IRAK3
Gtpbp1,GTPBP1
Selenom,SELENOM
Sh2d4a,SH2D4A
Cfb,CFB
Abca8b,ABCA8
Glrb,GLRB
Kmt2c,KMT2C
Hebp2,HEBP2
Yju2b,YJU2B
Fam163b,FAM163B
Hs3st5,HS3ST5
Dok5,DOK5
Rabggta,RABGGTA
Itga5,ITGA5
Gm17455,C10orf105
Vezt,VEZT
Sall4,SALL4
Zfpm1,ZFPM1
Shank1,SHANK1
Cavin2,CAVIN2
Ptpn9,PTPN9
Cox20,COX20
Smim19,SMIM19
Raph1,RAPH1
Treml4,TREML4
Pdf,PDF
Klhl36,KLHL36
Cd3e,CD3E
Aurkc,AURKC
Lyrm9,LYRM9
Fryl,FRYL
Egln1,EGLN1
Lrrcc1,LRRCC1
Esrrg,ESRRG
Map2k1,MAP2K1
Ccl11,CCL11
Rnf227,RNF227
Ccnf,CCNF
Ctrl,CTRL
Npb,NPB
Neu2,NEU2
Wwc2,WWC2
Klk13,KLK13
2810459M11Rik,C2orf72
Saa4,SAA4
Xpnpep3,XPNPEP3
Zfp771,ZNF771
Pms1,PMS1
Msra,MSRA
Tmem219,TMEM219
Map3k20,MAP3K20
Tom1l2,TOM1L2
Cpeb2,CPEB2
Lrmda,LRMDA
Sharpin,SHARPIN
Gramd1b,GRAMD1B
Atxn1l,ATXN1L
Colq,COLQ
Adgra1,ADGRA1
Zfp330,ZNF330
Alkbh4,ALKBH4
Tmem9b,TMEM9B
Zkscan1,ZKSCAN1
Efna2,EFNA2
Prodh2,PRODH2
Bora,BORA
D630023F18Rik,C2orf80
Csnk1g2,CSNK1G2
Oas2,OAS2
Trpc3,TRPC3
Gabrb1,GABRB1
Dnah8,DNAH8
Sox13,SOX13
Ppp1r26,PPP1R26
Rab33b,RAB33B
Fbln1,FBLN1
Gch1,GCH1
Dnajb4,DNAJB4
Defb21,DEFB118
Cog8,COG8
Rps17,RPS17
Rnd3,RND3
Gabra2,GABRA2
Unc80,UNC80
Sdr39u1,SDR39U1
Hpf1,HPF1
Ppm1l,PPM1L
Atp5f1b,ATP5F1B
Plin1,PLIN1
Tmem131l,TMEM131L
Acat1,ACAT1
Spata13,SPATA13
Letm2,LETM2
Tnr,TNR
Csf3,CSF3
Meioc,MEIOC
Rimbp2,RIMBP2
Esd,ESD
Rab11fip4,RAB11FIP4
Lyz1,LYZ
Lin28b,LIN28B
Tysnd1,TYSND1
Prr19,PRR19
Rdh9,RDH16
Cyp2s1,CYP2S1
Raet1d,RAET1E
Sema4c,SEMA4C
Meak7,MEAK7
Edar,EDAR
Ghr,GHR
Atg14,ATG14
Sgpl1,SGPL1
Bckdk,BCKDK
Zfp609,ZNF609
Sugp2,SUGP2
Tmem94,TMEM94
Pnp,PNP
Celf6,CELF6
Mtmr9,MTMR9
Nlrc4,NLRC4
Fpr2,FPR2
Ubac2,UBAC2
Mta3,MTA3
Sumo1,SUMO1
Tssk4,TSSK4
Wfs1,WFS1
Pinx1,PINX1
Fes,FES
Dtymk,DTYMK
Arih2,ARIH2
Map2k7,MAP2K7
Zc3h13,ZC3H13
Stat4,STAT4
Cabin1,CABIN1
Ppp6r2,PPP6R2
Ccdc122,CCDC122
Elmo2,ELMO2
Traf3ip1,TRAF3IP1
Sel1l3,SEL1L3
Cog3,COG3
Wnt3a,WNT3A
Gde1,GDE1
Hoxb9,HOXB9
Igfbp1,IGFBP1
Casc3,CASC3
Arid5a,ARID5A
Dact3,DACT3
Mfsd4b1,SLC60A2
Slc17a8,SLC17A8
Sbk2,SBK2
Apaf1,APAF1
Zfp511,ZNF511
Rangrf,RANGRF
Mnd1,MND1
Tmem140,TMEM140
Lyg1,LYG1
Kplce,KPLCE
Slc50a1,SLC50A1
Etfrf1,ETFRF1
Pogk,POGK
Krcc1,KRCC1
Hmgxb4,HMGXB4
Trmt10a,TRMT10A
Xbp1,XBP1
Noc4l,NOC4L
Ubn2,UBN2
Aig1,AIG1
Tubb4a,TUBB4A
Rplp2,RPLP2
Ube2f,UBE2F
Cacna1h,CACNA1H
Ints9,INTS9
Cdyl2,CDYL2
Tpm1,TPM1
Grm6,GRM6
Rbm34,RBM34
Rbm8a,RBM8A
Plxnc1,PLXNC1
Fah,FAH
Slc39a14,SLC39A14
Serpinf1,SERPINF1
Gstm3,GSTM1
Ssbp4,SSBP4
Arsj,ARSJ
Lmna,LMNA
Smim45,SMIM45
Zfat,ZFAT
Dtx2,DTX2
Rsph14,RSPH14
Gprc5a,GPRC5A
Mmp11,MMP11
Rem2,REM2
Zfp523,ZNF76
Cntn6,CNTN6
Vamp2,VAMP2
Tacc2,TACC2
Mb,MB
Slc13a2,SLC13A2
Cfap70,CFAP70
Agpat3,AGPAT3
Ly6c1,LY6S
Tada2a,TADA2A
Agxt2,AGXT2
Mrps18c,MRPS18C
Rpl3,RPL3
Ankrd50,ANKRD50
Elmod2,ELMOD2
Dlgap5,DLGAP5
Trrap,TRRAP
Ndufc1,NDUFC1
Wwtr1,WWTR1
Plbd1,PLBD1
Fcer1a,FCER1A
Eif4b,EIF4B
Col4a4,COL4A4
Znhit6,ZNHIT6
Nr2f6,NR2F6
Ccdc9,CCDC9
Defa37,DEFA4
Defa37,DEFA1
Defa37,DEFA5
Defa37,DEFA1B
Defa37,DEFA6
Defa37,DEFA3
Epha1,EPHA1
Agrp,AGRP
Klhl26,KLHL26
Rnf43,RNF43
Eif2a,EIF2A
Tgfb2,TGFB2
Ctu2,CTU2
Pold2,POLD2
Mdm4,MDM4
Kat6b,KAT6B
Smyd1,SMYD1
Slc6a5,SLC6A5
Gm6569,C8orf90
Chrac1,CHRAC1
Krt2,KRT2
Rad21,RAD21
Il23a,IL23A
1700113H08Rik,C12orf42
Sec24d,SEC24D
Mdm1,MDM1
Atp6v0e2,ATP6V0E2
Ebf3,EBF3
C1ql4,C1QL4
Lrrk2,LRRK2
Cmklr1,CMKLR1
Hilpda,HILPDA
Cd207,CD207
Ing4,ING4
Nup85,NUP85
Mettl27,METTL27
Ebf2,EBF2
Hagh,HAGH
Hsh2d,HSH2D
Psma5,PSMA5
Ddx19a,DDX19A
Brk1,BRK1
Tlx2,TLX2
Pde1c,PDE1C
Fam107a,FAM107A
Luzp2,LUZP2
Adam9,ADAM9
Cckbr,CCKBR
Arl2bp,ARL2BP
Rhog,RHOG
Glud1,GLUD2
Glud1,GLUD1
Syt8,SYT8
Zc3h7b,ZC3H7B
Ppp3ca,PPP3CA
Rgs12,RGS12
Nol3,NOL3
Efna5,EFNA5
B3gnt3,B3GNT3
Sprn,SPRN
Zfp111,ZNF112
Rbms2,RBMS2
Meiob,MEIOB
Spg7,SPG7
Cyp4f40,CYP4F2
Pik3c2a,PIK3C2A
Slitrk5,SLITRK5
Prss51,PRSS51
Ncald,NCALD
Slc25a27,SLC25A27
Irf9,IRF9
Ybx2,YBX2
Sox15,SOX15
Polr3d,POLR3D
Cnpy3,CNPY3
Zdhhc20,ZDHHC20
Med1,MED1
Xrcc2,XRCC2
Soat1,SOAT1
Eif3b,EIF3B
Cdc42ep3,CDC42EP3
Il4i1,IL4I1
Rgs11,RGS11
Gabrg3,GABRG3
Hypk,HYPK
Cep57l1,CEP57L1
Aebp2,AEBP2
Bbs7,BBS7
Naa38,NAA38
Aoc2,AOC2
Kcnh6,KCNH6
Commd3,COMMD3
Tm2d3,TM2D3
Prkag3,PRKAG3
Galnt15,GALNT15
Fxr2,FXR2
Sec11a,SEC11A
Haus4,HAUS4
Ddx23,DDX23
Ttc17,TTC17
Itga3,ITGA3
Ccdc174,CCDC174
Orai3,ORAI3
Tmem130,TMEM130
Or10h5,OR10H1
Or10h5,OR10H2
Or10h5,OR10H5
Polr2c,POLR2C
Rpl10a,RPL10A
Ndfip2,NDFIP2
Cyp2d10,CYP2D6
Adam8,ADAM8
Utp25,UTP25
Fdft1,FDFT1
Tmtc1,TMTC1
Prkab2,PRKAB2
Adamts3,ADAMTS3
Dusp28,DUSP28
Creg2,CREG2
Ckap2,CKAP2
Fcamr,FCAMR
Wbp4,WBP4
Hsd3b5,HSD3B1
Hsd3b5,HSD3B2
Pla2g4f,PLA2G4F
Lypd1,LYPD1
Dram2,DRAM2
Pea15a,PEA15
Akap8,AKAP8
Usb1,USB1
Cldn12,CLDN12
Prokr2,PROKR2
Notum,NOTUM
Ccdc142,CCDC142
Rbx1,RBX1
Cldn10,CLDN10
Tmem161a,TMEM161A
Grm7,GRM7
Phrf1,PHRF1
Nprl2,NPRL2
Snrnp200,SNRNP200
Pecr,PECR
Nek10,NEK10
Nadk,NADK
Abcb1b,ABCB1
Dcbld1,DCBLD1
Ttbk1,TTBK1
Pyy,PYY
Plec,PLEC
Gclm,GCLM
Cisd3,CISD3
Atp6v1f,ATP6V1F
Zfp879,ZNF879
Fez2,FEZ2
Recql,RECQL
Tmem237,TMEM237
Tinf2,TINF2
Rpl38,RPL38
Vtcn1,VTCN1
Selenbp2,SELENBP1
Eef2,EEF2
Bptf,BPTF
Pcdh17,PCDH17
Prg2,PRG2
Nceh1,NCEH1
Anxa8,ANXA8
Anxa8,ANXA8L1
Cavin1,CAVIN1
Sall2,SALL2
Phf11a,PHF11
Lypd8,LYPD8
Iqsec1,IQSEC1
Slc22a1,SLC22A1
Lmo7,LMO7
Fabp5,FABP5
Vash2,VASH2
Lhx8,LHX8
Tfeb,TFEB
Ripor1,RIPOR1
Cwf19l2,CWF19L2
Itpr2,ITPR2
Rhbdf1,RHBDF1
Dusp8,DUSP8
Tars2,TARS2
Lypd4,LYPD4
Dnajc25,DNAJC25
Nup188,NUP188
Col3a1,COL3A1
Fam110d,FAM110D
Pde4b,PDE4B
Rlbp1,RLBP1
Gins2,GINS2
Snai3,SNAI3
Taf5l,TAF5L
Phactr2,PHACTR2
Mtf1,MTF1
Ednra,EDNRA
Dpep2,DPEP2
Adgre5,ADGRE5
Khsrp,KHSRP
Kif24,KIF24
Dlec1,DLEC1
Osbpl3,OSBPL3
Slc5a9,SLC5A9
Dcun1d3,DCUN1D3
Spata22,SPATA22
Rac3,RAC3
Ntf5,NTF4
Lpcat2,LPCAT2
Rab31,RAB31
Pagr1a,PAGR1
Ttc36,TTC36
Rbp1,RBP1
Elp1,ELP1
Pla2g1b,PLA2G1B
Ube2g2,UBE2G2
Cchcr1,CCHCR1
Hpn,HPN
Usp2,USP2
Pemt,PEMT
Fam20c,FAM20C
Supv3l1,SUPV3L1
Pnp2,PNP
Pde12,PDE12
Ndufaf7,NDUFAF7
Srrm4,SRRM4
Myh7,MYH7
Galnt10,GALNT10
Lcat,LCAT
Trappc2l,TRAPPC2L
Hnmt,HNMT
Cc2d1a,CC2D1A
Siglech,CD33
Siglech,SIGLEC6
Trim39,TRIM39
Hba-a1,HBA1
Hba-a1,HBA2
Prnp,PRNP
Tnfaip8l1,TNFAIP8L1
Vasp,VASP
Llcfc1,LLCFC1
Ndufv2,NDUFV2
Socs2,SOCS2
Ndufa5,NDUFA5
Ube2q1,UBE2Q1
Slit2,SLIT2
Ccdc32,CCDC32
Recql5,RECQL5
Clec4b2,CLEC4C
Dera,DERA
Adamtsl2,ADAMTSL2
Akap12,AKAP12
Mtcl3,MTCL3
Il12rb1,IL12RB1
Islr,ISLR
Clvs2,CLVS2
Cyp1b1,CYP1B1
Senp6,SENP6
2310061I04Rik,C6orf136
Camsap3,CAMSAP3
Sclt1,SCLT1
Cfap210,CFAP210
Thumpd2,THUMPD2
Ankrd24,ANKRD24
Gga3,GGA3
Stk33,STK33
Tmem106b,TMEM106B
Mysm1,MYSM1
Hddc2,HDDC2
Mcm10,MCM10
Fgf23,FGF23
Zfp994,ZNF34
Iqub,IQUB
Igfals,IGFALS
Grip1,GRIP1
Podxl2,PODXL2
Ppm1b,PPM1B
Tnrc6a,TNRC6A
Ube2r2,UBE2R2
Nkain1,NKAIN1
Mllt11,MLLT11
Cdc26,CDC26
Tmem254,TMEM254
Emc9,EMC9
Rpl34,RPL34
Zfp524,ZNF524
Lzic,LZIC
Dcun1d2,DCUN1D2
Cabp5,CABP5
Lrrc26,LRRC26
Ccl9,CCL23
Ccl9,CCL15
Htd2,HTD2
Tnfrsf13b,TNFRSF13B
Nid2,NID2
Lcmt1,LCMT1
Pramel25,PRAMEF2
Pramel25,PRAMEF18
Pramel25,PRAMEF20
Pramel25,PRAMEF6
Pramel25,PRAMEF8
Pramel25,PRAMEF14
Pramel25,PRAMEF19
Pramel25,PRAMEF27
Pramel25,PRAMEF17
Pramel25,PRAMEF11
Pramel25,PRAMEF1
Pramel25,PRAMEF10
Pramel25,PRAMEF9
Pramel25,PRAMEF15
Pramel25,PRAMEF12
Pramel25,PRAMEF4
Pramel25,PRAMEF26
Pramel25,PRAMEF33
Pramel25,PRAMEF7
Pramel25,PRAMEF5
Pramel25,PRAMEF13
Pramel25,PRAMEF25
Chmp3,CHMP3
Cnpy1,CNPY1
Rnf38,RNF38
Acaa1b,ACAA1
Pus10,PUS10
Tbx3,TBX3
Tnfaip8l2,TNFAIP8L2
Myc,MYC
Gbp5,GBP5
Rasa3,RASA3
Ext1,EXT1
Tlk1,TLK1
Dbt,DBT
Utp23,UTP23
Vps11,VPS11
Msh6,MSH6
Otulinl,OTULINL
Lrrc28,LRRC28
Prss12,PRSS12
Wfikkn1,WFIKKN1
Cyp4f39,CYP4F22
Smc4,SMC4
Lgi2,LGI2
Rhag,RHAG
Msrb1,MSRB1
H2-Ab1,HLA-DQB2
H2-Ab1,HLA-DQB1
Ccdc146,CCDC146
Prdm8,PRDM8
Mfsd3,SLC33A2
Zbtb40,ZBTB40
Zfp706,ZNF706
Eps15l1,EPS15L1
Papolg,PAPOLG
Gna12,GNA12
Tut4,TUT4
Limch1,LIMCH1
Slc45a4,SLC45A4
Antkmt,ANTKMT
Srsf12,SRSF12
Kcna6,KCNA6
Adcyap1,ADCYAP1
Dnah6,DNAH6
Wars2,WARS2
Tcp10a,TCP10L
Gltpd2,GLTPD2
Apba2,APBA2
Dab2,DAB2
Ern1,ERN1
Pmp2,PMP2
Etv3,ETV3
Syngr3,SYNGR3
Ssmem1,SSMEM1
Zfp408,ZNF408
Mst1r,MST1R
Pla2g12a,PLA2G12A
Sfta2,SFTA2
Pip,PIP
Dynlt2a2,DYNLT2
Vstm2l,VSTM2L
Lif,LIF
Grm4,GRM4
Ripk2,RIPK2
Tpra1,TPRA1
Skil,SKIL
Pawr,PAWR
Plekha3,PLEKHA3
Krt10,KRT10
Pigb,PIGB
Ap3d1,AP3D1
Fscn2,FSCN2
Vkorc1l1,VKORC1L1
Steap1,STEAP1B
Steap1,STEAP1
Nlgn1,NLGN1
Stard3,STARD3
Bcar3,BCAR3
Cyp4f14,CYP4F2
Pkd2,PKD2
Ago4,AGO4
Itga8,ITGA8
Unc13c,UNC13C
Ptbp3,PTBP3
Klhl40,KLHL40
Ppib,PPIB
Emilin2,EMILIN2
Hipk1,HIPK1
Tacr1,TACR1
Dpagt1,DPAGT1
Ramp3,RAMP3
Mxd1,MXD1
Gramd2a,GRAMD2A
Ppp1r3a,PPP1R3A
Gfpt1,GFPT1
Myzap,MYZAP
Ucn,UCN
Srebf1,SREBF1
Kcnj3,KCNJ3
Sncg,SNCG
Ankrd17,ANKRD17
Zfp382,ZNF382
Prkn,PRKN
Cd59a,CD59
Sh2d4b,SH2D4B
Izumo4,IZUMO4
Irs1,IRS1
Nhej1,NHEJ1
Olfml1,OLFML1
Dnai4,DNAI4
Sde2,SDE2
Mpst,MPST
Ccdc81,CCDC81
Ccr6,CCR6
Actr8,ACTR8
Tnpo3,TNPO3
Psca,PSCA
Spef2,SPEF2
Cops8,COPS8
Clmp,CLMP
Gemin6,GEMIN6
Upk1a,UPK1A
Cstl1,CSTL1
Lrrk1,LRRK1
AI593442,C11orf87
Npr1,NPR1
Myo1e,MYO1E
Snrpf,SNRPF
Atp5if1,ATP5IF1
Ecel1,ECEL1
Fap,FAP
Fyn,FYN
Orm1,ORM1
Orm1,ORM2
Ccdc90b,CCDC90B
Tmem59,TMEM59
Sybu,SYBU
Zfhx2,ZFHX2
Mto1,MTO1
Rpp14,RPP14
Nucks1,NUCKS1
Lrwd1,LRWD1
St18,ST18
Vwa8,VWA8
Polr3e,POLR3E
Crisp2,CRISP2
Tceanc2,TCEANC2
Spata25,SPATA25
Dhrs7c,DHRS7C
Srpra,SRPRA
Slc17a9,SLC17A9
Ankrd34a,ANKRD34A
Mpg,MPG
Adgrl2,ADGRL2
Adprs,ADPRS
Slc35e1,SLC35E1
Dpy30,DPY30
Prag1,PRAG1
Sod3,SOD3
Tnfsf15,TNFSF15
Defa24,DEFA4
Defa24,DEFA1
Defa24,DEFA5
Defa24,DEFA1B
Defa24,DEFA6
Defa24,DEFA3
Frg1,FRG1
Srrm1,SRRM1
Camkmt,CAMKMT
Phf12,PHF12
Sox17,SOX17
Hsph1,HSPH1
Derl1,DERL1
Gnptg,GNPTG
Slc25a4,SLC25A4
Creb3l1,CREB3L1
Cenpf,CENPF
B4galnt3,B4GALNT3
Ccdc13,CCDC13
Rpl8,RPL8
Ang4,ANG
Cbfb,CBFB
C7,C7
Pld5,PLD5
Josd1,JOSD1
Nrbp2,NRBP2
Uba7,UBA7
Slc30a4,SLC30A4
Klhl42,KLHL42
Mpnd,MPND
Asz1,ASZ1
Egr3,EGR3
Havcr1,HAVCR1
Otx2,OTX2
Carmil2,CARMIL2
Ugt1a7c,UGT1A7
Ugt1a7c,UGT1A10
Ugt1a7c,UGT1A9
Ugt1a7c,UGT1A8
Ak8,AK8
Nat8f3,NAT8
Klk7,KLK7
Crhr2,CRHR2
Ndufb7,NDUFB7
Bop1,BOP1
Mylpf,MYL11
Cnrip1,CNRIP1
Fzd5,FZD5
Myo9b,MYO9B
Fam72a,FAM72A
Fam72a,FAM72D
Fam72a,FAM72C
Fam72a,FAM72B
Itgb2,ITGB2
Ncf2,NCF2
Acox2,ACOX2
Zc3h8,ZC3H8
Synrg,SYNRG
Tmem91,TMEM91
Lrch1,LRCH1
Igfbp2,IGFBP2
Tspan15,TSPAN15
Alkal1,ALKAL1
Prnd,PRND
Vcpip1,VCPIP1
Cald1,CALD1
6030458C11Rik,C5orf22
Ccnyl1,CCNYL1B
Ccnyl1,CCNYL1
Tspan3,TSPAN3
Rrm1,RRM1
Cnksr3,CNKSR3
Mtx2,MTX2
Flot1,FLOT1
Wdr1,WDR1
Frk,FRK
Cd1d1,CD1D
Hhatl,HHATL
Chrna10,CHRNA10
Prpf38b,PRPF38B
Tbpl1,TBPL1
Pdhb,PDHB
Bcat2,BCAT2
Galnt5,GALNT5
Micall1,MICALL1
Emilin3,EMILIN3
Uchl5,UCHL5
Fnip2,FNIP2
Hs6st3,HS6ST3
Nopchap1,NOPCHAP1
Cdhr1,CDHR1
Slc45a2,SLC45A2
Ccar1,CCAR1
Map3k12,MAP3K12
Tmem273,TMEM273
Atp12a,ATP12A
Nosip,NOSIP
Snx7,SNX7
Slain1,SLAIN1
Tfap2c,TFAP2C
Gsap,GSAP
Atf7ip,ATF7IP
Hesx1,HESX1
Rps3a1,RPS3A
Bmp4,BMP4
Il2ra,IL2RA
Rps27l,RPS27L
Sirpb1c,SIRPA
Sirpb1c,SIRPB1
Sirpb1c,SIRPG
Tkt,TKT
Tcp11l1,TCP11L1
Pik3r4,PIK3R4
Grin3a,GRIN3A
Gck,GCK
Ephb6,EPHB6
Carf,CARF
Slc39a1,SLC39A1
Lamtor5,LAMTOR5
Rfx5,RFX5
Igflr1,IGFLR1
Gpx7,GPX7
Tomt,TOMT
Exoc3l,EXOC3L1
Il15ra,IL15RA
Otud6b,OTUD6B
Wdr24,WDR24
Nploc4,NPLOC4
Mat1a,MAT1A
Pm20d2,PM20D2
Epn1,EPN1
Unc93a,UNC93A
Grik3,GRIK3
Tasor,TASOR
Bend3,BEND3
Musk,MUSK
Abracl,ABRACL
Lta,LTA
Atp6v0d1,ATP6V0D1
Ezr,EZR
Spata16,SPATA16
Slfn3,SLFN12
Slfn3,SLFN12L
Yod1,YOD1
Samd5,SAMD5
Fam222b,FAM222B
Syt14,SYT14
Pias4,PIAS4
Ccl8,CCL8
Plek,PLEK
Cd209d,CD209
Fdps,FDPS
Rlf,RLF
Septin2,SEPTIN2
1700011L22Rik,C4orf51
St6galnac6,ST6GALNAC6
Lrp10,LRP10
Tmem247,TMEM247
Tmem192,TMEM192
Tmco2,TMCO2
Flywch1,FLYWCH1
Frrs1l,FRRS1L
Dcaf1,DCAF1
Plekhn1,PLEKHN1
Ly6h,LY6H
Ccser2,CCSER2
Cdk5rap3,CDK5RAP3
Fbxw9,FBXW9
Wiz,WIZ
Bltp3b,BLTP3B
Sp7,SP7
Zswim5,ZSWIM5
Lmbrd2,LMBRD2
Pradc1,PRADC1
Tardbp,TARDBP
Lrrc61,LRRC61
Prmt8,PRMT8
Mzf1,MZF1
Smim20,SMIM20
Coa6,COA6
Cd3g,CD3G
Slc12a4,SLC12A4
Lgals3,LGALS3
Arl6ip4,ARL6IP4
Cmtm6,CMTM6
Tpk1,TPK1
Tiprl,TIPRL
Spi1,SPI1
Cntn1,CNTN1
Stbd1,STBD1
Nyap1,NYAP1
Dnm2,DNM2
Parp4,PARP4
Mettl18,METTL18
Ralgps2,RALGPS2
Gtf3c1,GTF3C1
Caln1,CALN1
Slc25a12,SLC25A12
Pspc1,PSPC1
Aqp1,AQP1
Rad23b,RAD23B
Nop2,NOP2
Mettl26,METTL26
Pwp1,PWP1
Gngt2,GNGT2
Setdb1,SETDB1
Tmem54,TMEM54
Rbm26,RBM26
Spsb3,SPSB3
Hspb1,HSPB1
Ppih,PPIH
Wdr19,WDR19
Etv4,ETV4
Dnmt3l,DNMT3L
Brme1,BRME1
H1f8,H1-8
Tnip3,TNIP3
Zfp423,ZNF423
Rab21,RAB21
Dguok,DGUOK
Vac14,VAC14
Hnrnph3,HNRNPH3
Plcg1,PLCG1
Gpr157,GPR157
Tbc1d10a,TBC1D10A
Zcchc7,ZCCHC7
Fam180a,FAM180A
Uba6,UBA6
Tmem125,TMEM125
Cpa1,CPA1
Meikin,MEIKIN
Picalm,PICALM
Pcsk9,PCSK9
Mcm2,MCM2
Dhx40,DHX40
Ipp,IPP
Pde10a,PDE10A
Myo3b,MYO3B
Crlf2,CRLF2
Irs2,IRS2
Mtmr6,MTMR6
Rln3,RLN3
Atp13a1,ATP13A1
Leprot,LEPROT
Frmd3,FRMD3
Cytl1,CYTL1
Cep152,CEP152
Abcg3,ABCG2
Krt23,KRT23
Tmem132b,TMEM132B
Mat2b,MAT2B
Gng2,GNG2
Pdap1,PDAP1
Gabbr2,GABBR2
Gxylt2,GXYLT2
Fam171b,FAM171B
Jade1,JADE1
Cpne9,CPNE9
Lrrc20,LRRC20
Wscd2,WSCD2
Tjp3,TJP3
Pck2,PCK2
Clec10a,CLEC10A
Hectd4,HECTD4
Nae1,NAE1
Tafa1,TAFA1
Zxdc,ZXDC
Pgp,PGP
Pank4,PANK4
Stmn2,STMN2
Ccdc57,CCDC57
Abhd18,ABHD18
Gcn1,GCN1
Syt1,SYT1
Klf5,KLF5
Ezh2,EZH2
Setdb2,SETDB2
Ehd3,EHD3
Gnmt,GNMT
Slc35g3,SLC35G3
Slc35g3,SLC35G5
Slc35g3,SLC35G6
Slc35g3,SLC35G4
Acadm,ACADM
Lhx1,LHX1
Dxo,DXO
Caprin1,CAPRIN1
Fam216b,FAM216B
Btbd8,BTBD8
Kifc5b,KIFC1
Epsti1,EPSTI1
Bicdl1,BICDL1
Rnf112,RNF112
Madcam1,MADCAM1
Ddah2,DDAH2
Lta4h,LTA4H
Prmt5,PRMT5
Tpst2,TPST2
Leprotl1,LEPROTL1
Hax1,HAX1
Cavin4,CAVIN4
Eml4,EML4
Sigmar1,SIGMAR1
Slc38a7,SLC38A7
Comtd1,COMTD1
Reps1,REPS1
Cer1,CER1
Ctps1,CTPS1
Pbk,PBK
Nectin4,NECTIN4
Atp5pb,ATP5PB
Zfp395,ZNF395
Vps4b,VPS4B
Sgsm1,SGSM1
Tdrd3,TDRD3
Farsa,FARSA
Clec5a,CLEC5A
Arhgef26,ARHGEF26
Sarm1,SARM1
Prr9,PRR9
Ttc14,TTC14
Blk,BLK
Rbm28,RBM28
Dot1l,DOT1L
Tex35,TEX35
Rtraf,RTRAF
Slc16a6,SLC16A6
Stimate,STIMATE
Ptgir,PTGIR
Zfp94,ZNF45
Cdc42se2,CDC42SE2
Uxs1,UXS1
Rnase4,RNASE4
Flt3l,FLT3LG
Lgi3,LGI3
Jag1,JAG1
Ccdc38,CCDC38
Tmem52b,TMEM52B
Mtmr14,MTMR14
Cpne2,CPNE2
Or4c10,OR4C46
Or4c10,OR4C13
Rnh1,RNH1
Top2b,TOP2B
Pwwp3a,PWWP3A
Scn9a,SCN9A
Zfp979,ZNF34
Fbxo24,FBXO24
Cps1,CPS1
Tmem69,TMEM69
Hmga1,HMGA1
Nr4a3,NR4A3
Nr2f2,NR2F2
Dr1,DR1
Vps54,VPS54
Fam219a,FAM219A
Pofut1,POFUT1
Bst2,BST2
Lat2,LAT2
Napa,NAPA
Cmtm4,CMTM4
Cpe,CPE
Khdrbs1,KHDRBS1
Acoxl,ACOXL
Sntg1,SNTG1
Disp3,DISP3
Gtsf1l,GTSF1L
Sp5,SP5
Scara3,SCARA3
Brf2,BRF2
Adra1a,ADRA1A
Ccndbp1,CCNDBP1
Dus2,DUS2
Gmpr2,GMPR2
Ddx20,DDX20
Esr1,ESR1
Svip,SVIP
Synpo2,SYNPO2
Atp23,ATP23
Samd8,SAMD8
Tifa,TIFA
Shisa2,SHISA2
Mslnl,MSLNL
Rap1gds1,RAP1GDS1
Exoc1,EXOC1
Aplp1,APLP1
Slc22a17,SLC22A17
Mdc1,MDC1
Slc25a3,SLC25A3
Scn3a,SCN3A
Smim10l1,SMIM10L1
Sema3g,SEMA3G
Txn1,TXN
Arhgap30,ARHGAP30
Rsph9,RSPH9
Wdr54,WDR54
Itpa,ITPA
Xpo7,XPO7
Lrrn2,LRRN2
Atad3a,ATAD3A
Kcnd2,KCND2
Cul9,CUL9
Scrn1,SCRN1
Rrad,RRAD
Stk25,STK25
Stmn3,STMN3
Ttc29,TTC29
Ubtfl1,UBTFL1
Ppm1m,PPM1M
Fam149a,FAM149A
Caprin2,CAPRIN2
Myh7b,MYH7B
Snrpa,SNRPA
Osbpl10,OSBPL10
Matk,MATK
Cfap96,CFAP96
Lime1,LIME1
Cpne5,CPNE5
Lsm1,LSM1
Rasl10a,RASL10A
AW551984,VWA5A
Klk4,KLK4
Gins3,GINS3
Hapln4,HAPLN4
Mob2,MOB2
Defa23,DEFA4
Defa23,DEFA1
Defa23,DEFA5
Defa23,DEFA1B
Defa23,DEFA6
Defa23,DEFA3
Heatr6,HEATR6
Crlf1,CRLF1
Accs,ACCS
Ercc5,ERCC5
Ercc5,BIVM
Cox4i1,COX4I1
Srpk1,SRPK1
Chrna2,CHRNA2
Atp2c1,ATP2C1
Cdkn3,CDKN3
Tdrkh,TDRKH
Kcnk6,KCNK6
Tgfb1i1,TGFB1I1
Ddhd1,DDHD1
Tppp3,TPPP3
Zzz3,ZZZ3
Mrps31,MRPS31
Sgsm2,SGSM2
Tpx2,TPX2
Crebl2,CREBL2
Cdk8,CDK8
Chst13,CHST13
Pxt1,PXT1
Hoxa2,HOXA2
Nxph1,NXPH1
Gadd45a,GADD45A
Mrps10,MRPS10
Adam32,ADAM32
Plekha5,PLEKHA5
Slamf8,SLAMF8
Cyp27a1,CYP27A1
Ankrd44,ANKRD44
Grm5,GRM5
Cherp,CHERP
Mrpl18,MRPL18
Tpsb2,TPSB2
Tpsb2,TPSAB1
Zfp57,ZFP57
Dcaf6,DCAF6
Slfn4,SLFN12
Slfn4,SLFN12L
Tcf23,TCF23
Slc25a22,SLC25A22
Fam53a,FAM53A
Nt5c3b,NT5C3B
Crybg2,CRYBG2
Tm9sf2,TM9SF2
Lamtor2,LAMTOR2
Cdca8,CDCA8
Ncoa3,NCOA3
Aimp1,AIMP1
Ring1,RING1
Stum,STUM
Kmt2e,KMT2E
Arglu1,ARGLU1
Prpf38a,PRPF38A
Cnih3,CNIH3
Scaf8,SCAF8
Pgbd5,PGBD5
Trh,TRH
Proser1,PROSER1
Rundc1,RUNDC1
Tspan12,TSPAN12
Eif5a2,EIF5A2
Defa36,DEFA4
Defa36,DEFA1
Defa36,DEFA5
Defa36,DEFA1B
Defa36,DEFA6
Defa36,DEFA3
Pla2g12b,PLA2G12B
Pik3r2,PIK3R2
Myl6b,MYL6B
Trim2,TRIM2
Asph,ASPH
Timm13,TIMM13
Eif2d,EIF2D
Wapl,WAPL
Cript,CRIPT
Pbld2,PBLD
Dennd1c,DENND1C
Flot2,FLOT2
Stard13,STARD13
Afg1l,AFG1L
Suclg2,SUCLG2
Naaa,NAAA
Tapbp,TAPBP
Shld2,SHLD2
Srgn,SRGN
Popdc1,POPDC1
Ednrb,EDNRB
Iyd,IYD
Dhodh,DHODH
Arhgef25,ARHGEF25
Ost4,OST4
Wbp1,WBP1
Paqr4,PAQR4
Psme1,PSME1
Ccdc167,CCDC167
Mvk,MVK
Il12rb2,IL12RB2
Aldh1l1,ALDH1L1
Vit,VIT
Sdr42e1,SDR42E1
Rbm39,RBM39
Ctxn1,CTXN1
1190005I06Rik,C16orf74
Mvd,MVD
Jpt2,JPT2
Smim29,SMIM29
Cdh11,CDH11
E2f7,E2F7
Idh2,IDH2
Dhrs2,DHRS2
Lyzl6,LYZL6
Myoz1,MYOZ1
Mettl4,METTL4
Alox12,ALOX12
Shprh,SHPRH
Zfp276,ZNF276
Ppp3cc,PPP3CC
Keap1,KEAP1
Fis1,FIS1
Scgb3a1,SCGB3A1
Tap2,TAP2
Tbkbp1,TBKBP1
Slc39a8,SLC39A8
Rsph10b,RSPH10B2
Rsph10b,RSPH10B
Rpl4,RPL4
Vapa,VAPA
Mrps21,MRPS21
Dnaaf10,DNAAF10
Sptssb,SPTSSB
Rb1,RB1
Trim21,TRIM21
Cfap141,CFAP141
Adh7,ADH7
4930544D05Rik,C17orf107
Polh,POLH
Adgrl3,ADGRL3
Hps3,HPS3
Mmd,MMD
Pnma8a,PNMA8A
Ano8,ANO8
Fxyd7,FXYD7
Ccdc150,CCDC150
Rnf151,RNF151
Prdm9,PRDM7
Psg18,PSG3
Psg18,PSG8
Psg18,CEACAM7
Psg18,PSG11
Psg18,PSG6
Psg18,PSG5
Psg18,CEACAM3
Psg18,CEACAM1
Psg18,PSG1
Psg18,PSG2
Psg18,PSG4
Psg18,PSG7
Psg18,CEACAM6
Psg18,CEACAM8
Psg18,PSG9
Psg18,CEACAM5
Ube2b,UBE2B
Ascc1,ASCC1
Ugt1a8,UGT1A7
Ugt1a8,UGT1A10
Ugt1a8,UGT1A9
Ugt1a8,UGT1A8
Kirrel2,KIRREL2
Ilkap,ILKAP
Ptprs,PTPRS
1700123O20Rik,C14orf119
Mrps24,MRPS24
Dnajc9,DNAJC9
Tmt1b,TMT1B
Gns,GNS
Trim65,TRIM65
Rap2a,RAP2A
Il21r,IL21R
Dusp13a,DUSP13B
Plcd3,PLCD3
Erich6,ERICH6
Isg20,ISG20
Mbnl1,MBNL1
Nphp3,NPHP3
Foxk2,FOXK2
Dusp6,DUSP6
Ncan,NCAN
Arhgap9,ARHGAP9
Trpm1,TRPM1
Ndufaf8,NDUFAF8
Or2ak4,OR2AK2
Siah3,SIAH3
Dock6,DOCK6
Bcl2l2,BCL2L2
Vps37a,VPS37A
Pik3r6,PIK3R6
Sap18,SAP18
Dydc2,DYDC2
Ptp4a1,PTP4A1
Ninj2,NINJ2
Ak9,AK9
Gp9,GP9
Eef1akmt1,EEF1AKMT1
Asic4,ASIC4
Septin10,SEPTIN10
Dcp1b,DCP1B
Dap3,DAP3
Vcl,VCL
Fam20b,FAM20B
Tor4a,TOR4A
Cass4,CASS4
Krr1,KRR1
Elf1,ELF1
Psmd3,PSMD3
Esco2,ESCO2
Ctrb1,CTRB2
Ctrb1,CTRB1
Naca,NACA
Agbl2,AGBL2
Tbx19,TBX19
Cpb2,CPB2
Slc9a4,SLC9A4
Myom2,MYOM2
Nup210,NUP210
Peli2,PELI2
Dipk2a,DIPK2A
Slco6d1,SLCO6A1
Supt16,SUPT16H
Acad8,ACAD8
Slc22a18,SLC67A1
Casq1,CASQ1
Eif4enif1,EIF4ENIF1
Ncln,NCLN
Irgc,IRGC
Nkx1-2,NKX1-2
Cdc25a,CDC25A
Shld1,SHLD1
Klk15,KLK15
Rcbtb1,RCBTB1
Chrna1,CHRNA1
Gm28040,KISS1
Msantd7,MSANTD7
Ccer2,CCER2
Rgl1,RGL1
Tmem176b,TMEM176B
Mogat2,MOGAT2
Cyb561d2,CYB561D2
Onecut1,ONECUT1
Xylb,XYLB
Meis3,MEIS3
Meis3,MEIS3P2
Tacr2,TACR2
Hlx,HLX
Pcbd1,PCBD1
Cacna1b,CACNA1B
Slc16a10,SLC16A10
Ormdl1,ORMDL1
Pacc1,PACC1
Asf1a,ASF1A
Tle6,TLE6
Or8a1b,OR8A1
Nicn1,NICN1
Smyd3,SMYD3
Or6b2b,OR6B2
Or6b2b,OR6B3
Flvcr1,FLVCR1
Cdk2,CDK2
Pierce2,PIERCE2
Spesp1,SPESP1
Tbc1d2b,TBC1D2B
Dgki,DGKI
Tgm4,TGM4
Dars1,DARS1
Rpl14,RPL14
Misp,MISP
Tyw3,TYW3
Fbxo5,FBXO5
Kif9,KIF9
Ankfy1,ANKFY1
Jmjd1c,JMJD1C
Cept1,CEPT1
Stk32c,STK32C
Usp46,USP46
Clk1,CLK1
Spon1,SPON1
Runx2,RUNX2
Sgip1,SGIP1
Slc2a10,SLC2A10
Neil2,NEIL2
Krt19,KRT19
Oxnad1,OXNAD1
Sprr3,SPRR3
Sar1a,SAR1A
Pcbp4,PCBP4
Lrriq3,LRRIQ3
Eya1,EYA1
Dhx16,DHX16
Sbno1,SBNO1
Nek6,NEK6
Hspa4,HSPA4
Unc45a,UNC45A
Manba,MANBA
Jph4,JPH4
Kat6a,KAT6A
Trpm2,TRPM2
Ect2,ECT2
Tenm3,TENM3
Csgalnact2,CSGALNACT2
Ccdc34,CCDC34
Hhip,HHIP
Ap3m1,AP3M1
Cyp4f17,CYP4F8
Gngt1,GNGT1
Npy5r,NPY5R
Ift20,IFT20
Ano1,ANO1
Pgpep1,PGPEP1
Pik3c2g,PIK3C2G
Sult1c2,SULT1C2
Eya2,EYA2
1700030K09Rik,C19orf44
Ift140,IFT140
Kcnj13,KCNJ13
G0s2,G0S2
Srgap1,SRGAP1
Swt1,SWT1
Cant1,CANT1
Elp3,ELP3
Mt4,MT4
Rnf181,RNF181
Cilp2,CILP2
Nip7,NIP7
Avil,AVIL
Mcoln1,MCOLN1
Dusp18,DUSP18
Col6a2,COL6A2
Lrrc59,LRRC59
Mug1,PZP
Mug1,CPAMD8
Alb,ALB
Adissp,ADISSP
Slc22a21,SLC22A5
Fasl,FASLG
Zfp872,ZNF627
Ccdc200,CCDC200
Pycard,PYCARD
Resp18,RESP18
2310030G06Rik,C11orf52
D6Wsu163e,FERRY3
Ttc9b,TTC9B
Rab3d,RAB3D
Piwil2,PIWIL2
Tdrd6,TDRD6
Ptpn7,PTPN7
Myo19,MYO19
Stub1,STUB1
Klhl31,KLHL31
Pth2r,PTH2R
St6galnac4,ST6GALNAC4
Cd164,CD164
Exog,EXOG
Mipep,MIPEP
Klc3,KLC3
Phkg1,PHKG1
Parp1,PARP1
Shcbp1,SHCBP1
Cep83,CEP83
Hspa1l,HSPA1L
Reg1,REG1A
Tcte1,DRC5
Tomm6,TOMM6
Med22,MED22
Fmc1,FMC1
Timp4,TIMP4
Cp,CP
Pdcd2l,PDCD2L
Spast,SPAST
F10,F10
Foxi3,FOXI3
Cfap100,CFAP100
Deup1,DEUP1
Hp,HPR
Hp,HP
Mphosph8,MPHOSPH8
Gle1,GLE1
Gnpat,GNPAT
Izumo2,IZUMO2
Kif15,KIF15
Areg,AREG
Ppp1r35,PPP1R35
Snrnp27,SNRNP27
Med29,MED29
Prmt2,PRMT2
Bcl7a,BCL7A
Fscn1,FSCN1
Gimap8,GIMAP8
Mag,MAG
Magi3,MAGI3
Stk32b,STK32B
Lsm8,LSM8
Braf,BRAF
Smyd4,SMYD4
Stap1,STAP1
Kcnk5,KCNK5
Nudt18,NUDT18
Tppp2,TPPP2
Dock9,DOCK9
Spmap2l,SPMAP2L
Cln6,CLN6
Fkbp5,FKBP5
Clic4,CLIC4
Lars2,LARS2
Lrrc17,LRRC17
Pfn2,PFN2
Dnah10,DNAH10
Pithd1,PITHD1
Gata2,GATA2
P2ry14,P2RY14
Degs1,DEGS1
Bacc1,BACC1
Cacna1e,CACNA1E
Mccc1,MCCC1
Dmbx1,DMBX1
Apold1,APOLD1
Eif2s2,EIF2S2
Strap,STRAP
Lrrtm3,LRRTM3
Tnc,TNC
Gsx2,GSX2
Ncoa7,NCOA7
Ksr2,KSR2
Il15,IL15
Zscan10,ZSCAN10
Klf7,KLF7
Uroc1,UROC1
Slc4a4,SLC4A4
Pif1,PIF1
Fh1,FH
Sox8,SOX8
Gabarapl1,GABARAPL1
Crym,CRYM
Mrps34,MRPS34
Glp1r,GLP1R
Krt16,KRT16
Calu,CALU
Mrpl17,MRPL17
Llgl2,LLGL2
Prkaca,PRKACA
Cd22,CD22
Ibtk,IBTK
Enah,ENAH
Plekha8,PLEKHA8
Taf11,TAF11
Ddx39a,DDX39A
Adgrf5,ADGRF5
Smarcb1,SMARCB1
Xdh,XDH
Abi1,ABI1
Cntn3,CNTN3
Flii,FLII
Aldh16a1,ALDH16A1
Spock3,SPOCK3
Fam117b,FAM117B
Reg4,REG4
Dis3,DIS3
St6galnac3,ST6GALNAC3
Hspg2,HSPG2
Slc6a15,SLC6A15
Ppp1r42,PPP1R42
Chd1l,CHD1L
Il17rc,IL17RC
Lonrf2,LONRF2
Kcnip4,KCNIP4
Ints14,INTS14
Nuf2,NUF2
Tmem233,TMEM233
Calr3,CALR3
Angptl3,ANGPTL3
Katnal1,KATNAL1
Thoc7,THOC7
Pfkl,PFKL
Tapbpl,TAPBPL
Shoc1,SHOC1
Derpc,DERPC
Cd4,CD4
Gm136,C6orf163
Asah1,ASAH1
Ppard,PPARD
Hsdl2,HSDL2
Bckdhb,BCKDHB
Camk1,CAMK1
Rilpl1,RILPL1
Cd2bp2,CD2BP2
Nfkbie,NFKBIE
Tmem178,TMEM178A
Mrps16,MRPS16
Gpr108,GPR108
Itih1,ITIH1
Igsf3,IGSF3
Ptpn3,PTPN3
Phc3,PHC3
Kbtbd2,KBTBD2
Pip4p1,PIP4P1
Gpr83,GPR83
Tspan11,TSPAN11
Morf4l1,MORF4L1
Bod1l,BOD1L1
Lamtor1,LAMTOR1
Bag4,BAG4
Ndnf,NDNF
Rnf225,RNF225
Zfp420,ZNF721
Cxcl12,CXCL12
Dmrta1,DMRTA1
Cdkn2aip,CDKN2AIP
Jak1,JAK1
Glra1,GLRA1
Nlrp9a,NLRP9
Slc7a6os,SLC7A6OS
Or4k15c,OR4K15
Lrig1,LRIG1
Gnpnat1,GNPNAT1
Aadat,AADAT
Sike1,SIKE1
Pdss2,PDSS2
Psg22,PSG3
Psg22,PSG8
Psg22,CEACAM7
Psg22,PSG11
Psg22,PSG6
Psg22,PSG5
Psg22,CEACAM3
Psg22,CEACAM1
Psg22,PSG1
Psg22,PSG2
Psg22,PSG4
Psg22,PSG7
Psg22,CEACAM6
Psg22,CEACAM8
Psg22,PSG9
Psg22,CEACAM5
Bmpr2,BMPR2
Mecom,MECOM
Sap30,SAP30
Ric3,RIC3
Enpp6,ENPP6
Pcyt2,PCYT2
Spmip3,SPMIP3
Fgfr3,FGFR3
C87436,C2orf42
Nos1ap,NOS1AP
Thap1,THAP1
Gm48552,SMIM44
Pkn1,PKN1
Mip,MIP
Inpp5a,INPP5A
Cactin,CACTIN
Itga11,ITGA11
Twist2,TWIST2
Nyap2,NYAP2
Mars1,MARS1
Aars2,AARS2
Cnmd,CNMD
Tgfbrap1,TGFBRAP1
Elavl3,ELAVL3
4930578I06Rik,C8orf74
Sfmbt1,SFMBT1
Ice2,ICE2
Scnm1,SCNM1
Rtf2,RTF2
Ppm1k,PPM1K
Clec4e,CLEC4E
Nhlrc3,NHLRC3
Kctd2,KCTD2
Ifi213,IFI16
Gars1,GARS1
Trim68,TRIM68
Lmbrd1,LMBRD1
Pogz,POGZ
Ipo5,IPO5
Ndufa7,NDUFA7
Mdk,MDK
Vwa3a,VWA3A
Grm2,GRM2
Mad1l1,MAD1L1
Rassf1,RASSF1
Fndc7,FNDC7
Ucp1,UCP1
Satb1,SATB1
Mrpl42,MRPL42
Rundc3a,RUNDC3A
Drc7,DRC7
Usp5,USP5
Dpm3,DPM3
Rab6b,RAB6B
Gucy1a1,GUCY1A1
Epb41,EPB41
Or52e8,OR52E8
Or52e8,OR52E6
Zfp768,ZNF768
Taldo1,TALDO1
Zdhhc2,ZDHHC2
Mfsd8,MFSD8
Ninl,NINL
Rbp2,RBP2
Chst2,CHST2
Sema3b,SEMA3B
Ikbip,IKBIP
Gnptab,GNPTAB
Angptl1,ANGPTL1
Homer2,HOMER2
Ppp1r3b,PPP1R3B
Crh,CRH
Stxbp3,STXBP3
Creg1,CREG1
Ufsp2,UFSP2
Ifi207,IFI16
Pde7b,PDE7B
Tsn,TSN
Dtl,DTL
Or2h2c,OR2H2
Micu1,MICU1
1600012H06Rik,C6orf120
Atl2,ATL2
Ate1,ATE1
Ap5m1,AP5M1
Sorbs2,SORBS2
Asb1,ASB1
Hmces,HMCES
Tgm1,TGM1
Trappc1,TRAPPC1
Slc44a5,SLC44A5
Tmem248,TMEM248
Dnajb2,DNAJB2
Ccdc137,CCDC137
Prkcd,PRKCD
Unc93a2,UNC93A
Arhgef5,ARHGEF5
Osgepl1,OSGEPL1
Kcng3,KCNG3
Ip6k3,IP6K3
Wscd1,WSCD1
Srpk2,SRPK2
Eif2ak4,EIF2AK4
Pde3a,PDE3A
Gpr88,GPR88
Plg,PLG
Plg,PLGLB2
Adad1,ADAD1
Klrk1,KLRK1
Copb2,COPB2
Trappc3,TRAPPC3
Dapp1,DAPP1
Chtf18,CHTF18
Lsm5,LSM5
Pafah2,PAFAH2
Hibch,HIBCH
Mdfic,MDFIC
Arln,ARLN
Pklr,PKLR
Prf1,PRF1
Pctp,PCTP
Katna1,KATNA1
Reep1,REEP1
Mamstr,MAMSTR
Lmo4,LMO4
Cxcr6,CXCR6
Cryba4,CRYBA4
Sik3,SIK3
Ccdc88a,CCDC88A
Htr2b,HTR2B
Zmym4,ZMYM4
Fmo2,FMO2
Nlrp6,NLRP6
Alyreffm1,ALYREF
Postn,POSTN
Mgp,MGP
Fank1,FANK1
Aacs,AACS
Lrrfip1,LRRFIP1
Copg2,COPG2
Ddo,DDO
AI661453,C6orf132
Vars2,VARS2
Vrk3,VRK3
Ccdc33,CCDC33
Nmrk2,NMRK2
Polr1a,POLR1A
Ormdl2,ORMDL2
Neurod4,NEUROD4
Ndufa4l2,COXFA4L2
Lrp1,LRP1
Tmc8,TMC8
Nol6,NOL6
Rad54l2,RAD54L2
Sfxn5,SFXN5
S100a9,S100A9
Palmd,PALMD
Nudt16l2,NUDT16
Lztfl1,LZTFL1
C5ar1,C5AR1
Cox18,COX18
Mettl25b,METTL25B
Prkcg,PRKCG
Gamt,GAMT
Trim11,TRIM11
Ctbp1,CTBP1
Serinc1,SERINC1
Abhd15,ABHD15
Slc6a1,SLC6A1
Gbp3,GBP4
Cpd,CPD
Llph,LLPH
Lag3,LAG3
Pgghg,PGGHG
Atp5mg,ATP5MG
Atp5mg,ATP5MGL
Slc35d3,SLC35D3
Slc7a14,SLC7A14
Ppfibp1,PPFIBP1
Kctd5,KCTD5
Glb1l3,GLB1L3
Psmb8,PSMB8
Prcc,PRCC
Nr1h4,NR1H4
Rpain,RPAIN
Bend5,BEND5
Ube2i,UBE2I
Strip1,STRIP1
Fam3d,FAM3D
Fig4,FIG4
Megf9,MEGF9
Wsb2,WSB2
Shbg,SHBG
Or4k5,OR4K5
Ago1,AGO1
Tgds,TGDS
Ppan,PPAN
Oxld1,OXLD1
Gm29797,C20orf204
Klf13,KLF13
Fbl,FBL
Eif6,EIF6
Nrg4,NRG4
Cnr1,CNR1
Zfp292,ZNF292
Epgn,EPGN
Zfp804a,ZNF804A
Ache,ACHE
Ear1,RNASE2
Ear1,RNASE3
Chchd1,CHCHD1
Pnpt1,PNPT1
Klf4,KLF4
Arf4,ARF4
Tph1,TPH1
Atg4c,ATG4C
Csn2,CSN2
Pou4f1,POU4F1
Ntn3,NTN3
Sec16a,SEC16A
Syncrip,SYNCRIP
Dnah12,DNAH12
Tspan31,TSPAN31
Prss53,PRSS53
Calhm5,CALHM5
Stx11,STX11
Mpc1,MPC1
Ints6,INTS6
Tmc7,TMC7
Plppr3,PLPPR3
Trem1,TREM1
Col11a2,COL11A2
Lap3,LAP3
Tent5c,TENT5C
Zfp639,ZNF639
Smc2,SMC2
Ahi1,AHI1
Atf6,ATF6
Mfsd1,MFSD1
Megf8,MEGF8
Mmrn2,MMRN2
Usf1,USF1
Carm1,CARM1
Slc4a1ap,SLC4A1AP
Uqcc5,UQCC5
Or6a2,OR6A2
Nova2,NOVA2
Commd6,COMMD6
Ceacam19,CEACAM19
Micu2,MICU2
Adam33,ADAM33
Gmfg,GMFG
Fhdc1,FHDC1
Kank4,KANK4
Pde4a,PDE4A
A3galt2,A3GALT2
Sass6,SASS6
Klhl32,KLHL32
Fbxo28,FBXO28
Slc39a10,SLC39A10
Osgep,OSGEP
Ldhb,LDHB
Lipt2,LIPT2
Kdm8,KDM8
Acacb,ACACB
Rpl28,RPL28
Impdh2,IMPDH2
Mrpl20,MRPL20
Fndc3b,FNDC3B
Klhdc8a,KLHDC8A
Rnf121,RNF121
Bcl2,BCL2
Cdk15,CDK15
Ccl27b,CCL27
Dsn1,DSN1
Aup1,AUP1
Ppp2r5a,PPP2R5A
Grhpr,GRHPR
Itih3,ITIH3
Tmem132c,TMEM132C
Dpy19l1,DPY19L1
Fry,FRY
Ube2e1,UBE2E1
Map4k1,MAP4K1
Nudt13,NUDT13
Hs6st1,HS6ST1
Cd93,CD93
Fktn,FKTN
Nfasc,NFASC
Itih5,ITIH5
Slc25a39,SLC25A39
Pfkfb4,PFKFB4
Nhlh2,NHLH2
Kcnmb2,KCNMB2
Atp8b3,ATP8B3
Emg1,EMG1
Sez6l,SEZ6L
Aph1a,APH1A
Rxra,RXRA
Akirin1,AKIRIN1
Zfand1,ZFAND1
Capzb,CAPZB
Slc6a11,SLC6A11
Tssc4,TSSC4
Dlx1,DLX1
Dnajb12,DNAJB12
Tshz2,TSHZ2
Pex5,PEX5
Lrrc4b,LRRC4B
Tbc1d17,TBC1D17
Ubac1,UBAC1
Ap1g2,AP1G2
Aifm2,AIFM2
Gatad2b,GATAD2B
Zfp760,ZNF34
Hdgfl2,HDGFL2
Sh3d19,SH3D19
Snap91,SNAP91
Ptcd1,PTCD1
Dlg4,DLG4
Bpifb6,BPIFB6
Ralyl,RALYL
Gjd2,GJD2
Fndc11,FNDC11
Col11a1,COL11A1
Oxsm,OXSM
Luzp1,LUZP1
Gm5592,C2orf78
Kctd14,KCTD14
Gapdhrt,GAPDH
Vwf,VWF
Arhgef3,ARHGEF3
Gpr153,GPR153
Uqcrc2,UQCRC2
Ablim2,ABLIM2
Eif4g3,EIF4G3
Lrrc3b,LRRC3B
Ccnb1ip1,CCNB1IP1
Tm9sf1,TM9SF1
Bcl9,BCL9
Tlcd4,TLCD4
Apba3,APBA3
Zfp422,ZNF22
Cd81,CD81
Asb15,ASB15
Xkr6,XKR6
Pdia4,PDIA4
Ginm1,GINM1
Dclk1,DCLK1
Ndst2,NDST2
Tfpi2,TFPI2
Rapgef1,RAPGEF1
Tie1,TIE1
Agbl3,AGBL3
Prmt1,PRMT1
Tspan8,TSPAN8
Clybl,CLYBL
Taok1,TAOK1
Specc1l,SPECC1L
Pxk,PXK
Ccdc126,CCDC126
Syn2,SYN2
Commd1,COMMD1
Zfp287,ZNF287
Amdhd2,AMDHD2
Smurf2,SMURF2
Layn,LAYN
Syn3,SYN3
Ccr4,CCR4
Slc22a2,SLC22A2
Spata19,SPATA19
Nt5dc1,NT5DC1
Erich4,ERICH4
Tmem245,TMEM245
Spty2d1,SPTY2D1
Ubl5,UBL5
Ppp1r14a,PPP1R14A
Phf1,PHF1
Atn1,ATN1
Itgal,ITGAL
Inca1,INCA1
Adcyap1r1,ADCYAP1R1
L1td1,L1TD1
Stoml2,STOML2
Tmem217,TMEM217
Pkmyt1,PKMYT1
Cbl,CBL
Pycr1,PYCR1
Fbxl16,FBXL16
Hspe1,HSPE1
Sergef,SERGEF
Chst11,CHST11
Dnajc12,DNAJC12
Cul3,CUL3
Cfap418,CFAP418
Lin7a,LIN7A
Golga4,GOLGA4
Pja2,PJA2
Pglyrp4,PGLYRP4
Msrb3,MSRB3
Lrrc69,LRRC69
Lsm12,LSM12
Pde5a,PDE5A
Slc25a51,SLC25A51
Slc25a51,SLC25A52
Zfp991,ZNF34
Chd3,CHD3
Gna11,GNA11
Nherf2,NHERF2
Snx16,SNX16
Tgfa,TGFA
Ccl27al,CCL27
Sulf1,SULF1
L3mbtl3,L3MBTL3
Ahcyl2,AHCYL2
Cnn3,CNN3
Luc7l,LUC7L
Gpi1,GPI
Sdf4,SDF4
Kdm4d,KDM4D
Exosc9,EXOSC9
Atp1b3,ATP1B3
Ssh1,SSH1
Ypel5,YPEL5
Fdxacb1,FDXACB1
Scml4,SCML4
Hand1,HAND1
Zc3h12c,ZC3H12C
Ncapd3,NCAPD3
Zranb2,ZRANB2
Rab5a,RAB5A
Usp24,USP24
Nme1,NME1
Scarb2,SCARB2
Zdhhc17,ZDHHC17
Abcg8,ABCG8
Mapkapk5,MAPKAPK5
Fkbp10,FKBP10
Cfap221,CFAP221
Kcnip3,KCNIP3
Bnip1,BNIP1
Atg4b,ATG4B
Bcas1,BCAS1
Rad51c,RAD51C
Mgat4c,MGAT4C
Cyp39a1,CYP39A1
Grpel1,GRPEL1
Rps18,RPS18
Cacna2d4,CACNA2D4
Lzts3,LZTS3
Tmem64,TMEM64
Pms2,PMS2
4930524B15Rik,C5orf47
Arhgef10l,ARHGEF10L
Mtln,MTLN
Catsperd,CATSPERD
Mertk,MERTK
Ascl1,ASCL1
Helz,HELZ
2310011J03Rik,C19orf25
Nek11,NEK11
Hace1,HACE1
Trim40,TRIM40
Inha,INHA
Trip12,TRIP12
H2-Eb2,HLA-DRB1
H2-Eb2,HLA-DRB5
Nme4,NME4
Cyp11a1,CYP11A1
Mrpl51,MRPL51
Plcl2,PLCL2
Clstn3,CLSTN3
Car13,CA13
Prkd3,PRKD3
Mrpl24,MRPL24
Bub1,BUB1
Mcoln2,MCOLN2
Rasgrf1,RASGRF1
Vat1,VAT1
Henmt1,HENMT1
Gabbr1,GABBR1
Nrip2,NRIP2
Ttll7,TTLL7
Hnrnpd,HNRNPD
Matcap1,MATCAP1
Aatk,AATK
Rhno1,RHNO1
Lcn6,LCN6
Emx1,EMX1
D630045J12Rik,KIAA1549
Fgfr1,FGFR1
Gm15517,SMIM47
Mboat7,MBOAT7
Icam5,ICAM5
Rsph1,RSPH1
Ttf2,TTF2
Mat2a,MAT2A
Gpsm1,GPSM1
Cnih1,CNIH1
Vill,VILL
Fsd1,FSD1
Fitm1,FITM1
Scube2,SCUBE2
Ppp1r3e,PPP1R3E
Nfatc4,NFATC4
Clec12a,CLEC12A
Ptpn22,PTPN22
Cnbp,CNBP
Zfp488,ZNF488
Bltp1,BLTP1
Rab11b,RAB11B
Tnnt1,TNNT1
Ccl24,CCL24
Zbed5,SCAND3
Nabp1,NABP1
Serp2,SERP2
Bmpr1a,BMPR1A
Il1rl2,IL1RL2
Mcm9,MCM9
Il10ra,IL10RA
Ubtd2,UBTD2
C1ql1,C1QL1
Snx9,SNX9
Fgf18,FGF18
Pdc,PDC
Krt39,KRT39
Slc4a11,SLC4A11
Vwc2l,VWC2L
Ip6k1,IP6K1
9330159F19Rik,KIAA0408
Gtf2i,GTF2I
Atxn7l3,ATXN7L3
Idh1,IDH1
Wnt2,WNT2
Calhm6,CALHM6
Msl3l2,MSL3
Msl3l2,MSL3B
Slmap,SLMAP
Styk1,STYK1
Ppfia2,PPFIA2
Ly6g6f,LY6G6F
Dazl,DAZ4
Dazl,DAZL
Dazl,DAZ1
Dazl,DAZ2
Dazl,DAZ3
Prdm12,PRDM12
Lsm10,LSM10
Dnajc8,DNAJC8
Cenpq,CENPQ
Cat,CAT
Clec4a1,CLEC4A
Zw10,ZW10
1700029H14Rik,C13orf46
Fbxo27,FBXO27
Cct7,CCT7
Cul7,CUL7
Kcnj2,KCNJ2
Col5a2,COL5A2
Kif3a,KIF3A
Cep44,CEP44
Abhd14a,ABHD14A
Sbf2,SBF2
Rfxap,RFXAP
Sh3glb1,SH3GLB1
Or4a74,OR4A16
Lmf1,LMF1
Pde1a,PDE1A
Retreg2,RETREG2
Magoh,MAGOH
Lrrc49,LRRC49
Rfxank,RFXANK
Sec61a2,SEC61A2
Gng10,GNG10
Pou5f1,POU5F1B
Pou5f1,POU5F1
Efcab9,EFCAB9
Slc45a3,SLC45A3
Slc6a9,SLC6A9
Vmn1r17,VN1R5
Chit1,CHIT1
C1rl,C1RL
Slc25a19,SLC25A19
Dyrk4,DYRK4
Apom,APOM
Nudt6,NUDT6
Smg7,SMG7
Dnph1,DNPH1
Gse1,GSE1
Lrrtm1,LRRTM1
Spsb2,SPSB2
Akap8l,AKAP8L
Mrpl53,MRPL53
Smo,SMO
Commd2,COMMD2
Me3,ME3
Nup210l,NUP210L
Or4f15,OR4F15
Alx4,ALX4
Sugp1,SUGP1
Cacfd1,CACFD1
Nsg2,NSG2
Afg2a,AFG2A
Tmem43,TMEM43
Pdk2,PDK2
Azin2,AZIN2
Ifih1,IFIH1
Prss1l,PRSS1
Prss1l,PRSS3
Prss1l,PRSS2
Mgst1,MGST1
Tmpo,TMPO
Foxj2,FOXJ2
Tmem97,TMEM97
Gipc1,GIPC1
Sorbs3,SORBS3
Slc13a4,SLC13A4
Mymk,MYMK
Dnaaf3,DNAAF3
Sirpb1a,SIRPA
Sirpb1a,SIRPB1
Sirpb1a,SIRPG
Sprtn,SPRTN
Nup205,NUP205
Hsd3b7,HSD3B7
Rps6kc1,RPS6KC1
Dennd2d,DENND2D
Rab4a,RAB4A
Fmnl2,FMNL2
Nup88,NUP88
Pbld1,PBLD
Dnajc16,DNAJC16
Sypl2,SYPL2
Dazap1,DAZAP1
Qrfpr,QRFPR
Ooep,OOEP
Shfl,SHFL
Bcl3,BCL3
Cylc2,CYLC2
Adamtsl4,ADAMTSL4
Dll1,DLL1
Slc35d1,SLC35D1
Fcho1,FCHO1
Naa30,NAA30
Mocs1,MOCS1
Or14a260,OR14A2
Syt5,SYT5
Stam2,STAM2
Usp54,USP54
Prdm16,PRDM16
C2cd3,C2CD3
Oaf,OAF
Tmem205,TMEM205
Cd2,CD2
Clec9a,CLEC9A
Shc1,SHC1
Zfp995,ZNF34
Grin2b,GRIN2B
Mre11a,MRE11
Lst1,LST1
Zbtb9,ZBTB9
Yipf3,YIPF3
Btd,BTD
Rbpjl,RBPJL
Irak2,IRAK2
Sh3bp5,SH3BP5
Gstt4,GSTT4
Eprs1,EPRS1
Chp1,CHP1
Dmrtc2,DMRTC2
Zup1,ZUP1
Schip1,SCHIP1
Usp1,USP1
Nucb1,NUCB1
Mrpl14,MRPL14
Ajuba,AJUBA
Rab26,RAB26
Hmgcl,HMGCL
Lama5,LAMA5
Stmn4,STMN4
Pigf,PIGF
Agk,AGK
Pex5l,PEX5L
Opcml,OPCML
Ltb,LTB
Capn11,CAPN11
Amt,AMT
Dynlt2a1,DYNLT2
Rdh1,RDH16
Slc35a1,SLC35A1
Slc39a3,SLC39A3
Slc22a7,SLC22A7
Tln2,TLN2
Dph3,DPH3
Snx3,SNX3
Safb2,SAFB2
Fbxl3,FBXL3
Snap25,SNAP25
Psip1,PSIP1
Pcmt1,PCMT1
Cpb1,CPB1
Ggact,GGACT
Lef1,LEF1
Acin1,ACIN1
Klk5,KLK5
Nek8,NEK8
Psmc4,PSMC4
Neurod6,NEUROD6
Creb5,CREB5
Prdx2,PRDX2
Cdca3,CDCA3
Gstm2,GSTM1
Kbtbd3,KBTBD3
Mpzl3,MPZL3
Psmd12,PSMD12
Gimap5,GIMAP5
Mlh1,MLH1
Vhl,VHLL
Cldn11,CLDN11
Cd53,CD53
Defa43,DEFA4
Defa43,DEFA1
Defa43,DEFA5
Defa43,DEFA1B
Defa43,DEFA6
Defa43,DEFA3
Nat2,NAT2
Nat2,NAT1
Adck2,ADCK2
Gcdh,GCDH
Fabp4,FABP4
Nr2c1,NR2C1
Fanci,FANCI
Ermap,ERMAP
Zfp763,ZNF487
Zfp763,ZNF778
S100a8,S100A8
Shf,SHF
Kcnh8,KCNH8
Scara5,SCARA5
Dennd2c,DENND2C
Prss21,PRSS21
Efcab12,EFCAB12
Necap1,NECAP1
Dpp9,DPP9
Ctdnep1,CTDNEP1
Adam18,ADAM18
Dydc1,DYDC1
Rbm45,RBM45
Lats2,LATS2
Czib,CZIB
Lmod3,LMOD3
Casp2,CASP2
Arl8a,ARL8A
Irgm2,IRGM
Rab3a,RAB3A
Mpo,MPO
Pwp2,PWP2
Tmem182,TMEM182
Dusp13b,DUSP13B
Stra8,STRA8
Vat1l,VAT1L
Defb43,DEFB131A
Defb43,DEFB131B
Gprin2,GPRIN2
Immp1l,IMMP1L
Vxn,VXN
Gprin3,GPRIN3
Dcp1a,DCP1A
Casd1,CASD1
Unc5d,UNC5D
Cdc73,CDC73
C2cd4c,C2CD4C
Polr3c,POLR3C
Mknk2,MKNK2
Kat2a,KAT2A
Or2t1,OR2T1
Rab2b,RAB2B
Emc8,EMC8
Rec114,REC114
Mmp21,MMP21
Cdh19,CDH19
Snapc3,SNAPC3
Dennd2b,DENND2B
Cnot11,CNOT11
Fam240a,FAM240A
Ift88,IFT88
Cdcp1,CDCP1
Plcg2,PLCG2
Dync1li1,DYNC1LI1
Fam178b,FAM178B
Slc7a2,SLC7A2
Tet2,TET2
Myd88,MYD88
Arhgap1,ARHGAP1
Pwwp2b,PWWP2B
Clec3b,CLEC3B
Tagln,TAGLN
Cycs,CYCS
Slc19a1,SLC19A1
Fbxo41,FBXO41
Adamts17,ADAMTS17
Cryab,CRYAB
Frem2,FREM2
Guca2a,GUCA2A
Ell,ELL
Sesn2,SESN2
Mcm3,MCM3
Mrpl19,MRPL19
Bglap3,BGLAP
Arid3b,ARID3B
Nelfe,NELFE
Insyn2a,INSYN2A
Brpf1,BRPF1
Gata4,GATA4
Pramel20,PRAMEF2
Pramel20,PRAMEF18
Pramel20,PRAMEF20
Pramel20,PRAMEF6
Pramel20,PRAMEF8
Pramel20,PRAMEF14
Pramel20,PRAMEF19
Pramel20,PRAMEF27
Pramel20,PRAMEF17
Pramel20,PRAMEF11
Pramel20,PRAMEF1
Pramel20,PRAMEF10
Pramel20,PRAMEF9
Pramel20,PRAMEF15
Pramel20,PRAMEF12
Pramel20,PRAMEF4
Pramel20,PRAMEF26
Pramel20,PRAMEF33
Pramel20,PRAMEF7
Pramel20,PRAMEF5
Pramel20,PRAMEF13
Pramel20,PRAMEF25
Rapgef2,RAPGEF2
Tacc1,TACC1
Dnhd1,DNHD1
Exo5,EXO5
Kcnq4,KCNQ4
Thumpd1,THUMPD1
Phyhip,PHYHIP
Cep131,CEP131
Atp2b1,ATP2B1
Zfp82,ZFP82
Ecsit,ECSIT
Gjb6,GJB6
Mettl14,METTL14
Selenok,SELENOK
Xpr1,XPR1
Trp73,TP73
Mrpl52,MRPL52
Ino80b,INO80B
Adam28,ADAM28
Herpud1,HERPUD1
Rab19,RAB19
Sirt2,SIRT2
Clec2l,CLEC2L
Nav1,NAV1
Cpa3,CPA3
Dctn1,DCTN1
Mthfd1l,MTHFD1L
Ubl7,UBL7
Wdr47,WDR47
Zfp318,ZNF318
C9orf72,C9orf72
Mmp15,MMP15
Psmb9,PSMB9
Enox1,ENOX1
Snx20,SNX20
Cep170,CEP170
Gabarapl2,GABARAPL2
Saraf,SARAF
Atp6v0c,ATP6V0C
Ctcf,CTCF
Kank3,KANK3
Mfn1,MFN1
Esf1,ESF1
Mettl16,METTL16
Enkd1,ENKD1
Il11ra1,IL11RA
Jhy,JHY
Heatr3,HEATR3
Set,SET
Snx1,SNX1
Gm973,KIAA2012
Cenpl,CENPL
Nrtn,NRTN
Def6,DEF6
Dnlz,DNLZ
Gpr161,GPR161
Anp32e,ANP32E
Senp3,SENP3
Mgme1,MGME1
Pigr,PIGR
Cdon,CDON
U2af1,U2AF1
Atic,ATIC
Kxd1,KXD1
Pcsk7,PCSK7
Ccn5,CCN5
Top3a,TOP3A
Astl,ASTL
Cnpy2,CNPY2
Psrc1,PSRC1
Cxcr4,CXCR4
Pfdn2,PFDN2
Rpp21,RPP21
Kin,KIN
Cd55b,CD55
Maco1,MACO1
Vip,VIP
Acbd7,ACBD7
Nhlrc4,NHLRC4
Trak2,TRAK2
Tnnc2,TNNC2
Haao,HAAO
Rtbdn,RTBDN
Ube2d3,UBE2D3
Rsph4a,RSPH4A
Tgfbr3l,TGFBR3L
Fsip1,FSIP1
Mfsd4b4,SLC60A2
Mri1,MRI1
Mfap3,MFAP3
Clcn7,CLCN7
Tle2,TLE2
Mecr,MECR
Cldn7,CLDN7
Apoc4,APOC4
P2rx3,P2RX3
Smcr8,SMCR8
Peg3,PEG3
Fam83g,FAM83G
Ypel2,YPEL2
Proca1,PROCA1
Snx10,SNX10
Msantd5l,MSANTD5
Gadd45gip1,GADD45GIP1
Bbs5,BBS5
Stag1,STAG1
Mtif2,MTIF2
Tom1,TOM1
Phf24,PHF24
Cyp2r1,CYP2R1
Zbtb24,ZBTB24
Rgs16,RGS16
Cdipt,CDIPT
Cdc42bpa,CDC42BPA
Nr1d2,NR1D2
Nop53,NOP53
Dusp26,DUSP26
Uqcr11,UQCR11
Ube2e2,UBE2E2
Zc3h10,ZC3H10
Optn,OPTN
Kdm4a,KDM4A
Cpsf4l,CPSF4L
Amd1,AMD1
Spmip8,SPMIP8
Med21,MED21
Rgmb,RGMB
Wnt5a,WNT5A
Ddx11,DDX11
Tm7sf3,TM7SF3
Cdca2,CDCA2
Marcks,MARCKS
Mfsd4b5,SLC60A2
Cul4a,CUL4A
Dhcr7,DHCR7
Rtkn2,RTKN2
Eml6,EML6
Tle7,TLE7
Efcab14,EFCAB14
Mrpl28,MRPL28
Rbmxl1,RBMXL1
Rbmxl1,RBMX
Clec1b,CLEC1B
Cmtm2b,CMTM2
Adad2,ADAD2
Tmem139,TMEM139
Anks1,ANKS1A
Prss37,PRSS37
Spata4,SPATA4
Ndufs5,NDUFS5
Terf2ip,TERF2IP
Milr1,MILR1
Smyd5,SMYD5
Zfp988,ZNF34
Nudt7,NUDT7
Cda,CDA
Scamp4,SCAMP4
Obp2a,OBP2B
Obp2a,OBP2A
Ephx2,EPHX2
Chac1,CHAC1
Ece1,ECE1
Hnrnpul1,HNRNPUL1
Spag4,SPAG4
Ido1,IDO1
Lama1,LAMA1
Abcb10,ABCB10
Arg1,ARG1
Tmem218,TMEM218
Flt4,FLT4
Sema7a,SEMA7A
Qrsl1,QRSL1
Cabp7,CABP7
Tubb5,TUBB
Lrrc38,ANP32B
Rps25,RPS25
Mpped2,MPPED2
Trnau1ap,TRNAU1AP
Slc6a12,SLC6A12
Aprt,APRT
Igf2r,IGF2R
Zfp90,ZFP90
Pou2af1,POU2AF1
Tipin,TIPIN
Ccdc138,CCDC138
Kcnb1,KCNB1
Fcrl1,FCRL1
Eno3,ENO3
Cep89,CEP89
Slc5a5,SLC5A5
R3hcc1,R3HCC1
Slc27a2,SLC27A2
Tmcc1,TMCC1
Rpl18a,RPL18A
Vamp3,VAMP3
Appl1,APPL1
Pramel13,PRAMEF2
Pramel13,PRAMEF18
Pramel13,PRAMEF20
Pramel13,PRAMEF6
Pramel13,PRAMEF8
Pramel13,PRAMEF14
Pramel13,PRAMEF19
Pramel13,PRAMEF27
Pramel13,PRAMEF17
Pramel13,PRAMEF11
Pramel13,PRAMEF1
Pramel13,PRAMEF10
Pramel13,PRAMEF9
Pramel13,PRAMEF15
Pramel13,PRAMEF12
Pramel13,PRAMEF4
Pramel13,PRAMEF26
Pramel13,PRAMEF33
Pramel13,PRAMEF7
Pramel13,PRAMEF5
Pramel13,PRAMEF13
Pramel13,PRAMEF25
Gtf3a,GTF3A
Lrrc73,LRRC73
Akirin2,AKIRIN2
Smim18,SMIM18
Tmem150a,TMEM150A
Defa3,DEFA4
Defa3,DEFA1
Defa3,DEFA5
Defa3,DEFA1B
Defa3,DEFA6
Defa3,DEFA3
Nfat5,NFAT5
Msantd3,MSANTD3
Necab3,NECAB3
Cep135,CEP135
Fnbp1l,FNBP1L
Zfc3h1,ZFC3H1
Ptcra,PTCRA
Mthfs,MTHFS
Synj2,SYNJ2
Hebp1,HEBP1
Whrn,WHRN
Garin1b,GARIN1B
Cep295,CEP295
Actr3b,ACTR3C
Actr3b,ACTR3B
Magi1,MAGI1
Ntrk1,NTRK1
Mpc2,MPC2
Pou4f2,POU4F2
Gatad2a,GATAD2A
Gtf3c6,GTF3C6
Msh4,MSH4
Cnppd1,CNPPD1
Nalcn,NALCN
Heca,HECA
Slc12a1,SLC12A1
Mrln,MRLN
Scyl2,SCYL2
Apbb1,APBB1
Barhl2,BARHL2
Rpn1,RPN1
Chfr,CHFR
Fmo5,FMO5
Batf3,BATF3
Tmcc3,TMCC3
Sertad4,SERTAD4
Capza1,CAPZA1
Sag,SAG
Nkain2,NKAIN2
Raet1e,RAET1E
Ckap2l,CKAP2L
Mob1a,MOB1A
Pnmt,PNMT
Degs1l,DEGS1
Eloc,ELOC
Serpini1,SERPINI1
Sycp3,SYCP3
Bmp7,BMP7
C1s1,C1S
Tmem210,TMEM210
Rubcnl,RUBCNL
Bcl2l1,BCL2L1
Nav3,NAV3
Coro6,CORO6
Cplx3,CPLX3
Rnf31,RNF31
Dhx30,DHX30
Eva1a,EVA1A
Gucy1b1,GUCY1B1
Mtg2,MTG2
Plekhm2,PLEKHM2
Nenf,NENF
Tafa4,TAFA4
Unc5b,UNC5B
Prss56,PRSS56
Kcnd3,KCND3
Golt1b,GOLT1B
Crisp1,CRISP3
Slamf9,SLAMF9
Fezf1,FEZF1
Rbis,RBIS
Iars2,IARS2
Chchd4,CHCHD4
Zfp777,ZNF777
Tmprss9,TMPRSS9
Med12l,MED12L
Nrf1,NRF1
Macroh2a2,MACROH2A2
Rps24,RPS24
Sohlh1,SOHLH1
Arl1,ARL1
Ciz1,CIZ1
Abtb3,ABTB3
Baiap3,BAIAP3
Ccnl1,CCNL1
Slc4a7,SLC4A7
Gpr139,GPR139
Ntrk3,NTRK3
Vwa7,VWA7
Misp3,MISP3
Vegfc,VEGFC
Cfd,CFD
Msl2,MSL2
Ankrd10,ANKRD10
Cenatac,CENATAC
Spic,SPIC
Stk11ip,STK11IP
Plin2,PLIN2
Dhps,DHPS
Pomt1,POMT1
B4galnt1,B4GALNT1
Supt20,SUPT20H
Marchf2,MARCHF2
Gypa,GYPA
Gypa,GYPE
Gypa,GYPB
Tmem51,TMEM51
Cad,CAD
Oscar,OSCAR
Zfp981,ZNF34
Or10j3,OR10J3
Uqcr10,UQCR10
Phkb,PHKB
Mrpl30,MRPL30
Slco3a1,SLCO3A1
Ubxn11,UBXN11
Bhlhe41,BHLHE41
Poldip2,POLDIP2
Smco2,SMCO2
Foxred1,FOXRED1
C1ql2,C1QL2
Catspere1,CATSPERE
Ccser1,CCSER1
Ciao1,CIAO1
Ppil3,PPIL3
Acss3,ACSS3
Ubxn6,UBXN6
Uvrag,UVRAG
BC049715,C12orf60
Prrt3,PRRT3
Hacd1,HACD1
Thsd7a,THSD7A
Alox15,ALOX15
Gal3st1,GAL3ST1
Adamtsl5,ADAMTSL5
Zcchc10,ZCCHC10
C3ar1,C3AR1
Aicda,AICDA
Abo,ABO
Reg3d,REG1B
Aasdh,AASDH
Stx8,STX8
Zfp612,ZNF23
Itprid1,ITPRID1
Lrp6,LRP6
Tti2,TTI2
Tcp11,TCP11
Dennd11,DENND11
Zswim9,ZSWIM9
Thap3,THAP3
Kyat1,KYAT1
Hook1,HOOK1
Ncoa2,NCOA2
Lig3,LIG3
Irx6,IRX6
Gpd1l,GPD1L
Hibadh,HIBADH
Rex1bd,REX1BD
Fxyd3,FXYD3
Htt,HTT
Ftcd,FTCD
Angptl8,ANGPTL8
Kcnk12,KCNK12
Asf1b,ASF1B
Mcfd2,MCFD2
Trim43b,TRIM43
Trim43b,TRIM43B
Bcl2a1d,BCL2A1
Triml1,TRIML1
Eps8,EPS8
Kif23,KIF23
Cnot7,CNOT7
Actr6,ACTR6
Igsf23,IGSF23
Khnyn,KHNYN
Kcnj14,KCNJ14
Nlrp4b,NLRP4
Ctf1,CTF1
Mterf2,MTERF2
Nup62,NUP62
Gas2l3,GAS2L3
Tmem86a,TMEM86A
Pls1,PLS1
Pacsin1,PACSIN1
Garin5a,GARIN5A
Ltb4r2,LTB4R2
Hbs1l,HBS1L
Sugt1,SUGT1
Zscan22,ZSCAN22
Fbxo8,FBXO8
Glrx2,GLRX2
Prkcb,PRKCB
Ireb2,IREB2
Rhof,RHOF
4931414P19Rik,C14orf93
Rbm38,RBM38
Kctd10,KCTD10
Padi1,PADI1
Hdlbp,HDLBP
Erich6b,ERICH6B
Cenps,CENPS
Trim35,TRIM35
Dync2h1,DYNC2H1
Pcyox1,PCYOX1
Wdr83,WDR83
Pop5,POP5
Snx30,SNX30
Vdac2,VDAC2
Efnb3,EFNB3
Ccdc60,CCDC60
Zc3h12a,ZC3H12A
Wwc1,WWC1
Ints8,INTS8
Cabp1,CABP1
Zfp141,ZNF775
Cbfa2t3,CBFA2T3
Pcf11,PCF11
Slc8b1,SLC8B1
Ccl17,CCL17
Defa41,DEFA4
Defa41,DEFA1
Defa41,DEFA5
Defa41,DEFA1B
Defa41,DEFA6
Defa41,DEFA3
Gpat4,GPAT4
Asphd1,ASPHD1
Clns1a,CLNS1A
Ptgr1,PTGR1
Ica1,ICA1
Ctsc,CTSC
Spag8,SPAG8
Ccdc27,CCDC27
Sult2a1,SULT2A1
Rmdn1,RMDN1
Galnt7,GALNT7
Drd4,DRD4
Dennd6a,DENND6A
Cd79a,CD79A
Nptx1,NPTX1
Zfp583,ZNF583
Wipi1,WIPI1
Chrdl2,CHRDL2
Aif1,AIF1
Sptan1,SPTAN1
Chd9,CHD9
Gga2,GGA2
Tesk1,TESK1
Csk,CSK
Nudt4,NUDT4
Nudt4,NUDT4B
Dcn,DCN
Lin28a,LIN28A
Anp32b,ANP32B
Mydgf,MYDGF
Plod3,PLOD3
Git1,GIT1
Kat2b,KAT2B
Tektl1,TEKTL1
Anks1b,ANKS1B
Vps13d,VPS13D
Vmn1r8,VN1R5
Cand2,CAND2
Neto2,NETO2
Ppme1,PPME1
Ptn,PTN
Fkbpl,FKBPL
Calm2,CALM2
Tex261,TEX261
Rpl3l,RPL3L
Asb5,ASB5
Cdk14,CDK14
Fabp6,FABP6
Tekt2,TEKT2
Fgl1,FGL1
Elovl4,ELOVL4
Cyb5d1,CYB5D1
H2-DMb2,HLA-DMB
Mei4,MEI4
Dctd,DCTD
Ipo13,IPO13
Slc16a3,SLC16A3
Pcdh8,PCDH8
Fbxl22,FBXL22
Trpv4,TRPV4
Qrich1,QRICH1
Sftpa1,SFTPA1
Sftpa1,SFTPA2
Ogg1,OGG1
Btbd2,BTBD2
Cuta,CUTA
Syt15,SYT15
Syt15,SYT15B
Klk1b4,KLK1
Wee1,WEE1
Irf2,IRF2
Chdh,CHDH
Gimap1,GIMAP1
Akap3,AKAP3
Shkbp1,SHKBP1
Ptk2b,PTK2B
Hpgds,HPGDS
Rab40b,RAB40B
Hoxa1,HOXA1
Hrh1,HRH1
Stat2,STAT2
Memo1,MEMO1
Trim56,TRIM56
Avl9,AVL9
Pcolce,PCOLCE
Kbtbd11,KBTBD11
Tsnaxip1,TSNAXIP1
Strada,STRADA
Tuba3a,TUBA3C
Cpne7,CPNE7
Stambp,STAMBP
Pde8a,PDE8A
Evc,EVC
Nfu1,NFU1
Yju2,YJU2
Hnrnpm,HNRNPM
Rai1,RAI1
Camk2n1,CAMK2N1
Wdr6,WDR6
Adgrb2,ADGRB2
Hyal3,HYAL3
Peak1,PEAK1
Brip1,BRIP1
Tedc2,TEDC2
D930020B18Rik,C12orf56
Clgn,CLGN
Stt3a,STT3A
Ino80e,INO80E
Timeless,TIMELESS
Cep41,CEP41
Atf3,ATF3
Tgif1,TGIF1
Dmtf1,DMTF1
Smarcal1,SMARCAL1
Ap3m2,AP3M2
Dhx8,DHX8
Crim1,CRIM1
Wdr11,WDR11
Plin5,PLIN5
Mtus1,MTUS1
Lrrn1,LRRN1
Ints13,INTS13
Sult2a2,SULT2A1
Ssc5d,SSC5D
Zpbp2,ZPBP2
Mark4,MARK4
Dynlt1f,DYNLT1
Adamts9,ADAMTS9
Zfp414,ZNF414
Ranbp10,RANBP10
Gtf2f1,GTF2F1
Kdm5b,KDM5B
Chchd3,CHCHD3
Gtf2h1,GTF2H1
Pdp2,PDP2
Acsf3,ACSF3
Shroom1,SHROOM1
Tbc1d24,TBC1D24
Casp14,CASP14
Slc46a1,SLC46A1
Fzd3,FZD3
Npy1r,NPY1R
Hsf2,HSF2
Inpp5j,INPP5J
Cyp1a2,CYP1A2
Gpr180,GPR180
Arhgef7,ARHGEF7
Tmem190,TMEM190
Cacna2d2,CACNA2D2
Ifitm2,IFITM1
Ifitm2,IFITM2
Ifitm2,IFITM3
Chst15,CHST15
Atcay,ATCAY
Bysl,BYSL
Plin4,PLIN4
C5ar2,C5AR2
Ttyh2,TTYH2
Mettl3,METTL3
Bccip,BCCIP
Trem2,TREM2
Try5,PRSS1
Try5,PRSS3
Try5,PRSS2
Pah,PAH
Rp1,RP1
Ergic2,ERGIC2
Pkdcc,PKDCC
Stx1b,STX1B
Crispld1,CRISPLD1
Phf19,PHF19
Pex12,PEX12
Vsir,VSIR
Vkorc1,VKORC1
Tbc1d22b,TBC1D22B
Kctd18,KCTD18
Rhov,RHOV
Usp22,USP22
Tulp2,TULP2
Prr5l,PRR5L
Pcdh15,PCDH15
Stoml3,STOML3
Ntng1,NTNG1
Nek4,NEK4
Lbh,LBH
Ramp2,VPS25
Trp53bp2,TP53BP2
Shd,SHD
Gbp2,GBP2
Jup,JUP
Asnsd1,ASNSD1
Pgrmc2,PGRMC2
S100a11,S100A11
Ndc80,NDC80
Pkn2,PKN2
Zdhhc5,ZDHHC5
Armc7,ARMC7
Cdc42ep4,CDC42EP4
Rab17,RAB17
Hacl1,HACL1
Stpg4,STPG4
Atg16l1,ATG16L1
1810010H24Rik,C17orf58
Ticrr,TICRR
Vcf1,VCF2
Rab1a,RAB1A
Nthl1,NTHL1
Stam,STAM
Tmem132e,TMEM132E
Taf1d,TAF1D
Scube3,SCUBE3
Pafah1b3,PAFAH1B3
Emcn,EMCN
Ggnbp2,GGNBP2
Phox2a,PHOX2A
Adam2,ADAM2
Slc9a5,SLC9A5
Snrnp70,SNRNP70
Cacna1d,CACNA1D
Rbm46,RBM46
Smim12,SMIM12
Rab25,RAB25
Plekhg5,PLEKHG5
Slitrk3,SLITRK3
Fabp9,FABP9
Dpep1,DPEP1
Arhgap28,ARHGAP28
Mindy1,MINDY1
Dppa3,DPPA3
Slc6a6,SLC6A6
Ogfod1,OGFOD1
Lsmem2,LSMEM2
Stap2,STAP2
Oxsr1,OXSR1
Trim30d,TRIM5
Tmem120a,TMEM120A
Taf13,TAF13
Sik1,SIK1
Abcc8,ABCC8
Them4,THEM4
Atf2,ATF2
Mtx1,MTX1
Colgalt1,COLGALT1
Mtcl1,MTCL1
Nos1,NOS1
Senp8,SENP8
Cmtm7,CMTM7
Ap4b1,AP4B1
Ccdc124,CCDC124
Hexa,HEXA
Adgrg5,ADGRG5
Wdr91,WDR91
Cnep1r1,CNEP1R1
Csde1,CSDE1
Aldh4a1,ALDH4A1
Zfp12,ZNF12
Il27,IL27
Prcp,PRCP
Cit,CIT
Thnsl2,THNSL2
Atp6v1e2,ATP6V1E2
Ppt2,PPT2
Zfp319,ZNF319
Zfp462,ZNF462
Zfp791,ZNF791
Polr2i,POLR2I
Wee2,WEE2
Phlpp2,PHLPP2
Mob3c,MOB3C
Met,MET
Slc37a2,SLC37A2
Xab2,XAB2
CK137956,C1orf94
Cyp2j13,CYP2J2
Kcna7,KCNA7
Hspbp1,HSPBP1
Pdlim2,PDLIM2
Bpnt2,BPNT2
Gapdh,GAPDH
Tsen15,TSEN15
Map3k19,MAP3K19
Pcbp1,PCBP1
Fgf9,FGF9
Lrrc23,LRRC23
Fbxo44,FBXO44
Mettl6,METTL6
Saa2,SAA1
Saa2,SAA2
Arhgap27,ARHGAP27
Psen2,PSEN2
Sdhaf3,SDHAF3
2310022A10Rik,C19orf47
Pxylp1,PXYLP1
Tgoln1,TGOLN2
Micos13,MICOS13
Ybx3,YBX3
Slc37a1,SLC37A1
Osbpl7,OSBPL7
Slc4a2,SLC4A2
Tmem255b,TMEM255B
Mbnl2,MBNL2
Capn10,CAPN10
Cfap68,CFAP68
Dcaf15,DCAF15
Ppcdc,PPCDC
Dysf,DYSF
Gria1,GRIA1
Acsl1,ACSL1
Kctd20,KCTD20
Sec16b,SEC16B
Alg8,ALG8
Pramel17,PRAMEF2
Pramel17,PRAMEF18
Pramel17,PRAMEF20
Pramel17,PRAMEF6
Pramel17,PRAMEF8
Pramel17,PRAMEF14
Pramel17,PRAMEF19
Pramel17,PRAMEF27
Pramel17,PRAMEF17
Pramel17,PRAMEF11
Pramel17,PRAMEF1
Pramel17,PRAMEF10
Pramel17,PRAMEF9
Pramel17,PRAMEF15
Pramel17,PRAMEF12
Pramel17,PRAMEF4
Pramel17,PRAMEF26
Pramel17,PRAMEF33
Pramel17,PRAMEF7
Pramel17,PRAMEF5
Pramel17,PRAMEF13
Pramel17,PRAMEF25
Ccnc,CCNC
Taf1a,TAF1A
Gdpd3,GDPD3
Ostc,OSTC
Gpatch11,GPATCH11
Dnajb13,DNAJB13
Psmb4,PSMB4
Tmem160,TMEM160
Pde7a,PDE7A
Hnrnpl,HNRNPL
Cnih4,CNIH4
Tcp1,TCP1
Fpgs,FPGS
Nmnat3,NMNAT3
Drgx,DRGX
Uck2,UCK2
Cfap20dc,CFAP20DC
Tmx4,TMX4
Lin9,LIN9
Sema3f,SEMA3F
AA467197,COXFA4L3
Sct,SCT
Tmem80,TMEM80
Mphosph6,MPHOSPH6
Gnai3,GNAI3
Tnfrsf18,TNFRSF18
Tpm4,TPM4
Fus,FUS
Insig2,INSIG2
Tfdp2,TFDP2
Rnf183,RNF183
Dcaf11,DCAF11
Ebna1bp2,EBNA1BP2
Defa39,DEFA4
Defa39,DEFA1
Defa39,DEFA5
Defa39,DEFA1B
Defa39,DEFA6
Defa39,DEFA3
Trim61,TRIM61
Tmem208,TMEM208
Vav3,VAV3
Ckap5,CKAP5
Chrne,CHRNE
Sp110,SP110
Szrd1,SZRD1
Mdfi,MDFI
Sh3bp5l,SH3BP5L
Tmem184a,TMEM184A
Bloc1s3,BLOC1S3
Npr2,NPR2
Pstk,PSTK
Tmem217b,TMEM217B
Rfx1,RFX1
Ndufa11,NDUFA11
Gusb,GUSB
Ngef,NGEF
Bnc1,BNC1
Zfp946,ZNF34
Icam2,ICAM2
Smim40,SMIM40
Ltbp4,LTBP4
Oard1,OARD1
Ces2a,CES2
Mfsd14a,SLC71A1
Med24,MED24
Erc1,ERC1
Slc22a3,SLC22A3
Ywhag,YWHAG
Ing2,ING2
2210017I01Rik,LCE7A
Ptbp2,PTBP2
Zcchc4,ZCCHC4
Ddx60,DDX60
Cdkn1a,CDKN1A
Sgo1,SGO1
Mfn2,MFN2
Klhdc4,KLHDC4
Gnl1,GNL1
Hsd3b4,HSD3B1
Hsd3b4,HSD3B2
Ctss,CTSS
Rprd2,RPRD2
Polr2b,POLR2B
Cmip,CMIP
Nmd3,NMD3
Dus3l,DUS3L
Tns1,TNS1
Tubb4b,TUBB4B
Ctnna2,CTNNA2
Nfatc2,NFATC2
Slc35f4,SLC35F4
Slc29a4,SLC29A4
Ang,ANG
Slitrk6,SLITRK6
Arhgef18,ARHGEF18
Cav3,CAV3
Nisch,NISCH
Cpvl,CPVL
Stoml1,STOML1
Ccn1,CCN1
Npl,NPL
Ptpn6,PTPN6
Bnip5,BNIP5
Armc10,ARMC10
Lrrc40,LRRC40
Ddr1,DDR1
Man1b1,MAN1B1
Col6a5,COL6A5
Syce2,SYCE2
Ephx1,EPHX1
Kcnk3,KCNK3
Ei24,EI24
Rnf122,RNF122
Zfp512,ZNF512
Ctc1,CTC1
Chtf8,CHTF8
Hyal5,SPAM1
Gab1,GAB1
Akr1b7,AKR1B10
Ptprc,PTPRC
Or4b1,OR4B1
Tnks,TNKS
Kcns1,KCNS1
Cst7,CST7
Uso1,USO1
Mmadhc,MMADHC
Zfp239,ZNF239
Nlrp4c,NLRP4
Kcna2,KCNA2
Clec12b,CLEC12B
Fcsk,FCSK
Wdr77,WDR77
Spmip4,SPMIP4
Katnip,KATNIP
Ano3,ANO3
Pigyl,PIGY
Susd5,SUSD5
Pstpip1,PSTPIP1
Vps50,VPS50
Ralb,RALB
Fez1,FEZ1
Xirp2,XIRP2
Atp6v1g3,ATP6V1G3
Crygc,CRYGC
Nufip1,NUFIP1
R3hdm1,R3HDM1
Vps72,VPS72
Zfp110,ZNF274
Saysd1,SAYSD1
Gyg1,GYG1
Lgi4,LGI4
Decr2,DECR2
Tmod4,TMOD4
Ucma,UCMA
Isoc2a,ISOC2
Disc1,DISC1
Mapk1ip1,MAPK1IP1L
Depdc7,DEPDC7
Scnn1g,SCNN1G
Tenm4,TENM4
Usp50,USP50
Fbxo25,FBXO25
Pigbos1,PIGBOS1
Jam3,JAM3
Mrpl41,MRPL41
Rhbdl1,RHBDL1
Poglut2,POGLUT2
Ap4e1,AP4E1
Lrg1,LRG1
Tyk2,TYK2
Or5v1b,OR5V1
Abcb8,ABCB8
Hook3,HOOK3
Saa1,SAA1
Saa1,SAA2
D3Ertd751e,C4orf33
Ceacam3,PSG3
Ceacam3,PSG8
Ceacam3,CEACAM7
Ceacam3,PSG11
Ceacam3,PSG6
Ceacam3,PSG5
Ceacam3,CEACAM3
Ceacam3,CEACAM1
Ceacam3,PSG1
Ceacam3,PSG2
Ceacam3,PSG4
Ceacam3,PSG7
Ceacam3,CEACAM6
Ceacam3,CEACAM8
Ceacam3,PSG9
Ceacam3,CEACAM5
Sirt4,SIRT4
Cracdl,CRACDL
Crx,CRX
Prdm4,PRDM4
Chst4,CHST4
Cyp2a5,CYP2A13
Cyp2a5,CYP2A6
Cyp2a5,CYP2A7
Lig4,LIG4
Zscan21,ZSCAN21
Mcemp1,MCEMP1
Spc25,SPC25
Tma16,TMA16
Zfp296,ZNF296
P4ha3,P4HA3
Tctn1,TCTN1
Bcl11a,BCL11A
Arhgef17,ARHGEF17
Ubqln4,UBQLN4
Mrps9,MRPS9
Mak16,MAK16
Sirt7,SIRT7
Atp8b4,ATP8B4
Slc7a1,SLC7A1
Nudt21,NUDT21
Igf2,IGF2
Metap2,METAP2
Cmtr2,CMTR2
Dlgap2,DLGAP2
Wnt11,WNT11
Pate2,PATE2
Dpp10,DPP10
Scpppq1,SCPPPQ1
Tle3,TLE3
Cry2,CRY2
Sart3,SART3
Sec23ip,SEC23IP
Sema4a,SEMA4A
Cyld,CYLD
Gps2,GPS2
Htra2,HTRA2
Or51b6,OR51B6
Spint2,SPINT2
Mettl13,METTL13
Ncaph,NCAPH
Ccdc103,DNAAF19
Stox1,STOX1
Cct2,CCT2
Mgam,MGAM
Ppp1r12b,PPP1R12B
Zfp644,ZNF644
Rnf40,RNF40
Derl2,DERL2
Park7,PARK7
Foxp2,FOXP2
Cnbd2,CNBD2
Dars2,DARS2
Tmem95,TMEM95
Mief2,MIEF2
Grk3,GRK3
Dip2a,DIP2A
Trub2,TRUB2
Tdrd12,TDRD12
Trim63,TRIM63
Itgb4,ITGB4
Srm,SRM
Arcn1,ARCN1
Tmem8b,TMEM8B
Ccdc77,CCDC77
Cort,CORT
Olfm3,OLFM3
Lpar1,LPAR1
Nop10,NOP10
Ptprr,PTPRR
Fam219b,FAM219B
Mybpc2,MYBPC2
Ncl,NCL
Ppp1cc,PPP1CC
Entrep3,ENTREP3
Snx14,SNX14
Nr5a1,NR5A1
Erp29,ERP29
Setd5,SETD5
Haus8,HAUS8
Spart,SPART
Ndufb3,NDUFB3
Stpg1,STPG1
Hip1,HIP1
Chpt1,CHPT1
Rer1,RER1
Ttll4,TTLL4
Dusp15,DUSP15
Cxcl16,CXCL16
Cep295nl,CEP295NL
Cyb5b,CYB5B
Adap2,ADAP2
Zbtb26,ZBTB26
Ccdc93,CCDC93
Slc2a8,SLC2A8
Cox10,COX10
Palm3,PALM3
Ift172,IFT172
Tspan9,TSPAN9
Wrn,WRN
Pla2g2c,PLA2G2C
Chrnb2,CHRNB2
P2rx5,P2RX5
Focad,FOCAD
Lysmd1,LYSMD1
Ap1ar,AP1AR
Cd27,CD27
Neurod1,NEUROD1
Cracr2a,CRACR2A
Cdk9,CDK9
Il7,IL7
Ptprn,PTPRN
Mt3,MT3
Gpsm2,GPSM2
Primpol,PRIMPOL
A2m,A2M
Poc1b,POC1B
Cst9,CST9L
Lysmd2,LYSMD2
Tmem225,TMEM225
Lgr4,LGR4
Sec61a1,SEC61A1
Twf2,TWF2
Gstcd,GSTCD
Esyt1,ESYT1
Zp3,ZP3
Zp3,POMZP3
Copg1,COPG1
Cir1,CIRSR
Abcc6,ABCC6
Pxn,PXN
Chil6,CHIA
Mprip,MPRIP
Slco5a1,SLCO5A1
Clk2,CLK2
Wfdc10,WFDC10A
Pgr,PGR
Gpr26,GPR26
Ceacam10,PSG3
Ceacam10,PSG8
Ceacam10,CEACAM7
Ceacam10,PSG11
Ceacam10,PSG6
Ceacam10,PSG5
Ceacam10,CEACAM3
Ceacam10,CEACAM1
Ceacam10,PSG1
Ceacam10,PSG2
Ceacam10,PSG4
Ceacam10,PSG7
Ceacam10,CEACAM6
Ceacam10,CEACAM8
Ceacam10,PSG9
Ceacam10,CEACAM5
BC005624,C9orf78
Atp2b4,ATP2B4
Egln2,EGLN2
Scrg1,SCRG1
Tiparp,TIPARP
Hsf4,HSF4
Hmgcs2,HMGCS2
Adgrl4,ADGRL4
Tmem42,TMEM42
Zbtb32,ZBTB32
Ppp1r12a,PPP1R12A
Prdm10,PRDM10
Tent5b,TENT5B
Trib3,TRIB3
Gm12790,PRAMEF2
Gm12790,PRAMEF18
Gm12790,PRAMEF20
Gm12790,PRAMEF6
Gm12790,PRAMEF8
Gm12790,PRAMEF14
Gm12790,PRAMEF19
Gm12790,PRAMEF27
Gm12790,PRAMEF17
Gm12790,PRAMEF11
Gm12790,PRAMEF1
Gm12790,PRAMEF10
Gm12790,PRAMEF9
Gm12790,PRAMEF15
Gm12790,PRAMEF12
Gm12790,PRAMEF4
Gm12790,PRAMEF26
Gm12790,PRAMEF33
Gm12790,PRAMEF7
Gm12790,PRAMEF5
Gm12790,PRAMEF13
Gm12790,PRAMEF25
Tsg101,TSG101
Chd5,CHD5
Trim55,TRIM55
Gpr52,GPR52
Rab3gap1,RAB3GAP1
Ppa2,PPA2
Mettl8,METTL8
Prpf4,PRPF4
Igdcc4,IGDCC4
Defa42,DEFA4
Defa42,DEFA1
Defa42,DEFA5
Defa42,DEFA1B
Defa42,DEFA6
Defa42,DEFA3
Nacc1,NACC1
1700028K03Rik,C1orf146
Zfp764l1,ZNF764
Zfp764l1,ZNF747
Cfap276,CFAP276
Ifitm1,IFITM1
Ifitm1,IFITM2
Ifitm1,IFITM3
Lsm4,LSM4
Klhl5,KLHL5
Pvr,PVR
Meaf6,MEAF6
Tpd52,TPD52
Med16,MED16
Cbln1,CBLN1
Cend1,CEND1
Cdh1,CDH1
Klhl35,KLHL35
Nsmce1,NSMCE1
Tek,TEK
Sh3rf1,SH3RF1
Lin7c,LIN7C
Ccdc136,CCDC136
Psmd7,PSMD7
Ppp1r13l,PPP1R13L
Pla2g4e,PLA2G4E
Tmem89,TMEM89
Larp6,LARP6
Nek3,NEK3
E2f8,E2F8
Tmie,TMIE
Slc30a9,SLC30A9
Spryd4,SPRYD4
Map9,MAP9
Edc3,EDC3
Gdpgp1,GDPGP1
Rnpepl1,RNPEPL1
Fosb,FOSB
Epm2aip1,EPM2AIP1
Palld,PALLD
Mras,MRAS
Htr6,HTR6
Gnb1,GNB1
Med25,MED25
Rbm15,RBM15
Ift80,IFT80
Ccdc190,CCDC190
Serpinb7,SERPINB7
Lingo1,LINGO1
Camk1g,CAMK1G
Tm9sf4,TM9SF4
Lyzl4,LYZL4
Snrk,SNRK
Steap3,STEAP3
Mettl21c,METTL21C
Or6b3,OR6B2
Or6b3,OR6B3
Inhbb,INHBB
C2cd6,CATSPERT
Hapln2,HAPLN2
Slc12a3,SLC12A3
Casp8,CASP8
Mgst2,MGST2
Cd209g,CLEC4M
Pigk,PIGK
Ist1,IST1
Igsf8,IGSF8
Ddr2,DDR2
Il27ra,IL27RA
Tdrd5,TDRD5
Tmem231,TMEM231
Col5a1,COL5A1
Arhgap29,ARHGAP29
Rgs2,RGS2
Aga,AGA
Cckar,CCKAR
Cspp1,CSPP1
Tmem123,TMEM123
Tmem243,TMEM243
Helz2,HELZ2
Pdgfd,PDGFD
Ankrd61,ANKRD61
Msi1,MSI1
Irf2bp2,IRF2BP2
Vps9d1,VPS9D1
Snx21,SNX21
Fbln7,FBLN7
Rbpms2,RBPMS2
Zfp606,ZNF606
Stag3,STAG3
Pip5k1a,PIP5K1A
Dtwd1,DTWD1
Fancg,FANCG
Rag2,RAG2
Gm14288,ZNF487
Gm14288,ZNF778
Trim54,TRIM54
Prss35,PRSS35
Fbxo17,FBXO17
Cd109,CD109
Or13c25,OR13C8
Hspa14,HSPA14
Chchd7,CHCHD7
Zfp772,ZNF892
Tomm40,TOMM40
Tmem165,TMEM165
Tmem144,TMEM144
Zbtb16,ZBTB16
Grid2ip,GRID2IP
Rad54b,RAD54B
Cd3d,CD3D
Nap1l4,NAP1L4
Tgfbr2,TGFBR2
Plscr2,PLSCR1
Sun1,SUN1
Mrpl47,MRPL47
Mylk3,MYLK3
Bloc1s6,BLOC1S6
Gask1a,GASK1A
Polr1e,POLR1E
Bglap2,BGLAP
Zbbx,ZBBX
Tirap,TIRAP
Rc3h2,RC3H2
Mcl1,MCL1
Fzd7,FZD7
Fbxo36,FBXO36
Ptgfr,PTGFR
Erich3,ERICH3
Ptgs2,PTGS2
Nrgn,NRGN
Aunip,AUNIP
Tmem79,TMEM79
Otud3,OTUD3
Zfp558,ZNF558
Csrp1,CSRP1
Elovl6,ELOVL6
Stil,STIL
Zdbf2,ZDBF2
I830077J02Rik,C1orf162
Sys1,SYS1
Dixdc1,DIXDC1
Actr3,ACTR3
Aktip,AKTIP
Lrrc34,LRRC34
Ino80,INO80
Ifnlr1,IFNLR1
Lyn,LYN
Igsf10,IGSF10
Slc27a3,SLC27A3
Cfap61,CFAP61
Eef1b2,EEF1B2
4933434E20Rik,LTAP1
Kdsr,KDSR
Calb1,CALB1
Dcaf17,DCAF17
Icam4,ICAM4
Farp2,FARP2
Cib1,CIB1
Tmem234,TMEM234
Proz,PROZ
Fam124b,FAM124B
Tmem131,TMEM131
Pcp2,PCP2
Tmem38a,TMEM38A
Hirip3,HIRIP3
Zfp646,ZNF646
Zfp607a,ZNF780A
Bckdha,BCKDHA
Syce1l,SYCE1L
Man2c1,MAN2C1
B9d2,B9D2
Tox2,TOX2
Ccdc115,VMA22
Runx3,RUNX3
B3gnt9,B3GNT9
Numa1,NUMA1
Cdt1,CDT1
Xpa,XPA
Fastkd2,FASTKD2
Socs7,SOCS7
Arid1a,ARID1A
Pard6a,PARD6A
Pdlim4,PDLIM4
Rif1,RIF1
Star,STAR
Ptrh2,PTRH2
Afmid,AFMID
Scg2,SCG2
Spta1,SPTA1
Rhou,RHOU
Nipal3,NIPAL3
Zfp867,ZNF878
Clec4g,CLEC4G
Ankrd40cl,ANKRD40CL
Pno1,PNO1
Pdcl3,PDCL3
Gdf15,GDF15
Tspan4,TSPAN4
Fam89a,FAM89A
Triml2,TRIML2
Dsel,DSEL
Drc3,DRC3
Tmem177,TMEM177
Esrp1,ESRP1
Paqr8,PAQR8
Nomo1,NOMO2
Nomo1,NOMO3
Nomo1,NOMO1
Dner,DNER
St3gal2,ST3GAL2
Phc2,PHC2
Neurod2,NEUROD2
Jph3,JPH3
Tmem184c,TMEM184C
Stpg3,STPG3
4933405L10Rik,C16orf86
Kif1a,KIF1A
Ezh1,EZH1
Ushbp1,USHBP1
Trp53inp1,TP53INP1
Smpdl3b,SMPDL3B
Cyp4f18,CYP4F3
Urod,UROD
Marveld3,MARVELD3
Maf,MAF
Kifc3,KIFC3
Raver2,RAVER2
Siglecf,CD33
Siglecf,SIGLEC6
Fnbp1,FNBP1
Dph2,DPH2
Serpinh1,SERPINH1
Skor1,SKOR1
Anks6,ANKS6
Abhd5,ABHD5
Prr14,PRR14
Clasp2,CLASP2
Rc3h1,RC3H1
Btf3l4,BTF3L4
Pdcd5,PDCD5
Chsy1,CHSY1
Lipe,LIPE
Lamc2,LAMC2
Nr0b2,NR0B2
Lck,LCK
Inpp5f,INPP5F
Kifap3,KIFAP3
Kdm1a,KDM1A
Mindy2,MINDY2
Fbrs,FBRS
Mapt,MAPT
Tsc22d4,TSC22D4
Grin2d,GRIN2D
Man2b2,MAN2B2
Tmem266,TMEM266
Gm5901,C11orf42
Gatd1,GATD1
Cyp20a1,CYP20A1
Ankrd49,ANKRD49
Igfbpl1,IGFBPL1
Rab8b,RAB8B
Caap1,CAAP1
Epo,EPO
Spib,SPIB
Timm29,TIMM29
Cox19,COX19
Neo1,NEO1
Mob3b,MOB3B
Ifitm5,IFITM5
C130073F10Rik,PRAMEF2
C130073F10Rik,PRAMEF18
C130073F10Rik,PRAMEF20
C130073F10Rik,PRAMEF6
C130073F10Rik,PRAMEF8
C130073F10Rik,PRAMEF14
C130073F10Rik,PRAMEF19
C130073F10Rik,PRAMEF27
C130073F10Rik,PRAMEF17
C130073F10Rik,PRAMEF11
C130073F10Rik,PRAMEF1
C130073F10Rik,PRAMEF10
C130073F10Rik,PRAMEF9
C130073F10Rik,PRAMEF15
C130073F10Rik,PRAMEF12
C130073F10Rik,PRAMEF4
C130073F10Rik,PRAMEF26
C130073F10Rik,PRAMEF33
C130073F10Rik,PRAMEF7
C130073F10Rik,PRAMEF5
C130073F10Rik,PRAMEF13
C130073F10Rik,PRAMEF25
Myh14,MYH14
Cacna1s,CACNA1S
Mllt3,MLLT3
Orai2,ORAI2
Csn1s1,CSN1S1
Cga,CGA
Pramel14,PRAMEF2
Pramel14,PRAMEF18
Pramel14,PRAMEF20
Pramel14,PRAMEF6
Pramel14,PRAMEF8
Pramel14,PRAMEF14
Pramel14,PRAMEF19
Pramel14,PRAMEF27
Pramel14,PRAMEF17
Pramel14,PRAMEF11
Pramel14,PRAMEF1
Pramel14,PRAMEF10
Pramel14,PRAMEF9
Pramel14,PRAMEF15
Pramel14,PRAMEF12
Pramel14,PRAMEF4
Pramel14,PRAMEF26
Pramel14,PRAMEF33
Pramel14,PRAMEF7
Pramel14,PRAMEF5
Pramel14,PRAMEF13
Pramel14,PRAMEF25
Tnfrsf1b,TNFRSF1B
Ctsa,CTSA
Suds3,SUDS3
Aco1,ACO1
Rnf166,RNF166
Tgfbr3,TGFBR3
Cdv3,CDV3
E2f4,E2F4
Arfgef2,ARFGEF2
Or56a3b,OR56A3
Dbx1,DBX1
Ntn5,NTN5
Adgrd1,ADGRD1
Zbtb45,ZBTB45
Grtp1,GRTP1
Dnajc13,DNAJC13
Klhl25,KLHL25
Ikzf5,IKZF5
Melk,MELK
Furin,FURIN
Slc5a6,SLC5A6
Gpt2,GPT2
Clcnka,CLCNKB
Clcnka,CLCNKA
Gfi1b,GFI1B
Frey1,FREY1
Cox7a1,COX7A1
Zfp37,ZFP37
Gab2,GAB2
Zfp341,ZNF341
Tmod3,TMOD3
Nhsl3,NHSL3
Psd3,PSD3
Timm10b,TIMM10B
Wdtc1,WDTC1
Fbxo39,FBXO39
Zfp526,ZNF526
Slc6a16,SLC6A16
Prkab1,PRKAB1
Snx11,SNX11
Msantd4,MSANTD4
Stx4a,STX4
Adamts15,ADAMTS15
Zdhhc7,ZDHHC7
Snx19,SNX19
Smurf1,SMURF1
Scyl3,SCYL3
Irag1,IRAG1
Adgrg1,ADGRG1
Iho1,IHO1
Polr2a,POLR2A
Nfatc2ip,NFATC2IP
Armc8,ARMC8
Osbpl6,OSBPL6
Ptch2,PTCH2
Ppp1r12c,PPP1R12C
Rngtt,RNGTT
Tex19.2,TEX19
Ghdc,GHDC
Gpn3,GPN3
Ranbp17,RANBP17
Acer2,ACER2
Paics,PAICS
Exosc3,EXOSC3
Mcmdc2,MCMDC2
Rragd,RRAGD
Tmem240,TMEM240
Spata33,SPATA33
Abitram,ABITRAM
Lancl1,LANCL1
Pllp,PLLP
Fhl5,FHL5
Rnf150,RNF150
Mrm1,MRM1
Tmem53,TMEM53
Adrb3,ADRB3
Zswim7,ZSWIM7
Tbc1d2,TBC1D2
Trex1,TREX1
Marchf4,MARCHF4
Sik2,SIK2
Cmtm3,CMTM3
Spon2,SPON2
Acbd3,ACBD3
Rragc,RRAGC
Rnf157,RNF157
Kcnh2,KCNH2
Psmd1,PSMD1
Tmed6,TMED6
Nxnl1,NXNL1
Pdgfrl,PDGFRL
Cyp2j9,CYP2J2
Erich1,ERICH1
Ush1c,USH1C
Or7g27,OR7G2
Rfx7,RFX7
Tcea3,TCEA3
Gas8,DRC4
Tsc22d4,SPACDR
Cdx2,CDX2
Noa1,NOA1
Cilp,CILP
Sh2b2,SH2B2
Gria4,GRIA4
Hmox1,HMOX1
Tmco3,SLC9D1
Isg15,ISG15
Faf1,FAF1
Large2,LARGE2
Slc26a5,SLC26A5
Rhbdd1,RHBDD1
Rnf215,RNF215
Btg4,BTG4
Hyls1,HYLS1
Otoa,OTOA
Tbc1d19,TBC1D19
4930558K02Rik,C1orf105
Thap4,THAP4
Adcy1,ADCY1
Tinag,TINAG
Nemp2,NEMP2
Paqr5,PAQR5
Spem1,SPEM1
Cacnb2,CACNB2
Dvl2,DVL2
Opn3,OPN3
Brox,BROX
Acsm3,ACSM3
C1qtnf5,C1QTNF5
Csnk2a2,CSNK2A2
Prkcsh,PRKCSH
Mis12,MIS12
Ptgs1,PTGS1
Rab8a,RAB8A
Nxn,NXN
B9d1,B9D1
Zfp513,ZNF513
Nanos3,NANOS3
Smarca5,SMARCA5
Gdf6,GDF6
Cntfr,CNTFR
Rell1,RELL1
Prkra,PRKRA
1600014C10Rik,C19orf12
Mrps7,MRPS7
Dlx2,DLX2
Paox,PAOX
Isx,ISX
Zbp1,ZBP1
Cacnb1,CACNB1
Fto,FTO
Asic3,ASIC3
Nsmaf,NSMAF
Bbox1,BBOX1
Gprc5b,GPRC5B
Yes1,YES1
Cd247,CD247
Rpl18,RPL18
Dzank1,DZANK1
Pde4c,PDE4C
Ppox,PPOX
Xylt1,XYLT1
Ube2m,UBE2M
Kcng4,KCNG4
Cenpn,CENPN
Usp42,USP42
Wdr48,WDR48
Atp2a1,ATP2A1
Zdhhc21,ZDHHC21
Arhgap24,ARHGAP24
Ints10,INTS10
Chrnb1,CHRNB1
Col6a3,COL6A3
Kcnk15,KCNK15
Sf3a3,SF3A3
Golm2,GOLM2
Slc22a4,SLC22A4
Gtf2ird1,GTF2IRD1
Hexd,HEXD
Xkr9,XKR9
Tnni1,TNNI1
Ssbp3,SSBP3
Dido1,DIDO1
Xrcc5,XRCC5
C1qtnf1,C1QTNF1
Pgap3,PGAP3
Rdm1,RDM1
Flacc1,FLACC1
Zmynd10,ZMYND10
Pou2f1,POU2F1
Timm44,TIMM44
Rrp9,RRP9
Itk,ITK
Il1rn,IL1RN
Egfr,EGFR
Ccdc159,CCDC159
Oip5,OIP5
Eri1,ERI1
Thbs1,THBS1
Lrp8,LRP8
Helt,HELT
Peli1,PELI1
Tsnax,TSNAX
Fbxl12,FBXL12
Erfe,ERFE
Acmsd,ACMSD
Rpl13,RPL13
Nbeal1,NBEAL1
Ccnb2,CCNB2
Rae1,RAE1
Tradd,TRADD
Acadvl,ACADVL
Babam1,BABAM1
Lamc1,LAMC1
Rnf123,RNF123
Adgrl1,ADGRL1
Mgst3,MGST3
Prg4,PRG4
Scn2a,SCN2A
Atp7b,ATP7B
Vangl2,VANGL2
Sf3b3,SF3B3
Commd7,COMMD7
Kcnh1,KCNH1
Or4c120,OR4C15
Rabepk,RABEPK
Rnf152,RNF152
Arpc2,ARPC2
Fbxo2,FBXO2
Folr1,FOLR1
Tmem239,TMEM239
Id3,ID3
Alad,ALAD
Itgb3,ITGB3
Pcgf2,PCGF2
Kcnt2,KCNT2
Ext2,EXT2
Siglecg,SIGLEC10
Siglecg,SIGLEC11
Siglecg,SIGLEC16
Galt,GALT
Chmp2a,CHMP2A
Sstr2,SSTR2
Smim5,SMIM5
Med7,MED7
Hmcn1,HMCN1
Nox4,NOX4
Pwwp2a,PWWP2A
Msantd5f9,MSANTD5
Ythdf2,YTHDF2
Cfap144,CFAP144
Cfap144,CFAP144P1
Ifi35,IFI35
Ttll10,TTLL10
Or4d2b,OR4D2
Dennd4c,DENND4C
Opa3,OPA3
Sycn,SYCN
Zfp93,ZNF233
Pnpla6,PNPLA6
Art5,ART5
Serpine2,SERPINE2
Ddrgk1,DDRGK1
Htatip2,HTATIP2
Eno1,ENO1
Acan,ACAN
Serinc4,SERINC4
Ucp2,UCP2
Mybph,MYBPH
AA986860,C1orf116
Prdx6,PRDX6
Amz2,AMZ2
Dclre1c,DCLRE1C
Ypel3,YPEL3
Xkr4,XKR4
Ifi205,MNDA
Galk1,GALK1
Rdh10,RDH10
Dedd2,DEDD2
Ptpn4,PTPN4
C1qc,C1QC
Abhd2,ABHD2
Ppp1r8,PPP1R8
Ddias,DDIAS
Hspb7,HSPB7
Nprl3,NPRL3
Cplane2,CPLANE2
Hemgn,HEMGN
Dmwd,DMWD
Rigi,RIGI
Kptn,KPTN
Lrrc8e,LRRC8E
Tex19.1,TEX19
Fadd,FADD
Nudc,NUDC
Klk6,KLK6
Zfp354a,ZNF354A
Mtarc2,MTARC2
Pidd1,PIDD1
Mfsd11,MFSD11
C4bp,C4BPA
Mycbp,MYCBP
Smim17,SMIM17
Srcap,SRCAP
Fsd1l,FSD1L
Zfp142,ZNF142
Atg9a,ATG9A
Oprl1,OPRL1
Adamtsl1,ADAMTSL1
Cobl,COBL
Mfge8,MFGE8
Hnrnpr,HNRNPR
Tmx2,TMX2
Duoxa2,DUOXA2
Gmeb2,GMEB2
Dennd5a,DENND5A
Fndc5,FNDC5
Clstn2,CLSTN2
Ubox5,UBOX5
Dnajc6,DNAJC6
Bcl2a1b,BCL2A1
Cd276,CD276
Rab7b,RAB7B
Scap,SCAP
Akt3,AKT3
Birc5,BIRC5
Ago3,AGO3
Per1,PER1
Gramd1a,GRAMD1A
Tmem37,TMEM37
BC034090,KIAA1614
Pramel29,PRAMEF2
Pramel29,PRAMEF18
Pramel29,PRAMEF20
Pramel29,PRAMEF6
Pramel29,PRAMEF8
Pramel29,PRAMEF14
Pramel29,PRAMEF19
Pramel29,PRAMEF27
Pramel29,PRAMEF17
Pramel29,PRAMEF11
Pramel29,PRAMEF1
Pramel29,PRAMEF10
Pramel29,PRAMEF9
Pramel29,PRAMEF15
Pramel29,PRAMEF12
Pramel29,PRAMEF4
Pramel29,PRAMEF26
Pramel29,PRAMEF33
Pramel29,PRAMEF7
Pramel29,PRAMEF5
Pramel29,PRAMEF13
Pramel29,PRAMEF25
Col15a1,COL15A1
Nek7,NEK7
Izumo3,IZUMO3
Trpc4ap,TRPC4AP
Zfyve9,ZFYVE9
Sptbn1,SPTBN1
Patj,PATJ
Hyou1,HYOU1
Ildr2,ILDR2
Stk17b,STK17B
Npas2,NPAS2
Mtnap1,MTNAP1
Sec61g,SEC61G
Irf6,IRF6
Vdac1,VDAC1
Terf1,TERF1
Ankrd27,ANKRD27
Atp6v0d2,ATP6V0D2
Pcmtd1,PCMTD1
Miip,MIIP
Gtf3c3,GTF3C3
Nppc,NPPC
Serpinb3a,SERPINB4
Serpinb3a,SERPINB3
Cntn2,CNTN2
Pex13,PEX13
Rcsd1,RCSD1
Nfe2l1,NFE2L1
Oma1,OMA1
Ogfrl1,OGFRL1
Or7d10,OR7D4
Mcm8,MCM8
Cmc1,CMC1
Krt36,KRT36
Plxnb1,PLXNB1
Hjurp,HJURP
Ksr1,KSR1
Fcgr2b,FCGR2A
Fcgr2b,FCGR2B
Fcgr2b,FCGR2C
Wipf2,WIPF2
Gabrr1,GABRR1
Or4c115,OR4C15
Dcaf7,DCAF7
Mthfr,MTHFR
Doc2b,DOC2B
Nlk,NLK
Lhx4,LHX4
Crisp4,CRISP1
Masp2,MASP2
Gabrb2,GABRB2
Xrn1,XRN1
Calcoco2,CALCOCO2
Cimip2b,CIMIP2B
Mrnip,MRNIP
Glipr2,GLIPR2
Zfp750,ZNF750
Mmel1,MMEL1
Mrpl27,MRPL27
Tmcc2,TMCC2
Trpv1,TRPV1
Lgr6,LGR6
Adhfe1,ADHFE1
Thoc5,THOC5
Pramel27,PRAMEF2
Pramel27,PRAMEF18
Pramel27,PRAMEF20
Pramel27,PRAMEF6
Pramel27,PRAMEF8
Pramel27,PRAMEF14
Pramel27,PRAMEF19
Pramel27,PRAMEF27
Pramel27,PRAMEF17
Pramel27,PRAMEF11
Pramel27,PRAMEF1
Pramel27,PRAMEF10
Pramel27,PRAMEF9
Pramel27,PRAMEF15
Pramel27,PRAMEF12
Pramel27,PRAMEF4
Pramel27,PRAMEF26
Pramel27,PRAMEF33
Pramel27,PRAMEF7
Pramel27,PRAMEF5
Pramel27,PRAMEF13
Pramel27,PRAMEF25
C1qtnf12,C1QTNF12
Bmp5,BMP5
Pigv,PIGV
Bsn,BSN
Islr2,ISLR2
Vps35l,VPS35L
Ccnl2,CCNL2
Atrip,ATRIP
Dnm1,DNM1
Fam163a,FAM163A
Cog1,COG1
Dedd,DEDD
Hepacam,HEPACAM
Fem1b,FEM1B
Zdhhc3,ZDHHC3
Bag2,BAG2
Ddx18,DDX18
Kcnj12,KCNJ12
Tmem81,TMEM81
Rhbdl3,RHBDL3
Fam135a,FAM135A
Tstd2,TSTD2
Skap1,SKAP1
Adamts8,ADAMTS8
Taf6,TAF6
Lca5,LCA5
Plch2,PLCH2
Havcr2,HAVCR2
Poglut3,POGLUT3
Ppp2ca,PPP2CA
Bco2,BCO2
Kcnj5,KCNJ5
G3bp1,G3BP1
Treh,TREH
Prrx1,PRRX1
Trim28,TRIM28
Gucy1a2,GUCY1A2
Ahctf1,AHCTF1
Ctdspl,CTDSPL
Tlr1,TLR1
Flt1,FLT1
Plet1,PLET1
Ttk,TTK
Sdhaf4,SDHAF4
Edem3,EDEM3
Zfp593os,ZNF593OS
Tbrg4,TBRG4
Eva1b,EVA1B
Selenon,SELENON
Ctnnbip1,CTNNBIP1
Znhit1,ZNHIT1
Gnrhr,GNRHR
Smim10l3,SMIM10L3
Cct6a,CCT6A
Rbm12b2,RBM12B
Map4,MAP4
Epb41l4b,EPB41L4B
Ica1l,ICA1L
Pds5b,PDS5B
Ftl1,FTL
Hif3a,HIF3A
Plod1,PLOD1
Septin1,SEPTIN1
Tnfsf8,TNFSF8
Fhad1,FHAD1
Cbx2,CBX2
Zbtb5,ZBTB5
Aurkb,AURKB
Ins2,INS
Il22ra1,IL22RA1
Kdf1,KDF1
Tbx6,TBX6
Rab5c,RAB5C
Ccl27a,CCL27
Ric8a,RIC8A
Ppp1r15b,PPP1R15B
Ube2t,UBE2T
Psmb6,PSMB6
Tmed4,TMED4
Cyb5r1,CYB5R1
Ube2g1,UBE2G1
Mrgprf,MRGPRF
Tars3,TARS3
Grin2c,GRIN2C
Ilk,ILK
Cplx1,CPLX1
Zbtb48,ZBTB48
Zbtb37,ZBTB37
Morn3,MORN3
Ifi208,IFI16
Eif2ak1,EIF2AK1
Rcor3,RCOR3
Clvs1,CLVS1
Plekha7,PLEKHA7
Heyl,HEYL
Tmigd1,TMIGD1
Gja4,GJA4
Laptm5,LAPTM5
Cnot8,CNOT8
Ankle2,ANKLE2
Ccl12,CCL8
Lpo,LPO
Sgk3,SGK3
Ror1,ROR1
Mtf2,MTF2
Tmem268,TMEM268
Acap1,ACAP1
Dhx15,DHX15
Dvl1,DVL1
Tnfsf12,TNFSF12
Atad5,ATAD5
Gsg1l,GSG1L
Lypd3,LYPD3
Mia,MIA
Ccl6,CCL23
Ccl6,CCL15
Csrp3,CSRP3
Efcab5,EFCAB5
Ptdss2,PTDSS2
Axin2,AXIN2
Aph1c,APH1B
Mxd4,MXD4
Npc1l1,NPC1L1
Ttc21a,TTC21A
Gal3st4,GAL3ST4
Becn1,BECN1
Cd36,CD36
Trim44,TRIM44
Catsper4,CATSPER4
Abl1,ABL1
Dscaml1,DSCAML1
Orm3,ORM1
Orm3,ORM2
Zmpste24,ZMPSTE24
Smu1,SMU1
Cd151,CD151
Aasdhppt,AASDHPPT
Tgm3,TGM3
Nanp,NANP
Tax1bp3,TAX1BP3
Spo11,SPO11
Alox12b,ALOX12B
Tbx18,TBX18
Phf3,PHF3
Dock2,DOCK2
Cep162,CEP162
Ap3b2,AP3B2
Gdap1l1,GDAP1L1
Uqcrh,UQCRH
Uqcrh,UQCRHL
Slamf7,SLAMF7
Car12,CA12
P4ha2,P4HA2
Gpc1,GPC1
Faah,FAAH
Muc16,MUC16
Slc4a3,SLC4A3
Zpr1,ZPR1
Tanc1,TANC1
Uts2,UTS2
Apoa1,APOA1
Osbpl9,OSBPL9
Col5a3,COL5A3
Emc10,EMC10
Cryga,CRYGA
Hsd17b7,HSD17B7
Nbr1,NBR1
Bsph1,BSPH1
Ly96,LY96
Syce1,SYCE1
Il1r1,IL1R1
Get4,GET4
Prss23,PRSS23
Zfp74,ZNF569
Nrp2,NRP2
Spc24,SPC24
Kcnq1,KCNQ1
Zfp605,ZNF605
Mtcl2,MTCL2
4930550C14Rik,C11orf65
Oas1f,OAS1
Nom1,NOM1
Zbtb6,ZBTB6
Epor,EPOR
Zfp518b,ZNF518B
Gm1123,CXADR
Ddx55,DDX55
Trpc6,TRPC6
Trim66,TRIM66
Zfp426,ZNF426
Serpinb3c,SERPINB4
Serpinb3c,SERPINB3
Sv2b,SV2B
Ifi203,IFI16
Chn1,CHN1
Fam222a,FAM222A
Kif21b,KIF21B
Supt7l,SUPT7L
Stt3b,STT3B
Gbp10,GBP6
Galnt11,GALNT11
Tnfrsf11a,TNFRSF11A
Nifk,NIFK
Dnah9,DNAH9
Phldb1,PHLDB1
Zranb3,ZRANB3
Trpv3,TRPV3
Uqcrq,UQCRQ
Myo18b,MYO18B
Aatf,AATF
Zdhhc13,ZDHHC13
Espn,ESPN
Tmem126a,TMEM126A
Ctbp2,CTBP2
Stxbp4,STXBP4
Tmem163,TMEM163
Btbd3,BTBD3
Brdt,BRDT
Dock1,DOCK1
Ctdsp1,CTDSP1
Pikfyve,PIKFYVE
Prom1,PROM1
Pdk1,PDK1
Dnah2,DNAH2
Alpl,ALPL
Lin37,LIN37
Aoc3,AOC3
Alox8,ALOX15B
Cdca7,CDCA7
Supt5,SUPT5H
Qtrt1,QTRT1
Pik3r5,PIK3R5
4930444P10Rik,C8orf89
Trit1,TRIT1
Exo1,EXO1
Ccdc40,CCDC40
Spaca9,SPACA9
Gcm1,GCM1
Ccdc12,CCDC12
Prom2,PROM2
Scn4a,SCN4A
Fam174a,FAM174A
Chrnd,CHRND
Dynlt4,DYNLT4
Dnaja1,DNAJA1
Nmnat2,NMNAT2
Itga2b,ITGA2B
Hacd3,HACD3
Ankef1,ANKEF1
Slc1a5,SLC1A5
Rev1,REV1
Slc66a1,SLC66A1
Wnt9b,WNT9B
Ptges3l,PTGES3L
Arpp19,ARPP19
P4htm,P4HTM
Cryba1,CRYBA1
Lmtk2,LMTK2
Celf2,CELF2
Retreg3,RETREG3
Klf17,KLF17
Ints4,INTS4
Cops6,COPS6
Ncmap,NCMAP
Sh3gl2,SH3GL2
Trim47,TRIM47
Nbeal2,NBEAL2
Tmem278,TMEM278
Ptprf,PTPRF
Sec14l3,SEC14L3
Mtarc1,MTARC1
Denr,DENR
Acbd6,ACBD6
Spem2,SPEM2
Pitpna,PITPNA
Hdac5,HDAC5
Ddx51,DDX51
Mrps14,MRPS14
Dpt,DPT
Rabif,RABIF
Itgad,ITGAD
Ihh,IHH
Chpf,CHPF
Slc9a1,SLC9A1
Iqcf5,IQCF5
Ky,KY
Nos3,NOS3
Clasp1,CLASP1
Uba5,UBA5
Ankrd42,ANKRD42
Chmp5,CHMP5
Tspan1,TSPAN1
Hacd4,HACD4
Ehf,EHF
Lamb2,LAMB2
Ptpn13,PTPN13
Dapk2,DAPK2
Pcmtd2,PCMTD2
Zfp984,ZNF34
Rpp25l,RPP25L
Alg2,ALG2
B3gnt6,B3GNT6
Plk1,PLK1
Ak2,AK2
Atosa,ATOSA
Rnf34,RNF34
Ncr1,NCR1
Samd4b,SAMD4B
Ankib1,ANKIB1
Pramel4,PRAMEF2
Pramel4,PRAMEF18
Pramel4,PRAMEF20
Pramel4,PRAMEF6
Pramel4,PRAMEF8
Pramel4,PRAMEF14
Pramel4,PRAMEF19
Pramel4,PRAMEF27
Pramel4,PRAMEF17
Pramel4,PRAMEF11
Pramel4,PRAMEF1
Pramel4,PRAMEF10
Pramel4,PRAMEF9
Pramel4,PRAMEF15
Pramel4,PRAMEF12
Pramel4,PRAMEF4
Pramel4,PRAMEF26
Pramel4,PRAMEF33
Pramel4,PRAMEF7
Pramel4,PRAMEF5
Pramel4,PRAMEF13
Pramel4,PRAMEF25
Gabrr2,GABRR2
Aspdh,ASPDH
Camsap1,CAMSAP1
Akr1a1,AKR1A1
Trip4,TRIP4
Iqck,IQCK
Add1,ADD1
Fam168a,FAM168A
Kazn,KAZN
Scn10a,SCN10A
Wfdc3,WFDC3
Bnc2,BNC2
Sp3,SP3
B4galnt4,B4GALNT4
Fam83b,FAM83B
Kif2c,KIF2C
Ube4a,UBE4A
Lsm14b,LSM14B
Dlg2,DLG2
Eif2b3,EIF2B3
Nacc2,NACC2
Stac2,STAC2
Mall,MALL
Dnajb5,DNAJB5
Snap47,SNAP47
Zfp574,ZNF574
Akt1s1,AKT1S1
Usp3,USP3
Zscan20,ZSCAN20
Zik1,ZIK1
Knop1,KNOP1
Gas7,GAS7
Kif17,KIF17
Alas1,ALAS1
Mvp,MVP
Tefm,TEFM
Prim2,PRIM2
Pnpla7,PNPLA7
Slc25a10,SLC25A10
Nit1,NIT1
Art1,ART1
Acaca,ACACA
Ugt1a6a,UGT1A6
Khk,KHK
Herc1,HERC1
Coq8a,COQ8A
Sez6l2,SEZ6L2
Ace,ACE
Cgnl1,CGNL1
Tdrd7,TDRD7
Bud31,BUD31
Ftsj3,FTSJ3
Tmem45b,TMEM45B
Cox7a2,COX7A2
Gnat3,GNAT3
Psmd9,PSMD9
Mtmr2,MTMR2
Cibar1,CIBAR1
Mettl2,METTL2B
Mettl2,METTL2A
Cdc42ep5,CDC42EP5
Uncx,UNCX
Fuz,FUZ
Gabrg1,GABRG1
Ccdc17,CCDC17
Slc16a11,SLC16A11
Pnisr,PNISR
Hgfac,HGFAC
Rapgefl1,RAPGEFL1
Uaca,UACA
Asgr1,ASGR1
Doc2a,DOC2A
Ung,UNG
Dhrs3,DHRS3
Slc36a1,SLC36A1
Faap24,FAAP24
Sp6,SP6
Cbx4,CBX4
Txndc8,TXNDC8
Shank2,SHANK2
Ptchd3,PTCHD3
Tmem68,TMEM68
Hexim2,HEXIM2
Spred2,SPRED2
Trip6,TRIP6
Atr,ATR
Slc25a11,SLC25A11
Plekha1,PLEKHA1
Tmem270,TMEM270
Pisd,PISD
Mrpl37,MRPL37
Kremen1,KREMEN1
Zfp69,ZFP69
Csf3r,CSF3R
Tbc1d16,TBC1D16
Plppr2,PLPPR2
Csn3,CSN3
Mterf1a,MTERF1
Ncbp3,NCBP3
Alox5ap,ALOX5AP
Rabgef1,RABGEF1
Lepr,LEPR
Cd300a,CD300LD
Cd300a,CD300A
Csnk1g1,CSNK1G1
Dbnl,DBNL
Fitm2,FITM2
Krtcap3,KRTCAP3
Btc,BTC
Rhoh,RHOH
Gpr146,GPR146
B4galt1,B4GALT1
Mogat1,MOGAT1
Scfd2,SCFD2
Gpr35,GPR35
Nipa2,NIPA2
Nckap1,NCKAP1
Gm11837,C8orf88
Ldlr,LDLR
Tnn,TNN
Zfp60,ZNF780A
Epb41l5,EPB41L5
Pik3r3,PIK3R3
Gabra5,GABRA5
Adam22,ADAM22
Rbbp4,RBBP4
Wdr82,WDR82
Arhgap20,ARHGAP20
Manea,MANEA
Unc13b,UNC13B
Ceacam2,PSG3
Ceacam2,PSG8
Ceacam2,CEACAM7
Ceacam2,PSG11
Ceacam2,PSG6
Ceacam2,PSG5
Ceacam2,CEACAM3
Ceacam2,CEACAM1
Ceacam2,PSG1
Ceacam2,PSG2
Ceacam2,PSG4
Ceacam2,PSG7
Ceacam2,CEACAM6
Ceacam2,CEACAM8
Ceacam2,PSG9
Ceacam2,CEACAM5
Yap1,YAP1
Pex11a,PEX11A
Eml2,EML2
Slc35f2,SLC35F2
Aldh1a2,ALDH1A2
Rabgap1l,RABGAP1L
Scart1,SCART1
Maml2,MAML2
Vipr1,VIPR1
Cpxm2,CPXM2
Or10d3,OR10D3
Pik3cb,PIK3CB
Taok2,TAOK2
Abcb6,ABCB6
Tmem215,TMEM215
Nbn,NBN
Usp40,USP40
Phb1,PHB1
Rbm5,RBM5
Igsf21,IGSF21
Zfp579,ZNF579
Ppp5c,PPP5C
Pla2g2f,PLA2G2F
Creb3,CREB3
Tnk1,TNK1
Prdm13,PRDM13
Ssu72,SSU72
Prkar1a,PRKAR1A
Lmntd2,LMNTD2
Mad2l2,MAD2L2
Prx,PRX
Cbfa2t2,CBFA2T2
Ctu1,CTU1
Pgm2l1,PGM2L1
Rgma,RGMA
Zfp592,ZNF592
Psmc3ip,PSMC3IP
Ascl2,ASCL2
Nme2,NME2
Paf1,PAF1
Oscp1,OSCP1
Dennd1b,DENND1B
Selenos,SELENOS
Stk4,STK4
Zmym1,ZMYM1
Smpd1,SMPD1
Cltc,CLTC
Sh2b3,SH2B3
Itgax,ITGAX
Acot11,ACOT11
Prkcq,PRKCQ
Hecw2,HECW2
Tmem147,TMEM147
Dffb,DFFB
Spink8,SPINK8
Pcdh7,PCDH7
Clpx,CLPX
Clock,CLOCK
Nphp4,NPHP4
Oxt,OXT
Surf1,SURF1
Slc16a14,SLC16A14
Pold1,POLD1
Serpinb2,SERPINB2
Ugt1a2,UGT1A5
Ugt1a2,UGT1A4
Ugt1a2,UGT1A3
Otop2,OTOP2
Spp2,SPP2
Srsf1,SRSF1
Apoa5,APOA5
Mrpl45,MRPL45
Spag16,SPAG16
Igsf9b,IGSF9B
Pigs,PIGS
Mib2,MIB2
Il10,IL10
Ikbke,IKBKE
Swsap1,SWSAP1
BC048562,CIMIP7
Acrv1,ACRV1
Srxn1,SRXN1
Fbxw14,FBXW12
Dmxl2,DMXL2
Eif4h,EIF4H
Akap10,AKAP10
Eif4e2,EIF4E2
Orc4,ORC4
Magi2,MAGI2
Cyp2a22,CYP2A13
Cyp2a22,CYP2A6
Cyp2a22,CYP2A7
Trim43c,TRIM43
Trim43c,TRIM43B
Gpr4,GPR4
Hic1,HIC1
Apoh,APOH
Scaf1,SCAF1
Acad11,ACAD11
Rbm44,RBM44
Slfn9,SLFN11
Slfn9,SLFN13
Psmb3,PSMB3
Col19a1,COL19A1
Impg1,IMPG1
Ublcp1,UBLCP1
U2af2,U2AF2
Srrd,SRRD
Dclk3,DCLK3
Acsbg1,ACSBG1
Tmem220,TMEM220
Krit1,KRIT1
Ube2z,UBE2Z
Evi2b,EVI2B
Msantd5,MSANTD5
Or2w3,OR2W3
Zfp551,ZNF551
Hnrnpab,HNRNPAB
Hhipl2,HHIPL2
Eif1b,EIF1B
Psmd13,PSMD13
Agxt,AGXT
Pml,PML
Skp1,SKP1
Camsap2,CAMSAP2
Cst11,CST11
Gmppa,GMPPA
Il36g,IL36G
Lipc,LIPC
Lactb,LACTB
Ercc1,ERCC1
Elac2,ELAC2
Ncbp1,NCBP1
Slc35c2,SLC35H1
Pih1d1,PIH1D1
Slc25a38,SLC25A38
Crocc,CROCC
Mapkapk2,MAPKAPK2
Eef1akmt2,EEF1AKMT2
Rnf214,RNF214
Cpz,CPZ
Foxk1,FOXK1
Cfap45,CFAP45
Uspl1,USPL1
Tyrobp,TYROBP
Acsm1,ACSM1
Il18r1,IL18R1
Zfp362,ZNF362
Cfap206,CFAP206
Slc26a9,SLC26A9
Mien1,MIEN1
Fam171a2,FAM171A2
Tpr,TPR
Prrt1b,PRRT1B
Nudt2,NUDT2
4933427D14Rik,KIAA0753
Itgav,ITGAV
Ift74,IFT74
Rps3,RPS3
Kcnip1,KCNIP1
Letm1,LETM1
Pld2,PLD2
Agpat2,AGPAT2
Kat8,KAT8
Pigu,PIGU
Stx2,STX2
Kctd13,KCTD13
Pira2,LILRA4
Pira2,LILRA2
Pira2,LILRA6
Pira2,LILRB1
Pira2,LILRB3
Pira2,LILRB4
Pira2,LILRA1
Pira2,LILRB5
Pira2,LILRB2
Pira2,LILRA5
Mcm6,MCM6
Irak1bp1,IRAK1BP1
Pabpc4,PABPC4
Plekho2,PLEKHO2
Ano9,ANO9
Nlrx1,NLRX1
Slc39a13,SLC39A13
Ankrd39,ANKRD39
Fam220a,FAM220A
Ccnt2,CCNT2
Poln,POLN
Krtdap,KRTDAP
Ddx6,DDX6
Myo15b,MYO15B
Coro2a,CORO2A
Adipor1,ADIPOR1
Ccdc158,CCDC158
Ampd3,AMPD3
Haus6,HAUS6
Bmp2,BMP2
Rapgef6,RAPGEF6
Hoxd11,HOXD11
Lrrn4,LRRN4
Rab35,RAB35
Il6,IL6
Anapc7,ANAPC7
Tmem9,TMEM9
Shisa5,SHISA5
Entr1,ENTR1
Cpt1c,CPT1C
AI597479,C2orf49
Ugt1a5,UGT1A5
Ugt1a5,UGT1A4
Ugt1a5,UGT1A3
Epha8,EPHA8
Rxrg,RXRG
E2f2,E2F2
Ficd,FICD
Scn5a,SCN5A
Foxo6,FOXO6
Fgfrl1,FGFRL1
Tlcd1,TLCD1
Lhx9,LHX9
Dnajc11,DNAJC11
Nipsnap1,NIPSNAP1
Spata3,SPATA3
Ttc28,TTC28
Mmp27,MMP27
Yipf2,YIPF2
Dnpep,DNPEP
Ncapg,NCAPG
Usp4,USP4
Upp1,UPP1
Evc2,EVC2
Or8k27,OR8K3
Birc7,BIRC7
Abcc3,ABCC3
Pax1,PAX1
Astn1,ASTN1
Pomgnt1,POMGNT1
Gatad1,GATAD1
Fbxo3,FBXO3
Pramel33,PRAMEF2
Pramel33,PRAMEF18
Pramel33,PRAMEF20
Pramel33,PRAMEF6
Pramel33,PRAMEF8
Pramel33,PRAMEF14
Pramel33,PRAMEF19
Pramel33,PRAMEF27
Pramel33,PRAMEF17
Pramel33,PRAMEF11
Pramel33,PRAMEF1
Pramel33,PRAMEF10
Pramel33,PRAMEF9
Pramel33,PRAMEF15
Pramel33,PRAMEF12
Pramel33,PRAMEF4
Pramel33,PRAMEF26
Pramel33,PRAMEF33
Pramel33,PRAMEF7
Pramel33,PRAMEF5
Pramel33,PRAMEF13
Pramel33,PRAMEF25
Rasal1,RASAL1
Hsd17b1,HSD17B1
Slc43a2,SLC43A2
Cic,CIC
Sez6,SEZ6
Atp1a2,ATP1A2
Actb,ACTB
Lair1,LAIR1
Tmem102,TMEM102
Scimp,SCIMP
Cacng8,CACNG8
Nsg1,NSG1
Aebp1,AEBP1
Adamts7,ADAMTS7
Zc3h4,ZC3H4
Slc30a3,SLC30A3
Tmem87a,TMEM87A
Cblc,CBLC
Sertad3,SERTAD3
Cln3,CLN3
Hycc1,HYCC1
Cox5a,COX5A
Hcn4,HCN4
Rbm7,RBM7
Kri1,KRI1
Antxr2,ANTXR2
Mns1,MNS1
Npas1,NPAS1
Pigl,PIGL
Trank1,TRANK1
Ttc1,TTC1
1700025G04Rik,C1orf21
Cntnap1,CNTNAP1
Rasgrp4,RASGRP4
Izumo1r,IZUMO1R
Ube3b,UBE3B
Adam11,ADAM11
AB124611,C19orf38
Serpinb12,SERPINB12
Or4a69,OR4A16
Coa7,COA7
Muc15,MUC15
Wrap73,WRAP73
Rgs7,RGS7
Ddx25,DDX25
Vtn,VTN
Mtch2,MTCH2
Gigyf2,GIGYF2
Pih1d2,PIH1D2
Hint1,HINT1
Card14,CARD14
Or7d9,OR7D4
Cnn1,CNN1
Hdhd3,HDHD3
Pramel1,PRAMEF2
Pramel1,PRAMEF18
Pramel1,PRAMEF20
Pramel1,PRAMEF6
Pramel1,PRAMEF8
Pramel1,PRAMEF14
Pramel1,PRAMEF19
Pramel1,PRAMEF27
Pramel1,PRAMEF17
Pramel1,PRAMEF11
Pramel1,PRAMEF1
Pramel1,PRAMEF10
Pramel1,PRAMEF9
Pramel1,PRAMEF15
Pramel1,PRAMEF12
Pramel1,PRAMEF4
Pramel1,PRAMEF26
Pramel1,PRAMEF33
Pramel1,PRAMEF7
Pramel1,PRAMEF5
Pramel1,PRAMEF13
Pramel1,PRAMEF25
Zfp14,ZFP14
Tmem222,TMEM222
Whamm,WHAMM
Tns4,TNS4
Cnot10,CNOT10
4921536K21Rik,C5orf52
Etv2,ETV2
Myh3,MYH3
Ppp6r1,PPP6R1
Tmem201,TMEM201
Cep95,CEP95
St3gal3,ST3GAL3
Rassf6,RASSF6
Hras,HRAS
Reln,RELN
Hcrt,HCRT
Irgm1,IRGM
Fcrla,FCRLA
Kpnb1,KPNB1
Map2,MAP2
Ttc4,TTC4
Zp2,ZP2
Sema6d,SEMA6D
Or2b11,OR2B11
Cybc1,CYBC1
Sbk1,SBK1
Zfp853,ZNF853
Rabep2,RABEP2
Zfp46,ZNF436
Col16a1,COL16A1
Tmem41b,TMEM41B
Mapk9,MAPK9
Pou2f2,POU2F2
Catspere2,CATSPERE
Dcaf8,DCAF8
Bsnd,BSND
Iffo2,IFFO2
Mrps15,MRPS15
Etfa,ETFA
Cpne3,CPNE3
Macf1,MACF1
Trim25,TRIM25
Cd177,CD177
Agfg1,AGFG1
Meox1,MEOX1
Cenpx,CENPX
Snrpd2,SNRPD2
Or8g19,OR8G1
Or8g19,OR8G5
Sesn3,SESN3
Htra1,HTRA1
Scamp5,SCAMP5
Tns3,TNS3
Pirb,LILRA4
Pirb,LILRA2
Pirb,LILRA6
Pirb,LILRB1
Pirb,LILRB3
Pirb,LILRB4
Pirb,LILRA1
Pirb,LILRB5
Pirb,LILRB2
Pirb,LILRA5
Kat7,KAT7
Cenpa,CENPA
Il20rb,IL20RB
Tex12,TEX12
Rpl23,RPL23
1700017B05Rik,C15orf39
Brsk2,BRSK2
Bace1,BACE1
Bcas3,BCAS3
Amz1,AMZ1
Dtd1,DTD1
Ripply2,RIPPLY2
Cep70,CEP70
Sult1e1,SULT1E1
Ugt2a3,UGT2A3
Evi5,EVI5
Ggt7,GGT7
Ttll6,TTLL6
Bcl6b,BCL6B
Dhx33,DHX33
Necap2,NECAP2
Castor2,CASTOR2
Fbxl5,FBXL5
Znhit3,ZNHIT3
Phf13,PHF13
Gaa,GAA
Clta,CLTA
Arhgap42,ARHGAP42
Zfp280d,ZNF280D
Zyg11b,ZYG11B
Desi2,DESI2
Odf2,ODF2
Suco,SUCO
Fam131c,FAM131C
Spocd1,SPOCD1
Ubap1,UBAP1
Tgs1,TGS1
Ackr3,ACKR3
Fabp3,FABP3
Adss2,ADSS2
Camta2,CAMTA2
Nppb,NPPB
Sds,SDS
Pusl1,PUSL1
Tbl2,TBL2
Rest,REST
Iqcf3,IQCF3
Oog2,PRAMEF2
Oog2,PRAMEF18
Oog2,PRAMEF20
Oog2,PRAMEF6
Oog2,PRAMEF8
Oog2,PRAMEF14
Oog2,PRAMEF19
Oog2,PRAMEF27
Oog2,PRAMEF17
Oog2,PRAMEF11
Oog2,PRAMEF1
Oog2,PRAMEF10
Oog2,PRAMEF9
Oog2,PRAMEF15
Oog2,PRAMEF12
Oog2,PRAMEF4
Oog2,PRAMEF26
Oog2,PRAMEF33
Oog2,PRAMEF7
Oog2,PRAMEF5
Oog2,PRAMEF13
Oog2,PRAMEF25
Dmrtb1,DMRTB1
Gnpda2,GNPDA2
AU040320,KIAA0319L
Foxi2,FOXI2
Rassf7,RASSF7
1110059G10Rik,KIAA1143
Tent5a,TENT5A
Ccpg1,CCPG1
Glrx3,GLRX3
Lipt1,LIPT1
Kansl3,KANSL3
Cxcl10,CXCL10
Ythdc1,YTHDC1
Slc27a5,SLC27A5
Rab11a,RAB11A
Tbc1d10b,TBC1D10B
Tmem30a,TMEM30A
Sh2d5,SH2D5
Snx22,SNX22
Dmbt1,DMBT1
Myo9a,MYO9A
Cflar,CFLAR
Fkrp,FKRP
Dao,DAO
Kmt2b,KMT2B
Yrdc,YRDC
Pde6b,PDE6B
Inpp5b,INPP5B
Maea,MAEA
Ccdc61,CCDC61
Fam78b,FAM78B
Ubxn4,UBXN4
Siae,SIAE
Srsf9,SRSF9
Tmc3,TMC3
Mtor,MTOR
Ccr9,CCR9
Ints2,INTS2
Scn3b,SCN3B
Tmem60,TMEM60
Gpc2,GPC2
Zfp790,ZNF420
Ptpre,PTPRE
Stk16,STK16
Iqcf1,IQCF1
Arhgap32,ARHGAP32
P3h4,P3H4
Ecpas,ECPAS
Scpep1,SCPEP1
Pi4k2b,PI4K2B
Pik3c2b,PIK3C2B
Hsd17b11,HSD17B11
Vps26b,VPS26B
Kdelr2,KDELR2
Dus1l,DUS1L
Cxcl9,CXCL9
Gbp9,GBP6
Ndufs2,NDUFS2
Fuom,FUOM
Pkm,PKM
Nup54,NUP54
Lrfn1,LRFN1
Rnasel,RNASEL
Acp7,ACP7
Cyp3a44,CYP3A43
Cyp3a44,CYP3A7
Cyp3a44,CYP3A4
Cyp3a44,CYP3A5
Adcy10,ADCY10
Pds5a,PDS5A
Acsm2,ACSM2B
Acsm2,ACSM2A
Slc35e2,SLC35E2B
Dpy19l4,DPY19L4
Map6,MAP6
Slc30a1,SLC30A1
Pfkfb2,PFKFB2
Plaur,PLAUR
Prmt3,PRMT3
Zbtb8a,ZBTB8A
Stx17,STX17
Svop,SVOP
Rars2,RARS2
Cep112,CEP112
Sap25,SAP25
Atp5me,ATP5ME
Usp29,USP29
Haus3,HAUS3
Btbd10,BTBD10
Auts2,AUTS2
Nelfa,NELFA
Dbh,DBH
Arpc1a,ARPC1A
Surf4,SURF4
Pnpla2,PNPLA2
Iqcc,IQCC
Morc2a,MORC2
Pak5,PAK5
Chml,CHML
Kif12,KIF12
Obsl1,OBSL1
Bcl7b,BCL7B
Icmt,ICMT
Clcnkb,CLCNKB
Clcnkb,CLCNKA
Sephs1,SEPHS1
Rbks,RBKS
Trabd2b,TRABD2B
Tor1aip2,TOR1AIP2
Gc,GC
Stk10,STK10
Actn4,ACTN4
Shmt1,SHMT1
Cdk5rap1,CDK5RAP1
Ugt1a9,UGT1A7
Ugt1a9,UGT1A10
Ugt1a9,UGT1A9
Ugt1a9,UGT1A8
Fmod,FMOD
Smap1,SMAP1
Sh3tc1,SH3TC1
Slc24a2,SLC24A2
Tmbim1,TMBIM1
Ssh2,SSH2
Kif5c,KIF5C
Csnk1d,CSNK1D
Ccl20,CCL20
Rgsl1,RGSL1
Sdc3,SDC3
Slc46a2,SLC46A2
Topors,TOPORS
Kcnj10,KCNJ10
Ro60,RO60
Themis2,THEMIS2
Rap1gap,RAP1GAP
Zfp316,ZNF316
Rbm33,RBM33
Pax3,PAX3
Fsd2,FSD2
Ifi204,IFI16
Ush1g,USH1G
Rassf5,RASSF5
Plcxd1,PLCXD1
Nmt1,NMT1
Usp31,USP31
Vwc2,VWC2
Tmem156,TMEM156
Aim2,AIM2
Or2t43,OR2T5
Or2t43,OR2T29
Or2t43,OR2T4
Ldhc,LDHC
Ankfn1,ANKFN1
Mepce,MEPCE
Mitd1,MITD1
Abhd11,ABHD11
Rmnd5b,RMND5B
Mmp16,MMP16
Dnah7a,DNAH7
Cenpc1,CENPC
Pdzd9,PDZD9
Gdpd4,GDPD4
Extl1,EXTL1
Mndal,MNDA
2310057M21Rik,C10orf88
Rara,RARA
Qprt,QPRT
Slc30a10,SLC30A10
Eddm13,EDDM13
Tmem14a,TMEM14A
Rflnb,RFLNB
Slc17a7,SLC17A7
Exoc7,EXOC7
Klb,KLB
Oprk1,OPRK1
Phactr4,PHACTR4
Gpr55,GPR55
Spdye4b,SPDYE21
Spdye4b,SPDYE5
Spdye4b,SPDYE2B
Spdye4b,SPDYE12
Spdye4b,SPDYE1
Spdye4b,SPDYE14
Spdye4b,SPDYE4
Spdye4b,SPDYE15
Spdye4b,SPDYE6
Spdye4b,SPDYE18
Spdye4b,SPDYE13
Spdye4b,SPDYE8
Spdye4b,SPDYE3
Spdye4b,SPDYE17
Spdye4b,SPDYE9
Spdye4b,SPDYE16
Spdye4b,SPDYE10
Spdye4b,SPDYE2
Spdye4b,SPDYE11
Apcs,APCS
Arpc5,ARPC5
Dnaaf4,DNAAF4
Odaph,ODAPH
Brap,BRAP
Dnm3,DNM3
Pkn3,PKN3
Ltf,LTF
Epha2,EPHA2
Gm12695,C1orf87
Wdr31,WDR31
Cacng6,CACNG6
Haus2,HAUS2
Nectin1,NECTIN1
Tub,TUB
Ncam1,NCAM1
Wdr5,WDR5
Amotl2,AMOTL2
Zfp541,ZNF541
Anapc5,ANAPC5
Ldha,LDHA
C8a,C8A
Trdmt1,TRDMT1
Srsf10,SRSF10
Or4a47,OR4A47
Dusp7,DUSP7
Fat3,FAT3
Plxna2,PLXNA2
Scn4b,SCN4B
Vsig2,VSIG2
Vwa5b1,VWA5B1
Fam81a,FAM81A
Rere,RERE
Jph1,JPH1
Trim29,TRIM29
Mgat5,MGAT5
Eloa,ELOA
St14,ST14
Gpcpd1,GPCPD1
Pycr2,PYCR2
Ube2u,UBE2U
Zfp985,ZNF34
C8b,C8B
Plekha6,PLEKHA6
Tcf12,TCF12
Ngrn,NGRN
Klk1,KLK1
Reck,RECK
Arhgap17,ARHGAP17
Pigo,PIGO
Hoxb6,HOXB6
Rtn4,RTN4
Stat1,STAT1
Slc1a7,SLC1A7
Dynlt5,DYNLT5
Fkbp15,FKBP15
Bod1,BOD1
Bod1,BOD1L2
Thra,THRA
Fbxl2,FBXL2
Ltc4s,LTC4S
Mpdu1,MPDU1
Cd37,CD37
Psenen,PSENEN
Arf1,ARF1
Marcksl1,MARCKSL1
Lhpp,LHPP
D630039A03Rik,C9orf152
Cap1,CAP1
Hpx,HPX
Clhc1,CLHC1
Cmtm8,CMTM8
Glyctk,GLYCTK
Prr15l,PRR15L
Fstl4,FSTL4
Rtn2,RTN2
Ccdc71,CCDC71
Limd1,LIMD1
Arhgap23,ARHGAP23
Foxr1,FOXR1
Proser3,PROSER3
Ifrd2,IFRD2
Tpm2,TPM2
Rhot1,RHOT1
Arhgef1,ARHGEF1
Snupn,SNUPN
Higd1a,HIGD1A
Orc1,ORC1
Ccdc82,CCDC82
Ciao2a,CIAO2A
Trak1,TRAK1
Wnt4,WNT4
Ndufb6,NDUFB6
Kcnab2,KCNAB2
Zwilch,ZWILCH
Zbtb49,ZBTB49
Itprid2,ITPRID2
Anapc4,ANAPC4
Dpy19l2,DPY19L2
Lyg2,LYG2
Ing5,ING5
Bbs9,BBS9
Klhl12,KLHL12
Zbtb43,ZBTB43
Hipk3,HIPK3
Map7d1,MAP7D1
Mpp4,MPP4
Prdm14,PRDM14
Sel1l2,SEL1L2
Mamdc4,MAMDC4
Sh2d1b1,SH2D1B
Ubash3b,UBASH3B
Utp14b,UTP14A
Utp14b,UTP14C
Adnp,ADNP
Slc41a1,SLC41A1
Or4a80,OR4A8
Or4a80,OR4A5
Ap5s1,AP5S1
Mgat4a,MGAT4A
Ttf1,TTF1
Pts,PTS
Ppp6c,PPP6C
Toe1,TOE1
Sult1b1,SULT1B1
Dbndd2,DBNDD2
Capn2,CAPN2
Zfp691,ZNF691
Rnf11,RNF11
Faiml,FAIM
Zfp113,ZNF517
Zfp113,ZNF713
Ankrd6,ANKRD6
Cd40,CD40
Kank2,KANK2
Lnx2,LNX2
Zcchc2,ZCCHC2
Rnft2,RNFT2
Ccr5,CCR5
Fli1,FLI1
Edf1,EDF1
Ndufaf3,NDUFAF3
F11r,F11R
Tecta,TECTA
Zbtb18,ZBTB18
Traf5,TRAF5
Ndor1,NDOR1
Pate1,PATE1
Rasal2,RASAL2
Zfp660,ZNF660
Cyp3a11,CYP3A43
Cyp3a11,CYP3A7
Cyp3a11,CYP3A4
Cyp3a11,CYP3A5
Mpi,MPI
Nme7,NME7
Mafk,MAFK
Pramel42,PRAMEF2
Pramel42,PRAMEF18
Pramel42,PRAMEF20
Pramel42,PRAMEF6
Pramel42,PRAMEF8
Pramel42,PRAMEF14
Pramel42,PRAMEF19
Pramel42,PRAMEF27
Pramel42,PRAMEF17
Pramel42,PRAMEF11
Pramel42,PRAMEF1
Pramel42,PRAMEF10
Pramel42,PRAMEF9
Pramel42,PRAMEF15
Pramel42,PRAMEF12
Pramel42,PRAMEF4
Pramel42,PRAMEF26
Pramel42,PRAMEF33
Pramel42,PRAMEF7
Pramel42,PRAMEF5
Pramel42,PRAMEF13
Pramel42,PRAMEF25
Nsun7,NSUN7
Meis1,MEIS1
Rab27a,RAB27A
Wdr12,WDR12
Fgfbp1,FGFBP1
Galntl5,GALNTL5
Lypla2,LYPLA2
B3gat1,B3GAT1
Rnf145,RNF145
Tpst1,TPST1
Icam1,ICAM1
Sirpa,SIRPA
Sirpa,SIRPB1
Sirpa,SIRPG
Hmgn3,HMGN3
Padi2,PADI2
Med13l,MED13L
Mrpl38,MRPL38
Il17f,IL17F
Ttc22,TTC22
Imp4,IMP4
Acap3,ACAP3
Pclaf,PCLAF
Rhoa,RHOA
Mthfd2l,MTHFD2L
Ewsr1,EWSR1
Grem2,GREM2
Actr1b,ACTR1B
Rpap2,RPAP2
Dlat,DLAT
Sccpdh,SCCPDH
Ppp2r1b,PPP2R1B
Firrm,FIRRM
Alkbh3,ALKBH3
Eps15,EPS15
Nub1,NUB1
B3gat2,B3GAT2
Traf3ip3,TRAF3IP3
Cyp19a1,CYP19A1
Myo5c,MYO5C
Pm20d1,PM20D1
Otof,OTOF
Calm3,CALM3
C2cd2l,C2CD2L
Astn2,ASTN2
Acsm5,ACSM5
Dusp12,DUSP12
Miga2,MIGA2
Tmem63a,TMEM63A
Scmh1,SCMH1
Eepd1,EEPD1
Pcsk6,PCSK6
Gem,GEM
Tex38,TEX38
Pgm1,PGM1
Sdhd,SDHD
Spats2l,SPATS2L
Abhd14b,ABHD14B
Zfp235,ZNF233
Mrps12,MRPS12
4930433I11Rik,C2orf78
Fam187b,FAM187B
Adamtsl3,ADAMTSL3
Cck,CCK
Nudt9,NUDT9
Hcrtr2,HCRTR2
Cavin3,CAVIN3
Zfp850,ZNF780A
D7Ertd443e,C10orf90
Npsr1,NPSR1
Rsrc2,RSRC2
Cacng3,CACNG3
Cep164,CEP164
Ccdc83,CCDC83
Stard7,STARD7
Higd1b,HIGD1B
Klk12,KLK12
Nlrp10,NLRP10
Or52n4,OR52N4
Stat3,STAT3
Haus5,HAUS5
Plcd1,PLCD1
Nlrp9b,NLRP9
Sox6,SOX6
Pheta1,PHETA1
Cwc15,CWC15
Gpatch2,GPATCH2
Limk1,LIMK1
Dgkz,DGKZ
Fyco1,FYCO1
Ereg,EREG
Elapor2,ELAPOR2
Cx3cr1,CX3CR1
Slc11a1,SLC11A1
Fbxw15,FBXW12
Stra6,STRA6
Lactb2,LACTB2
Galnt18,GALNT18
Eri2,ERI2
Als2,ALS2
Unc45b,UNC45B
Snx33,SNX33
Dnaja4,DNAJA4
Slc8a2,SLC8A2
Orc5,ORC5
1110004F10Rik,C11orf58
Erf,ERF
Mki67,MKI67
Tead1,TEAD1
Cygb,CYGB
Cnot6l,CNOT6L
Cyfip2,CYFIP2
Tead2,TEAD2
Lin54,LIN54
Ramac,RAMACL
Ramac,RAMAC
Vps37d,VPS37D
Rsph6a,RSPH6A
Rufy3,RUFY3
Tmc5,TMC5
Polg,POLG
Emc4,EMC4
Mtif3,MTIF3
5730455P16Rik,C17orf75
Pramel48,PRAMEF2
Pramel48,PRAMEF18
Pramel48,PRAMEF20
Pramel48,PRAMEF6
Pramel48,PRAMEF8
Pramel48,PRAMEF14
Pramel48,PRAMEF19
Pramel48,PRAMEF27
Pramel48,PRAMEF17
Pramel48,PRAMEF11
Pramel48,PRAMEF1
Pramel48,PRAMEF10
Pramel48,PRAMEF9
Pramel48,PRAMEF15
Pramel48,PRAMEF12
Pramel48,PRAMEF4
Pramel48,PRAMEF26
Pramel48,PRAMEF33
Pramel48,PRAMEF7
Pramel48,PRAMEF5
Pramel48,PRAMEF13
Pramel48,PRAMEF25
Gsn,GSN
P2rx2,P2RX2
Nkiras2,NKIRAS2
Ccdc69,CCDC69
Lrch4,LRCH4
Ap1b1,AP1B1
Insig1,INSIG1
Sema3c,SEMA3C
Triap1,TRIAP1
Ube2k,UBE2K
Asphd2,ASPHD2
Sgcb,SGCB
Tec,TEC
Slc35b1,SLC35B1
Dph1,DPH1
Nsf,NSF
Hsd17b13,HSD17B13
Nupr1,NUPR1
Zfp11,ZNF345
Ndufab1,NDUFAB1
Ppargc1a,PPARGC1A
Nav2,NAV2
Mob1b,MOB1B
Rab4b,RAB4B
En2,EN2
Oas1a,OAS1
Nat14,NAT14
Atp1a3,ATP1A3
Tyw1,TYW1B
Tyw1,TYW1
Sec24a,SEC24A
Phospho1,PHOSPHO1
Eif4a3,EIF4A3
Glmn,GLMN
Mrrf,MRRF
Rpa1,RPA1
Tgfb1,TGFB1
Adrm1,ADRM1
Syne4,SYNE4
Cdc123,CDC123
Uros,UROS
Ift81,IFT81
Fmnl1,FMNL1
Coro1a,CORO1A
Nkain4,NKAIN4
Ociad2,OCIAD2
Pttg1,PTTG2
Pttg1,PTTG1
Snrpb2,SNRPB2
Fosl2,FOSL2
Tmem214,TMEM214
Asxl1,ASXL1
Hrc,HRC
Btbd17,BTBD17
Ermn,ERMN
Apobr,APOBR
Macrod2,MACROD2
Ggt6,GGT6
Spcs2,SPCS2
Slc35e4,SLC35E4
Abca5,ABCA5
Tlcd3b,TLCD3B
Svs3a,SEMG1
Svs3a,SEMG2
Ifitm10,IFITM10
Prelid3b,PRELID3B
Prc1,PRC1
Cdh4,CDH4
Mrm3,MRM3
Naif1,NAIF1
Rspo4,RSPO4
Gpr176,GPR176
Tbx2,TBX2
Crnkl1,CRNKL1
Coq2,COQ2
Slc13a5,SLC13A5
Spag6,SPAG6
Znfx1,ZNFX1
Slc16a13,SLC16A13
Socs3,SOCS3
Ccng2,CCNG2
Zfp286,ZNF286A
Ssna1,SSNA1
Hps5,HPS5
Prrg4,PRRG4
Tprn,TPRN
Ppp1cb,PPP1CB
Mavs,MAVS
Sectm1a,SECTM1
Pecam1,PECAM1
Tmem175,TMEM175
Fastkd5,FASTKD5
Itih2,ITIH2
Ccm2l,CCM2L
Mga,MGA
Ptpn12,PTPN12
Gpat2,GPAT2
Ubl3,UBL3
Dgat2,DGAT2
Tlr6,TLR6
Pramel56,PRAMEF2
Pramel56,PRAMEF18
Pramel56,PRAMEF20
Pramel56,PRAMEF6
Pramel56,PRAMEF8
Pramel56,PRAMEF14
Pramel56,PRAMEF19
Pramel56,PRAMEF27
Pramel56,PRAMEF17
Pramel56,PRAMEF11
Pramel56,PRAMEF1
Pramel56,PRAMEF10
Pramel56,PRAMEF9
Pramel56,PRAMEF15
Pramel56,PRAMEF12
Pramel56,PRAMEF4
Pramel56,PRAMEF26
Pramel56,PRAMEF33
Pramel56,PRAMEF7
Pramel56,PRAMEF5
Pramel56,PRAMEF13
Pramel56,PRAMEF25
Zfyve28,ZFYVE28
Slx1b,SLX1B
Slx1b,SLX1A
Klk8,KLK8
Hip1r,HIP1R
Syt9,SYT9
Slc52a3,SLC52A3
Nsmce4a,NSMCE4A
Itpka,ITPKA
Nfkbid,NFKBID
Zfp954,ZNF892
Kcnt1,KCNT1
Pira13,LILRA4
Pira13,LILRA2
Pira13,LILRA6
Pira13,LILRB1
Pira13,LILRB3
Pira13,LILRB4
Pira13,LILRA1
Pira13,LILRB5
Pira13,LILRB2
Pira13,LILRA5
Leng8,LENG8
Cldn15,CLDN15
Gjc3,GJC3
Sumf2,SUMF2
Dhx32,DHX32
Rilpl2,RILPL2
Mlec,MLEC
Clip1,CLIP1
Nudt19,NUDT19
Syt17,SYT17
Rpl13a,RPL13A
Gchfr,GCHFR
Chchd5,CHCHD5
Jmjd7,JMJD7
Grem1,GREM1
Mapk8ip1,MAPK8IP1
Alkbh6,ALKBH6
Dnttip1,DNTTIP1
Nmur2,NMUR2
Rasd1,RASD1
Trim41,TRIM41
Gjc1,GJC1
Sult2a8,SULT2A1
Nlrp1b,NLRP1
Pepd,PEPD
Ddc,DDC
Ttn,TTN
Gas2,GAS2
Mrpl10,MRPL10
Ccdc106,CCDC106
Utp18,UTP18
Tial1,TIAL1
Tanc2,TANC2
Tmem106a,TMEM106A
Mafg,MAFG
Pkp3,PKP3
Ncor1,NCOR1
Phlda2,PHLDA2
Uap1l1,UAP1L1
Nell1,NELL1
Defb28,DEFB115
6820408C15Rik,C20orf96
Mical2,MICAL2
Cdh26,CDH26
Ctnnd1,CTNND1
Cox6b2,COX6B2
Fut1,FUT1
Dkkl1,DKKL1
Sars2,SARS2
Eps8l1,EPS8L1
Pramel57,PRAMEF2
Pramel57,PRAMEF18
Pramel57,PRAMEF20
Pramel57,PRAMEF6
Pramel57,PRAMEF8
Pramel57,PRAMEF14
Pramel57,PRAMEF19
Pramel57,PRAMEF27
Pramel57,PRAMEF17
Pramel57,PRAMEF11
Pramel57,PRAMEF1
Pramel57,PRAMEF10
Pramel57,PRAMEF9
Pramel57,PRAMEF15
Pramel57,PRAMEF12
Pramel57,PRAMEF4
Pramel57,PRAMEF26
Pramel57,PRAMEF33
Pramel57,PRAMEF7
Pramel57,PRAMEF5
Pramel57,PRAMEF13
Pramel57,PRAMEF25
Ccdc92,CCDC92
Timp2,TIMP2
Gnb2,GNB2
Ccl4,CCL4
Ccl4,CCL4L2
Endov,ENDOV
Ckm,CKM
Rasl10b,RASL10B
Alyref,ALYREF
Aldh3a2,ALDH3A2
Fam47e,FAM47E
Spag9,SPAG9
Fbxo21,FBXO21
Hamp,HAMP
Arl6ip1,ARL6IP1
Rexo5,REXO5
D5Ertd579e,KIAA0232
Dmac2,DMAC2
Eps8l2,EPS8L2
Mmab,MMAB
Aldoa,ALDOA
Grk4,GRK4
Daglb,DAGLB
Calcrl,CALCRL
Gpd2,GPD2
Nwd2,NWD2
Lhx5,LHX5
Vps37b,VPS37B
Dtx1,DTX1
Coa3,COA3
Tnfaip1,TNFAIP1
Eif2b1,EIF2B1
Ttc21b,TTC21B
Aimp2,AIMP2
Gip,GIP
Lilra5,LILRA4
Lilra5,LILRA2
Lilra5,LILRA6
Lilra5,LILRB1
Lilra5,LILRB3
Lilra5,LILRB4
Lilra5,LILRA1
Lilra5,LILRB5
Lilra5,LILRB2
Lilra5,LILRA5
Srp72,SRP72
Zg16,ZG16
Usp32,USP6
Usp32,USP32
Siglece,SIGLEC8
Siglece,SIGLEC9
Siglece,SIGLEC7
Siglece,SIGLEC12
Atp9a,ATP9A
Zranb1,ZRANB1
C1d,C1D
Dnajb6,DNAJB6
Hmmr,HMMR
Atp4a,ATP4A
Sqstm1,SQSTM1
Or51s1,OR51S1
Far1,FAR1
Spop,SPOP
Pde2a,PDE2A
Ubb,UBB
Rab34,RAB34
Oas1h,OAS1
Rfc3,RFC3
Abr,ABR
Dck,DCK
Rfc2,RFC2
Kcnh4,KCNH4
Ska2,SKA2
Krt14,KRT14
Kmt5a,KMT5A
Ddx5,DDX5
Cfap77,CFAP77
Srp14,SRP14
Arpc1b,ARPC1B
Arhgap15,ARHGAP15
Nebl,NEBL
Dpysl4,DPYSL4
Psme4,PSME4
Clip2,CLIP2
R3hdml,R3HDML
Entpd8,ENTPD8
Enam,ENAM
Ube2l6,UBE2L6
Chid1,CHID1
Nrbp1,NRBP1
Dnajc5,DNAJC5
Polg2,POLG2
Grb7,GRB7
Snapc4,SNAPC4
Slfn8,SLFN11
Slfn8,SLFN13
Sap30bp,SAP30BP
Bcam,BCAM
Fbxl18,FBXL18
Slu7,SLU7
Sestd1,SESTD1
Plac8,PLAC8
Nipsnap2,NIPSNAP2
Cnfn,CNFN
Rps15a,RPS15A
Dmp1,DMP1
Bnip3,BNIP3
Wnt3,WNT3
Idua,IDUA
Hoxb13,HOXB13
Limd2,LIMD2
Sgk2,SGK2
Gpx3,GPX3
Hus1,HUS1
Mtmr10,MTMR10
Cst3,CST3
Gprc5c,GPRC5C
Stom,STOM
2900092C05Rik,C19orf18
Kcnc1,KCNC1
Txndc17,TXNDC17
Ipo7,IPO7
Ccdc3,CCDC3
Slc2a4,SLC2A4
Hspa5,HSPA5
Crybb2,CRYBB2
Sorcs2,SORCS2
Gemin4,GEMIN4
Tufm,TUFM
Vps25,VPS25
Pgm2,PGM2
Eef1a2,EEF1A2
Sgf29,SGF29
Ntmt1,NTMT1
Luc7l3,LUC7L3
Eif2b4,EIF2B4
Mef2a,MEF2A
Mmp24os1,MMP24OS
C8g,C8G
Adal,MAPDA
Ran,RAN
Aldoc,ALDOC
Oas3,OAS3
Cdkl2,CDKL2
Cpxm1,CPXM1
Zfp108,ZNF233
Zfp607b,ZNF780A
Neurl2,NEURL2
Secisbp2l,SECISBP2L
Wdr93,WDR93
Tmem100,TMEM100
Aspscr1,ASPSCR1
Pak4,PAK4
Gbp8,GBP6
Ndufaf5,NDUFAF5
Sympk,SYMPK
Cdk2ap1,CDK2AP1
Shisa3,SHISA3
Snx8,SNX8
Arpc5l,ARPC5L
Klhl41,KLHL41
Mybl2,MYBL2
Tfr2,TFR2
Sae1,SAE1
Napepld,NAPEPLD
Strc,STRC
Otop1,OTOP1
Cds1,CDS1
Phf20,PHF20
Stard5,STARD5
Vsig10,VSIG10
Ccz1,CCZ1
Ccz1,CCZ1B
Scg5,SCG5
Cyfip1,CYFIP1
Aff1,AFF1
Eme1,EME1
Psmg3,PSMG3
Rbpj,RBPJ
Cdh22,CDH22
Myh13,MYH13
Fasn,FASN
Slc4a10,SLC4A10
Atraid,ATRAID
Cwh43,CWH43
Mnx1,MNX1
Sparcl1,SPARCL1
Npm1,NPM1
Gtpbp10,GTPBP10
Pex1,PEX1
Tecpr1,TECPR1
Urgcp,URGCP
Plekhh3,PLEKHH3
Arhgef15,ARHGEF15
Btbd18,BTBD18
Fermt1,FERMT1
Lrrc55,LRRC55
Zfp106,ZNF106
Gabrg2,GABRG2
Mtmr4,MTMR4
Pck1,PCK1
Zc3h15,ZC3H15
Tbc1d1,TBC1D1
Taf10,TAF10
Kdelr1,KDELR1
Plagl2,PLAGL2
Mypop,MYPOP
Cyb5d2,CYB5D2
Bpifb4,BPIFB4
Rhcg,RHCG
Rufy1,RUFY1
Gpr107,GPR107
Pop4,POP4
Agap3,AGAP3
Hbq1b,HBQ1
Igsf6,IGSF6
Drg2,DRG2
Psma1,PSMA1
Ambn,AMBN
Trappc6a,TRAPPC6A
Epn3,EPN3
Cacna2d1,CACNA2D1
Klhl11,KLHL11
Ambra1,AMBRA1
Sectm1b,SECTM1
Palb2,PALB2
Gast,GAST
Unk,UNK
Sult2a7,SULT2A1
Ryr3,RYR3
Efl1,EFL1
Tmc6,TMC6
Fxyd1,FXYD1
Tmem62,TMEM62
1700016H13Rik,C4orf36
Enoph1,ENOPH1
Gabra1,GABRA1
Art3,ART3
Madd,MADD
Nlgn2,NLGN2
Siglecl1,SIGLECL1
Etaa1,ETAA1
Afm,AFM
Rgs9,RGS9
Psg19,PSG3
Psg19,PSG8
Psg19,CEACAM7
Psg19,PSG11
Psg19,PSG6
Psg19,PSG5
Psg19,CEACAM3
Psg19,CEACAM1
Psg19,PSG1
Psg19,PSG2
Psg19,PSG4
Psg19,PSG7
Psg19,CEACAM6
Psg19,CEACAM8
Psg19,PSG9
Psg19,CEACAM5
Lrp3,LRP3
Sdad1,SDAD1
Myod1,MYOD1
Ccdc97,CCDC97
Stx1a,STX1A
Tlk2,TLK2
Plekhg2,PLEKHG2
Rchy1,RCHY1
Mapk3,MAPK3
Ywhah,YWHAH
Sfswap,SFSWAP
Entrep2,ENTREP2
Nccrp1,NCCRP1
Chp2,CHP2
Gabrb3,GABRB3
Cops4,COPS4
Ears2,EARS2
Nup98,NUP98
Guf1,GUF1
Pmpcb,PMPCB
Hscb,HSCB
Cfap251,CFAP251
Det1,DET1
Nkx3-2,NKX3-2
Rnf6,RNF6
Or51e1,OR51E1
Epn2,EPN2
LTO1,LTO1
Gbp4,GBP6
Uba2,UBA2
Tapt1,TAPT1
Fbxw8,FBXW8
Wasf3,WASF3
Mtus2,MTUS2
Hsd17b14,HSD17B14
Nmb,NMB
Pth,PTH
Hikeshi,HIKESHI
Galnt9,GALNT9
Cdrt4,CDRT4
Mpp2,MPP2
Calcb,CALCB
Aen,AEN
Tex47,TEX47
Rbm48,RBM48
Lat,LAT
Ppp2r2c,PPP2R2C
Myo1g,MYO1G
Zfp146,ZNF146
Zscan2,ZSCAN2
Septin11,SEPTIN11
Ruvbl2,RUVBL2
Castor1,CASTOR1
Acsl6,ACSL6
Zfp773,ZNF892
Cox6a2,COX6A2
Isoc2b,ISOC2
Steap2,STEAP2
Mapk10,MAPK10
Tpp1,TPP1
BC051019,C11orf16
Akip1,AKIP1
Ap2a1,AP2A1
Fbxl19,FBXL19
Dnajc5g,DNAJC5G
Wdr62,WDR62
Nup42,NUP42
Uchl1,UCHL1
Rab28,RAB28
Cnga4,CNGA4
Lim2,LIM2
Bax,BAX
Myl10,MYL10
Rcn3,RCN3
Garem2,GAREM2
Ep400,EP400
U2af1l4,U2AF1L4
Zdhhc4,ZDHHC4
Slco2b1,SLCO2B1
Bcl2l12,BCL2L12
Zfp446,ZNF446
Rac1,RAC1
Klk11,KLK11
Tsks,TSKS
Vps29,VPS29
Specc1,SPECC1
Snx17,SNX17
Ehd2,EHD2
Zscan18,ZSCAN18
Saxo2,SAXO2
Clip3,CLIP3
Rps16,RPS16
Slc38a10,SLC38A10
Zfp260,ZNF260
Zfp78,ZNF20
Zfp78,ZNF669
Zfp78,KRABD4
Zfp78,ZNF674
Zfp78,PRDM9
Zfp78,ZNF337
Zfp78,ZNF124
Zfp78,ZNF560
Zfp78,ZNF705G
Zfp78,ZNF705A
Zfp78,ZNF705D
Zfp78,ZNF705B
Zfp78,ZNF555
Zfp78,ZNF891
Zfp78,ZNF440
Zfp78,ZNF439
Zfp78,ZNF763
Zfp78,ZNF69
Zfp78,ZNF491
Zfp78,ZNF554
Zfp78,ZNF749
Zfp78,ZNF556
Mctp2,MCTP2
Dpy19l3,DPY19L3
Ephx4,EPHX4
Naa25,NAA25
Tm6sf1,TM6SF1
Apoc1,APOC1
Hmx2,HMX2
Prrt2,PRRT2
Anpep,ANPEP
Dbp,DBP
Arhgap35,ARHGAP35
Eed,EED
Hipk4,HIPK4
Arfip2,ARFIP2
Fgf21,FGF21
Plekhf1,PLEKHF1
Blvrb,BLVRB
Bend4,BEND4
Fkbp6,FKBP6
Echs1,ECHS1
Zkscan5,ZKSCAN5
Pes1,PES1
Tnni2,TNNI2
Fgf4,FGF4
1700008O03Rik,C19orf81
Sphk1,SPHK1
Tmem143,TMEM143
Agfg2,AGFG2
Dmkn,DMKN
Grap,GRAP
Abraxas1,ABRAXAS1
Smg6,SMG6
Cdkn1c,CDKN1C
Ggn,GGN
Hrk,HRK
Rita1,RITA1
Tmem135,TMEM135
Mgl2,CLEC10A
Ints15,INTS15
Asb16,ASB16
Tmem88,TMEM88
Rflna,RFLNA
Kpna2,KPNA2
Phtf2,PHTF2
Rel,REL
Gm11992,C7orf57
Ccl3,CCL3
Ccl3,CCL18
Ccl3,CCL3L3
Hamp2,HAMP
Ap2b1,AP2B1
Ppp4c,PPP4C
Tmub1,TMUB1
Cebpg,CEBPG
Gpn1,GPN1
Akt2,AKT2
Suz12,SUZ12
Camkk2,CAMKK2
Rnd2,RND2
Smarce1,SMARCE1
Cenpv,CENPV
Vmo1,VMO1
Serpinf2,SERPINF2
Gabra4,GABRA4
Snph,SNPH
Fat2,FAT2
Hgs,HGS
Rbak,RBAK
Tasp1,TASP1
Rbm19,RBM19
Nmu,NMU
Ogfod2,OGFOD2
Grwd1,GRWD1
Swap70,SWAP70
Afp,AFP
Sult2a6,SULT2A1
Lrrc51,LRRC51
Cfap36,CFAP36
Mfsd10,SLC75A1
Polr1g,POLR1G
Ppp4r3b,PPP4R3B
Ergic3,ERGIC3
Lyrm1,LYRM1
Chek2,CHEK2
Tsku,TSKU
Anks4b,ANKS4B
Exosc5,EXOSC5
Ssc4d,SSC4D
Pira12,LILRA4
Pira12,LILRA2
Pira12,LILRA6
Pira12,LILRB1
Pira12,LILRB3
Pira12,LILRB4
Pira12,LILRA1
Pira12,LILRB5
Pira12,LILRB2
Pira12,LILRA5
Pinlyp,PINLYP
Rbbp6,RBBP6
Rad9b,RAD9B
Or4c113,OR4C15
Cops2,COPS2
P2ry6,P2RY6
Hddc3,HDDC3
Krt12,KRT12
Prkar1b,PRKAR1B
Gabrp,GABRP
Prpsap2,PRPSAP2
Numbl,NUMBL
Neu3,NEU3
Sh3gl3,SH3GL3
Cnot6,CNOT6
Kctd15,KCTD15
Slc24a3,SLC24A3
Rpusd2,RPUSD2
Hnf4a,HNF4A
Ttc23,TTC23
Tmem101,TMEM101
Tnip2,TNIP2
Timm22,TIMM22
Or4a77,OR4A16
Slfn2,SLFN12
Slfn2,SLFN12L
Nudcd3,NUDCD3
Golga1,GOLGA1
Atp8a1,ATP8A1
Gfpt2,GFPT2
Tollip,TOLLIP
Phf23,PHF23
Pgap2,PGAP2
Sec14l1,SEC14L1
Blmh,BLMH
Msrb2,MSRB2
Mrps5,MRPS5
Slc7a9,SLC7A9
Zfp207,ZNF207
Leng1,LENG1
Cyp2f2,CYP2F1
Traf6,TRAF6
Sbsn,SBSN
Ehmt1,EHMT1
Pitpnm2,PITPNM2
Aamdc,AAMDC
Arrb1,ARRB1
Map2k6,MAP2K6
Sipa1l3,SIPA1L3
Acox1,ACOX1
Zfp667,ZNF667
Smg1,SMG1
Hps4,HPS4
Larp1,LARP1
Gemin7,GEMIN7
Usp35,USP35
B3gnt8,B3GNT8
Il11,IL11
Xylt2,XYLT2
Tmem150c,TMEM150C
Prpf31,PRPF31
Spring1,SPRING1
Msantd1,MSANTD1
Wdpcp,WDPCP
G3bp2,G3BP2
Cnot3,CNOT3
Cd44,CD44
Stc2,STC2
Tlx3,TLX3
Grn,GRN
Caly,CALY
Trim5,TRIM5
Kctd21,KCTD21
Btbd16,BTBD16
Dll3,DLL3
Mex3b,MEX3B
Ccl5,CCL5
Otud7a,OTUD7A
Smtnl2,SMTNL2
Slc35c1,SLC35C1
Prrx2,PRRX2
Psmd11,PSMD11
Tbc1d20,TBC1D20
Kit,KIT
Dctpp1,DCTPP1
Zfp582,ZNF582
Cox8b,COX8C
Ccdc73,CCDC73
Fhip1b,FHIP1B
G6pc1,G6PC1
Klhl23,KLHL23
Crhr1,CRHR1
Terb2,TERB2
Srd5a3,SRD5A3
Dpm2,DPM2
Neurl4,NEURL4
Slc23a2,SLC23A2
Arap2,ARAP2
Prkg2,PRKG2
Urm1,URM1
Dolpp1,DOLPP1
Steap4,STEAP4
Hadhb,HADHB
Septin9,SEPTIN9
Vapb,VAPB
Zfp661,ZNF2
Map1a,MAP1A
Myo1d,MYO1D
Rbbp9,RBBP9
Rras2,RRAS2
Lpcat4,LPCAT4
Coa4,COA4
Zfp628,ZNF628
Apoe,APOE
Gna13,GNA13
Abca9,ABCA9
Ptges2,PTGES2
Ifitm6,IFITM1
Ifitm6,IFITM2
Ifitm6,IFITM3
Mtg1,MTG1
Cwc25,CWC25
B3galt9,B3GALT9
Ahcy,AHCY
Dgke,DGKE
Sfmbt2,SFMBT2
Tarm1,TARM1
Lypd5,LYPD5
Stim1,STIM1
Fbxo48,FBXO48
Slc25a35,SLC25A35
Sun5,SUN5
Xrcc1,XRCC1
Ogdh,OGDH
Acss2,ACSS2
Tmem116,TMEM116
Nkpd1,NKPD1
Uri1,URI1
Brat1,BRAT1
Ap3s2,AP3S2
Zfp473,ZNF473
Dpp4,DPP4
Zfp668,ZNF668
Gss,GSS
Usp47,USP47
Epha5,EPHA5
Zswim1,ZSWIM1
Pdcl,PDCL
Ebf4,EBF4
Ddx31,DDX31
Il31,IL31
Bcl2l11,BCL2L11
Lrrc43,LRRC43
Fam217b,FAM217B
Rtn4rl2,RTN4RL2
Diablo,DIABLO
Kcnq2,KCNQ2
B3gnt4,B3GNT4
Manbal,MANBAL
Hdc,HDC
Ntsr1,NTSR1
Gtf3c4,GTF3C4
Cd19,CD19
Pjvk,PJVK
Jakmip3,JAKMIP3
Chrna4,CHRNA4
Fbh1,FBH1
Asb7,ASB7
P2rx1,P2RX1
Zfp629,ZNF629
Wdr45b,WDR45B
Cacng7,CACNG7
Psmd8,PSMD8
Pmis2,PMIS2
Ech1,ECH1
Sgsh,SGSH
Myh8,MYH8
Mettl9,METTL9
Otog,OTOG
Cyb561,CYB561
Parva,PARVA
Peds1,PEDS1
Ivd,IVD
Bbc3,BBC3
Mgmt,MGMT
B3gntl1,QTGAL
Dmpk,DMPK
Slx4ip,SLX4IP
Morn5,MORN5
Entpd2,ENTPD2
Gp1ba,GP1BA
Hormad2,HORMAD2
Lcn12,LCN12
Frmd5,FRMD5
Mks1,MKS1
Rbm17,RBM17
Hap1,HAP1
Inpp5e,INPP5E
Atp5pd,ATP5PD
Kif18a,KIF18A
Cluh,CLUH
Trim12c,TRIM5
Ppp1r15a,PPP1R15A
Yme1l1,YME1L1
Fam174b,FAM174B
Or14a257,OR14A2
Zfp688,ZNF688
Nipa1,NIPA1
Clpb,CLPB
Spata2,SPATA2
Nsfl1c,NSFL1C
Exd1,EXD1
Ttll9,TTLL9
Stat5a,STAT5A
Emc6,EMC6
Med27,MED27
Spns3,SPNS3
Vezf1,VEZF1
Potefam1,POTEA
Naglu,NAGLU
Igf2bp1,IGF2BP1
Chst14,CHST14
Olfm1,OLFM1
Gys1,GYS1
Patl2,PATL2
Tom1l1,TOM1L1
Mrpl23,MRPL23
Ube2e3,UBE2E3
Cfap161,CFAP161
Usf2,USF2
Kat14,KAT14
Aipl1,AIPL1
Bmf,BMF
Krt222,KRT222
Foxa2,FOXA2
Gm11437,C17orf78
Coq4,COQ4
Rusf1,RUSF1
Asb3,ASB3
Rpp38,RPP38
Tyro3,TYRO3
Nlrp4a,NLRP4
Ankrd13b,ANKRD13B
Clcn4,CLCN4
Vps53,VPS53
Stau1,STAU1
Tubgcp2,TUBGCP2
Fam210b,FAM210B
Plcb2,PLCB2
Or4c121,OR4C15
Marchf7,MARCHF7
Nlrp14,NLRP14
Cdhr5,CDHR5
Tcf15,TCF15
Ndufs3,NDUFS3
Rfng,RFNG
Lig1,LIG1
Clk4,CLK4
Fibcd1,FIBCD1
A930018P22Rik,C11orf91
Dennd1a,DENND1A
Trim34a,TRIM34
Grik5,GRIK5
Dnajc10,DNAJC10
Gcgr,GCGR
Gpr75,GPR75
Qrich2,QRICH2
Gh,GH2
Gh,CSHL1
Gh,CSH2
Gh,CSH1
Gh,GH1
Crk,CRK
Mgat4b,MGAT4B
Ttyh1,TTYH1
Med31,MED31
Dph7,DPH7
Tmem17,TMEM17
Acsf2,ACSF2
Top2a,TOP2A
Nsmf,NSMF
Dhrs13,DHRS13
Sparc,SPARC
Kcnj16,KCNJ16
Pimreg,PIMREG
Sdf2,SDF2
Tmem107,TMEM107
Gas2l1,GAS2L1
Sp2,SP2
Ddx52,DDX52
Nsrp1,NSRP1
Rad50,RAD50
Mybbp1a,MYBBP1A
Lyve1,LYVE1
Shisa7,SHISA7
Tcerg1l,TCERG1L
Rexo4,REXO4
Josd2,JOSD2
Trpm7,TRPM7
Myl4,MYL4
Mosmo,MOSMO
Rsf1,RSF1
Cstpp1,CSTPP1
Cyb5r2,CYB5R2
Ndel1,NDEL1
Lgals4,LGALS4
Phactr3,PHACTR3
Maz,MAZ
Btbd1,BTBD1
Spmip7,SPMIP7
Brca1,BRCA1
Cfap119,CFAP119
Chrna7,CHRNA7
Otop3,OTOP3
Il1a,IL1A
Cdk12,CDK12
Fam98b,FAM98B
Spred3,SPRED3
Ncoa5,NCOA5
Cars1,CARS1
Otor,OTOR
Usp6nl,USP6NL
Wbp2,WBP2
Slc24a5,SLC24A5
Mroh8,MROH8
Plxdc1,PLXDC1
Spg11,SPG11
Nf1,NF1
Nup35,NUP35
Fmn1,FMN1
Chmp4b,CHMP4BP1
Chmp4b,CHMP4B
Dph6,DPH6
Pnkp,PNKP
Fam78a,FAM78A
Or9g4,OR9G4
Hat1,HAT1
Cfap52,CFAP52
Med11,MED11
Gm525,C17orf67
Zkscan17,ZNF496
Tor1b,TOR1B
Mllt10,MLLT10
Mrpl58,MRPL58
Rtn4rl1,RTN4RL1
Adora2b,ADORA2B
Sf3a1,SF3A1
Rab37,RAB37
Qsox2,QSOX2
Zfp180,ZNF180
Sat2,SAT2
Dusp14,DUSP14
Zfp553,ZNF48
Sema4b,SEMA4B
Sap30l,SAP30L
Pdia3,PDIA3
Zkscan2,ZKSCAN2
Camk2b,CAMK2B
Tor2a,TOR2A
Aldh1a3,ALDH1A3
Upf2,UPF2
Ercc2,ERCC2
Lnpk,LNPK
Aqp8,AQP8
Hdgfl3,HDGFL3
Rnf169,RNF169
Zfp59,ZNF780A
Lins1,LINS1
Timm10,TIMM10
Api5,API5
Akap13,AKAP13
Trim30b,TRIM5
Baz2b,BAZ2B
Gipr,GIPR
Lgalsl2,LGALSL
Zfand6,ZFAND6
Cst8,CST8
Sptlc3,SPTLC3
Chgb,CHGB
Rsu1,RSU1
Hrh3,HRH3
Pced1a,PCED1A
Ascl3,ASCL3
Trim34b,TRIM34
Rccd1,RCCD1
Myt1,MYT1
Bmal1,BMAL1
Stkld1,STKLD1
Uck1,UCK1
Rabgap1,RABGAP1
Pcna,PCNA
Gbgt1,GBGT1
Or5w11,OR5W2
Atp5f1e,ATP5F1E
Ada,ADA
Timd4,TIMD4
Cby3,CBY3
Vps39,VPS39
Dynll2,DYNLL2
Fam161a,FAM161A
Vrk2,VRK2
Spns2,SPNS2
Emid1,EMID1
Otx1,OTX1
Slfn5,SLFN5
Pfas,PFAS
Ffar2,FFAR2
Dpf1,DPF1
Hlf,HLF
Dhx58,DHX58
Lsm11,LSM11
Igtp,IRGM
Zpbp,ZPBP
Mrpl46,MRPL46
Fgf3,FGF3
Mllt6,MLLT6
Snrpn,SNRPN
Abi3,ABI3
Pygb,PYGB
Or2w3b,OR2W3
Evi2a,EVI2A
Spag5,SPAG5
Map3k14,MAP3K14
Rnf167,RNF167
Insyn2b,INSYN2B
Cntrob,CNTROB
Katnbl1,KATNBL1
Lhx2,LHX2
Gjc2,GJC2
Gucy2e,GUCY2D
Psd4,PSD4
Ccdc47,CCDC47
Csrnp3,CSRNP3
Ywhab,YWHAB
Cttn,CTTN
Faxdc2,FAXDC2
Map3k3,MAP3K3
Jmjd6,JMJD6
Mrps2,MRPS2
Glt6d1,GLT6D1
Rbm18,RBM18
Hoxb3,HOXB3
Cacna1g,CACNA1G
Oser1,OSER1
Zscan29,ZSCAN29
Or4c119,OR4C15
Lrrc8a,LRRC8A
Pfdn4,PFDN4
Idh3b,IDH3B
Adamts2,ADAMTS2
Cog7,COG7
Apip,APIP
Flcn,FLCN
Slc13a3,SLC13A3
Emc7,EMC7
Mesd,MESD
1700001O22Rik,C9orf50
Il4ra,IL4R
Or4c111,OR4C15
Nat10,NAT10
Pelp1,PELP1
Tbx21,TBX21
Gabra6,GABRA6
Pde3b,PDE3B
Psmc5,PSMC5
Lrfn3,LRFN3
Brsk1,BRSK1
Trarg1,TRARG1
Proser2,PROSER2
Lgals7,LGALS7B
Lgals7,LGALS7
Xpo6,XPO6
Jade2,JADE2
Eeig1,EEIG1
Cd300lg,CD300LG
Rpap1,RPAP1
Spmap1,SPMAP1
Guk1,GUK1
Slit3,SLIT3
Hoxb8,HOXB8
Wnt9a,WNT9A
Polm,POLM
Scrn2,SCRN2
Hnf1b,HNF1B
Myo7a,MYO7A
Aspa,ASPA
Engase,ENGASE
Grb2,GRB2
Rab14,RAB14
Prpf8,PRPF8
Bicra,BICRA
Fbxw5,FBXW5
Scnn1b,SCNN1B
Tubg2,TUBG2
Zfp109,ZNF233
Rps19,RPS19
Trp53,TP53
Eif3k,EIF3K
Stard10,STARD10
Psg16,PSG3
Psg16,PSG8
Psg16,CEACAM7
Psg16,PSG11
Psg16,PSG6
Psg16,PSG5
Psg16,CEACAM3
Psg16,CEACAM1
Psg16,PSG1
Psg16,PSG2
Psg16,PSG4
Psg16,PSG7
Psg16,CEACAM6
Psg16,CEACAM8
Psg16,PSG9
Psg16,CEACAM5
Kndc1,KNDC1
Barhl1,BARHL1
Adamts13,ADAMTS13
Traf1,TRAF1
Slc16a5,SLC16A5
Tex101,TEX101
Klhl10,KLHL10
Dnajc24,DNAJC24
Garre1,GARRE1
Nefh,NEFH
Ubtf,UBTF
Arl5a,ARL5A
Arhgap21,ARHGAP21
Lsp1,LSP1
Rgs10,RGS10
Pxmp4,PXMP4
Actr5,ACTR5
Man2a2,MAN2A2
Mrps26,MRPS26
Itpripl1,ITPRIPL1
Setx,SETX
Or4s2b,OR4S2
Ube2c,UBE2C
Prex1,PREX1
Exosc2,EXOSC2
Galnt3,GALNT3
Gcg,GCG
Tcfl5,TCFL5
Ldlrad3,LDLRAD3
Defb36,DEFB123
Ola1,OLA1
Sqor,SQOR
Ppdpf,PPDPF
Nol4l,NOL4L
Fbn1,FBN1
Mapkbp1,MAPKBP1
H13,HM13
Gid4,GID4
Trpv2,TRPV2
Psmd14,PSMD14
Aftph,AFTPH
2310033P09Rik,C1orf35
Taf3,TAF3
Fbxl20,FBXL20
Bpifa1,BPIFA1
Nr6a1,NR6A1
Mindy3,MINDY3
Pipox,PIPOX
Bltp2,BLTP2
Gsdma3,GSDMA
Ttl,TTL
Ppp1r27,PPP1R27
Tk1,TK1
Rassf2,RASSF2
Kansl1,KANSL1
Stx16,STX16
Zgpat,ZGPAT
Harbi1,HARBI1
Lasp1,LASP1
Scrn3,SCRN3
Dnajc7,DNAJC7
Gpr155,GPR155
Myl7,MYL7
Slc47a1,SLC47A1
Ocstamp,OCSTAMP
Trim17,TRIM17
Acbd5,ACBD5
Rabep1,RABEP1
Nkx2-4,NKX2-4
Niban2,NIBAN2
Il36rn,IL36RN
Sox30,SOX30
Echdc3,ECHDC3
Gosr1,GOSR1
Cox4i2,COX4I2
Sla2,SLA2
Acyp2,ACYP2
St8sia6,ST8SIA6
Shpk,SHPK
Sord,SORD
Timd2,HAVCR1
Ghrh,GHRH
Tpd52l2,TPD52L2
Tsr1,TSR1
Nf2,NF2
Cdin1,CDIN1
Efcab8,EFCAB8
Eif3j1,EIF3J
Nkx2-2,NKX2-2
Snap23,SNAP23
Spef1,SPEF1
Pcsk2,PCSK2
Zfp385b,ZNF385B
Rbms1,RBMS1
Prkca,PRKCA
Arl5c,ARL5C
Zfp354b,ZNF354B
Copz2,COPZ2
Nup160,NUP160
Tekt1,TEKT1
Chad,CHAD
Supt6,SUPT6H
Sco1,SCO1
Car10,CA10
Pnpo,PNPO
Ccdc9b,CCDC9B
Patz1,PATZ1
C1ql3,C1QL3
Gtf3c5,GTF3C5
Samd14,SAMD14
Kbtbd4,KBTBD4
Fam171a1,FAM171A1
Dcxr,DCXR
Tmem256,TMEM256
Irf1,IRF1
Acp2,ACP2
Dhrs9,DHRS9
Trim16,TRIM16
Crat,CRAT
Vmp1,VMP1
Rack1,RACK1
Qser1,QSER1
Zfp62,ZFP62
Snrpb,SNRPB
Dhrs11,DHRS11
Lamp5,LAMP5
Phyhd1,PHYHD1
Cd68,CD68
Msi2,MSI2
Epb41l1,EPB41L1
Myo1c,MYO1C
Ccm2,CCM2
Tepsin,TEPSIN
Myh1,MYH1
Dlx4,DLX4
Zfp652,ZNF652
Inpp5k,INPP5K
Foxj1,FOXJ1
Septin8,SEPTIN8
Tsc1,TSC1
Odad4,ODAD4
Rpl19,RPL19
Ptpra,PTPRA
Akap1,AKAP1
Fignl1,FIGNL1
Col1a1,COL1A1
Nfs1,NFS1
Prpf18,PRPF18
Ulk2,ULK2
Sulf2,SULF2
Commd9,COMMD9
Trp53tg5,TP53TG5
Or4c117,OR4C15
Slc43a3,SLC43A3
Trim58,TRIM58
Kif1c,KIF1C
Nrsn2,NRSN2
Ubr3,UBR3
Tubd1,TUBD1
Rnft1,RNFT1
Ccr10,CCR10
Frzb,FRZB
Acly,ACLY
B3galt1,B3GALT1
Napb,NAPB
Vim,VIM
Hsd17b12,HSD17B12
Suv39h2,SUV39H2
Hoxd4,HOXD4
Pet117,PET117
Gpr158,GPR158
Zc3h6,ZC3H6
Aif1l,AIF1L
Galnt13,GALNT13
Npepl1,NPEPL1
Abtb2,ABTB2
Ctnnbl1,CTNNBL1
Sh3glb2,SH3GLB2
Cdr2l,CDR2L
Ebf1,EBF1
Srr,SRR
Tmem92,TMEM92
Crlf3,CRLF3
Ntn1,NTN1
Mgat1,MGAT1
Cpeb4,CPEB4
Tcn2,TCN2
Myl9,MYL9
Nmi,NMI
Tsen54,TSEN54
Capn3,CAPN3
Tmub2,TMUB2
Prpsap1,PRPSAP1
Maml1,MAML1
Fnip1,FNIP1
Pitpnm3,PITPNM3
Igfbp4,IGFBP4
H2az2,H2AZ2
Fn3k,FN3K
Gm2a,GM2A
Bpifb3,BPIFB3
Or2v1,OR2V1
Or2v1,OR2V2
Rffl,RFFL
Dpm1,DPM1
Gapvd1,GAPVD1
Slc22a5,SLC22A5
Coasy,COASY
Enpp7,ENPP7
Zmat5,ZMAT5
Or4c108,OR4C15
Usp8,USP8
Appbp2,APPBP2
Ogfod3,OGFOD3
Mcrip1,MCRIP1
Nt5m,NT5M
Grin1,GRIN1
Wrap53,WRAP53
St6galnac2,ST6GALNAC2
Gsdma2,GSDMA
Kif19a,KIF19
Abca6,ABCA6
Ccdc85a,CCDC85A
Rars1,RARS1
Cacng5,CACNG5
Smtn,SMTN
Wnk4,WNK4
Metrnl,METRNL
Fn3krp,FN3KRP
Psme3,PSME3
Rpl23a,RPL23A
Snf8,SNF8
Cstf1,CSTF1
Trim37,TRIM37
Rnf24,RNF24
Cfap157,CFAP157
Fam110a,FAM110A
Scrt2,SCRT2
Or4c15,OR4C15
Atp5mc3,ATP5MC3
Slc32a1,SLC32A1
Bend7,BEND7
Il36b,IL36B
Rprd1b,RPRD1B
Zmynd15,ZMYND15
Tubg1,TUBG1
Ppig,PPIG
Arsg,ARSG
Nhp2,NHP2
Ormdl3,ORMDL3
Sun3,SUN3
Rap1gap2,RAP1GAP2
Fkbp1a,FKBP1A
Fkbp1a,FKBP1C
Or2t46,OR2T5
Or2t46,OR2T29
Or2t46,OR2T4
Kiz,KIZ
Edem2,EDEM2
Usp20,USP20
Kif3b,KIF3B
Slc12a6,SLC12A6
Slc27a4,SLC27A4
Lcmt2,LCMT2
Dstn,DSTN
Garnl3,GARNL3
Pdhx,PDHX
Eif3m,EIF3M
Snx5,SNX5
Serping1,SERPING1
Ehd4,EHD4
Cdan1,CDAN1
Dnaaf9,DNAAF9
Zfyve19,ZFYVE19
Wfdc2,WFDC2
Cimip2a,CIMIP2A
a,ASIP
Or4s2,OR4S2
Nsun6,NSUN6
Vps18,VPS18
1700003F12Rik,C20orf144
Dnmt3b,DNMT3B
Neb,NEB
Aqr,AQR
L3mbtl1,L3MBTL1
Hoxd10,HOXD10
Tmem250,TMEM250
Rpl12,RPL12
Rapsn,RAPSN
Rmdn3,RMDN3
Syt13,SYT13
Hspa12b,HSPA12B
Psmb7,PSMB7
Plcb1,PLCB1
Prpf40a,PRPF40A
Trp53inp2,TP53INP2
Knl1,KNL1
Lrsam1,LRSAM1
Pax6,PAX6
Stk39,STK39
Ralgapa2,RALGAPA2
Rtel1,RTEL1
Gatm,GATM
Pacsin3,PACSIN3
Fbxw2,FBXW2
Kcnh7,KCNH7
Blvra,BLVRA
Dhtkd1,DHTKD1
Arfgap1,ARFGAP1
Hao1,HAO1
Fkbp7,FKBP7
Clp1,CLP1
Sycp2,SYCP2
Scn7a,SCN7A
Ss18l1,SS18L1
Cdc25b,CDC25B
Fahd2a,FAHD2A
F2,F2
Arrdc1,ARRDC1
Vav2,VAV2
Pak6,PAK6
Olfml2a,OLFML2A
Cers6,CERS6
D630003M21Rik,KIAA1755
Uqcc1,UQCC1
Pkp4,PKP4
Rpl7a,RPL7A
Lrp2,LRP2
Nfe2l2,NFE2L2
Arhgap11a,ARHGAP11A
Tmem127,TMEM127
Dlgap4,DLGAP4
Slc39a12,SLC39A12
Olah,OLAH
Ndrg3,NDRG3
Csnk2a1,CSNK2A3
Csnk2a1,CSNK2A1
Nphp1,NPHP1
Nup214,NUP214
Ptgis,PTGIS
Spout1,SPOUT1
Tbr1,TBR1
Ralgps1,RALGPS1
Cds2,CDS2
Matn4,MATN4
Bpifb1,BPIFB1
Pdss1,PDSS1
Eng,ENG
Abhd12,ABHD12
Bpifa2,BPIFA2
Tnfaip6,TNFAIP6
Polr3k,POLR3K
Spred1,SPRED1
Smtnl1,SMTNL1
Sppl2a,SPPL2A
Nusap1,NUSAP1
Elf5,ELF5
Or1n1b,OR1N1
Sh2d3c,SH2D3C
Crls1,CRLS1
Pltp,PLTP
Zbtb46,ZBTB46
Disp2,DISP2
Slco4a1,SLCO4A1
Nxph2,NXPH2
Phf21a,PHF21A
Snta1,SNTA1
Acvr1c,ACVR1C
Egfl7,EGFL7
Trp53rka,TP53RK
Bmi1,BMI1
Ppip5k1,PPIP5K1
Cstdc2,CST9L
Swi5,SWI5
Armc3,ARMC3
Meig1,MEIG1
Fastkd1,FASTKD1
Gins1,GINS1
Arl14ep,ARL14EP
Lmo2,LMO2
Strbp,STRBP
Itga6,ITGA6
Lhx6,LHX6
Sec23b,SEC23B
Atg13,ATG13
Cbln4,CBLN4
Dut,DUT
Psmd5,PSMD5
Cd59b,CD59
Lrrc4c,LRRC4C
Cwc22,CWC22
Or4c112,OR4C15
Surf6,SURF6
Ralgapb,RALGAPB
Arhgap40,ARHGAP40
Spint1,SPINT1
Tgm2,TGM2
Rpl35,RPL35
Npdc1,NPDC1
Mastl,MASTL
Trmt6,TRMT6
Ppp1r14d,PPP1R14D
Arfrp1,ARFRP1
Slpi,SLPI
Ankrd60,ANKRD60
Nxt1,NXT1
Sdcbp2,SDCBP2
Abcb11,ABCB11
D430041D05Rik,KIAA1549L
Dpp7,DPP7
Cd82,CD82
Ctsz,CTSZ
Golga2,GOLGA6C
Golga2,GOLGA8T
Golga2,GOLGA8H
Golga2,GOLGA8N
Golga2,GOLGA8M
Golga2,GOLGA2
Golga2,GOLGA8B
Golga2,GOLGA6D
Golga2,GOLGA6A
Golga2,GOLGA8R
Golga2,GOLGA6B
Golga2,GOLGA8J
Golga2,GOLGA8K
Golga2,GOLGA8A
Golga2,GOLGA8Q
Golga2,GOLGA8G
Golga2,GOLGA8O
Golga2,GOLGA8F
Golga2,GOLGA8S
Hoxd3,HOXD3
Syndig1,SYNDIG1
Pigt,PIGT
Ssb,SSB
Rims4,RIMS4
Pierce1,PIERCE1
Map1lc3a,MAP1LC3A
Slc2a6,SLC2A6
Pex16,PEX16
Noxa1,NOXA1
Rcn1,RCN1
Ly75,LY75
Itch,ITCH
Semg1,SEMG1
Semg1,SEMG2
Ptpa,PTPA
Trp53i11,TP53I11
Gzf1,GZF1
Lpin3,LPIN3
Gabpb1,GABPB1
Aar2,AAR2
Dusp19,DUSP19
Blcap,BLCAP
Pde11a,PDE11A
Raly,RALY
Prdm11,PRDM11
Zfp770,ZNF770
Id1,ID1
Slc20a1,SLC20A1
Ltk,LTK
Catsper2,CATSPER2
Adra1d,ADRA1D
Ypel4,YPEL4
Cobll1,COBLL1
Meis2,MEIS2
Osbpl2,OSBPL2
Lcn8,LCN8
Ubr1,UBR1
Ptrh1,PTRH1
Or8k32,OR8K3
Tldc2,TLDC2
Defb25,DEFB124
Endog,ENDOG
Acss1,ACSS1
Flrt3,FLRT3
Pbx3,PBX3
Psma7,PSMA7
Ube2v1,UBE2V1
Dynlrb1,DYNLRB1
Cimip1,CIMIP1
Camk1d,CAMK1D
Tomm34,TOMM34
Ptges,PTGES
Zfp217,ZNF217
Gata5,GATA5
Pdyn,PDYN
B2m,B2M
Prpf6,PRPF6
Etl4,KIAA1217
Brd3,BRD3
Ttc16,TTC16
Pamr1,PAMR1
Acvr1,ACVR1
Aven,AVEN
Dapl1,DAPL1
Pard6b,PARD6B
Iftap,IFTAP
Ndufa8,NDUFA8
Lypd6,LYPD6
Hoxd9,HOXD9
Bpi,BPI
Actc1,ACTC1
Sox18,SOX18
Or4c116,OR4C15
Cntrl,CNTRL
Entpd6,ENTPD6
Ganc,GANC
Mmp24,MMP24
Slc1a2,SLC1A2
Nudt5,NUDT5
Surf2,SURF2
Smim26,SMIM26
Nmt2,NMT2
Duoxa1,DUOXA1
Mal,MAL
Ell3,ELL3
Cep250,CEP250
Nelfb,NELFB
Nr1h3,NR1H3
Sapcd2,SAPCD2
Bub1b,BUB1B
Zmynd19,ZMYND19
Ptprt,PTPRT
Stk35,STK35
Plxdc2,PLXDC2
Thnsl1,THNSL1
Col20a1,COL20A1
Mettl15,METTL15
Rbm43,RBM43
Acot8,ACOT8
Pter,PTER
Bahd1,BAHD1
Zfp512b,ZNF512B
Ncs1,NCS1
Zbtb34,ZBTB34
Tubgcp4,TUBGCP4
Dync1i2,DYNC1I2
Banf2,BANF2
Phospho2,PHOSPHO2
Cdnf,CDNF
Ccdc141,CCDC141
Kcng1,KCNG1
Rin2,RIN2
Phpt1,PHPT1
Scn1a,SCN1A
Lypd6b,LYPD6B
Spopl,SPOPL
Lrp4,LRP4
Samd10,SAMD10
Fgf7,FGF7
Cstf3,CSTF3
Cd302,CD302
Dync2i2,DYNC2I2
Myef2,MYEF2
Card9,CARD9
Metap1d,METAP1D
Grb14,GRB14
Zdhhc12,ZDHHC12
Pip4k2a,PIP4K2A
Rasgrp1,RASGRP1
G6pc2,G6PC2
Lhx3,LHX3
Chd6,CHD6
Defb19,DEFB119
Or4a70,OR4A16
Zer1,ZER1
