,Gene_set,Term,P-value,Adjusted P-value,Old P-value,Old adjusted P-value,Odds Ratio,Combined Score,Genes
6717,GO_Cellular_Component_2026,Nucleus (GO:0005634),4.125986185228907e-47,1.897953645205297e-44,0,0,1.7336652821622565,185.16272365467745,MDC1;JRK;RAMAC;ZNF296;SPI1;PWWP2B;EHMT2;TESK1;TESK2;EHMT1;NOC2L;ALKBH6;FAM110A;ZC3H12D;PSMD8;ALKBH5;AKT2;PSMD2;ZC3H12A;PSMD3;AKT1;FOXO3B;PRKACA;ZNF17;CHID1;ZNF18;DAXX;ZNF282;STARD9;LDOC1;BHLHA15;ZNF12;RFX1;PRKAB1;SND1;EML3;DDX39A;DDX39B;EWSR1;PSME3;RFX5;CDIP1;PADI2;ATF7;SF1;RABL6;ZNF276;ZNF275;CRABP2;SHMT2;FLII;MEPCE;AGAP2;SDR39U1;FIGNL2;BAZ2A;COPS7A;AGAP3;AAAS;OAZ2;ZBTB7B;ATRIP;PPARGC1B;ZNF266;CTC1;HEXIM2;ZNF264;JUN;ZNF263;JUP;NCAPH2;INCA1;PBX2;ZNF34;H1-0;CS;MOV10;LAS1L;AGO1;ZFAT;AGO2;C19ORF47;ZNF256;RNF220;ZNF496;ZNF250;KDM8;TFCP2L1;MED16;MED15;ZNF48;PQBP1;MED12;CHAF1A;NELFB;IKBKG;NELFA;IKBKE;NELFE;DUSP4;ZNF484;UPF1;DUSP2;DUSP3;RING1;RIPK3;DUSP1;PGAM2;SIRT7;ZNF57;DYNLL2;MED26;SIRT3;DDB1;MED22;MMP14;MED25;MED24;INCENP;MED20;ZNF236;PPARD;ZNF232;ZNF473;ELOF1;LIN37;MYRF;PKN3;CIPC;DLST;HTT;CCNDBP1;CENPB;FSTL3;RECQL4;PSMB4;RECQL5;ZNF229;PLAGL2;FLNA;STAT6;ZNF468;NCDN;ZNF467;ZNF225;MEF2D;SPDEF;EGLN1;MBD3;CENPT;ZNF221;EGLN2;MBD6;ZNF460;MBD1;MCRS1;STAT2;APEX2;ZNF76;ZNF79;TARBP2;PSMB8;GATAD2A;SKI;SPSB3;ZNF70;MYBBP1A;PSMC3;PSMC4;ZNF74;SRRD;ZNF219;NCAPD2;PKN1;ZNF213;GZF1;ZNF211;ZNF692;PDCD6;NAB2;ATN1;RORC;CRAMP1;FBXO24;CASC3;ZBTB22;STK11;RUVBL2;RUVBL1;PIM1;ZNF689;ZNF446;ZNF445;ZNF444;ZNF202;ZNF443;PIAS4;PPP1R16B;ZNF682;KHNYN;KMT5C;ZBTB32;FOXP4;FOXP3;FTSJ1;CDC25A;CDC25B;MAPKAPK3;MSH5;MAPKAPK2;ZNF436;MAPKAPK5;SNRNP200;ZNF672;KMT2D;ZNF671;C11ORF98;KMT2B;MAZ;FOXO6;FOXO4;PKMYT1;FBXO44;CORO1A;GLIS1;EIF1AD;SBNO2;TKFC;STK35;STK36;AMDHD2;ZKSCAN8;ZKSCAN3;ZNF668;E4F1;ZNF664;ZNF662;BRPF1;MYPOP;ZBTB14;BRPF3;ODF2;NEK6;EEF2;NFKB2;MLXIPL;PTPRE;RGCC;SP2;SP1;MOB2;ZNF418;ZNF417;ZNF416;PIN1;ZNF653;OGT;MYD88;NFE2L1;NUMA1;AKAP8L;ARRB1;FASLG;ARRB2;FOXM1;ALAD;NGRN;PPP1R13L;PPP6R1;ZNF408;TRIM68;DGCR8;ZNF646;HMG20B;CCIN;TRIM66;ZNF641;BOK;PELP1;EIF5A;ACTR5;ZNF875;AHDC1;GTF3C1;GTF3C5;ZBTB47;MGRN1;PPM1M;SRF;ZBTB48;CXXC1;LENG8;KATNB1;ZBTB42;FOXK1;PBXIP1;CXXC5;PPM1F;MLLT6;CDC45;ZNF629;SH3BP1;U2AF2;ZNF628;TP53INP2;ATXN1L;TP53INP1;E2F1;EIF4H;ZNF865;ZNF623;E2F4;HNRNPA1;UBQLN4;CIZ1;GPKOW;FEM1B;MID1IP1;FOXJ2;FOXJ1;TBX6;HNRNPAB;REC8;MCM3AP;ZNF619;TRIM39;TRIM35;EIF3G;STUB1;PTPN6;ZNF853;PABPC1L;TRIM32;SHFL;EIF4A1;SMARCB1;CPNE7;EIF4A3;CCNF;ACTB;CCAR2;ERFL;RASSF2;TRIM28;RASSF5;CPNE1;FAM53C;FAM53B;TRIM26;FAM53A;LGALS9;CCNL2;BSN;CIRBP;CSNK1D;ACTN4;HASPIN;PABIR2;STX1B;CDC34;ZNF717;THAP7;CCDC86;CD2BP2;DXO;TRIB3;PREB;ZNF710;KIF20A;BCORL1;TRIB1;CCNQ;TRIB2;L3MBTL1;GCDH;AARS1;L3MBTL2;DHX8;SUPT4H1;UBE2J2;ZBTB4;ZBTB3;SEC14L2;DHX30;MRNIP;ZNF707;RACGAP1;PCBP4;MIER2;PCBP1;ZNF703;ZBED2;DHX38;SYMPK;ZBED6;RBM10;APOBEC3C;STAT5A;APOBEC3D;EGR1;EGR2;APOBEC3F;EGR3;APOBEC3G;INTS1;EGR4;INTS3;XRCC3;MICAL3;MICAL2;XRCC1;PTK6;SMARCA4;ZBTB9;ATOSB;INTS5;PAF1;ARMC12;CALM3;CALR;SLC2A4RG;TP73;INTS11;CSRNP1;CSRNP2;PPP1R10;SUV39H1;TECR;NAT10;INTS15;MLX;DHX16;ACADS;SREBF1;ZHX2;ATMIN;ACAD9;KIF22;SREBF2;COMMD5;ZFTA;MN1;SDE2;FAM193B;ARHGEF5;SPINDOC;SATB1;DOT1L;IGHMBP2;RELA;PTPA;RXRB;ARVCF;MNT;SERTAD3;RXRA;HSF1;HSF4;ZNF585B;EXOSC2;H2BC9;CD74;PEX19;SPRYD4;H2BC5;H2BC3;HUWE1;RPA1;HYPK;PPP1CA;PER1;TFAP4;THEMIS2;TCEA2;PRDM8;DCLRE1B;OTUD5;CRTC2;CRTC1;FHOD1;INPPL1;LOXL3;JADE2;MPO;ETS2;LOXL2;RGS3;KHSRP;EP300;TGM2;PDGFRB;ZBP1;HFM1;ZGPAT;TMEM250;SUPT7L;ADAM19;DOK1;BRMS1;HNRNPUL1;CARD19;EEF1A2;RPP21;MZF1;HOMEZ;VCP;UBIAD1;PSMD11;TCF7;HTRA2;PLD4;NDRG1;RAI1;IRAK1;DEAF1;LPXN;CAMTA2;MSC;MORC2;BCL9L;PDHA1;NIBAN2;VDR;UBE2C;PHF12;PCIF1;HMGA1;MSN;USB1;SUPT5H;CLK3;CLK2;UVSSA;BHLHE40;MKRN2;UBE2O;UBA1;TCF3;MXD3;MXD4;PHF19;GSK3A;PRR7;NAA40;LDB1;DDX47;TNFAIP3;ILK;ADAR;CHD3;DDX41;CABIN1;PIDD1;H2BC26;H2BC21;MYO18A;BUD23;CNPPD1;ZNF385A;RBM14;CAD;DYNLT4;DDX56;ABHD14B;DDX54;DDX51;TENT5C;H2BC17;H2BC18;TTI1;EEF1G;H2BC12;CREB3;EEF1D;ELF4;H2BC10;CRY2;IRF7;IRF8;IRF5;GNB1L;LAMA5;MVP;PNKP;DDX23;RNF4;AURKC;PSMB10;CYGB;AURKB;CAND2;MTA1;DNPEP;MAT2A;POLD1;TBX21;MKNK1;POLD2;MKNK2;ATOH8;PTK2B;RALY;MTA2;RBM38;RRM2;LRWD1;EPOP;USF2;YY1AP1;USF1;CHFR;MAPK12;CIMIP2A;MAPK13;MAPK11;ERCC3;TEF;CARM1;ERCC2;TAF8;ACIN1;RBM42;QRICH1;TAF6;TAF4;FAM50B;FAM50A;ANKLE1;RNH1;RPL3;MAML1;TRRAP;RRP1;DCAF8;THYN1;GPATCH3;ELK1;PHB2;ELK4;H2AC11;NYNRIN;H2AC12;ZMIZ1;ZMIZ2;MYC;ZXDB;ZSCAN32;CREB3L2;CDK20;PIP4K2B;JUNB;NFRKB;CDK5RAP3;TSPYL2;TSPYL1;MAP1S;PIH1D1;DDX11;PRKCD;DAPK3;WDR74;SOX13;SOX12;PASK;HCFC1;WDR77;GTPBP3;RNF126;ARMC5;ZSCAN20;BIN1;ZSCAN22;PRKD2;NHLRC1;ZSCAN25;TSPYL4;ZSCAN29;TSPYL5;ZNF154;SRCAP;CTBP2;CTBP1;PRDM15;VPS26C;NAIF1;WDR62;PRDM11;PPP4C;PRDM16;S100A13;HMOX1;RREB1;LHPP;ZSCAN18;NFE2;PLK3;CDK18;F8A1;PHC2;ZNF384;ZNF142;PHC1;SETD1B;PLK1;SETD1A;IRF2BP1;NFATC2;MAD2L1BP;NFATC1;NR1D1;MEX3D;FOSL2;HNRNPL;TADA2B;PPP5C;EHD3;NPLOC4;H2AC21;PPT1;SNAI1;OGDH;CDK10;DUS1L;ZNF136;ZNF135;CDK16;PHF2;BTG2;CDKN1A;RARG;GMEB2;PHF23;PHF1;OGG1;TCF20;SMG5;PHF8;ZCWPW2;TRIM8;GLI4;AIFM3;CSRP1;AIFM2;ANXA6;CIC;CEMP1;GPRASP1;GPRASP2;ZIK1;BRD3;TCF19;TIGD3;ZC3H10;BRD2;ZNF362;BRD1;AEN;CDYL2;NCOR2;ITPKB;TAF6L;KAT2A;KIFC1;RARA;HCLS1;ZNF599;CACTIN;ZNF597;SF3B4;NFIX;CTDP1;SF3B3;AP5Z1;AHNAK;GPS1;GPS2;PCGF1;BRD9;ZNF589;ZNF346;ZNF587;ZNF586;ZNF343;BRD4;ZNF341;SF3A1;GSN;BRF2;SF3A2;ZNF580;BRF1;PCGF2;WDR18;NR1H2;PCGF3;TRMT1;SEPTIN4;TUBB4B;TUBB4A;GTF2H4;DEF6;HINFP;AGBL5;XAB2;NFIC;ZYX;FOSB;ZNF335;ZNF333;HSPA1B;ZNF574;HSPA1A;ZNF572;IRS1;EDC4;ZFP36;MAEA;SALL2;TUBB3;CFL1;MACROD1;MAF1;PHLDA1;MEN1;ZNF320;TLE3;MAP2K2;USP5;DYRK1B;THOC5;PGD;VRK3;GTF2F1;DGKZ;RNF40;HIC1;THOC6;TLE5;MOB3A;TRAIP;LBHD1;MOB3C;ILF3;ZFP41;DMWD;ZNF319;DGKQ;ANKRD42;ERF;ZNF317;ZNF558;ZNF316;ZNF799;ZNF554;MAD1L1;CSNK1G2;IPPK;ZNF551;NOTCH2;ZNF792;ZNF550;DNMT1;NOTCH1;MACROH2A1;GTF2E1;BAG6;ORC6;BAG3;NACC2;ZNF549;NACC1;ZNF548;DVL2;ZNF304;TPPP;ZNF787;MAP2K7;ZNF543;ZNF784;MCL1;ZNF783;ESRRA;EIF2B5;TNK2;FANCA;GLMP;DHCR24;FANCE;ADAP1;CDK9;NSFL1C;UBOX5;ZFP69;MAFB;RIOX1;ZFP62;BCL3;TADA3;MAFF;MAFK;ZNF776;NF2;REEP6;ZNF772;EIF4G1;RNF187;ZNF530;RAD9A;CALCOCO1;MCM7;ZC3H3;WDR4;PTPN23;H1-10;TRO;PTBP1;SART1;LBH;SART3;DUSP10;SIN3B;VPS72;SNRNP70;ZNF527;ZNF768;DNMT3B;IDH3B;WDR5;HIF1AN;TNPO2;ZNF761;REXO1;DTX3L;ELAC2;DNMT3A;ZFP92;RANGAP1;PTP4A1;ARK2C;METTL22;TRAF7;PTP4A3;NPEPL1;PKM;TFDP1;ESPL1;TRAF4;CTDSP1;ESRP2;POLR1A;ZNF516;ZNF514;MCM5;ZNF513;MCM2;HDAC4;CEBPA;HDAC5;SMARCD1;CEBPB;SMARCD2;SMARCD3;TSSC4;HDAC1;WBP2;NLRC5;HDAC6;HDAC7;DNAJB2;REPIN1;DNAJB1;NFS1;FZR1;HIRIP3;POLR2A;ZNF749;POLR2C;ZNF746;POLR2E;POLR2F;ASCC2;POLR2H;EEIG1;MLXIP;PTPN18;SKOR1;PPIL2;SPAG8;SMOX;RNF25;AHNAK2;KLF4;MTOR;PML;KLF2;KLF8;IMPDH1;DNAJA3;POLR3E;DRG2;POLR3H;BCOR;PFKM;TRMT61A;PFKP;PANK4;HDAC10;GFI1;HDAC11;RPS6KA4;FRAT1;KAT5;PPP2R1B;PPP2R1A;RPS6KA2;DPF2;KAT8;UBAP2L;SYNPO;ZNF841;ZFPL1;GLUL;FAAP100;SRRM2;JMJD4;IFRD2;NFKBIL1;METTL3;P3H1;EBF4;JMJD7;JMJD8;RUNX3;JMJD6;INPP4A;RRAGA;GRWD1;NSMF;SIK1;NEIL1;ZFPM1;TELO2;RTEL1;CASZ1;NECAB3;TEX264;DCUN1D3;STRIP1;CHTF8;FXR2;INPP5E;INPP5K;TNRC18;PATZ1;MAGEE1;SETDB1;SS18L1;PDE2A;PARP12;PARP10;CDAN1;MAGED2;CC2D1A;BAP1;CC2D1B;RPAIN;H2AX;DAZAP2;DAZAP1;CITED2;PRPF19;LIMD1;ZNF805;ZMYM3;XPO6;PRX;CLIC1;VENTX;TOP3B;PRMT5;TSC22D4;IZUMO4;STRADA;PRMT1;TUBB;TOP3A;TFE3;NME2;TFEB;TYK2;TUBG2;PPRC1;TUBG1;CBFA2T3;MLF2;RHOB;ALDOA;SGK1;DNASE1L2;DNASE1L1;AKAP8;WAS;ZNF3;ZNF7;RBM15B;ATP5F1B;LMNA;RAD54L;APBB1;DCPS;APBB3;RANBP3;SORBS3;PRPF31;MEGF8;BMAL1;TJP3;POGK;ZSCAN9;CIB1;HAPSTR1;EFTUD2;TRAPPC12;CMTR1;LIG1;H2AC6;H2AC7;PUS1;H2AC4;NANOS3;ANGEL1;ARID5A;TSC2;ANXA11;NOSIP;LIG3;KRT73;LGALS9C;MYCL;MAU2;PRPF6;TIMELESS;CHMP4B;FIZ1;HDGFL2;NOP2;DTX3;PRPF8;AGER;ESS2;ZFP36L1;UBC;NLRP3;DMAP1;PDZD7;CBX8;HSPA8;CBX7;CPSF7;CBX6;TGFB1;SMAD3;CPSF1;CBX4;NONO;CBX2;ALYREF;HSPA6;ASPSCR1;NFKBIA;NR4A1;TMEM115;NFKBID;ZSCAN2;MUS81;USP35;KDM5C;THRA;USP31;CHTF18;USP39;ELAVL1;PKD1;IRF2BPL;RBM4;FLCN;DBP;C20ORF204;SIX5;SNAPC4;SPEG;CASP2;POLL;POLE;KDM6B;KLF10;KLF13;STPG4;AXIN1;PPP2R5B;PPP2R5D;AXIN2;ARID1A;SENP3;KLF15;KLF16;IQCN;OAS1;MYH9;SASH3;PDXK;POLDIP2;RGS14;ATF6B;BRAT1;WIZ;BICRA;NXF1;TFPT;MAPK7;ERBB2;HES4;MAPK3;MUTYH;KDM4B;NHERF2;NHERF1;NOS3;POLM;LIMK2;USP22;SGTA;LIMK1;ARID3B;H3-7;PITHD1;CDK2AP2;BAX;LPIN1;SSBP3;LPIN3;SSBP4;ZPR1
6718,GO_Cellular_Component_2026,Intracellular Membrane-Bounded Organelle (GO:0043231),1.2609033705886792e-46,2.900077752353962e-44,0,0,1.7187912159947558,181.6540348079994,MDC1;JRK;RAMAC;ZNF296;SPI1;PWWP2B;EHMT2;TESK1;TESK2;EHMT1;NOC2L;ALKBH6;FAM110A;ZC3H12D;PSMD8;ALKBH5;CYP2D7;CYP2D6;AKT2;PSMD2;ZC3H12A;PSMD3;AKT1;FOXO3B;PRKACA;ZNF17;CHID1;ZNF18;DAXX;ZNF282;STARD9;LDOC1;BHLHA15;ZNF12;RFX1;PRKAB1;SND1;EML3;DDX39A;DDX39B;EWSR1;PSME3;RFX5;CDIP1;PADI2;ATF7;SF1;RABL6;ZNF276;ZNF275;CRABP2;SHMT2;FLII;MEPCE;AGAP2;SDR39U1;FIGNL2;BAZ2A;COPS7A;AGAP3;AAAS;OAZ2;RDH16;ZBTB7B;ATRIP;PPARGC1B;ZNF266;CTC1;HEXIM2;ABCA2;ZNF264;JUN;ZNF263;JUP;NCAPH2;INCA1;PBX2;ABCA7;ZNF34;H1-0;CS;MOV10;LAS1L;AGO1;ZFAT;AGO2;C19ORF47;ZNF256;RNF220;ZNF496;ZNF250;KDM8;TFCP2L1;MED16;MED15;ZNF48;PQBP1;MED12;CHAF1A;NELFB;IKBKG;NELFA;IKBKE;NELFE;DUSP4;ZNF484;UPF1;DUSP2;DUSP3;RING1;RIPK3;DUSP1;PGAM2;SIRT7;ZNF57;DYNLL2;MED26;SIRT3;DDB1;MED22;MMP14;MED25;MED24;INCENP;MED20;ZNF236;PPARD;ZNF232;ZNF473;ELOF1;LIN37;MYRF;PKN3;CIPC;DLST;HTT;CCNDBP1;CENPB;FSTL3;RECQL4;PSMB4;RECQL5;ZNF229;PLAGL2;FLNA;STAT6;ZNF468;NCDN;ZNF467;ZNF225;MEF2D;SPDEF;EGLN1;MBD3;CENPT;ZNF221;EGLN2;MBD6;ZNF460;MBD1;MCRS1;STAT2;APEX2;ZNF76;ZNF79;TARBP2;PSMB8;GATAD2A;SKI;SPSB3;ZNF70;MYBBP1A;PSMC3;PSMC4;ZNF74;SRRD;ZNF219;NCAPD2;PKN1;ZNF213;GZF1;ZNF211;ZNF692;PDCD6;NAB2;ATN1;RORC;CRAMP1;FBXO24;CASC3;ZBTB22;STK11;RUVBL2;RUVBL1;PIM1;ZNF689;ZNF446;ZNF445;ZNF444;ZNF202;ZNF443;PIAS4;PPP1R16B;ZNF682;KHNYN;KMT5C;ZBTB32;FOXP4;FOXP3;FTSJ1;CDC25A;CDC25B;MAPKAPK3;MSH5;MAPKAPK2;ZNF436;MAPKAPK5;SNRNP200;ZNF672;KMT2D;ZNF671;C11ORF98;KMT2B;MAZ;FOXO6;FOXO4;PKMYT1;FBXO44;CORO1A;GLIS1;EIF1AD;SBNO2;TKFC;STK35;STK36;AMDHD2;ZKSCAN8;ZKSCAN3;ZNF668;E4F1;ZNF664;ZNF662;BRPF1;MYPOP;ZBTB14;BRPF3;ODF2;NEK6;EEF2;NFKB2;MLXIPL;PTPRE;RGCC;SP2;SP1;MOB2;ZNF418;ZNF417;ZNF416;PIN1;ZNF653;OGT;MYD88;NFE2L1;NUMA1;AKAP8L;ARRB1;FASLG;ARRB2;FOXM1;ALAD;NGRN;PPP1R13L;PPP6R1;ZNF408;TRIM68;DGCR8;ZNF646;HMG20B;CCIN;TRIM66;ZNF641;BOK;PELP1;EIF5A;ACTR5;DDOST;ZNF875;AHDC1;GTF3C1;GTF3C5;ZBTB47;MGRN1;PPM1M;SRF;ZBTB48;CXXC1;LENG8;KATNB1;ZBTB42;FOXK1;PBXIP1;CXXC5;PPM1F;MLLT6;GANAB;CDC45;ZNF629;SH3BP1;U2AF2;ZNF628;TP53INP2;ATXN1L;TP53INP1;E2F1;EIF4H;ZNF865;ZNF623;E2F4;HNRNPA1;UBQLN4;CIZ1;GPKOW;FEM1B;MID1IP1;FOXJ2;FOXJ1;TBX6;MCOLN1;HNRNPAB;REC8;MCM3AP;ZNF619;TRIM39;TRIM35;EIF3G;STUB1;PTPN6;ZNF853;PABPC1L;TRIM32;SHFL;EIF4A1;SMARCB1;CPNE7;EIF4A3;CCNF;ACTB;CCAR2;ERFL;RASSF2;TRIM28;RASSF5;CPNE1;FAM53C;FAM53B;TRIM26;FAM53A;LGALS9;CCNL2;BSN;CIRBP;CSNK1D;ACTN4;HASPIN;PABIR2;STX1B;CDC34;ZNF717;THAP7;CCDC86;CD2BP2;DXO;TRIB3;PREB;ZNF710;KIF20A;BCORL1;TRIB1;CCNQ;TRIB2;L3MBTL1;GCDH;AARS1;L3MBTL2;DHX8;SUPT4H1;UBE2J2;ZBTB4;ZBTB3;SEC14L2;DHX30;MRNIP;ZNF707;RACGAP1;PCBP4;MIER2;PCBP1;ZNF703;ZBED2;DHX38;SYMPK;ZBED6;RBM10;APOBEC3C;STAT5A;APOBEC3D;EGR1;EGR2;APOBEC3F;EGR3;APOBEC3G;INTS1;EGR4;INTS3;XRCC3;MICAL3;MICAL2;XRCC1;PTK6;SMARCA4;ZBTB9;ATOSB;INTS5;PAF1;ARMC12;CALM3;CALR;SLC2A4RG;TP73;INTS11;CSRNP1;CSRNP2;PPP1R10;SUV39H1;TECR;NAT10;INTS15;MLX;DHX16;ACADS;SREBF1;ZHX2;ATMIN;ACAD9;KIF22;SREBF2;COMMD5;GAK;ZFTA;MN1;SDE2;FAM193B;ARHGEF5;SPINDOC;SATB1;DOT1L;IGHMBP2;RELA;PTPA;RXRB;ARVCF;MNT;SERTAD3;RXRA;HSF1;HSF4;ZNF585B;EXOSC2;H2BC9;CD74;PEX19;SPRYD4;H2BC5;H2BC3;HUWE1;RPA1;HYPK;PPP1CA;PER1;TFAP4;THEMIS2;TCEA2;PRDM8;DCLRE1B;DPAGT1;OTUD5;CRTC2;CRTC1;FHOD1;INPPL1;LOXL3;JADE2;MPO;ETS2;LOXL2;RGS3;KHSRP;EP300;TGM2;PDGFRB;ZBP1;HFM1;ZGPAT;TMEM250;SUPT7L;ADAM19;DOK1;BRMS1;HNRNPUL1;CARD19;EEF1A2;RPP21;MZF1;HOMEZ;VCP;UBIAD1;PSMD11;TCF7;HTRA2;PLD4;NDRG1;RAI1;IRAK1;DEAF1;LPXN;CAMTA2;MSC;MORC2;BCL9L;PDHA1;NIBAN2;VDR;UBE2C;PHF12;PCIF1;HMGA1;MSN;USB1;SUPT5H;CLK3;CLK2;UVSSA;BHLHE40;MKRN2;UBE2O;UBA1;TCF3;MXD3;MXD4;PHF19;GSK3A;PRR7;NAA40;LDB1;DDX47;PRKCSH;TNFAIP3;ILK;ADAR;CHD3;DDX41;CABIN1;PIDD1;H2BC26;H2BC21;MYO18A;BUD23;CNPPD1;ZNF385A;RBM14;CAD;DYNLT4;DDX56;ABHD14B;DDX54;DDX51;TENT5C;H2BC17;H2BC18;TTI1;EEF1G;H2BC12;CREB3;RER1;EEF1D;ELF4;GORASP1;H2BC10;CRY2;IRF7;IRF8;IRF5;GNB1L;LAMA5;MVP;PNKP;DDX23;RNF4;AURKC;PSMB10;CYGB;AURKB;CAND2;MTA1;DNPEP;MAT2A;POLD1;TBX21;MKNK1;POLD2;MKNK2;ATOH8;PTK2B;RALY;MTA2;RBM38;RRM2;ATP2B4;LRWD1;EPOP;USF2;YY1AP1;USF1;CHFR;MAPK12;CIMIP2A;MAPK13;MAPK11;ERCC3;TEF;CARM1;ERCC2;TAF8;ACIN1;RBM42;QRICH1;TAF6;TAF4;FAM50B;FAM50A;ANKLE1;RNH1;RPL3;MAML1;TRRAP;RRP1;DCAF8;THYN1;GPATCH3;ELK1;PHB2;ELK4;H2AC11;NYNRIN;H2AC12;ZMIZ1;ZMIZ2;MYC;ZXDB;ZSCAN32;CREB3L2;CDK20;PIP4K2B;JUNB;NFRKB;CDK5RAP3;TSPYL2;TSPYL1;MAP1S;PIH1D1;DDX11;PRKCD;DAPK3;WDR74;SOX13;SOX12;PASK;HCFC1;WDR77;GTPBP3;RNF126;ARMC5;ZSCAN20;BIN1;ZSCAN22;PRKD2;NHLRC1;ZSCAN25;TSPYL4;ZSCAN29;TSPYL5;LRPAP1;ZNF154;SRCAP;CTBP2;CTBP1;PRDM15;VPS26C;NAIF1;WDR62;PRDM11;PPP4C;PRDM16;PLCG2;S100A13;HMOX1;RREB1;LHPP;ZSCAN18;NFE2;PLK3;CDK18;F8A1;PHC2;ZNF384;ZNF142;PHC1;SETD1B;PLK1;SETD1A;IRF2BP1;NFATC2;MAD2L1BP;NFATC1;NR1D1;MEX3D;FOSL2;HNRNPL;TADA2B;PPP5C;EHD3;NPLOC4;H2AC21;PPT1;SNAI1;OGDH;CDK10;DUS1L;ZNF136;ZNF135;CDK16;DENND1C;PHF2;BTG2;CDKN1A;RARG;GMEB2;PHF23;PHF1;OGG1;TCF20;SMG5;PHF8;ZCWPW2;TRIM8;GLI4;AIFM3;CSRP1;AIFM2;ANXA6;CIC;CEMP1;GPRASP1;GPRASP2;ZIK1;BRD3;TCF19;TIGD3;ZC3H10;BRD2;ZNF362;BRD1;AEN;CDYL2;NCOR2;ITPKB;TAF6L;KAT2A;KIFC1;RARA;HCLS1;ZNF599;CACTIN;ZNF597;SF3B4;NFIX;CTDP1;SF3B3;AP5Z1;AHNAK;GPS1;GPS2;PCGF1;BRD9;ZNF589;ZNF346;ZNF587;ZNF586;ZNF343;BRD4;ZNF341;SF3A1;GSN;BRF2;SF3A2;ZNF580;BRF1;PCGF2;WDR18;NR1H2;PCGF3;TRMT1;SEPTIN4;TUBB4B;TUBB4A;GTF2H4;DEF6;HINFP;AGBL5;XAB2;NFIC;ZYX;FOSB;ZNF335;ZNF333;HSPA1B;ZNF574;HSPA1A;ZNF572;IRS1;EDC4;ZFP36;MAEA;SALL2;TUBB3;CFL1;MACROD1;MAF1;PHLDA1;MEN1;ZNF320;TLE3;MAP2K2;USP5;DYRK1B;THOC5;PGD;VRK3;GTF2F1;DGKZ;RNF40;HIC1;THOC6;TLE5;MOB3A;TRAIP;LBHD1;MOB3C;ILF3;ZFP41;DMWD;ZNF319;DGKQ;ANKRD42;ERF;ZNF317;ZNF558;ZNF316;ZNF799;ZNF554;MAD1L1;CSNK1G2;IPPK;ZNF551;NOTCH2;ZNF792;ZNF550;DNMT1;NOTCH1;MACROH2A1;GTF2E1;BAG6;ORC6;BAG3;NACC2;ZNF549;NACC1;ZNF548;DVL2;ZNF304;TPPP;ZNF787;MAP2K7;ZNF543;ZNF784;MCL1;ZNF783;ESRRA;EIF2B5;TNK2;FANCA;GLMP;DHCR24;FANCE;ADAP1;CDK9;BCL9;NSFL1C;UBOX5;ZFP69;MAFB;RIOX1;ZFP62;BCL3;TADA3;MAFF;MAFK;ZNF776;NF2;REEP6;ZNF772;EIF4G1;RNF187;ZNF530;RAD9A;CALCOCO1;MCM7;ZC3H3;WDR4;PTPN23;H1-10;PIK3C2B;TRO;PTBP1;SART1;LBH;SART3;DUSP10;SIN3B;VPS72;SNRNP70;ZNF527;ZNF768;DNMT3B;IDH3B;WDR5;HIF1AN;TNPO2;ZNF761;REXO1;DTX3L;ELAC2;DNMT3A;ZFP92;RANGAP1;PTP4A1;ARK2C;METTL22;TRAF7;PTP4A3;NPEPL1;PKM;TFDP1;ESPL1;TRAF4;CTDSP1;ESRP2;POLR1A;DNAJC5;ZNF516;ZNF514;MCM5;ZNF513;MCM2;HDAC4;CEBPA;HDAC5;SMARCD1;CEBPB;SMARCD2;SMARCD3;TSSC4;HDAC1;WBP2;NLRC5;HDAC6;HDAC7;DNAJB2;REPIN1;DNAJB1;NFS1;FZR1;HIRIP3;POLR2A;ZNF749;POLR2C;ZNF746;POLR2E;POLR2F;ASCC2;POLR2H;EEIG1;MLXIP;PTPN18;SKOR1;PPIL2;SPAG8;SMOX;RNF25;AHNAK2;KLF4;MTOR;PML;KLF2;KLF8;IMPDH1;DNAJA3;POLR3E;DRG2;POLR3H;BCOR;PFKM;TRMT61A;PFKP;PANK4;HDAC10;SLC35B1;GFI1;HDAC11;RPS6KA4;FRAT1;KAT5;PPP2R1B;PPP2R1A;RPS6KA2;DPF2;KAT8;UBAP2L;SYNPO;ZNF841;ZFPL1;GLUL;FAAP100;SRRM2;JMJD4;IFRD2;NFKBIL1;METTL3;P3H1;EBF4;JMJD7;JMJD8;RUNX3;JMJD6;INPP4A;RRAGA;POR;GRWD1;NSMF;SIK1;NEIL1;ZFPM1;TELO2;RTEL1;CASZ1;NECAB3;TEX264;DCUN1D3;STRIP1;CHTF8;FXR2;INPP5E;INPP5K;TNRC18;PATZ1;MAGEE1;SETDB1;SS18L1;PDE2A;PARP12;PARP10;CDAN1;CYP2S1;MAGED2;CC2D1A;BAP1;CC2D1B;RPAIN;H2AX;SLC35F6;DAZAP2;DAZAP1;CITED2;PRPF19;LIMD1;ZNF805;ZMYM3;XPO6;PRX;CLIC1;VENTX;TOP3B;PRMT5;TSC22D4;IZUMO4;STRADA;PRMT1;TUBB;TOP3A;TFE3;NME2;TFEB;TYK2;TUBG2;PPRC1;TUBG1;CBFA2T3;MLF2;RHOB;ALDOA;SGK1;DNASE1L2;DNASE1L1;AKAP8;WAS;ZNF3;ZNF7;RBM15B;ATP5F1B;LMNA;RAD54L;APBB1;DCPS;APBB3;RANBP3;SORBS3;PRPF31;MEGF8;BMAL1;TJP3;POGK;ZSCAN9;CIB1;HAPSTR1;EFTUD2;TRAPPC12;CMTR1;LIG1;H2AC6;H2AC7;PUS1;H2AC4;NANOS3;ANGEL1;ARID5A;TSC2;ANXA11;NOSIP;LIG3;KRT73;LGALS9C;MYCL;MAU2;PRPF6;TIMELESS;CHMP4B;FIZ1;HDGFL2;NOP2;DTX3;PRPF8;AGER;ESS2;ZFP36L1;UBC;NLRP3;DMAP1;PDZD7;CBX8;HSPA8;CBX7;CPSF7;CBX6;TGFB1;SMAD3;CPSF1;CBX4;NONO;CBX2;ALYREF;HSPA6;ASPSCR1;EPHX3;NFKBIA;NR4A1;TMEM115;NFKBID;ZSCAN2;MUS81;USP35;KDM5C;THRA;USP31;CHTF18;USP39;ELAVL1;PKD1;IRF2BPL;RBM4;FLCN;DBP;C20ORF204;SIX5;SNAPC4;SPEG;CASP2;POLL;POLE;SCYL1;KDM6B;KLF10;KLF13;STPG4;AXIN1;PPP2R5B;PPP2R5D;AXIN2;ARID1A;SENP3;KLF15;KLF16;IQCN;OAS1;OAS2;OAS3;MYH9;SASH3;PDXK;POLDIP2;RGS14;ATF6B;BRAT1;WIZ;LTC4S;BICRA;NXF1;TFPT;MAPK7;ERBB2;HES4;MAPK3;MUTYH;KDM4B;NHERF2;NHERF1;NOS3;POLM;LIMK2;USP22;SGTA;LIMK1;ARID3B;H3-7;PITHD1;CDK2AP2;BAX;LPIN1;SSBP3;LPIN3;SSBP4;ZPR1
0,GO_Biological_Process_2026,Regulation of Transcription by RNA Polymerase II (GO:0006357),2.8330041405637013e-38,1.5539027710991902e-34,0,0,2.026598055236401,175.2133769941809,ZNF296;SPI1;MAML1;TRRAP;EHMT2;RRP1;EHMT1;NOC2L;ELK1;PHB2;ELK4;ZMIZ1;ZMIZ2;MYC;ZXDB;ZC3H12A;ZSCAN32;CREB3L2;AKT1;FOXO3B;JUNB;ZNF17;ZNF18;SOX13;BHLHA15;ZNF12;RFX1;SOX12;HCFC1;ZSCAN20;BIN1;ZSCAN22;RFX5;ATF7;PRKD2;ZSCAN25;ZSCAN29;ZNF276;ZNF275;ZNF154;CTBP2;SRCAP;CTBP1;PRDM15;PRDM11;PPP3R1;PRDM16;HMOX1;ZBTB7B;RREB1;PPARGC1B;ZSCAN18;ZNF266;FZD1;HEXIM2;NFE2;PLK3;ZNF264;JUN;ZNF384;ZNF263;ZNF142;JAG1;JUP;FZD5;PLK1;IRF2BP1;PBX2;NFATC2;NFATC1;ZNF34;NR1D1;FOSL2;POU6F1;THAP11;TADA2B;AGO1;AGO2;SNAI1;ZNF136;ZNF256;ZNF135;RNF220;ZNF134;ZNF496;PHF2;RARG;GMEB2;SETD3;ZNF250;PHF1;OGG1;TCF20;TFCP2L1;MED16;ZNF48;PHF8;MED12;IKBKB;IKBKG;CIC;ZIK1;BRD3;ZNF484;BRD2;ZNF362;BRD1;SIRT7;ZNF57;MED26;NCOR2;TAF6L;MED25;KAT2A;MED20;RARA;HCLS1;ZNF236;ZNF599;ZNF597;PPARD;ENG;KANK2;ZNF232;ZNF473;NFIX;LIN37;GPS2;FSTL3;ZNF229;PLAGL2;PCGF1;ZNF469;STAT6;BRD9;ZNF468;ZNF589;ZNF467;ZNF225;MEF2D;ZNF587;ZNF586;SPDEF;ZNF343;BRD4;MBD3;ZNF580;MBD1;MCRS1;NR1H2;PCGF2;STAT2;PCGF3;DAB2IP;WNT7A;ZNF76;ZNF79;GATAD2A;HINFP;SKI;ZNF70;MYBBP1A;PSMC3;STING1;NFIC;ZNF74;ZNF219;FOSB;ZNF579;PKN1;AGRN;ZNF213;ZNF333;GZF1;ZNF211;HSPA1A;ZNF574;ZNF572;ZNF692;ZNF691;ZBTB24;ATN1;RORC;ZBTB22;TNF;ZFP36;SALL2;RUVBL2;RUVBL1;ZNF689;ZNF446;ZNF445;ZNF444;ZNF202;ZNF443;MEN1;PIAS4;ZNF320;PIAS3;ZBTB39;SKIDA1;USP2;ZBTB32;ZBTB34;FOXP4;GTF2F1;FOXP3;HIC1;RNF40;TLE5;ZFP41;ZNF319;DGKQ;ZNF317;ERF;ZNF316;ZNF558;ZNF436;ZNF799;MAPKAPK5;ZNF554;ZNF672;NOTCH2;ZNF551;KMT2D;ZNF792;ZNF671;ZNF550;DNMT1;NOTCH1;MAZ;FOXO6;AEBP1;FOXO4;MACROH2A1;GLIS1;SLC9A1;SBNO2;DDRGK1;NACC2;ZKSCAN8;DVL1;NACC1;ZNF549;ZKSCAN3;DVL2;ZNF548;DVL3;ZNF668;ZNF304;E4F1;ZNF787;ZNF543;ZNF784;ZNF662;ESRRA;ZBTB17;BRPF1;MYPOP;ZBTB14;BRPF3;WFS1;GLMP;ZBTB12;NFKB2;CDK9;BCL9;MLXIPL;ZFP69;RGCC;MAFB;SP2;SP1;CNOT1;ZFP62;ZNF418;ZNF417;MAFF;TADA3;ZNF416;MAP3K10;PIN1;MAFK;ZNF776;OGT;ZNF653;NFE2L1;ZNF772;ZNF530;CIITA;CALCOCO1;AKAP8L;ARRB1;FASLG;FOXM1;TRO;SIN3B;ZNF408;VPS72;PPP1R13L;ZNF527;WDR5;ZNF768;NCK2;DNMT3B;HIF1AN;ZNF641;ZNF761;PELP1;EIF5A;DNMT3A;ZFP92;TNFRSF1A;PKM;TFDP1;CTDSP1;ZNF514;ZNF875;HDAC4;CEBPA;HDAC5;SMARCD1;CEBPB;SMARCD2;SMARCD3;ZBTB47;SRC;HDAC1;WBP2;SRF;ZBTB48;NLRC5;LRP5;ZBTB42;FOXK1;ZBTB45;NOD2;CXXC5;MLLT6;REPIN1;DNAJB1;ZNF629;ZNF749;ATXN1L;E2F1;ZNF746;E2F2;ZNF865;ZNF623;E2F4;ZNF740;MLXIP;SKOR1;SPAG8;SEMA4D;FBXL19;FOXJ2;FOXJ1;TBX6;KLF4;KLF2;KLF8;MCM3AP;MYO1C;ZNF619;ZNF618;POU2AF1;DNAJA3;ZNF853;BCOR;NOP53;PFKM;EIF4A1;SMARCB1;HDAC10;GFI1;ACTB;RPS6KA4;ERFL;KAT5;RPS6KA1;DPF2;ZNF841;SMARCC2;PTOV1;ACTN4;EBF4;RUNX3;JMJD6;ZNF717;THAP7;ZNF835;TRIB3;FLYWCH1;ZNF710;BCORL1;TRIB1;EZR;ZFPM1;CASZ1;SUPT4H1;ZBTB4;ZBTB3;HELZ2;ZNF707;PCBP4;MIER2;PCBP1;ZBED2;SCAP;FADD;ZBED6;PATZ1;STAT5A;EGR1;EGR2;EGR3;EGR4;MAGEE1;SS18L1;PDE2A;LIF;MICAL2;SMARCA4;ZBTB9;MC1R;PAF1;MAGED2;CALR;SLC2A4RG;CC2D1A;TP73;CC2D1B;CSRNP1;CSRNP2;CD40;CITED2;SUV39H1;SGF29;ZNF805;HYAL2;MLX;VENTX;SREBF1;TSC22D4;ZHX2;ATMIN;TFE3;NME2;TFEB;PPRC1;CBFA2T3;SREBF2;ARHGEF2;SATB1;TMPRSS6;DOT1L;WAS;ZNF3;RELA;ZNF7;RXRB;MNT;RXRA;CXCR3;HSF1;HSF4;APBB1;ZNF585B;OSM;VEGFA;PER1;TFAP4;CAMK1;BMAL1;CRTC2;CRTC1;CD81;FHOD1;ZSCAN9;IHH;JADE2;ETS2;LOXL2;AMOT;EP300;ZGPAT;ARID5A;MYCL;BRMS1;PRPF6;FIZ1;MZF1;HOMEZ;AKNA;TCF7;RAI1;DEAF1;NLRP3;CAMTA2;DMAP1;MSC;BCL9L;CBX8;CBX7;CBX6;SMAD3;TGFB1;CBX4;VDR;TGFB3;CBX2;PHF12;PTCH1;HMGA1;SUPT5H;EFNA1;NFKBIA;NR4A1;MAVS;BHLHE40;MKRN2;TCF3;MXD3;ZSCAN2;MXD4;PHF19;LDB1;THRA;MIDEAS;CHD3;PKD1;CABIN1;IRF2BPL;FLCN;DBP;SIX5;BCL7B;KDM6B;KLF10;RBM14;KLF13;ABHD14B;ARID1A;KLF15;KLF16;CREB3;EEF1D;ELF4;CRY2;IRF7;IRF8;IRF5;ATF6B;WIZ;RNF4;DLL1;AURKB;BICRA;MTA1;MAPK7;TBX21;ATOH8;RALY;MTA2;HES4;MAPK3;USP22;ATP2B4;ARID3B;EPOP;USF2;USF1;TEF;TNIP1;ERCC2;TAF6;LPIN1;TAF4;SSBP3;LPIN3;SSBP4
1,GO_Biological_Process_2026,Regulation of DNA-templated Transcription (GO:0006355),3.0069979683702716e-33,8.24669192825547e-30,0,0,1.9548417000892409,146.38708102961238,ZNF296;SPI1;MAML1;TRRAP;RRP1;EHMT1;GPATCH3;ELK1;PHB2;ELK4;ZMIZ1;ZMIZ2;MYC;ZXDB;ZSCAN32;CREB3L2;FOXO3B;JUNB;NFRKB;ZNF17;ZNF18;DAXX;ZNF282;DAPK3;SOX13;ZNF12;RFX1;HCFC1;ZSCAN20;ZSCAN22;RFX5;ATF7;ZSCAN25;ZSCAN29;ZNF276;ZNF275;ZNF154;CRABP2;CTBP2;SRCAP;CTBP1;PRDM15;BAZ2A;PRDM11;DEDD2;NUP85;PRDM16;HMOX1;ZBTB7B;RREB1;PPARGC1B;ZSCAN18;ZNF266;FZD1;HEXIM2;NFE2;ZNF264;JUN;PHC2;ZNF384;ZNF263;ZNF142;PHC1;FZD7;IRF2BP1;NFATC2;NFATC1;ZNF34;NR1D1;FOSL2;POU6F1;THAP11;HNRNPL;COL1A1;MLLT11;TADA2B;ZFAT;SNAI1;ZNF136;ZNF256;ZNF135;ZNF496;PHF2;SETD3;ZNF250;OGG1;KDM8;TFCP2L1;MED16;ZNF48;PHF8;PQBP1;MED12;IKBKB;GLI4;CIC;ZIK1;BRD3;ZNF484;BRD2;ZNF362;BRD1;RING1;SIRT7;ZNF57;MED26;NCOR2;TAF6L;KAT2A;MED24;MED20;RARA;HCLS1;GAS6;ZNF236;ZNF599;ZNF597;PPARD;ENG;ZNF232;NFIX;SF3B3;LIN37;MYRF;CIPC;SRRT;GPS2;FSTL3;HAS3;ZNF229;PLAGL2;PCGF1;STAT6;BRD9;ZNF468;ZNF467;ZNF225;ZNF587;ZNF586;SPDEF;ZNF343;BRD4;MBD3;ZNF221;ZNF341;ZNF460;BRF2;ZNF580;MBD1;MCRS1;NR1H2;PCGF2;STAT2;PCGF3;DAB2IP;WNT7A;ZNF76;ZNF79;GATAD2A;HINFP;ZNF70;MYBBP1A;NFIC;ZNF74;ZNF219;FOSB;ZNF579;PKN1;ZNF335;ZNF213;ZNF333;GZF1;ZNF211;ZNF574;ZNF692;ZNF691;ZBTB24;NAB2;RORC;CRAMP1;ZBTB22;TNF;SALL2;RUVBL2;RUVBL1;ZNF689;ZNF446;PIM2;ZNF445;ZNF444;ZNF202;ZNF443;MEN1;KCNH2;PIAS4;MAP2K3;ZNF320;ZNF682;MAP2K2;SKIDA1;DYRK1B;FOXP4;FOXP3;HIC1;RNF40;TLE5;LBHD1;ILF3;ZFP41;ZNF319;DGKQ;ZNF318;ZNF317;ERF;ZNF316;ZNF558;ZNF436;ZNF799;ZNF554;ZNF672;ZNF551;KMT2D;ZNF792;ZNF671;ZNF550;INO80E;NOTCH1;SHC1;KMT2B;MAZ;FOXO6;AEBP1;FOXO4;GLIS1;SBNO2;NACC2;ZKSCAN8;DVL1;NACC1;ZNF549;ZKSCAN3;DVL2;ZNF548;DVL3;ZNF668;ZNF304;E4F1;ZNF787;MAP2K7;ZNF664;ZNF543;ZNF784;ZNF783;ZNF662;ESRRA;BRPF1;MYPOP;ZBTB14;BRPF3;NFKB2;MLXIPL;ZFP69;MAFB;SP2;RIOX1;SP1;ZFP62;ZNF418;ZNF417;BCL3;MAFF;TADA3;ZNF416;MAP3K10;MAFK;ZNF776;OGT;ZNF653;NFE2L1;ZNF772;RNF187;ZNF530;CALCOCO1;ARRB1;FOXM1;LBH;ZNF408;VPS72;PPP1R13L;ZNF527;WDR5;ZNF768;ZNF646;ZNF641;ZNF761;DTX3L;ACTR5;DNMT3A;ZFP92;TFDP1;CTDSP1;ZNF516;ZNF514;ZNF513;ZNF875;HDAC4;CEBPA;HDAC5;SMARCD1;CEBPB;SMARCD2;SMARCD3;ZBTB47;HDAC1;WBP2;ZBTB48;CXXC1;LRP5;ZBTB42;MLLT1;PBXIP1;FOXK1;HDAC6;PPM1F;MLLT6;REPIN1;POLR2A;ZNF629;ZNF749;ZNF628;TP53INP2;TP53INP1;E2F1;ZNF746;E2F2;ZNF865;ASCC2;ZNF623;E2F4;ZNF740;MLXIP;SKOR1;FBXL19;FOXJ2;FOXJ1;TBX6;KLF4;HNRNPAB;PML;KLF2;KLF8;ZNF619;ZNF618;ZNF853;BCOR;SMARCB1;HDAC10;GFI1;ACTB;CCAR2;RPS6KA4;ERFL;TRIM28;KAT5;RPS6KA1;DPF2;KAT8;ZFPL1;SMARCC2;EBF4;RUNX3;JMJD6;THAP7;ZNF835;TRIB3;ZNF710;BCORL1;KCTD15;L3MBTL1;CASZ1;L3MBTL2;SUPT4H1;ZBTB4;ZBTB3;SEC14L2;ZNF707;PCBP4;ZNF703;INPP5K;SCAP;ZBED6;PATZ1;STAT5A;EGR1;EGR2;EGR3;EGR4;SS18L1;SMARCA4;ZBTB9;CALR;SLC2A4RG;BAP1;CC2D1A;TP73;CC2D1B;CSRNP1;CSRNP2;CITED2;SUV39H1;SGF29;LIMD1;ZNF805;QARS1;MLX;VENTX;SREBF1;PRMT5;TSC22D4;ZHX2;ATMIN;PRMT1;TFE3;NME2;RHOG;TFEB;CBFA2T3;SREBF2;MLF2;ZFTA;SPINDOC;SATB1;TMPRSS6;ZNF3;RELA;ZNF7;CAMKK2;RXRB;MNT;SERTAD3;RBM15B;RXRA;HSF1;HSF4;APBB1;ZNF585B;APBB3;VEGFA;PER1;TFAP4;TCEA2;BMAL1;PRDM8;ZSCAN9;LOXL3;JADE2;CELSR2;ETS2;LOXL2;EP300;ZGPAT;ARID5A;SUPT7L;MYCL;BRMS1;TIMELESS;MZF1;HOMEZ;TCF7;RAI1;DEAF1;EP400;CAMTA2;DMAP1;MSC;WNT1;WNT4;CBX8;CBX7;HSPA8;CBX6;NIBAN2;SMAD3;TGFB1;CBX4;VDR;TGFB3;CBX2;NONO;PHF12;HMGA1;NR4A1;BHLHE40;TCF3;MXD3;ZSCAN2;MXD4;KDM5C;PRR7;LDB1;THRA;MIDEAS;ILK;CHD3;DBP;SIX5;BCL7B;ARHGEF11;KLF10;KLF13;ARID1A;KLF15;KLF16;DNM2;CREB3;PSRC1;ELF4;CRY2;IRF7;IRF8;IRF5;ATF6B;TGFBRAP1;WIZ;RNF4;BICRA;CAND2;TFPT;MTA1;WNT11;TAF1C;TBX21;ATOH8;MTA2;USP22;ATP2B4;ARID3B;EPOP;USF2;USF1;TEF;TNIP1;PITHD1;CARM1;ERCC2;QRICH1;TAF6;TAF4
6719,GO_Cellular_Component_2026,Extracellular Vesicle (GO:1903561),3.6046341592828946e-31,5.527105710900439e-29,0,0,1.9252316347542777,134.95472849142166,CYFIP2;CYFIP1;RNH1;RPL3;IFT172;ENO2;ENO3;H2AC11;H2AC12;CAPNS1;DPYSL2;PSMD2;PSMD3;PGAP6;ANKFY1;UBASH3A;PIP4K2C;PRKACA;CHID1;ACOT7;DDX11;SERPINF1;PRKCD;SYTL1;SCRIB;CEL;HSPG2;SND1;SCAMP2;BCR;MYL6;SPINT1;PADI2;SERPING1;PLBD2;VPS28;TTYH3;CRABP2;ABCB6;SHMT2;AGAP2;SLC5A2;GNS;PRKCZ;C3;CYB5R1;HPX;NCSTN;PLCG2;NCKAP1L;CHST14;ST3GAL1;RREB1;PROM2;GSTM2;HLA-DRB5;ACE;JUP;AZU1;GP5;PRRC2A;EHD1;HNRNPL;CS;FASN;PRXL2B;TOLLIP;AGO2;H2AC21;PPT1;HYOU1;FERMT3;ARF3;GPI;PYGB;BTG2;MTMR11;HEXA;ARHGAP1;PFAS;IL18BP;LFNG;CSRP1;SMPD1;ANXA6;LYPLA2;PGAM2;TMC8;NUTF2;TMC6;DDB1;SLC7A5;TAF6L;FCER2;GPRC5B;ANGPTL6;ANGPTL2;KIFC3;GAS6;RAPGEF3;ARF5;ARF6;CRB2;GRN;AHNAK;IDUA;PTGS1;PSMB4;OLFML3;GPA33;LMAN2;FLNA;STX4;FLNB;GSN;GSR;WNT7A;TUBB4B;TUBB4A;PSMB8;IGLL5;SNX18;NUCB1;AGRN;HSPA1B;PLCD1;HSPA1A;RAB3A;PDCD6;RAB3D;PLOD3;PLOD1;AUP1;APEH;METRNL;HID1;RAB43;STK10;EFEMP2;STK11;LAMP1;NAGLU;TUBB3;RUVBL2;CFL1;RUVBL1;TOM1;CEP250;SLC26A11;AP2M1;TECTA;TOR3A;PGD;TUBA4A;ACLY;SLC9A3;MAPKAPK2;FSCN1;FKBP4;ARL8A;RTN4R;RAB5B;RAB5C;CNP;PEF1;AK2;AEBP1;RASAL3;CORO1A;MACROH2A1;SLC9A1;BAG6;TKFC;PSAP;PLXNA1;TXNDC5;AP1M1;SLC37A2;TOR1A;TMEM132A;FUZ;EEF2;STK25;PLXNB2;CSPG4;TPP1;SERINC2;ITGAM;NUMA1;WDR1;PSCA;ITGB4;MTCL2;ITGB2;DYSF;ECE1;FASLG;LSP1;PTPN23;ITGAL;FTCD;ALAD;SPN;PTBP1;FCGR3B;GM2A;RNPEP;SCRN2;ACP2;ITGB7;EMILIN1;GAL3ST4;AMN;ITGA3;GPX3;AHSA1;VPS37B;COASY;PKM;CTDSP1;LCK;TMBIM1;BPI;SFT2D2;SMPDL3A;CANT1;MGRN1;SRC;RAB1B;SEMA3G;FURIN;SLC5A10;CDC42;DNAJB1;GANAB;CSK;HNRNPA1;MARCKSL1;NAGA;CTNS;BAIAP2;SORL1;PFKL;MYO1C;NAGK;RAB15;EIF3I;CROCC;CD248;PTPN6;P4HB;PABPC1L;NECTIN4;PFKP;EIF3B;MYO1G;EIF4A1;CPNE5;CPNE7;DNHD1;GBA1;ACTB;ICAM1;C4A;PNP;PPP2R1B;PPP2R1A;ANPEP;BSG;CPNE1;DAG1;CPNE2;PTGDS;GLUL;ICOSLG;TBC1D10A;EPHB4;SLC12A9;ARSA;ACTN3;ARRDC1;ACTN1;ECH1;HLA-B;HLA-C;P3H1;MOGS;ACTN4;HLA-A;MIF;HLA-E;CRISPLD2;CDC37;MXRA8;TAGLN2;ATP6V0D1;TLN1;EZR;CD101;IGSF8;AARS1;TMEM63A;SLC22A5;SDC4;STXBP2;TWF2;PCDH12;SEC14L2;STRIP1;RACGAP1;CD19;PCBP1;NEU1;SPTBN1;VASP;VAT1;CTSA;VASN;PM20D1;CALR;CC2D1A;ITM2C;DDR1;H2AX;COL18A1;SLC35F6;ECM1;CD40;PTPRS;SLC44A2;CTSZ;SECTM1;PEPD;ORM2;PTPRF;KHK;ACTR1A;ACTR1B;C8G;CHMP1A;RAC2;SDF4;PHGDH;CD37;QSOX1;CTSF;SPTAN1;CLIC1;RAB8A;UBXN6;CTSB;TMED9;DBNL;GAA;TUBB;MINK1;NME2;RHOG;GP1BA;TYK2;RENBP;RHOB;LAT2;CEACAM1;FAM20C;ALDOC;MFGE8;ALDOA;ATP6V0C;NAPA;AHCY;TNXB;WAS;CXCR4;GDPD3;GNAI2;PTPA;ATP5F1B;GPC1;MGAT1;CILP2;CCT7;H2BC9;DYNC1H1;CD74;H2BC5;SUSD2;DDTL;HUWE1;FAH;RAB11B;PPP1CA;KRT18;TRIP10;MEGF8;FCGBP;SCARB1;CRTC2;RIPOR1;CD82;CD81;MPI;LOXL4;CIB1;JADE2;MPO;CNDP2;TGM1;AKR7A3;PLAU;ARHGDIA;CAPN5;COTL1;CAPN2;SIRPA;CAPN1;GGT1;TGM2;G6PD;H2AC6;H2AC7;CD300A;H2AC4;ANXA11;KRT73;TUFM;PLA2G15;ADAM15;HGS;GEMIN4;CHMP4B;VCP;LTBP2;SLC1A5;LTBP3;NDRG2;NID1;FBLN2;NDRG1;PLD3;DPP3;EFNB1;ADGRG1;DPP7;PODXL;ALDH3B1;UBC;PACSIN2;WNT1;WNT4;HSPA8;NIBAN2;MUC16;ALYREF;EPHX2;HSPA6;MSN;IGF2R;SYT7;ARHGAP23;QDPR;MAN2B2;PI4KA;SRPRA;TAB3;UBA1;MAN2B1;TGFBI;GALK1;LGALS3BP;B4GALT3;SLC2A1;TNFAIP3;PKD1;SGSH;ADGRE5;H2BC21;NAPRT;GMPPA;FLOT2;GET3;GFUS;GUSB;ABCC1;ATP6AP1;CAD;MARS1;ABHD14B;ARHGEF18;LSR;MMP9;TTC38;DNM1;H2BC18;DNM2;EEF1G;FGR;COL6A2;H2BC10;COL6A1;CDHR2;COL6A3;MYH9;CDHR5;MAN1B1;DOCK2;OTUB1;PLEC;LAMA5;PDXK;DCTN2;MVP;DDX23;LCAT;WIZ;SLC3A2;THBS1;MAN1C1;EPS8L1;STOM;EPS8L2;NHERF2;GALNT4;NHERF1;LAMB2;MUC5B;GALNS;FMNL1;NPHS1;MYO15A;BAX;GPD1L
6720,GO_Cellular_Component_2026,Extracellular Exosome (GO:0070062),1.2140521615391837e-30,1.3961599857700612e-28,0,0,1.9198988586387349,132.2495241523828,CYFIP2;CYFIP1;RNH1;RPL3;ENO2;ENO3;H2AC11;H2AC12;CAPNS1;DPYSL2;PSMD2;PSMD3;PGAP6;ANKFY1;UBASH3A;PIP4K2C;PRKACA;CHID1;ACOT7;DDX11;SERPINF1;PRKCD;SYTL1;SCRIB;CEL;HSPG2;SND1;SCAMP2;BCR;MYL6;SPINT1;PADI2;SERPING1;PLBD2;VPS28;TTYH3;CRABP2;ABCB6;SHMT2;AGAP2;SLC5A2;GNS;PRKCZ;C3;CYB5R1;HPX;NCSTN;PLCG2;NCKAP1L;CHST14;ST3GAL1;RREB1;PROM2;GSTM2;HLA-DRB5;ACE;JUP;AZU1;GP5;PRRC2A;EHD1;HNRNPL;CS;FASN;PRXL2B;TOLLIP;AGO2;H2AC21;PPT1;HYOU1;FERMT3;ARF3;GPI;PYGB;BTG2;MTMR11;HEXA;ARHGAP1;PFAS;IL18BP;CSRP1;SMPD1;ANXA6;LYPLA2;PGAM2;TMC8;NUTF2;TMC6;DDB1;SLC7A5;TAF6L;FCER2;GPRC5B;ANGPTL6;ANGPTL2;KIFC3;GAS6;RAPGEF3;ARF5;ARF6;CRB2;GRN;AHNAK;IDUA;PTGS1;PSMB4;GPA33;LMAN2;FLNA;STX4;FLNB;GSN;GSR;WNT7A;TUBB4B;TUBB4A;PSMB8;IGLL5;SNX18;NUCB1;AGRN;HSPA1B;PLCD1;HSPA1A;PDCD6;RAB3D;PLOD3;PLOD1;AUP1;APEH;METRNL;HID1;RAB43;STK10;EFEMP2;STK11;LAMP1;NAGLU;TUBB3;RUVBL2;CFL1;RUVBL1;TOM1;CEP250;SLC26A11;AP2M1;TECTA;TOR3A;PGD;TUBA4A;ACLY;SLC9A3;MAPKAPK2;FSCN1;FKBP4;ARL8A;RTN4R;RAB5B;RAB5C;CNP;PEF1;AK2;AEBP1;RASAL3;CORO1A;MACROH2A1;SLC9A1;BAG6;TKFC;PSAP;PLXNA1;TXNDC5;AP1M1;SLC37A2;TOR1A;TMEM132A;FUZ;EEF2;STK25;PLXNB2;CSPG4;TPP1;SERINC2;ITGAM;NUMA1;WDR1;PSCA;ITGB4;MTCL2;ITGB2;DYSF;ECE1;FASLG;LSP1;PTPN23;ITGAL;FTCD;ALAD;SPN;PTBP1;FCGR3B;GM2A;RNPEP;SCRN2;ACP2;ITGB7;EMILIN1;GAL3ST4;AMN;ITGA3;GPX3;AHSA1;VPS37B;COASY;PKM;CTDSP1;LCK;TMBIM1;BPI;SFT2D2;SMPDL3A;CANT1;MGRN1;SRC;RAB1B;SEMA3G;FURIN;SLC5A10;CDC42;DNAJB1;GANAB;CSK;HNRNPA1;MARCKSL1;NAGA;CTNS;BAIAP2;SORL1;PFKL;MYO1C;NAGK;RAB15;EIF3I;CROCC;CD248;PTPN6;P4HB;PABPC1L;NECTIN4;PFKP;EIF3B;MYO1G;EIF4A1;CPNE5;CPNE7;DNHD1;GBA1;ACTB;ICAM1;C4A;PNP;PPP2R1B;PPP2R1A;ANPEP;BSG;CPNE1;DAG1;CPNE2;PTGDS;GLUL;ICOSLG;TBC1D10A;EPHB4;SLC12A9;ARSA;ACTN3;ARRDC1;ACTN1;ECH1;HLA-B;HLA-C;P3H1;MOGS;ACTN4;HLA-A;MIF;HLA-E;CRISPLD2;CDC37;MXRA8;TAGLN2;ATP6V0D1;TLN1;EZR;CD101;IGSF8;AARS1;TMEM63A;SLC22A5;SDC4;STXBP2;TWF2;PCDH12;SEC14L2;STRIP1;RACGAP1;CD19;PCBP1;NEU1;SPTBN1;VASP;VAT1;CTSA;VASN;PM20D1;CALR;CC2D1A;ITM2C;DDR1;H2AX;COL18A1;SLC35F6;ECM1;CD40;PTPRS;SLC44A2;CTSZ;SECTM1;PEPD;ORM2;PTPRF;KHK;ACTR1A;ACTR1B;C8G;CHMP1A;RAC2;SDF4;PHGDH;CD37;QSOX1;CTSF;SPTAN1;CLIC1;RAB8A;UBXN6;CTSB;TMED9;DBNL;GAA;TUBB;MINK1;NME2;RHOG;GP1BA;TYK2;RENBP;RHOB;LAT2;CEACAM1;FAM20C;ALDOC;MFGE8;ALDOA;ATP6V0C;NAPA;AHCY;TNXB;WAS;CXCR4;GDPD3;GNAI2;PTPA;ATP5F1B;GPC1;MGAT1;CILP2;CCT7;H2BC9;DYNC1H1;CD74;H2BC5;SUSD2;DDTL;HUWE1;FAH;RAB11B;PPP1CA;KRT18;TRIP10;MEGF8;FCGBP;SCARB1;CRTC2;RIPOR1;CD82;CD81;MPI;LOXL4;CIB1;JADE2;MPO;CNDP2;TGM1;AKR7A3;PLAU;ARHGDIA;CAPN5;COTL1;CAPN2;SIRPA;CAPN1;GGT1;TGM2;G6PD;H2AC6;H2AC7;CD300A;H2AC4;ANXA11;KRT73;TUFM;PLA2G15;ADAM15;HGS;GEMIN4;CHMP4B;VCP;LTBP2;SLC1A5;LTBP3;NDRG2;NID1;NDRG1;PLD3;DPP3;EFNB1;ADGRG1;DPP7;PODXL;ALDH3B1;UBC;PACSIN2;WNT1;WNT4;HSPA8;NIBAN2;MUC16;ALYREF;EPHX2;HSPA6;MSN;IGF2R;SYT7;ARHGAP23;QDPR;MAN2B2;PI4KA;SRPRA;TAB3;UBA1;MAN2B1;TGFBI;GALK1;LGALS3BP;B4GALT3;SLC2A1;TNFAIP3;PKD1;SGSH;ADGRE5;H2BC21;NAPRT;GMPPA;FLOT2;GET3;GFUS;GUSB;ABCC1;ATP6AP1;CAD;MARS1;ABHD14B;ARHGEF18;LSR;MMP9;TTC38;DNM1;H2BC18;DNM2;EEF1G;FGR;COL6A2;H2BC10;COL6A1;CDHR2;COL6A3;MYH9;CDHR5;DOCK2;OTUB1;PLEC;LAMA5;PDXK;DCTN2;MVP;DDX23;LCAT;WIZ;SLC3A2;THBS1;MAN1C1;EPS8L1;STOM;EPS8L2;NHERF2;GALNT4;NHERF1;LAMB2;MUC5B;GALNS;FMNL1;NPHS1;MYO15A;BAX;GPD1L
2,GO_Biological_Process_2026,Positive Regulation of DNA-templated Transcription (GO:0045893),6.287562501076e-28,1.1495760106133952e-24,0,0,2.1355595177094333,133.75822721354228,EIF4A1;SPI1;SMARCB1;MAML1;TRRAP;GPATCH3;ELK1;ACTB;ELK4;RPS6KA4;TRIM28;KAT5;ZMIZ1;MYC;ZMIZ2;ZC3H12A;CREB3L2;RPS6KA1;AKT1;KAT8;JUNB;NFRKB;SMARCC2;PTOV1;BHLHA15;ACTN4;SOX12;EBF4;RUNX3;HCFC1;JMJD6;RFX5;ATF7;PRKD2;ZFPM1;CASZ1;CTBP2;SRCAP;SUPT4H1;PRDM15;PRDM11;SEC14L2;HELZ2;PPP3R1;NUP85;PCBP1;PRDM16;INPP5K;FADD;RREB1;PPARGC1B;STAT5A;FZD1;NGFR;EGR1;NFE2;JUN;ZNF263;EGR2;JAG1;JUP;EGR4;FZD5;FZD7;SS18L1;LIF;PBX2;MICAL2;NFATC2;NFATC1;NR1D1;SMARCA4;FOSL2;COL1A1;MLLT11;TADA2B;MC1R;AGO1;AGO2;SNAI1;PAF1;RNF220;TP73;ZNF496;CSRNP1;CD40;CSRNP2;RARG;GMEB2;SETD3;ELL;CITED2;OGG1;KDM8;TCF20;SGF29;MED16;PHF8;IKBKB;MED12;RPTOR;HYAL2;MLX;IKBKG;VENTX;BRD3;SREBF1;RING1;ATMIN;TFE3;NME2;RHOG;TFEB;SIRT7;PPRC1;SREBF2;TAF6L;MED25;KAT2A;MED24;RARA;HCLS1;ARHGEF2;PPARD;ENG;NFIX;SF3B3;LIN37;MYRF;TMPRSS6;DOT1L;WAS;GPS2;RELA;FSTL3;CAMKK2;RXRB;SERTAD3;RXRA;CXCR3;HSF1;HAS3;STAT6;APBB1;MEF2D;BRD4;MBD3;BRF2;MCRS1;STAT2;NR1H2;PCGF3;DAB2IP;OSM;WNT7A;ZNF76;GATAD2A;VEGFA;HINFP;SKI;PER1;TFAP4;MYBBP1A;PSMC3;STING1;NFIC;CAMK1;AGRN;BMAL1;CRTC2;CD81;CRTC1;FHOD1;RORC;IHH;CRAMP1;TNF;ETS2;SALL2;RUVBL2;RUVBL1;EP300;PIM2;MEN1;KCNH2;MAP2K3;MAP2K2;DYRK1B;GTF2F1;FOXP3;SUPT7L;RNF40;LBHD1;ILF3;PRPF6;ZNF318;MAPKAPK5;FIZ1;MZF1;NOTCH2;KMT2D;NOTCH3;INO80E;NOTCH1;AKNA;SHC1;KMT2B;MAZ;FOXO4;GLIS1;SLC9A1;RAI1;SBNO2;DEAF1;DDRGK1;DVL1;ZKSCAN3;DVL2;EP400;DVL3;NLRP3;E4F1;CAMTA2;ZNF304;DMAP1;WNT1;MAP2K7;BCL9L;WNT4;ESRRA;ZBTB17;BRPF1;NIBAN2;SMAD3;TGFB1;VDR;TGFB3;HMGA1;GLMP;SUPT5H;NFKB2;CDK9;NFKBIA;MLXIPL;BCL9;NR4A1;MAVS;RGCC;MAFB;SP1;BCL3;MAFF;TADA3;MKRN2;PIN1;TCF3;OGT;NFE2L1;RNF187;CIITA;CALCOCO1;LDB1;THRA;AKAP8L;ILK;ARRB1;CHD3;FOXM1;PKD1;IRF2BPL;LBH;DBP;VPS72;NCK2;WDR5;PELP1;EIF5A;ARHGEF11;KDM6B;KLF10;RBM14;DTX3L;ACTR5;ABHD14B;ARID1A;KLF15;TNFRSF1A;DNM2;CREB3;PSRC1;PKM;TFDP1;EEF1D;ELF4;ZNF516;IRF7;IRF8;IRF5;HDAC4;CEBPA;HDAC5;CEBPB;SMARCD3;ATF6B;HDAC1;WBP2;SRF;ZBTB48;CXXC1;LRP5;NLRC5;FOXK1;MLLT1;NOD2;RNF4;DLL1;BICRA;CAND2;TFPT;MTA1;MAPK7;WNT11;TP53INP2;TBX21;TP53INP1;ATOH8;ERBB2;E2F1;ZNF746;E2F2;E2F4;MTA2;MAPK3;MLXIP;SPAG8;USP22;FOXJ2;FOXJ1;KLF4;HNRNPAB;USF2;USF1;KLF2;MTOR;MCM3AP;MYO1C;TEF;TNIP1;PITHD1;POU2AF1;CARM1;QRICH1;TAF6;TAF4;LPIN1;PFKM;SSBP3;LPIN3;SSBP4
3,GO_Biological_Process_2026,Negative Regulation of DNA-templated Transcription (GO:0045892),8.797512408875776e-22,1.2063588890670908e-18,0,0,2.073460635134875,100.52635421087452,SPI1;HDAC10;EHMT2;GFI1;EHMT1;NOC2L;PHB2;CCAR2;ELK4;TRIM28;KAT5;MYC;ZC3H12A;DPF2;KAT8;ZNF841;DAXX;SMARCC2;ZNF282;SOX13;ZNF12;SOX12;RUNX3;HCFC1;ZNF717;THAP7;BIN1;WDR82;ATF7;TRIB3;FLYWCH1;BCORL1;TRIB1;EZR;ZFPM1;KCTD15;L3MBTL1;L3MBTL2;CTBP2;CTBP1;SUPT4H1;PRDM11;ZBTB4;DEDD2;MIER2;ZNF703;PRDM16;ZBED2;INPP5K;ZBED6;PATZ1;RREB1;HEXIM2;PLK3;JUN;ZNF263;PHC2;PHC1;MAGEE1;PLK1;PDE2A;IRF2BP1;NR1D1;SMARCA4;POU6F1;THAP11;HNRNPL;SNAI1;PAF1;MAGED2;CALR;ZNF136;ZNF256;BAP1;ZNF134;RARG;CITED2;SUV39H1;PHF1;KDM8;SGF29;LIMD1;QARS1;MLX;CIC;TSC22D4;ZHX2;RING1;SIRT7;CBFA2T3;SREBF2;ZFTA;NCOR2;MED25;KAT2A;RARA;GAS6;PPARD;ENG;KANK2;ZNF473;NFIX;LIN37;SPINDOC;SATB1;TMPRSS6;CIPC;GPS2;RELA;MNT;RBM15B;RXRA;HSF1;HSF4;FLNA;PCGF1;ZNF469;ZNF589;APBB1;SPDEF;MBD3;MBD1;NR1H2;PCGF2;DAB2IP;ZNF76;GATAD2A;VEGFA;HINFP;SKI;PER1;TFAP4;MYBBP1A;NFIC;ZNF219;FOSB;BMAL1;GZF1;HSPA1A;ZNF572;ZNF692;NAB2;ATN1;RORC;LOXL3;TNF;ETS2;LOXL2;AMOT;ZFP36;EP300;MAF1;ZNF202;MEN1;PIAS4;PIAS3;ZBTB39;ZGPAT;USP2;ZBTB32;ARID5A;ZBTB34;FOXP4;FOXP3;HIC1;TLE5;ILF3;BRMS1;ZNF318;ERF;TIMELESS;MZF1;DNMT1;NOTCH1;SHC1;MAZ;AEBP1;MACROH2A1;GLIS1;SBNO2;DEAF1;NACC2;NACC1;ZKSCAN3;E4F1;ZNF304;DMAP1;WNT4;CBX8;ZBTB17;CBX7;HSPA8;CBX6;MYPOP;NIBAN2;SMAD3;TGFB1;ZBTB14;CBX4;VDR;WFS1;PHF12;CBX2;NONO;PTCH1;HMGA1;ZBTB12;SUPT5H;NFKB2;EFNA1;NFKBIA;MLXIPL;MAFB;SP2;RIOX1;CNOT1;BHLHE40;BCL3;MAFF;TADA3;MAP3K10;MAFK;TCF3;OGT;ZNF653;NFE2L1;MXD4;PHF19;ZNF512B;CIITA;KDM5C;LDB1;THRA;ZC3H4;MIDEAS;FASLG;CHD3;FOXM1;CABIN1;IRF2BPL;TRO;FLCN;LBH;SIN3B;VPS72;DNMT3B;WDR5;HIF1AN;KLF10;DNMT3A;ZFP92;TFDP1;CRY2;IRF7;IRF8;HDAC4;CEBPA;HDAC5;CEBPB;SRC;HDAC1;SRF;FOXK1;PBXIP1;ZBTB45;CXXC5;PPM1F;AURKB;HDAC6;DNAJB1;MTA1;TBX21;ATXN1L;ATOH8;E2F1;ZNF746;RALY;E2F4;MTA2;HES4;SKOR1;SEMA4D;FOXJ1;TBX6;EPOP;KLF4;KLF2;PML;KLF8;DNAJA3;BCOR;NOP53
6721,GO_Cellular_Component_2026,Bounding Membrane of Organelle (GO:0098588),1.4986375183241743e-20,1.3787465168582403e-18,0,0,2.047909036222559,93.48120171785621,SLC35B2;PGAP2;PGAP3;SLC35B1;ZDHHC5;XYLT2;XYLT1;SPRING1;ZDHHC7;WDR83;ZDHHC8;GBA2;HS6ST1;NDST2;NDST1;GOLGA3;ANPEP;ZC3H12A;BSG;WDR91;DAG1;ANKFY1;VPS39;VPS18;COG8;PAQR4;ENTPD4;SLC35C1;AP1B1;HLA-B;COG1;HLA-C;CSNK1D;HLA-A;HLA-F;HLA-G;MAPK8IP3;HLA-E;WDR81;ULK1;ATP6V0D1;VPS28;NAA60;ABCB6;NPRL2;VPS26C;TEX261;VPS26B;MTMR4;APH1A;CRACR2A;NCSTN;MICAL1;CHST15;ST3GAL4;VPS11;SCAP;NCKAP1L;PIP5K1C;CHST14;RAB11FIP3;ST3GAL1;ST3GAL2;ST3GAL3;VPS16;ABCA2;BBS1;HLA-DRB5;PTPRN2;DMPK;SLC35E1;SURF4;EHD1;EHD3;CD209;CALR;ARF3;RYR2;SIGLEC9;CTSZ;ARHGAP1;AP2A1;PCSK7;PCSK4;LFNG;HYAL2;TCTN2;STAB1;TMED2;QSOX1;QSOX2;RAB8A;SREBF1;MAP4K2;TMED9;RHOG;SLC39A13;ZDHHC11;SREBF2;TMEM175;COMMD5;RHOB;RNF144A;B3GNT9;B3GNT7;PICK1;B3GNT2;FAM20C;TLR8;ERGIC3;ATP6V0C;CHST2;ERGIC1;SLC66A2;ADCY3;WDR24;GGA2;GGA1;GGA3;CXCR1;LMAN2;ORMDL3;MGAT3;MGAT1;MGAT2;EXTL3;YKT6;LDLR;CD74;DMTN;PTGES2;HUWE1;MIB2;AP3D1;WNT7A;ARCN1;FKBP1A;RGP1;STING1;SNX17;COPG1;GRINA;SCARB1;STEAP3;CSF3R;RAB3A;CHPF;NCF4;TEPSIN;RAB43;LAMP1;TOM1;AP2M1;CD93;ATG9B;ATG9A;TAP1;NOSIP;TICAM1;ATAD3B;TPST2;ACAP3;DOK3;RAB36;NOTCH2;NOTCH3;UBIAD1;RAB5B;NOTCH1;PSEN2;ITPR3;PLD3;RHOBTB2;IRAK1;MAN2A2;ALDH3B1;UBC;NLRP3;WNT1;SLC15A3;WNT4;AP1M1;CD163;GPR108;PTCH1;TVP23C;IGF2R;CHERP;TMEM115;DLG4;PI4KA;IFT27;TAB3;UBA1;TAB1;CCDC22;PI4KB;CNIH2;MYD88;SLC35E2B;SLC48A1;GPSM1;B4GALT3;ST6GALNAC2;GAL3ST1;PLEKHF1;ATP2A3;SLC2A1;ARRB1;ECE1;ARRB2;TCIRG1;DBH;PKD1;FTCD;FCGR3B;ADGRE5;AP1G2;ITGAX;PMEPA1;GALNT9;BOK;SLC36A1;RHBDF1;ATP6AP1;CHPF2;VPS37B;SSTR3;POMGNT1;ARFGAP1;BET1L;TNFRSF1A;TAPBP;DNM2;CREB3;EVC;RER1;OAS2;GORASP1;TMBIM1;IRF7;ST6GALNAC4;SHANK3;B4GALT7;ST6GALNAC6;CAMK2B;VAC14;LRP1;ATF6B;DCTN1;UNC93B1;GOSR2;RAB1B;FURIN;AGPAT3;CDC42;CYTH2;CYTH4;RAB40C;MGAT5B;RAB24;ERBB2;MAN1C1;RFFL;NTRK1;SLC35A2;SLC35A4;GALNT4;FKRP;GALNT2;NOS3;B3GAT1;MCOLN1;SORL1;TPCN2;TPCN1;CLCN6;FCGR2A;ABHD17A;RAB15;COL7A1;MGAT4B
4,GO_Biological_Process_2026,Positive Regulation of Transcription by RNA Polymerase II (GO:0045944),1.6556699087330914e-19,1.8162698898802012e-16,0,0,2.0414569841077794,88.28262571314522,EIF4A1;SPI1;SMARCB1;MAML1;PWWP2B;ELK1;ELK4;RPS6KA4;KAT5;ZMIZ1;MYC;ZMIZ2;ZC3H12A;RPS6KA1;AKT1;KAT8;JUNB;PTOV1;BHLHA15;ACTN4;SOX12;EBF4;HCFC1;JMJD6;WDR82;RFX5;ATF7;PRKD2;ZFPM1;CASZ1;CTBP2;SRCAP;MEPCE;SUPT4H1;PRDM15;HELZ2;PPP3R1;PCBP1;FADD;RREB1;PPARGC1B;STAT5A;FZD1;EGR1;JUN;ZNF263;EGR2;JAG1;JUP;EGR4;FZD5;SS18L1;LIF;PBX2;MICAL2;NFATC2;NFATC1;NR1D1;SMARCA4;FOSL2;MC1R;AGO1;AGO2;PAF1;RNF220;TP73;CSRNP1;CD40;CSRNP2;RARG;GMEB2;SETD3;ELL;PPP1R10;CITED2;OGG1;TCF20;MED16;MED15;PHF8;IKBKB;MED12;HYAL2;MLX;IKBKG;VENTX;BRD3;SREBF1;ATMIN;TFE3;NME2;TFEB;PPRC1;MED26;SREBF2;MED22;MED25;KAT2A;MED24;MED20;RARA;HCLS1;ARHGEF2;PPARD;ENG;NFIX;LIN37;TMPRSS6;DOT1L;WAS;GPS2;RELA;FSTL3;RXRB;RXRA;CXCR3;HSF1;STAT6;APBB1;MEF2D;BRD4;MCRS1;STAT2;NR1H2;DAB2IP;OSM;WNT7A;ZNF76;PPP1CA;VEGFA;HINFP;SKI;PER1;MYBBP1A;PSMC3;STING1;NFIC;CAMK1;AGRN;BMAL1;CRTC2;CD81;CRTC1;FHOD1;IHH;TNF;ETS2;SALL2;RUVBL2;EP300;MEN1;GTF2F1;FOXP3;RNF40;PRPF6;MAPKAPK5;FIZ1;MZF1;NOTCH2;KMT2D;NOTCH1;AKNA;FOXO4;GLIS1;SLC9A1;SBNO2;DDRGK1;DVL1;DVL2;DVL3;NLRP3;E4F1;CAMTA2;ZNF304;BCL9L;ESRRA;ZBTB17;SMAD3;TGFB1;VDR;TGFB3;HMGA1;GLMP;SUPT5H;NFKB2;CDK9;NFKBIA;MLXIPL;BCL9;NR4A1;MAVS;RGCC;SP1;MAFF;MKRN2;PIN1;TCF3;OGT;NFE2L1;CIITA;CALCOCO1;LDB1;THRA;AKAP8L;ARRB1;FOXM1;PKD1;IRF2BPL;DBP;NCK2;PELP1;EIF5A;KDM6B;KLF10;RBM14;ABHD14B;KLF15;TNFRSF1A;CREB3;PKM;TFDP1;EEF1D;ELF4;IRF7;IRF8;IRF5;HDAC4;CEBPA;HDAC5;CEBPB;ATF6B;HDAC1;WBP2;SRF;LRP5;NLRC5;NOD2;RNF4;DLL1;MAPK7;TBX21;ATOH8;E2F1;ZNF746;E2F2;E2F4;MAPK3;MLXIP;SPAG8;FOXJ2;FOXJ1;KLF4;USF2;USF1;KLF2;MCM3AP;MYO1C;TEF;TNIP1;POU2AF1;TAF8;TAF6;TAF4;LPIN1;PFKM;SSBP3;LPIN3;SSBP4
5,GO_Biological_Process_2026,Negative Regulation of Transcription by RNA Polymerase II (GO:0000122),7.731981792585031e-19,7.068320022054816e-16,0,0,2.169723519196724,90.48561059924293,SPI1;HDAC10;EHMT2;GFI1;EHMT1;NOC2L;ELK4;KAT5;MYC;ZC3H12A;DPF2;ZNF841;SOX13;SOX12;RUNX3;HCFC1;ZNF717;THAP7;BIN1;ATF7;TRIB3;FLYWCH1;BCORL1;TRIB1;EZR;ZFPM1;CTBP2;CTBP1;SUPT4H1;ZBTB4;MIER2;PRDM16;ZBED2;ZBED6;PATZ1;RREB1;HEXIM2;PLK3;JUN;ZNF263;MAGEE1;PLK1;PDE2A;IRF2BP1;NR1D1;SMARCA4;POU6F1;THAP11;SNAI1;PAF1;MAGED2;CALR;ZNF136;CC2D1A;ZNF134;RARG;CITED2;SUV39H1;PHF1;SGF29;MLX;TSC22D4;ZHX2;SIRT7;CBFA2T3;SREBF2;NCOR2;MED25;KAT2A;RARA;PPARD;ENG;KANK2;ZNF473;NFIX;LIN37;SATB1;TMPRSS6;GPS2;RELA;MNT;RXRA;HSF1;HSF4;PCGF1;ZNF469;ZNF589;APBB1;SPDEF;MBD3;MBD1;NR1H2;PCGF2;DAB2IP;ZNF76;GATAD2A;VEGFA;SKI;PER1;NFIC;ZNF219;FOSB;GZF1;HSPA1A;ZNF572;ZNF692;ATN1;RORC;TNF;ETS2;LOXL2;AMOT;ZFP36;EP300;ZNF202;MEN1;PIAS3;ZBTB39;ZGPAT;USP2;ZBTB32;ARID5A;ZBTB34;FOXP3;HIC1;TLE5;BRMS1;ERF;MZF1;DNMT1;NOTCH1;MAZ;AEBP1;MACROH2A1;GLIS1;DEAF1;NACC2;ZKSCAN3;E4F1;ZNF304;DMAP1;CBX8;ZBTB17;CBX7;CBX6;MYPOP;SMAD3;ZBTB14;CBX4;VDR;WFS1;PHF12;CBX2;PTCH1;ZBTB12;SUPT5H;NFKB2;EFNA1;NFKBIA;MAFB;SP2;CNOT1;BHLHE40;MAFF;TADA3;MAP3K10;MAFK;TCF3;OGT;ZNF653;NFE2L1;MXD4;PHF19;CIITA;LDB1;THRA;FASLG;CHD3;FOXM1;CABIN1;IRF2BPL;TRO;FLCN;SIN3B;VPS72;DNMT3B;WDR5;HIF1AN;KLF10;DNMT3A;ZFP92;TFDP1;CRY2;IRF7;IRF8;HDAC4;HDAC5;CEBPB;SRC;HDAC1;ZBTB45;CXXC5;AURKB;DNAJB1;MTA1;TBX21;ATXN1L;E2F1;ZNF746;RALY;MTA2;HES4;SKOR1;SEMA4D;FOXJ1;TBX6;EPOP;KLF4;KLF2;KLF8;DNAJA3;BCOR;NOP53
5485,GO_Molecular_Function_2026,RNA Polymerase II Cis-Regulatory Region Sequence-Specific DNA Binding (GO:0000978),6.654809648711052e-19,8.198725487212016e-16,0,0,2.0309397697250753,85.00250005636771,ZNF296;SPI1;GFI1;ELK1;ELK4;MYC;CREB3L2;ZSCAN32;FOXO3B;JUNB;ZNF17;ZNF18;ZNF282;SOX13;BHLHA15;RFX1;ZNF12;SOX12;EBF4;RUNX3;ZSCAN20;ZSCAN22;RFX5;ZNF835;ATF7;ZNF710;ZSCAN25;ZSCAN29;ZNF276;ZNF275;ZNF154;PRDM15;PRDM11;ZBTB4;ZNF707;PRDM16;ZBTB7B;PATZ1;RREB1;ZSCAN18;STAT5A;ZNF264;EGR1;NFE2;JUN;ZNF263;EGR2;EGR3;EGR4;PBX2;NFATC2;NFATC1;ZNF34;NR1D1;FOSL2;POU6F1;THAP11;ZBTB9;ZFAT;SNAI1;ZNF136;ZNF256;SLC2A4RG;ZNF135;CC2D1A;TP73;ZNF134;CC2D1B;ZNF496;RARG;GMEB2;ZNF250;OGG1;TFCP2L1;GLI4;ZNF805;MLX;ZIK1;VENTX;SREBF1;PRMT5;ZNF362;TFE3;TFEB;SREBF2;RARA;ZNF236;ZNF597;PPARD;ZNF232;NFIX;SATB1;RELA;ZNF7;RXRB;MNT;RXRA;HSF1;HSF4;STAT6;ZNF468;ZNF589;ZNF467;MEF2D;ZNF587;ZNF586;ZNF221;ZNF341;ZNF460;ZNF580;STAT2;NR1H2;ZNF76;HINFP;SKI;PER1;TFAP4;NFIC;ZNF219;ZNF74;FOSB;ZNF213;BMAL1;ZNF333;GZF1;ZNF211;ZNF572;ZNF692;ZNF691;ZBTB24;ZSCAN9;RORC;ZBTB22;ETS2;RUVBL2;ZNF689;ZNF446;ZNF202;ZNF444;ZNF320;ZBTB39;ZNF682;ZGPAT;ZBTB32;ZBTB34;FOXP4;FOXP3;MYCL;ZNF317;MZF1;ZNF551;ZNF671;ZNF792;MAZ;TCF7;FOXO6;FOXO4;GLIS1;NACC2;ZKSCAN8;NACC1;ZNF549;ZKSCAN3;ZNF548;E4F1;ZNF304;MSC;ZNF664;ZNF543;ZNF784;ZNF662;ZNF783;ESRRA;ZBTB17;MYPOP;SMAD3;ZBTB14;VDR;HMGA1;ZBTB12;NFKB2;MLXIPL;NR4A1;MAFB;SP2;SP1;ZNF418;ZNF417;BHLHE40;MAFF;ZNF416;MAFK;TCF3;ZNF776;NFE2L1;MXD3;MXD4;ZNF530;ZNF772;CALCOCO1;THRA;DBP;ZNF408;SIX5;ZNF527;SNAPC4;ZNF646;ZNF761;KDM6B;KLF10;KLF13;DNMT3A;ZFP92;KLF15;KLF16;CREB3;EEF1D;ELF4;ZNF516;IRF7;IRF8;ZNF514;IRF5;HDAC4;CEBPA;HDAC5;CEBPB;ATF6B;HDAC1;WBP2;SRF;ZBTB48;NLRC5;WIZ;FOXK1;ZBTB45;HDAC6;REPIN1;MTA1;ZNF628;TBX21;ATOH8;E2F1;ZNF746;E2F2;ZNF623;ZNF865;E2F4;ZNF740;HES4;MLXIP;SKOR1;FOXJ2;FOXJ1;TBX6;KLF4;USF2;USF1;KLF2;KLF8;TEF;ZNF853
5486,GO_Molecular_Function_2026,Cis-regulatory Region Sequence-Specific DNA Binding (GO:0000987),3.235577062870784e-18,1.993115470728403e-15,0,0,2.009761506561856,80.9377673201922,ZNF296;SPI1;GFI1;ELK1;ELK4;MYC;ZSCAN32;FOXO3B;JUNB;ZNF17;ZNF18;ZNF282;SOX13;RFX1;ZNF12;SOX12;EBF4;JMJD8;RUNX3;ZSCAN20;ZSCAN22;RFX5;ZNF835;ATF7;ZNF710;ZSCAN25;ZSCAN29;ZNF276;ZNF275;ZNF154;PRDM15;PRDM11;ZBTB4;ZNF707;PRDM16;ZBTB7B;PATZ1;RREB1;ZSCAN18;STAT5A;ZNF264;EGR1;NFE2;JUN;ZNF263;EGR2;EGR3;EGR4;PBX2;NFATC2;NFATC1;ZNF34;NR1D1;FOSL2;POU6F1;THAP11;ZBTB9;ZFAT;SNAI1;ZNF136;ZNF256;SLC2A4RG;ZNF135;CC2D1A;TP73;ZNF134;CC2D1B;ZNF496;RARG;GMEB2;ZNF250;ELL;OGG1;TFCP2L1;GLI4;ZNF805;MLX;ZIK1;VENTX;SREBF1;ZNF362;TFE3;TFEB;SREBF2;RARA;ZNF236;ZNF597;PPARD;ZNF232;NFIX;SATB1;RELA;ZNF7;MNT;RXRA;HSF1;HSF4;STAT6;ZNF468;ZNF589;ZNF467;MEF2D;ZNF587;ZNF586;ZNF221;ZNF341;ZNF460;ZNF580;STAT2;NR1H2;ZNF76;HINFP;SKI;PER1;TFAP4;NFIC;ZNF219;ZNF74;FOSB;ZNF213;BMAL1;ZNF333;GZF1;ZNF211;ZNF572;ZNF692;ZNF691;ZBTB24;ZSCAN9;RORC;ZBTB22;ETS2;RUVBL2;ZNF689;ZNF446;ZNF202;ZNF444;ZNF320;ZBTB39;ZNF682;ZGPAT;ZBTB32;ZBTB34;FOXP4;FOXP3;MYCL;ZNF317;MZF1;ZNF551;ZNF671;ZNF792;MAZ;TCF7;FOXO6;FOXO4;GLIS1;NACC2;ZKSCAN8;NACC1;ZNF549;ZKSCAN3;ZNF548;E4F1;ZNF304;MSC;ZNF664;ZNF543;ZNF784;ZNF662;ZNF783;ZBTB17;MYPOP;SMAD3;ZBTB14;VDR;HMGA1;ZBTB12;NFKB2;MLXIPL;NR4A1;MAFB;SP2;SP1;ZNF418;ZNF417;BHLHE40;MAFF;ZNF416;MAFK;TCF3;ZNF776;NFE2L1;MXD3;MXD4;ZNF530;ZNF772;CALCOCO1;THRA;DBP;ZNF408;SIX5;ZNF527;SNAPC4;ZNF646;ZNF761;KDM6B;KLF10;KLF13;DNMT3A;ZFP92;KLF15;KLF16;CREB3;EEF1D;ELF4;ZNF516;IRF7;IRF8;ZNF514;IRF5;HDAC4;CEBPA;HDAC5;CEBPB;ATF6B;HDAC1;WBP2;SRF;ZBTB48;NLRC5;WIZ;FOXK1;ZBTB45;HDAC6;REPIN1;MTA1;ZNF628;TBX21;E2F1;ZNF746;E2F2;ZNF623;ZNF865;E2F4;ZNF740;HES4;MLXIP;SKOR1;FOXJ2;FOXJ1;TBX6;KLF4;USF2;USF1;KLF2;KLF8;TEF;ZNF853
5487,GO_Molecular_Function_2026,RNA Polymerase II Transcription Regulatory Region Sequence-Specific DNA Binding (GO:0000977),2.676732702871454e-17,1.099244896645877e-14,0,0,1.8835488560541982,71.87499942030585,ZNF296;SPI1;GFI1;ELK1;ELK4;MYC;ZSCAN32;FOXO3B;JUNB;ZNF17;ZNF18;ZNF282;SOX13;RFX1;ZNF12;ACTN4;SOX12;EBF4;RUNX3;ZSCAN20;ZSCAN22;RFX5;ZNF835;ATF7;ZNF710;ZSCAN25;ZSCAN29;ZNF276;ZNF275;ZNF154;CASZ1;PRDM15;PRDM11;ZBTB4;ZNF707;PRDM16;ZBED2;ZBTB7B;PATZ1;RREB1;ZNF266;ZSCAN18;STAT5A;ZNF264;EGR1;NFE2;JUN;ZNF263;EGR2;ZNF142;EGR3;EGR4;PBX2;NFATC2;NFATC1;ZNF34;NR1D1;FOSL2;POU6F1;THAP11;ZBTB9;ZFAT;SNAI1;ZNF136;ZNF256;SLC2A4RG;ZNF135;CC2D1A;TP73;ZNF134;CC2D1B;ZNF496;RARG;GMEB2;ZNF250;OGG1;TFCP2L1;GLI4;ZNF805;MLX;CIC;ZIK1;VENTX;SREBF1;ZNF362;TFE3;TFEB;ZNF57;SREBF2;RARA;ZNF236;ZNF599;ZNF597;PPARD;ZNF232;NFIX;SATB1;ZNF3;RELA;ZNF7;RXRB;MNT;RXRA;HSF1;HSF4;STAT6;ZNF468;ZNF589;ZNF467;MEF2D;ZNF587;ZNF586;ZNF343;ZNF221;ZNF341;ZNF460;ZNF580;STAT2;NR1H2;ZNF76;ZNF79;HINFP;SKI;PER1;ZNF70;TFAP4;NFIC;ZNF219;ZNF74;FOSB;ZNF213;BMAL1;ZNF333;GZF1;ZNF211;ZNF572;ZNF692;ZNF691;ZBTB24;ZSCAN9;RORC;ZBTB22;ETS2;SALL2;RUVBL2;ZNF689;ZNF446;ZNF202;ZNF444;ZNF443;ZNF320;ZBTB39;ZNF682;ZGPAT;ZBTB32;ZBTB34;FOXP4;FOXP3;MYCL;ZFP41;ZNF317;ZNF558;ZNF436;ZNF799;MZF1;ZNF554;ZNF551;ZNF671;ZNF550;ZNF792;MAZ;TCF7;FOXO6;FOXO4;AEBP1;MACROH2A1;GLIS1;DEAF1;NACC2;ZKSCAN8;NACC1;ZNF549;ZKSCAN3;ZNF548;E4F1;ZNF304;MSC;ZNF664;ZNF543;ZNF784;ZNF662;ZNF783;ZBTB17;MYPOP;SMAD3;ZBTB14;VDR;HMGA1;ZBTB12;NFKB2;MLXIPL;NR4A1;ZFP69;MAFB;SP2;SP1;ZNF418;ZNF417;BHLHE40;MAFF;ZNF416;MAFK;TCF3;ZNF776;NFE2L1;MXD3;ZSCAN2;MXD4;ZNF530;ZNF772;ZNF512B;CALCOCO1;THRA;FOXM1;DBP;ZNF408;SIX5;ZNF527;SNAPC4;ZNF768;ZNF646;ZNF641;ZNF761;KDM6B;KLF10;KLF13;DNMT3A;ZFP92;KLF15;KLF16;CREB3;TFDP1;EEF1D;ELF4;ZNF516;IRF7;IRF8;ZNF514;IRF5;ZNF875;HDAC4;CEBPA;HDAC5;CEBPB;ATF6B;HDAC1;WBP2;SRF;ZBTB48;NLRC5;WIZ;FOXK1;ZBTB45;HDAC6;REPIN1;MTA1;ZNF628;ZNF749;TBX21;E2F1;ZNF746;E2F2;ZNF623;ZNF865;E2F4;ZNF740;HES4;MLXIP;SKOR1;FOXJ2;FOXJ1;TBX6;KLF4;USF2;USF1;KLF2;KLF8;ZNF619;TEF;ZNF853
6722,GO_Cellular_Component_2026,Lysosomal Membrane (GO:0005765),1.6371494815337217e-16,1.2551479358425201e-14,0,0,2.494419742041745,90.668178722826,SCARB1;IFITM1;FCMR;CSF3R;RAB3D;GBA1;RAB44;ZFYVE26;LAMP1;LAMP3;ANPEP;PGAP6;TOM1;CPNE1;ANKFY1;SLC26A11;VPS39;AP2M1;BORCS6;STARD3;VPS18;SZT2;AP1B1;TSC2;ATP11A;CYB561A3;MYO7A;HLA-F;AP5B1;MFSD12;MPEG1;RRAGA;WDR81;EEF1A2;CDIP1;CHMP4B;ATP6V0D1;ARL8A;SIDT2;RAB5C;TMEM63A;ABCB6;TMEM63B;BRI3;TMEM63C;NPRL2;NPRL3;STXBP2;TRPM2;NCSTN;SYNGR1;PSAP;NEU1;VPS11;SLC15A3;VPS16;AP1M1;CTSA;ABCA2;HSPA8;HLA-DRB5;STK11IP;SURF4;HPS6;AZU1;VASN;ATG16L1;PPT1;UBA1;TECPR1;SLC48A1;ABCD4;SLC35F6;PLEKHF1;SLC44A2;LPCAT1;ARRB1;ECE1;AP2A1;TCIRG1;ABCC10;SLC2A8;RPTOR;FLCN;PIP4P1;TMEM44;CHMP1A;ANXA6;GPR137;ABCD1;UBXN6;SLC36A1;ATP6AP1;PRMT1;NFAM1;GAA;TFE3;TFEB;SLC39A14;ITFG2;TMEM175;DDOST;RNF167;DNAJC5;TMBIM1;COL6A1;VAMP1;KXD1;TLR8;DAGLB;DEPDC5;KPTN;ATP6V0C;CHMP7;ARF5;SLC29A3;ARF6;SNAP47;GRN;AHNAK;LRP1;SLC66A1;WDR24;MROH1;HLA-DMA;SLC17A9;STOM;STX4;LRRC8A;LDLR;CD74;SLC12A4;KICS2;LAPTM5;AP3D1;CTNS;MCOLN1;MTOR;TPCN2;TPCN1;RMC1;CLCN7;CLCN6;ATP13A2;CD68
6723,GO_Cellular_Component_2026,Lysosome (GO:0005764),2.534560131650504e-16,1.665568086513188e-14,0,0,2.1994499131441807,78.98519668793901,SCARB1;IFITM1;FCMR;CSF3R;GBA1;MPO;RAB44;ZFYVE26;LAMP1;NAGLU;LAMP3;ANPEP;PGAP6;ANKFY1;SLC26A11;AP5S1;VPS39;AP2M1;CHID1;STARD3;VPS18;ARSA;SZT2;USP5;PRKCD;AP1B1;TSC2;ATP11A;CYB561A3;MYO7A;HLA-F;AP5B1;HSPG2;MFSD12;UNC13D;PLA2G15;RRAGA;WDR81;KCNQ1;CHMP4B;ATP6V0D1;ARL8A;SIDT2;RAB5C;TMEM63A;ABCB6;SDC4;TMEM63B;TMEM63C;NPRL2;NPRL3;SDC3;STXBP2;PSEN2;PLD4;GNS;PLD3;TRPM2;NCSTN;DPP7;PSAP;NEU1;VPS11;SLC15A3;VPS16;AP1M1;TXNDC5;CTSA;ABCA2;HSPA8;HLA-DRB5;ACE;STK11IP;GLMP;TRPV3;HPS6;VASN;SYT7;MAN2B2;PPT1;PLEKHM1;CSPG4;TPP1;MAN2B1;UBA1;ADA;TECPR1;ITM2C;SLC48A1;ABCD4;SLC35F6;PLEKHF1;SLC44A2;HEXA;CTSZ;ARRB1;ECE1;CTSW;TCIRG1;CTSV;ABCC10;BBC3;SGSH;SLC2A8;RPTOR;FLCN;FYCO1;PIP4P1;GM2A;TMEM44;SNRNP70;SMPD1;CTSK;HYAL2;CHMP1A;HYAL3;ANXA6;GPR137;ACP2;CTSF;GUSB;ABCD1;UBXN6;CTSB;SLC36A1;DTX3L;ATP6AP1;PRMT1;GAA;TFE3;TFEB;SLC39A14;ITFG2;TMEM175;RNF167;DNAJC5;TMBIM1;COL6A1;DAGLB;DEPDC5;KPTN;ATP6V0C;CHMP7;ARF5;SLC29A3;ARF6;SNAP47;GRN;AHNAK;AP5Z1;LRP1;IDUA;SRC;UNC93B1;SLC66A1;CXCR4;WDR24;MROH1;HLA-DMA;GGA3;SLC17A9;GPC1;STX4;LRRC8A;RFFL;LDLR;CD74;SLC12A4;KICS2;LAPTM5;AP3D1;CTNS;MCOLN1;MTOR;TPCN2;TPCN1;RMC1;CLCN7;GALNS;CLCN6;IRGQ;ATP13A2;AGRN;CD68
6724,GO_Cellular_Component_2026,Endoplasmic Reticulum Membrane (GO:0005789),8.89695311178576e-16,5.115748039276812e-14,0,0,1.9147742253620343,66.35775039369365,SLC35B2;FAAH;PGAP2;SLC35B1;TMEM94;EMC10;ZFYVE1;GBA2;NSDHL;ZFYVE27;CYP2D6;ZC3H12A;BSG;DAG1;PTGDS;CDK5RAP3;STARD3;HLA-B;ACSL5;HLA-C;MOGS;ALG1;HLA-A;HLA-F;HLA-G;HLA-E;POR;WDR81;PREB;ULK1;NECAB3;ABCB6;RETSAT;TEX264;RPN1;VPS26C;TEX261;UBE2J2;APH1A;CYB5R1;HSD11B2;PTDSS2;NCSTN;PTDSS1;SGPL1;CYB5R3;RDH16;HMOX1;SCAP;RCE1;HLA-DRB5;TMEM86A;TMEM86B;DMPK;EDEM1;SURF4;CIDEB;PAFAH2;GRIN2D;TBL2;CYP2S1;PEMT;CYB5RL;CALR;CDS2;RYR2;PIGT;PIGO;PIGQ;TECR;LPCAT1;PIGV;TRAM2;HERPUD1;JPH3;SMPD4;RAC2;TMED2;XXYLT1;ELOVL1;SREBF1;TMED9;RHOG;SLC39A13;SREBF2;COMMD5;RNF144A;PIGA;TLR8;ERGIC3;PIGG;ERGIC1;GRAMD1A;MYRF;DERL3;IFI6;GDPD3;PTGS1;OS9;GPAT4;LMAN2;EMC1;EXTL3;APOL2;BCAP31;PEX16;CD74;SYVN1;ARCN1;FKBP1A;STING1;LPCAT4;ESYT1;PNPLA6;TMEM39B;COPG1;GRINA;PNPLA2;DPAGT1;CLSTN3;HDLBP;PLOD3;PLOD1;AUP1;TM7SF2;RAB43;FADS2;POFUT2;SLC39A7;SBF1;NOMO1;NOMO2;DGAT2;PCYT2;DGAT1;ATG9B;ATG9A;DNAJB12;TAP1;STIMATE;CYBA;ALG12;ERN1;BSCL2;CTDNEP1;SELENON;TMX2;EEF1A2;SLC27A3;SLC27A4;NOTCH2;NOTCH3;NDRG4;UBIAD1;VCP;NOTCH1;ABHD4;PSEN2;HTRA2;PLD4;ITPR3;PLD3;PLD2;PORCN;DDRGK1;TMEM129;UBC;SLC37A2;SLC37A1;TOR1A;WFS1;RHBDD2;SEC16A;EPHX1;DOLK;DHCR24;CHERP;G6PC3;GGCX;REEP4;STT3A;SRPRA;UBA1;CLPTM1L;DEGS2;TAB1;CCDC22;DHCR7;CNIH2;NFE2L1;POMT2;LMBR1L;ABCD4;GPSM1;ADPGK;POMT1;ATP2A3;FTCD;SEC61A1;GET3;SLC37A4;ABCD1;BOK;RHBDF1;CERS4;RHBDF2;POMGNT2;LSS;DDOST;TAPBP;CREB3;TMBIM1;RFT1;MAN1B1;CERS2;PPP1R15A;CAMK2B;ATF6B;UNC93B1;GOSR2;RAB1B;AGPAT1;LTC4S;AGPAT3;LMF2;USP19;LMF1;CDC42;DNAJB2;NCLN;CDIPT;UBQLN4;HSD3B7;GALNT2;ATP13A1;MBOAT7;AMFR;RNF26;B3GAT1;PEDS1;CD4;SCD;DOLPP1;POMK;BAX;LPIN1;SEC24C;MYORG;LPIN3
6,GO_Biological_Process_2026,Positive Regulation of RNA Biosynthetic Process (GO:1902680),1.592345201854519e-16,1.2477162045960053e-13,0,0,2.2982211511242348,83.60044557398416,MAML1;TRRAP;RORC;CRAMP1;GPATCH3;ELK1;TNF;ACTB;KAT5;TRIM28;MYC;RUVBL2;CREB3L2;RUVBL1;RPS6KA1;KAT8;EP300;PIM2;NFRKB;KCNH2;MAP2K3;MAP2K2;SMARCC2;DYRK1B;FOXP3;RUNX3;SUPT7L;HCFC1;JMJD6;LBHD1;ILF3;ZNF318;INO80E;CASZ1;NOTCH1;SHC1;KMT2B;MAZ;PRDM11;SEC14L2;RAI1;NUP85;DEAF1;PRDM16;ZKSCAN3;EP400;DVL3;INPP5K;DMAP1;MAP2K7;WNT1;RREB1;WNT4;FZD1;NFE2;EGR1;JUN;EGR2;BRPF1;NIBAN2;SMAD3;TGFB1;TGFB3;FZD7;SS18L1;HMGA1;NFATC2;NFATC1;NR1D1;SMARCA4;COL1A1;MLLT11;TADA2B;MLXIPL;MAFB;SP1;BCL3;TADA3;SNAI1;TCF3;OGT;RNF187;TP73;ZNF496;CALCOCO1;SETD3;CITED2;KDM8;ILK;SGF29;CHD3;MED16;FOXM1;PHF8;IKBKB;MED12;LBH;VPS72;WDR5;ARHGEF11;RING1;DTX3L;ATMIN;ACTR5;TFE3;NME2;RHOG;TFEB;ARID1A;DNM2;TAF6L;CREB3;KAT2A;MED24;PSRC1;ELF4;ZNF516;RARA;IRF7;PPARD;HDAC4;CEBPB;SF3B3;SMARCD3;MYRF;HDAC1;WBP2;ZBTB48;CXXC1;LRP5;FOXK1;MLLT1;RNF4;RELA;CAMKK2;BICRA;RXRB;CAND2;TFPT;SERTAD3;RXRA;MTA1;WNT11;TP53INP2;TBX21;TP53INP1;ATOH8;HAS3;E2F1;APBB1;MTA2;BRD4;MBD3;MCRS1;NR1H2;USP22;PCGF3;FOXJ2;WNT7A;KLF4;HNRNPAB;KLF2;GATAD2A;HINFP;TFAP4;PITHD1;QRICH1;TAF6;TAF4;BMAL1
5488,GO_Molecular_Function_2026,Protein Kinase Binding (GO:0019901),7.060979854260001e-15,2.1747817951120803e-12,0,0,2.2152279570346693,72.18141432402355,MAML1;IRS1;ACTB;ZFYVE26;ZFP36;RPS6KA1;SIRPA;PRKACA;CDK5RAP3;MAP2K3;PDGFRB;DAXX;FBXW5;PIH1D1;PRKCD;AP1B1;SCRIB;TICAM1;MAPK8IP2;PRKAB1;SRCIN1;MAPK8IP3;CDC25A;TUBA4A;CDC25B;MAPK8IP1;STX1B;PRKAR1B;MAPKAPK3;KCNQ1;MAPKAPK2;DOK7;EEF1A2;ATF7;PRKD2;MAPKAPK5;SIK1;TRIB3;KIF20A;EPHA1;EZR;TRIB1;TRIB2;LLGL1;TELO2;PFKFB2;CTBP2;AGAP2;TWF2;ADIPOR1;MACROH2A1;ZBTB4;RHOBTB2;PRDX3;SOCS1;RACGAP1;GRK5;IRAK1;DVL1;PLCG2;PLCG1;MAP2K7;NEK9;TRAP1;ACE;SMAD3;FZD5;STK11IP;NEK6;RCC2;PLK1;MICAL2;MSN;EEF2;ARHGAP33;MAVS;TBL2;RGCC;DLG4;PIN1;CSPG4;CALM3;TCF3;LAT;MAP3K11;BCL2L1;RAD9A;TP73;DAZAP2;RYR2;CDKN1A;GSK3A;PRR7;PRKCSH;ITGB2;ILK;AP2A1;PTPN23;WDR45;FOXM1;CD3E;ELAVL1;PKD1;RND1;IKBKB;RPTOR;DUSP10;QARS1;RAC2;MAP4K2;DUSP3;GPX1;RIPK3;DUSP1;RHOG;AXIN1;TRAF2;AXIN2;LIME1;SYN1;DNM1;CEACAM3;FGR;GPRC5B;CEACAM1;LCK;CEACAM4;RARA;HCLS1;PICK1;SMCR8;IRF5;MAPRE1;PPP1R15A;HDAC5;DCTN2;DCTN1;MVP;ADCY4;WAS;NOD2;RELA;HDAC7;ADD2;CDC42;DNAJB2;MAPK7;HSF1;CSK;RFFL;SH2B3;BAD;DAB2IP;TPCN2;USF1;SKI;CD4;STING1;TNIP1;DNAJA3;TAOK2;PTPN6;PKN1
6725,GO_Cellular_Component_2026,Lytic Vacuole Membrane (GO:0098852),4.7899091439763186e-14,2.4481757846990075e-12,0,0,2.4796626663475263,76.0504601340234,SCARB1;IFITM1;FCMR;CSF3R;GBA1;RAB44;ZFYVE26;LAMP1;ANPEP;LAMP3;PGAP6;ANKFY1;SLC26A11;VPS39;AP2M1;STARD3;VPS18;SZT2;AP1B1;TSC2;MYO7A;ATP11A;CYB561A3;HLA-F;AP5B1;MFSD12;RRAGA;WDR81;CHMP4B;ATP6V0D1;ARL8A;SIDT2;TMEM63A;RAB5C;ABCB6;TMEM63B;TMEM63C;NPRL2;NPRL3;TRPM2;NCSTN;NEU1;PSAP;VPS11;SLC15A3;VPS16;AP1M1;ABCA2;HSPA8;HLA-DRB5;STK11IP;HPS6;VASN;PPT1;UBA1;TECPR1;ABCD4;SLC48A1;SLC35F6;PLEKHF1;SLC44A2;ARRB1;ECE1;TCIRG1;ABCC10;SLC2A8;RPTOR;FLCN;PIP4P1;TMEM44;CHMP1A;ANXA6;GPR137;ABCD1;UBXN6;SLC36A1;ATP6AP1;PRMT1;GAA;TFE3;TFEB;ITFG2;SLC39A14;TMEM175;RNF167;DNAJC5;COL6A1;TMBIM1;DEPDC5;KPTN;DAGLB;ATP6V0C;CHMP7;ARF5;SLC29A3;ARF6;SNAP47;GRN;AHNAK;LRP1;SLC66A1;WDR24;MROH1;HLA-DMA;SLC17A9;STX4;LRRC8A;CD74;SLC12A4;KICS2;AP3D1;LAPTM5;CTNS;MCOLN1;MTOR;TPCN2;RMC1;TPCN1;CLCN7;CLCN6;ATP13A2;CD68
6726,GO_Cellular_Component_2026,Golgi Membrane (GO:0000139),6.168504778838624e-14,2.837512198265767e-12,0,0,2.159112426001029,65.67315013128022,SLC35B2;PGAP2;CHPF;PGAP3;SLC35B1;XYLT2;ZDHHC5;XYLT1;SPRING1;ZDHHC7;ZDHHC8;GBA2;HS6ST1;HID1;NDST2;RAB43;NDST1;GOLGA3;BSG;DAG1;COG8;PAQR4;ENTPD4;ATG9B;SLC35C1;ATG9A;AP1B1;HLA-B;COG1;HLA-C;NOSIP;HLA-A;HLA-F;HLA-G;MAPK8IP3;HLA-E;TPST2;RAB36;NOTCH2;NAA60;NOTCH3;UBIAD1;NOTCH1;PSEN2;TEX261;CFP;PLD3;C3;APH1A;CRACR2A;NCSTN;MAN2A2;CHST15;ST3GAL4;SCAP;NLRP3;CHST14;ST3GAL1;RAB11FIP3;ST3GAL2;ST3GAL3;AP1M1;HLA-DRB5;SLC35E1;SURF4;TVP23C;TMEM115;IFT27;PI4KB;SLC35E2B;ARF3;GPSM1;B4GALT3;GAL3ST1;ST6GALNAC2;SLC2A1;ARRB1;PCSK7;PKD1;FTCD;PCSK4;LFNG;AP1G2;HYAL2;PMEPA1;TMED2;QSOX1;QSOX2;RAB8A;GALNT9;RHBDF1;MAP4K2;SREBF1;TMED9;ATP6AP1;CHPF2;SLC39A13;ZDHHC11;POMGNT1;ARFGAP1;BET1L;SREBF2;TNFRSF1A;DNM2;TAPBP;CREB3;B3GNT9;B3GNT7;RER1;OAS2;GORASP1;TMBIM1;B3GNT2;FAM20C;TLR8;ERGIC3;ST6GALNAC4;ATP6V0C;B4GALT7;CHST2;ERGIC1;ST6GALNAC6;VAC14;ATF6B;UNC93B1;RAB1B;GOSR2;FURIN;AGPAT3;CDC42;CYTH2;CYTH4;RAB40C;LMAN2;MGAT5B;MGAT3;MAN1C1;MGAT1;MGAT2;RFFL;EXTL3;YKT6;SLC35A2;CD74;SLC35A4;FKRP;GALNT4;PTGES2;GALNT2;NOS3;B3GAT1;HUWE1;MIB2;SORL1;ARCN1;RGP1;STING1;MGAT4B;COPG1;GRINA
5489,GO_Molecular_Function_2026,GTPase Regulator Activity (GO:0030695),2.7721903929071363e-14,6.830677128123184e-12,0,0,2.2463596032063715,70.12360482052465,RTKN;TBC1D3B;RAPGEFL1;PREX1;RABGEF1;SYNGAP1;RINL;RGS3;TBC1D10C;SIRPA;SBF1;RGS9;TBC1D10A;TBC1D22B;TBC1D10B;TGM2;PDGFRB;STARD8;TSC2;ARHGAP45;BCR;PCP2;ACAP3;OBSCN;MADD;ELMO2;TBC1D25;PREB;RIN3;DENND6B;ELMO3;RIN1;LLGL1;CDC42SE1;TBC1D9B;NPRL2;AGAP2;AGAP3;RASAL3;RASGRP2;IQGAP3;RAP1GAP;RASGRP4;RIC8A;ABR;RACGAP1;TBC1D13;NCKAP1L;PLCG1;TBC1D17;EIF2B5;RAP1GAP2;JUN;IQSEC2;DENND4B;IQSEC1;TNK2;IQSEC3;TBCD;TBCC;ARHGAP27;ADAP1;ARHGAP23;ARHGAP33;SH3BP5L;ARHGAP30;CCDC88C;RANBP10;PLXNB1;RGL4;RGL2;MON1A;MON1B;ARHGAP9;DENND1C;GPSM1;ARHGAP8;GDI1;ARHGAP1;ARRB1;ARHGEF10L;SIPA1L3;ARHGAP4;FLCN;RASGEF1A;PSD4;MCF2L;EVI5L;GIT1;RALGPS1;DENND2D;PLEKHG3;PSD;ARHGEF11;PLEKHG4;TSFM;PLEKHG2;VPS9D1;PLEKHG5;ARHGEF17;NGB;ARHGEF19;ARAP3;ARHGEF18;ARAP1;GMIP;RANGAP1;ARFGAP1;VAV1;ARFGAP2;MTSS2;VAV2;TBC1D2;TBC1D3;AGAP6;RASA3;AGAP5;EEF1D;CDC42EP2;RAPGEF1;SMCR8;ARHGEF1;ARHGEF2;DOCK2;RAPGEF3;ARHGEF5;RGS19;RGS14;GPS1;WAS;ASAP3;GPS2;DENND3;FGD2;FGD3;CYTH2;ALS2CL;CYTH4;SH3BP1;EPS8L1;EPS8L2;DAB2IP;MYO9B;DEF6;RMC1;RGP1;TBC1D3L;SGSM3;SGSM2;NUCB1;SIPA1
7,GO_Biological_Process_2026,Negative Regulation of RNA Biosynthetic Process (GO:1902679),2.004936502964707e-14,1.3746345898451771e-11,0,0,2.2728929804372844,71.68836040574895,SPI1;HDAC10;GFI1;LOXL3;EHMT1;PHB2;TNF;CCAR2;LOXL2;KAT5;TRIM28;KAT8;MEN1;PIAS4;DAXX;SMARCC2;ZGPAT;ZNF282;SOX13;ARID5A;ZNF12;FOXP4;FOXP3;TLE5;ILF3;BRMS1;THAP7;ZNF318;TIMELESS;TRIB3;BCORL1;KCTD15;L3MBTL1;NOTCH1;L3MBTL2;CTBP2;CTBP1;SHC1;PRDM11;ZBTB4;DEDD2;SBNO2;DEAF1;NACC2;PRDM16;NACC1;ZNF703;ZKSCAN3;INPP5K;DMAP1;PATZ1;ZBED6;WNT4;APOBEC3C;CBX8;HEXIM2;APOBEC3D;CBX7;HSPA8;JUN;PHC2;CBX6;PHC1;APOBEC3F;NIBAN2;TGFB1;ZBTB14;APOBEC3G;CBX4;VDR;CBX2;NONO;PHF12;HMGA1;NR1D1;SMARCA4;HNRNPL;MLXIPL;RIOX1;BCL3;BHLHE40;MAP3K10;CALR;ZNF256;BAP1;KDM5C;LDB1;THRA;CITED2;SUV39H1;MIDEAS;KDM8;CHD3;FOXM1;LIMD1;LBH;QARS1;MLX;CIC;KLF10;TSC22D4;ZHX2;RING1;DNMT3A;CBFA2T3;NCOR2;ZFTA;TFDP1;CRY2;RARA;GAS6;PPARD;CEBPA;HDAC5;LIN37;SPINDOC;HDAC1;TMPRSS6;CIPC;FOXK1;PBXIP1;HDAC6;PPM1F;RELA;RBM15B;MTA1;TBX21;ATOH8;E2F1;ZNF746;PCGF1;E2F4;MTA2;MBD3;MBD1;NR1H2;PCGF2;DAB2IP;KLF4;PML;GATAD2A;HINFP;PER1;TFAP4;MYBBP1A;ZNF219;BCOR;BMAL1;GZF1
5490,GO_Molecular_Function_2026,Sequence-specific DNA Binding (GO:0043565),2.359558783064285e-13,4.844960701225332e-11,0,0,2.124428174011583,61.76802865700133,ZNF296;SPI1;GFI1;ZSCAN9;RORC;ZBTB22;ELK1;ETS2;ELK4;LONP1;JUNB;ZNF444;JMJD4;ZGPAT;ZNF282;TINF2;SOX13;ZBTB32;ARID5A;BHLHA15;RFX1;SOX12;ZNF12;POLRMT;FOXP3;RUNX3;HIC1;WDR77;ZFP41;RFX5;ERF;ZNF316;ATF7;TELO2;ZSCAN29;ZNF276;ZNF672;KMT2B;TCF7;FOXO4;ZBTB4;GLIS1;PRDM16;ZKSCAN3;NLRP3;ZNF787;ZBTB7B;MSC;ZNF784;CTC1;ESRRA;NFE2;EGR1;CPSF4;ACD;JUN;ZNF263;ZNF384;CHTOP;EGR2;EGR3;SMAD3;ZBTB14;EGR4;NFATC2;NFATC1;ZBTB12;NR1D1;POU6F1;NFKB2;NR4A1;MAFB;SP2;SP1;MAFF;BHLHE40;SNAI1;MAFK;CSRNP1;RARG;CALCOCO1;CSRNP2;GMEB2;ZNF250;TFCP2L1;SMG5;DBP;ZNF768;MLX;VENTX;KLF10;UPF1;PRMT5;SREBF1;KLF13;PRMT1;DNMT3A;TFE3;TFEB;KLF15;SREBF2;KLF16;SIRT3;CREB3;ELF4;RARA;IRF7;IRF8;IRF5;ZNF597;PPARD;CEBPB;NFIX;MYRF;ATF6B;SATB1;SRF;CXXC1;FOXK1;ZBTB45;CXXC5;CENPB;REPIN1;RXRB;RXRA;HLX;TBX21;HSF1;E2F1;HSF4;PLAGL2;E2F2;E2F4;MEF2D;ZNF740;SPDEF;ZNF343;MBD3;SKOR1;ZNF460;ZNF580;MBD1;FBXL19;FOXJ2;ZNF76;TBX6;LRWD1;KLF4;USF2;KLF2;USF1;TFAP4;MYBBP1A;TEF;NFIC;FOSB;BMAL1;GZF1
6727,GO_Cellular_Component_2026,Endosome Membrane (GO:0010008),2.5027355936843126e-12,1.0465985209952581e-10,0,0,2.164611506867093,57.82464548810956,FCMR;STEAP3;NCF4;WDR83;RABGEF1;SCAMP4;ZFYVE27;LAMP1;LAMP3;WDR91;TOM1;ANKFY1;WASHC1;VPS39;AP2M1;STARD3;VPS18;ATG9B;ATG9A;HLA-B;HLA-C;CYB561A3;HLA-A;TICAM1;HLA-F;HLA-G;SCAMP2;HLA-E;ACAP3;SLC9A3;SLC9A5;WDR81;ATP6V0D1;VPS28;LLGL1;RAB5B;NOTCH1;RAB5C;TMEM63A;ABCB6;TMEM63B;VPS26C;VPS26B;MTMR4;NDRG1;KIR2DL4;PLD3;RHOBTB2;APH1A;NCSTN;IRAK1;MICAL1;UBC;VPS11;PACSIN2;PIP5K1C;SLC15A3;RAB11FIP3;RAB11FIP4;VPS16;ABCA2;HLA-DRB5;FZD5;FZD7;IGF2R;EHD1;EHD3;CD209;ATG16L1;TAB3;UBA1;CCDC22;TAB1;LZTR1;MYD88;TECPR1;SLC48A1;DAGLA;PLEKHF1;ARHGAP1;SNX12;DYSF;ECE1;AP2A1;TCIRG1;PIP4P1;ANXA6;PMEPA1;RAB8A;UBXN6;BOK;ATP6AP1;PLA2G4B;VPS37B;ZDHHC11;SLC39A14;TMEM175;COMMD5;RHOB;RNF144A;RNF167;TBC1D3;TMBIM1;IRF7;TLR8;ATP6V0C;SLC29A3;ARF6;CX3CR1;VAC14;SLC66A2;DCTN1;GOSR2;GGA2;GGA1;HLA-DMA;GGA3;MICALL1;ERBB2;RFFL;LDLR;NTRK1;AP3D1;MCOLN1;SNX20;SORL1;TPCN2;BAIAP3;TPCN1;RAB11B;RMC1;CLCN6;SNX18;SNX17;RAB15;ABHD17A;ATP13A2;CD68
8,GO_Biological_Process_2026,Negative Regulation of Intracellular Signal Transduction (GO:1902532),1.9246783078944445e-13,1.1729845020890032e-10,0,0,2.45678280061659,71.93176863540836,MAPKBP1;SPI1;PDCD6;GBA1;CIB1;NOC2L;HAPSTR1;CRKL;PREX1;TRIM28;PPP2R1A;RPS6KA1;ZC3H12A;CPNE1;DAG1;SIRPA;MAP2K3;PRKCD;TSC2;HLA-G;ARHGAP45;PRKAR1B;CARD19;DDIT4;PPIF;TRIB3;MAPKAPK5;TRIB1;PDE9A;AARS1;VCP;PDE1B;PRDM15;ADIPOR1;ADGRG3;STRIP1;INPP5A;SEC14L1;IRAK1;TMEM127;INPP5K;NLRP3;PLK3;PDE2A;ABCA7;NR1D1;PARP10;NFKBIA;MLXIPL;CNOT1;STK25;DLG5;BCL3;PDE3A;MKRN2;PIN1;CALR;CCDC22;BCL2L1;GSK3A;TNFAIP3;ARRB1;ARRB2;LIMD1;HERPUD1;FLCN;TIFAB;HYAL2;NKIRAS2;SMPD1;PIP5KL1;PDE4A;PMEPA1;EMILIN1;DUSP4;RUBCN;DUSP2;DUSP3;DUSP1;TMC8;SIRT7;TRAF1;DUSP8;GMIP;MMP9;AKT1S1;CACTIN;ENG;KANK2;LRP1;SRC;NLRC5;NLRC3;THBS1;RELA;STRN4;HDAC7;SH3BP1;PDE6B;RFFL;SH2B3;EGLN1;NHERF1;USP20;DAB2IP;HUWE1;FOXJ1;KLF4;TARBP2;SKI;PER1;PIK3IP1;TNIP1;TRIM39;DNAJA3;STUB1;BMAL1;NOP53
6728,GO_Cellular_Component_2026,Secretory Granule Lumen (GO:0034774),2.086948516543202e-11,7.999969313415608e-10,0,0,2.4505599086721737,60.26596569079097,FCN1;CYFIP1;GHDC;MPO;PNP;PSMD2;PSMD3;COTL1;ACAA1;ARSA;ACTN1;PRKCD;ACTN4;MIF;GTPBP2;UNC13D;ARHGAP45;CHIT1;ACLY;CRISPLD2;PADI2;SERPING1;VCP;PSMD11;TEX264;CFP;GNS;C3;CNN2;CRACR2A;CYB5R3;DPP7;NEU1;TXNDC5;CTSA;GSDMD;VAT1;HSPA8;TGFB1;JUP;STK11IP;TGFB3;HSPA6;ADA2;AZU1;EEF2;TOLLIP;MAGED2;MAN2B1;FERMT3;ARHGAP9;LGALS3BP;GPI;PYGB;ECM1;CTSZ;CTSW;DBH;ORM2;ALAD;HK3;ACTR1B;GM2A;NAPRT;TIMP2;QSOX1;GUSB;SPTAN1;DBNL;TUBB;NME2;AMPD3;FGR;PKM;ALDOC;BPI;ALDOA;GAS6;DOCK2;DNASE1L1;TOR4A;GRN;PDXK;CANT1;MVP;THBS1;DYNC1H1;GSN;PTGES2;HUWE1;TUBB4B;VEGFA;GALNS;PFKL;PSMC3;IMPDH1;PCYOX1L;PTPN6
5491,GO_Molecular_Function_2026,Sequence-specific Double-Stranded DNA Binding (GO:1990837),5.371105326889976e-12,9.453145375326357e-10,0,0,1.9730094646251968,51.19957073704884,ZNF296;SPI1;GFI1;ZSCAN9;RORC;ZBTB22;ELK1;TNF;ETS2;ELK4;CREB3L2;ZNF841;JUNB;ZNF444;MEN1;TSPYL2;KCNH2;ZNF282;DDX11;SOX13;ZBTB32;ARID5A;BHLHA15;RFX1;SOX12;ZNF12;FOXP3;RUNX3;HIC1;ZFP41;ZNF717;ZNF319;GRWD1;RFX5;ATF7;MZF1;ZSCAN29;ZNF276;KMT2D;TCF7;FOXO4;MACROH2A1;GLIS1;PRDM16;ZBED2;ZNF668;ZNF787;ZBTB7B;ZBED6;MSC;ZNF784;ESRRA;NFE2;EGR1;CPSF4;JUN;ZNF263;ZNF384;EGR2;EGR3;SMAD3;ZBTB14;EGR4;NFATC2;NFATC1;ZBTB12;NR1D1;POU6F1;NFKB2;HNRNPL;NR4A1;SP2;SP1;ZFP62;MAFF;BHLHE40;SNAI1;MAFK;TCF3;TP73;RARG;GMEB2;ZNF250;THRA;SUV39H1;TFCP2L1;CHD3;ZNF48;DBP;ZNF768;MLX;VENTX;KLF10;ZNF484;SREBF1;KLF13;ATMIN;TFE3;TFEB;KLF15;SREBF2;KLF16;CREB3;ELF4;CRY2;RARA;IRF7;IRF8;ZNF513;IRF5;ZNF597;PPARD;HDAC4;ZNF473;CEBPA;HDAC5;CEBPB;NFIX;ATF6B;SRF;ZBTB48;FOXK1;ZBTB45;CENPB;RELA;RXRB;CDC45;RXRA;ZNF629;TBX21;HSF1;ZNF229;E2F1;ZNF746;HSF4;E2F2;E2F4;ZNF225;ZNF585B;MEF2D;ZNF740;BRD4;SPDEF;ZNF343;SKOR1;ZNF460;ZNF580;FOXJ2;ZNF76;FOXJ1;TBX6;KLF4;USF2;KLF2;USF1;HINFP;PER1;TFAP4;TEF;NFIC;CARM1;FOSB;ZNF579;BCOR;ZNF335;BMAL1;ZNF574
6729,GO_Cellular_Component_2026,Vacuolar Lumen (GO:0005775),4.470871186442877e-11,1.5820005736644026e-09,0,0,3.256690947595184,77.60972238207124,PYGB;HEXA;GBA1;CTSV;MPO;ORM2;SGSH;NAGLU;GM2A;SNRNP70;CTSK;NAPRT;SMPD1;ACP2;CTSF;GUSB;CHID1;ARSA;GAA;TUBB;PRKCD;HSPG2;UNC13D;ARHGAP45;ACLY;PADI2;BPI;VCP;GRN;SDC4;IDUA;SDC3;GNS;PLD3;C3;CYB5R3;DPP7;GPC1;NEU1;PSAP;TXNDC5;CTSA;VAT1;HSPA8;CD74;DYNC1H1;STK11IP;PTGES2;ADA2;AZU1;TUBB4B;GALNS;MAN2B2;IMPDH1;TOLLIP;PPT1;CSPG4;MAN2B1;TPP1;ATP13A2;AGRN
5492,GO_Molecular_Function_2026,Kinase Binding (GO:0019900),2.2640596921855686e-11,3.4866519259657755e-09,0,0,2.0707940953531097,50.75780663983418,MAML1;ACTB;ZFYVE26;ZFP36;AKT1;PRKACA;CDK5RAP3;TNS2;MAP2K3;PDGFRB;DAXX;FBXW5;PIH1D1;PRKCD;AP1B1;SCRIB;TICAM1;MAPK8IP2;PRKAB1;SRCIN1;CDC25A;TUBA4A;CDC25B;STX1B;DGKQ;CDC37;DOK7;EEF1A2;SIK1;TRIB3;KIF20A;EPHA1;TRIB1;LLGL1;STX1A;TELO2;PFKFB2;CTBP2;AGAP2;ADIPOR1;MACROH2A1;ZBTB4;RHOBTB2;PRDX3;SOCS1;RACGAP1;IRAK1;DVL1;PLCG2;PLCG1;MAP2K7;NEK9;TRAP1;SMAD3;FZD5;STK11IP;NEK6;RCC2;PLK1;MSN;EEF2;ARHGAP33;MAVS;TBL2;RGCC;DLG4;TOLLIP;SNAI1;CSPG4;CALM3;LAT;BCL2L1;RAD9A;TP73;CDKN1A;ITGB2;ILK;AP2A1;PTPN23;WDR45;FOXM1;CD3E;ELAVL1;PKD1;RND1;IKBKB;RPTOR;QARS1;RAC2;PARP6;DUSP3;STRADA;RHOG;AXIN1;TRAF2;AXIN2;LIME1;SYN1;DNM1;TTI1;FGR;GPRC5B;CEACAM1;LCK;HCLS1;SMCR8;IRF5;LRRC14;PPP1R15A;CEBPA;DCTN2;DCTN1;MVP;WAS;HTT;NOD2;RELA;AURKB;HDAC7;ADD2;CDC42;POLR2A;HSF1;FLNA;RFFL;GSN;BAD;DAB2IP;TPCN2;USF1;SKI;PER1;PFKL;CD4;STING1;DNAJA3;PTPN6;STUB1;PFKM
9,GO_Biological_Process_2026,Phosphorylation (GO:0016310),1.0813260626814875e-11,5.931073453807959e-09,0,0,2.548554221069888,64.35162586645541,MAML1;MAST3;DGKA;TESK2;PIK3CD;LIMD1;HK1;RPS6KA4;IKBKB;LIPE;STK10;STK11;FASTK;RPS6KA1;AKT1;PIM2;PRKACA;MAP3K6;MAP4K1;MAP4K2;STRADA;PDPK1;DAPK3;PRKCD;MINK1;MATK;DYRK1B;CSNK1D;TYK2;HASPIN;PASK;RUNX3;DGKZ;CDC25B;BCR;ERN1;FGR;ZAP70;ILF3;DGKQ;RARA;FAM20C;PICK1;PRKD2;SIK1;ULK1;GAS6;TRIB2;SGK2;CSNK1G2;CAMK2B;BRSK2;LTK;CTBP1;PKN3;WNK4;PRKCZ;AURKC;CAMKK2;NUAK2;TKFC;MKNK1;ERBB2;MKNK2;PHKG2;CSK;MARK2;NADK;MAPK3;NTRK1;PLK3;DMPK;GLYCTK;NEK6;TNK2;CDC42BPG;LIMK2;PLK1;TNK1;LIMK1;PTK6;CLK3;MTOR;CLK2;CDK9;MEX3B;STK25;TOLLIP;POMK;COQ8B;COQ8A;PKN1;MAP3K11;CDK16
6730,GO_Cellular_Component_2026,Specific Granule (GO:0042581),3.2672076105615114e-10,1.0735110720416395e-08,0,0,3.1088021982972207,67.90219414910719,CYFIP1;GHDC;ITGAM;SLC44A2;CTSZ;ITGB2;ITGAL;ORM2;RAB44;STK10;MMP25;PLAU;CLEC5A;TOM1;TIMP2;QSOX1;ACAA1;SPTAN1;CD93;DGAT1;ANXA11;CYBA;ATP11A;KCNAB2;TMC6;TNFRSF1B;CHIT1;CEACAM3;CEACAM1;DNAJC5;TMBIM1;VAMP1;ADAM8;BPI;DOCK2;DNASE1L1;PDXK;TMEM63A;CANT1;STXBP2;UBR4;GPR84;CFP;ADGRG3;CNN2;TRPM2;CRACR2A;ALDH3B1;NEU1;ORMDL3;STOM;STX4;LAIR1;AP1M1;GSDMD;JUP;TSPAN14;TOLLIP;PTPN6
6731,GO_Cellular_Component_2026,Intracellular Organelle Lumen (GO:0070013),3.7884656888072595e-10,1.1617961445675596e-08,0,0,1.6686424573185115,36.19934562515321,CYFIP1;ABAT;CCAR2;C4A;PNP;FLAD1;PSMD2;PSMD3;FDXR;DAG1;LONP1;FOXO3B;MLYCD;PRKACA;PDK2;ARSA;PHYKPL;ECH1;P3H1;MIF;HSPG2;PRKAB1;JMJD8;CHIT1;CRISPLD2;MXRA8;SERPING1;CES2;CES1;GCDH;COL13A1;SDC4;SHMT2;SDC3;TRMT2B;CFP;GNS;C3;PGS1;TGOLN2;PRDX3;HPX;DHX30;ADAMTS13;SERPINH1;PUSL1;PCK2;GSDMD;TRAP1;JUP;ADHFE1;PDE2A;ERAL1;HARS2;COL1A1;CS;OGDH;HYOU1;CALR;COL9A2;GPI;COL18A1;OGG1;CTSZ;ACTR1B;QARS1;ADAMTSL4;MTG1;FASTK;TIMP2;SDF4;QSOX1;ACADS;SPTAN1;CTSB;ACAD8;DBNL;TOP3A;ANO8;NME2;MRPS2;AMPD3;SUMF2;SIRT3;MMP11;MMP14;BDH1;FASTKD5;FAM20C;ALDOC;PLEKHO2;MFGE8;GAS6;ALDOA;MOCS1;TOR4A;COL11A2;DLST;FSTL3;ATP5F1B;OS9;GPC1;DGLUCY;NT5M;GSN;GSR;HUWE1;WNT7A;ALDH4A1;PSMC3;NUCB1;AGRN;HSPA1B;PNPLA2;HSPA1A;FCN1;TOR2A;CSF1;TAMM41;APEH;ABHD11;FPGS;COTL1;PMPCA;CAPN1;MEN1;TOR3A;IGFBP4;PUS1;ANGEL1;PAM16;SHISA5;LIG3;CNPY3;POLRMT;PDIA4;ACLY;OXA1L;VCP;PSMD11;H6PD;CNN2;PITRM1;WNT1;TXNDC5;WNT4;HSPA8;CRTAP;PDHA1;TOR1A;TGFB1;MUC16;WFS1;TMEM132A;HSPA6;EEF2;AP4B1;ACSF3;ACSF2;PROC;COL5A1;COL5A3;COL20A1;PYROXD2;CSPG4;ACO2;ACADVL;ALAS1;PODXL2;PRKCSH;ALAD;NGRN;HK3;IDH3B;GUSB;COLGALT1;POLG;BCKDHA;GPX1;ELAC2;MARS2;RHBDF2;TWNK;MMP9;COASY;PKM;COL6A2;COL6A1;NDUFS3;NDUFS2;COL6A3;CANT1;POLDIP2;GLS2;MVP;FURIN;MRM1;THBS1;CLN6;TBRG4;FOXRED2;GANAB;NFS1;ALDH1B1;BPNT2;D2HGDH;ACSS1;MAPK3;MUC6;PPIL2;LAMB2;IDH3G;TXNRD2;MUC5B;SUOX;BCKDK;TSPAN15;TSPAN14;PFKL;NEURL4;PC;IMPDH1;COL7A1;DNAJA3;SARDH;PTPN6;P4HB;NAXD
10,GO_Biological_Process_2026,Regulation of Gene Expression (GO:0010468),6.08884456464564e-11,3.03611931246194e-08,0,0,1.6441311937582979,38.673217252229186,CNTF;SPI1;HDAC10;TRRAP;EHMT2;HDAC11;EHMT1;DCAF8;CCAR2;CRKL;RPS6KA4;MYC;ZC3H12A;RPS6KA1;CPNE1;DPF2;AKT1;CCNL2;LGALS9;ZFPL1;ICOSLG;DAXX;ZNF282;DAPK3;SOX13;MIF;RUNX3;HCFC1;STX1B;THAP7;ATF7;EZR;TRIM11;CRABP2;SRCAP;SUPT4H1;BAZ2A;CIAO3;ZBTB4;LARP1;ZNF703;PLCG2;ZBTB7B;PATZ1;RREB1;PPARGC1B;EGR1;ZNF263;SETDB1;FZD7;PDE2A;NFATC2;HNRNPL;TADA2B;PARP10;ZFAT;SNAI1;CALR;SLC2A4RG;TP73;ZNF134;CITED2;OGG1;SNX12;SGF29;CD3E;LIMD1;VSIR;SPOUT1;PQBP1;GLI4;FASTK;CHMP1A;PRX;MLX;TCF19;ZC3H10;PRMT5;PRMT1;TFEB;BTN3A3;MED26;MLF2;DDB1;SLC7A5;FCER2;TAF6L;KAT2A;HCLS1;GAS6;ENG;SF3B3;LIN37;AHNAK;SRRT;CRIP1;RELA;SERTAD3;PCGF1;APBB1;APBB3;ZNF221;CD74;ZNF341;ZNF460;GSN;ZNF580;VEGFA;HINFP;PER1;MYBBP1A;ZNF219;ZNF74;ZNF335;MEGF8;BMAL1;HSPA1B;GZF1;HSPA1A;PRDM8;ZNF572;CSF1;NAB2;IHH;CELSR2;TNF;RUVBL2;LAMP3;RUVBL1;SIRPA;ZBTB39;ZNF682;MAP2K2;ZBTB32;ZBTB34;TICAM1;SUPT7L;HIC1;RNF40;LGALS9C;TLE5;ADAM19;HGS;DGKQ;MYADM;MZF1;NOTCH2;KMT2D;DNMT1;NOTCH1;MAZ;TCF7;FOXO4;AEBP1;MACROH2A1;ZFP36L1;DDRGK1;DVL1;DVL2;DMAP1;MSC;ZNF664;CD276;WNT4;ZNF783;ESRRA;ZBTB17;BRPF1;SMAD3;TGFB1;ZBTB14;VDR;EPHX2;NONO;HMGA1;MSN;ZBTB12;CLK3;NFKB2;CLK2;MLXIPL;RGCC;MAFB;SP1;BHLHE40;TADA3;TMEM119;PIN1;TCF3;FGFR4;NFKBID;MYD88;GSK3A;CALCOCO1;KDM5C;EOLA1;PIK3CD;CHD3;FOXM1;PTBP1;SART3;SNRNP70;VPS72;ZC3H7B;ITGAX;TRIM68;DNMT3B;WDR5;HMG20B;ZNF646;FLOT2;EMILIN1;KDM6B;GPX1;ACTR5;TAPBP;DNM2;TFDP1;ESRP2;RNF207;ZNF516;TRIM58;SMCR8;ZNF513;HDAC4;CEBPA;HDAC5;CEBPB;LRP1;HDAC1;TGFBRAP1;CXXC1;PBXIP1;ZBTB45;DLL1;PPM1F;MLLT6;HDAC7;POLR2A;ZNF628;TAF1C;ATOH8;E2F1;ASCC2;E2F4;HNRNPA1;RBM38;SKOR1;KDM4B;NOS3;USP22;AHNAK2;ATP2B4;KLF4;HNRNPAB;PML;MAPK11;PC;TRIM39;DNAJA4;CARM1;ATP13A2;FAM50A;ZPR1
6732,GO_Cellular_Component_2026,Azurophil Granule (GO:0042582),1.6001960267498465e-09,4.6005635769058086e-08,0,0,3.0023506207530093,60.8070265459486,PYGB;RAB3D;HEXA;LPCAT1;MPO;ORM2;RAB44;LAMP1;GM2A;NAPRT;CPNE1;TOM1;GUSB;ARSA;GAA;NFAM1;TUBB;PRKCD;ANXA11;UNC13D;DDOST;ARHGAP45;ACLY;DNAJC5;PADI2;VAMP1;BPI;ATP6V0C;ARL8A;VCP;GRN;RAB5C;BRI3;STXBP2;GNS;C3;NCSTN;SYNGR1;CYB5R3;DPP7;PSAP;STOM;TXNDC5;CTSA;VAT1;DYNC1H1;STK11IP;PTGES2;SURF4;ADA2;AZU1;TUBB4B;GALNS;IMPDH1;TOLLIP;MAN2B1;CD68
6733,GO_Cellular_Component_2026,Cell-substrate Junction (GO:0030055),1.905613302576949e-09,5.156365406972921e-08,0,0,2.035704089293456,40.87380707099962,CYFIP1;RPL3;CD81;SLC4A2;PVR;ACTB;ICAM1;MPRIP;PLAU;BSG;CAPN5;CFL1;DAG1;CAPN2;CAPN1;TNS4;TNS2;TNS1;TGM2;PDGFRB;MAP2K2;ACTN3;ACTN1;ACTN4;HSPG2;SRCIN1;SLC9A5;ADGRB1;EZR;TLN1;EPHA2;FBLN7;CD151;SDC4;PXN;CD99L2;SLC9A1;CNN2;NCSTN;TSPAN9;TSPAN4;PACSIN2;LPXN;PIP5K1C;FZD1;VASP;HSPA8;JUP;MCAM;HMGA1;MSN;PARVB;IGF2R;EFNA1;EHD3;PARVG;FES;PI4KA;HYOU1;CSPG4;CALR;FERMT3;ITGB4;ITGB2;ILK;LIMD1;TRIOBP;LASP1;CSRP1;ADGRE5;ANXA6;RAC2;FLOT2;ITGB7;SCARF2;GIT1;ITGA3;NME2;RHOG;MTSS2;RHOB;DNM2;MMP14;CTTN;CDC42EP1;MYH9;EVL;ARHGEF2;ITGA5;MAPRE1;ATP6V0C;ARF6;ENG;PLEC;AHNAK;LRP1;SRC;ASAP3;CDC42;PDLIM2;FLNA;PTK2B;FLNB;PDLIM7;PAK4;MAPK3;NHERF2;GSN;ZNF185;SORBS3;ZYX;EPPK1;P4HB;HSPA1B;LIMS2;HSPA1A
6734,GO_Cellular_Component_2026,Focal Adhesion (GO:0005925),2.6666908935000767e-09,6.81487672783353e-08,0,0,2.03442301932868,40.16444896121701,CYFIP1;RPL3;CD81;SLC4A2;PVR;ACTB;ICAM1;MPRIP;PLAU;BSG;CAPN5;CFL1;DAG1;CAPN2;CAPN1;TNS4;TNS2;TNS1;TGM2;PDGFRB;MAP2K2;ACTN3;ACTN1;ACTN4;HSPG2;SRCIN1;SLC9A5;ADGRB1;EZR;TLN1;EPHA2;FBLN7;CD151;SDC4;PXN;CD99L2;SLC9A1;CNN2;NCSTN;TSPAN9;TSPAN4;PACSIN2;LPXN;PIP5K1C;FZD1;VASP;HSPA8;JUP;MCAM;HMGA1;MSN;PARVB;IGF2R;EFNA1;EHD3;PARVG;FES;PI4KA;HYOU1;CSPG4;CALR;ITGB4;ITGB2;ILK;LIMD1;TRIOBP;LASP1;CSRP1;ADGRE5;ANXA6;RAC2;FLOT2;ITGB7;SCARF2;GIT1;ITGA3;NME2;RHOG;MTSS2;RHOB;DNM2;MMP14;CTTN;CDC42EP1;MYH9;EVL;ARHGEF2;ITGA5;MAPRE1;ATP6V0C;ARF6;ENG;PLEC;AHNAK;LRP1;SRC;ASAP3;CDC42;PDLIM2;FLNA;PTK2B;FLNB;PDLIM7;PAK4;MAPK3;NHERF2;GSN;ZNF185;SORBS3;ZYX;P4HB;HSPA1B;LIMS2;HSPA1A
5493,GO_Molecular_Function_2026,Transcription Cis-Regulatory Region Binding (GO:0000976),6.897654437766019e-10,9.44212251925304e-08,0,0,1.9126493741127888,40.34670644055199,SPI1;GFI1;ELK1;TNF;SALL2;MYC;CREB3L2;LONP1;ZNF841;ZNF443;MEN1;KCNH2;SOX13;ARID5A;SOX12;ACTN4;POLRMT;JMJD8;RUNX3;ZFP41;ZNF717;ZNF319;RFX5;ZNF558;ZNF436;ZNF799;MZF1;ZNF554;KMT2D;ZNF550;CASZ1;TCF7;AEBP1;MACROH2A1;ZBTB4;DEAF1;PRDM16;ZBED2;ZNF668;E4F1;ZBED6;MSC;RREB1;ZNF266;NFE2;ZBTB17;EGR1;JUN;ZNF142;ZNF263;ZNF384;EGR2;SMAD3;ZBTB14;HMGA1;PBX2;NR1D1;FOSL2;THAP11;HNRNPL;ZFP69;SP1;ZFP62;AGO1;AGO2;SNAI1;MAFK;TCF3;ZSCAN2;TP73;ZNF512B;ELL;THRA;SUV39H1;CHD3;FOXM1;ZNF48;DBP;ZNF768;MLX;CIC;ZNF641;KLF10;ZNF484;SREBF1;ATMIN;TFE3;TFEB;ZNF57;KLF15;CREB3;TFDP1;ZNF516;CRY2;RARA;ZNF513;ZNF875;ZNF599;HDAC4;ZNF473;CEBPA;HDAC5;CEBPB;ATF6B;HDAC1;SATB1;ZBTB48;FOXK1;ZNF3;RELA;RXRB;MNT;RXRA;ZNF629;ZNF749;TBX21;HSF1;ZNF229;E2F1;ZNF746;E2F2;STAT6;ZNF589;ZNF225;ZNF585B;MEF2D;BRD4;ZNF343;MLXIP;FOXJ1;ZNF79;KLF4;HINFP;PER1;ZNF70;ZNF619;TFAP4;CARM1;ZNF579;BCOR;ZNF335;TAF4;BMAL1;ZNF574
11,GO_Biological_Process_2026,Regulation of Apoptotic Process (GO:0042981),2.4732018336346604e-10,1.1304593381238427e-07,0,0,1.7875449380052642,39.54109702091859,MTCH1;FCMR;RTKN;TRRAP;PDCD6;ARAF;CIB1;PHB2;TNF;MPO;ACTB;CCAR2;RASSF2;KAT5;AKT2;MYC;RUVBL2;RPS6KA2;ARHGDIA;CFL1;CLEC5A;RUVBL1;RPS6KA1;PIM1;AKT1;PIM3;PIM2;CCNL2;PHLDA1;TGM2;ZBP1;DAXX;ACTN3;ACTN1;DAPK3;SCRIB;ACTN4;MIF;FBXO10;MAPK8IP3;ATAD3A;SND1;BRMS1;BIN1;MADD;FKBP8;PPIF;NSMF;CARD14;RNF122;SLC27A4;NOTCH2;VCP;SHC1;DIABLO;DCUN1D3;HTRA2;PRKCZ;PRDX3;SOCS3;BCL2L11;NUAK2;CALHM2;GRK5;BAG3;DDRGK1;EP400;NCKAP1L;BMF;FADD;DMAP1;WNT1;MCL1;TXNDC5;PLK3;MOAP1;EGR1;EGR3;NIBAN2;TNFSF14;CBX4;WFS1;TGFB3;PLK1;CIDEB;AZU1;MLLT11;PROC;BCL3;PPT1;TNFSF9;MAP3K10;NF2;CALR;BCL2L2;BCL2L1;TP73;PRR5;RARG;PRR7;CITED2;FLT4;SMG9;FASLG;CD3E;FLCN;PIDD1;ADAMTSL4;AIFM2;VPS72;SMPD1;PIP5KL1;MLST8;MYO18A;CASP2;JAK3;BOK;CTSB;RIPK3;TNFRSF12A;PRMT1;SIGMAR1;NME2;TMC8;TRAF2;MMP9;RHOB;DNM2;DDB1;CREB3;AKT1S1;TNFRSF25;IRF5;GAS6;LTK;GLS2;HDAC1;SRC;IFI6;HTT;IL2RG;GRAMD4;LRP8;THBS1;RELA;PTPA;TFPT;PNMA1;ERBB2;E2F1;FLNA;PTK2B;HS1BP3;BAK1;APBB1;SPDEF;EGLN1;NTRK1;CD74;EGLN2;SEMA4D;BIK;BAD;DAB2IP;HIP1R;FBXL18;PNMA3;SEPTIN4;MTOR;HYPK;VEGFA;KRT18;TFAP4;ERCC3;DNAJA3;IL2RB;TRIM35;ACIN1;BAX;ATP13A2;QRICH1;TAF6;NOP53;HSPA1B;HSPA1A
12,GO_Biological_Process_2026,Intracellular Signaling Cassette (GO:0141124),3.0740830532725594e-10,1.2970265805538453e-07,0,0,2.1458114199849736,46.99937335872813,IRS1;ARAF;SAMD14;ZFP36;ZMIZ1;MYC;ZMIZ2;AKT1;ARFIP2;EP300;PRKACA;JUNB;MAP2K3;MAP2K2;PRKCD;TSC2;MAPK8IP2;BCR;MAPKAPK3;MAPKAPK2;ORAI1;ADAM8;EZR;SRCAP;PLD2;ZFP36L1;ABR;IRAK1;PLCG2;DVL3;PLCG1;RCE1;TRPM4;NFE2;JUN;SMAD3;TNK2;ARHGAP27;NFKB2;ARHGAP33;NFKBIA;PPP5C;ARHGAP30;MAFB;RGCC;CCDC88C;BCL3;MKRN2;TAB3;NMUR1;TAB1;MAP3K14;LAT;MAP3K11;MYD88;NFE2L1;ARHGAP9;RYR2;ARHGAP8;PTGDR2;ARHGAP1;PIK3CD;PIK3C2B;PPP1R9B;IKBKB;TRIM8;MYO18A;IKBKG;CCR5;CCR2;PDPK1;PLA2G4B;MINK1;ARHGEF18;TRAF2;GMIP;VAV1;DUSP7;VAV2;LAT2;CREB3;TLR8;ARHGEF2;SHANK3;CX3CR1;CEBPA;CEBPB;RGS19;CXCR5;OPRL1;CXCR4;NLRC3;NOD2;RELA;CAMKK2;GNA15;MAPK7;CXCR1;CXCR3;HSF1;ERBB2;MAPK3;NOS3;AMFR;MAPK12;MTOR;TPCN2;TSPAN18;NUCB1;ACKR3;QRICH1;STUB1;PLCD1
6735,GO_Cellular_Component_2026,Cytoplasmic Vesicle Membrane (GO:0030659),5.969081155192643e-09,1.445145963888745e-07,0,0,1.910018786833775,36.169400868748724,SCARB1;STEAP3;CSF3R;RAB3A;NCF4;WDR83;TEPSIN;LAMP1;ANPEP;WDR91;TOM1;ANKFY1;VPS39;AP2M1;VPS18;CD93;AP1B1;HLA-B;HLA-C;TICAM1;ATAD3B;ACAP3;DOK3;WDR81;ATP6V0D1;VPS28;RAB5B;NOTCH1;VPS26C;ITPR3;VPS26B;MTMR4;RHOBTB2;APH1A;TRPM2;NCSTN;IRAK1;MICAL1;ALDH3B1;UBC;VPS11;NCKAP1L;PIP5K1C;SLC15A3;WNT1;RAB11FIP3;VPS16;AP1M1;WNT4;ABCA2;HLA-DRB5;CD163;PTPRN2;PTCH1;IGF2R;EHD1;EHD3;CD209;DLG4;PI4KA;TAB3;UBA1;CCDC22;TAB1;MYD88;SLC48A1;SIGLEC9;PLEKHF1;ARHGAP1;DYSF;ARRB1;ECE1;AP2A1;ARRB2;TCIRG1;DBH;PKD1;FCGR3B;ADGRE5;STAB1;ITGAX;PMEPA1;RAB8A;ATP6AP1;RHOG;SLC39A13;VPS37B;ZDHHC11;TMEM175;COMMD5;RHOB;DNM2;RNF144A;TMBIM1;IRF7;PICK1;TLR8;ATP6V0C;CAMK2B;VAC14;LRP1;SLC66A2;DCTN1;HTT;GGA2;GGA1;GGA3;CXCR1;RAB24;ORMDL3;ERBB2;RFFL;LDLR;NTRK1;CD74;NOS3;AP3D1;WNT7A;MCOLN1;SORL1;TPCN2;TPCN1;CLCN6;FCGR2A;STING1;SNX17;RAB15;ABHD17A
13,GO_Biological_Process_2026,Chromatin Organization (GO:0006325),4.451165578807308e-10,1.743903085697006e-07,0,0,2.136241534220328,45.999015912616,SMARCB1;HDAC10;PWWP2B;HDAC11;EHMT1;JADE2;ACTB;LOXL2;H2AC11;TRIM28;MYC;RUVBL2;RUVBL1;DPF2;NFRKB;DAXX;SMARCC2;H2AC6;DDX11;PIH1D1;H2AC4;FOXP3;HCFC1;JMJD6;MAU2;THAP7;GRWD1;PADI2;HDGFL2;L3MBTL1;NAA60;DNMT1;INO80E;SRCAP;BAZ2A;MACROH2A1;PRDM16;DMAP1;MORC2;CHTOP;PHC1;BRPF1;SETDB1;BRPF3;MTHFR;SMARCA4;PARP10;TADA2B;CDAN1;SNAI1;H2AX;PHF2;KDM5C;SUV39H1;MIDEAS;CHD3;PHF8;CABIN1;CHAF1A;H2BC26;SART3;VPS72;H2BC21;BCL7B;BRD3;KDM6B;BRD2;PRMT5;BRD1;RING1;PRMT1;ACTR5;ARID1A;H2BC17;H2BC18;H2BC12;TAF6L;KAT2A;H2BC10;HDAC4;SMARCD1;SMARCD2;SMARCD3;SATB1;HDAC1;BICRA;MLLT6;TFPT;HIRIP3;MTA1;PCGF1;BRD9;MTA2;BRD4;H2BC9;MBD3;KDM4B;H2BC5;H2BC3;MCRS1;PCGF2;FBXL19;LRWD1;PML;GATAD2A;PER1;MYO1C;MYBBP1A;CARM1;BCOR;FAM50B;FAM50A
6736,GO_Cellular_Component_2026,Lysosomal Lumen (GO:0043202),9.358678243208378e-09,2.152495995937927e-07,0,0,3.94049209681964,72.84772674794961,SDC4;IDUA;HEXA;SDC3;GBA1;CTSV;GNS;PLD3;SGSH;GM2A;NAGLU;SNRNP70;CTSK;SMPD1;GPC1;NEU1;PSAP;ACP2;CTSF;GUSB;CTSB;TXNDC5;CHID1;CTSA;ARSA;CD74;HSPA8;GAA;HSPG2;GALNS;MAN2B2;PPT1;ATP13A2;CSPG4;MAN2B1;TPP1;AGRN
6737,GO_Cellular_Component_2026,Actin Cytoskeleton (GO:0015629),1.0076587913644272e-08,2.207252590607793e-07,0,0,2.107086207153947,38.797886072359034,ACTB;AMOT;SAMD14;MPRIP;CFL1;CAPN2;COTL1;SYNPO;ACTN3;ACTN1;TPM2;MYO7B;ACTN4;MYO7A;SRCIN1;BIN3;SCNN1D;BIN1;SPECC1L;FSCN1;MYADM;TAGLN2;ADAM8;FSCN2;EZR;LLGL1;SPTBN5;TMEM63B;FLII;KLHL17;TWF2;CORO1A;CNN2;MICAL1;LPXN;VILL;SPTBN1;MARK2;VASP;CARMIL2;SIGLEC10;PARVB;SMTN;PARVG;CORO6;FERMT3;WDR1;SLC2A1;LSP1;RCSD1;TRIOBP;LIMD2;PPP1R9B;RND1;LASP1;SH3PXD2A;RAC2;FLOT2;SPTAN1;APC2;DBNL;ARAP1;SHROOM1;MTSS2;FGR;INF2;CTTN;CDC42EP4;CDC42EP1;MYH9;ALDOA;KPTN;DBN1;RAPGEF3;PLEC;AHNAK;WAS;ABLIM2;PDLIM2;FLNA;FLNB;PDLIM7;DMTN;GSN;NHERF1;ZNF185;HIP1R;MYO9B;SEPTIN9;BAIAP2;MYO1C;MYO15A;DNAJA3;TAOK2;ZYX;MYO1F;MYO1G
14,GO_Biological_Process_2026,Protein Phosphorylation (GO:0006468),6.243834046413751e-10,2.2831619829719617e-07,0,0,2.232014055764886,47.30587842227404,MAML1;TESK2;RPS6KA4;LIPE;STK10;STK11;RPS6KA1;STK16;AKT1;PIM2;PRKACA;MAP3K6;PDGFRB;DAPK3;PRKCD;MATK;DYRK1B;CSNK1D;HASPIN;PASK;RUNX3;CDC25B;BCR;ERN1;ILF3;ULK3;PRKD2;SIK1;ULK1;MAPKAPK5;TRIB2;CSNK1G2;BLK;CSF1R;BRSK2;CTBP1;WNK4;PRKCZ;NUAK2;IRAK1;MARK2;PLK3;DMPK;NEK6;PLK1;TNK1;PTK6;CLK3;CLK2;CDK9;MEX3B;FES;STK25;CDK10;FGFR4;MAP3K11;CDK16;DDR1;MAST3;FLT4;PIK3CD;IKBKB;FASTK;MAP4K1;MAP4K2;STRADA;PDPK1;MINK1;TYK2;FGR;ZAP70;RARA;FAM20C;PICK1;GAS6;SGK2;CAMK2B;LTK;PKN3;SRC;AURKC;CAMKK2;MKNK1;ERBB2;MKNK2;PHKG2;PTK2B;CSK;MAPK3;NTRK1;GLYCTK;CDC42BPG;LIMK2;LIMK1;MTOR;ABI3;COQ8B;PTPN6;COQ8A;PKN1
5494,GO_Molecular_Function_2026,Protein Serine/Threonine Kinase Activity (GO:0004674),1.938153782942993e-09,2.3878054605857677e-07,0,0,2.0277968013535834,40.68070631409576,ARAF;TESK1;TESK2;RPS6KA4;NRBP2;STK10;STK11;AKT2;RPS6KA2;RPS6KA1;STK16;CDK20;PIM1;AKT1;PIM3;PIM2;PRKACA;MAP3K6;PDK2;STK32C;PSKH1;MAP2K2;DAPK3;PRKCD;DYRK1B;CSNK1D;HASPIN;PASK;VRK3;NRBP1;BCR;ERN1;MAPKAPK3;DGKQ;MAPKAPK2;ULK3;PRKD2;SIK1;ULK1;MAPKAPK5;TSSK3;TSSK4;CSNK1G2;BRSK2;WNK4;PKMYT1;PRKCZ;NUAK2;GRK2;GRK5;IRAK1;STK36;GRK6;MARK2;PCK2;NEK8;CDK18;PLK3;NEK9;DMPK;NEK6;PLK1;CLK3;CLK2;CDK9;STK25;CDK10;MAP3K10;MAP3K14;MAP3K11;CDK16;GSK3A;MAST3;ILK;IKBKB;RPTOR;FASTK;MLST8;IKBKE;BRD3;MAP4K1;BRD2;MAP4K2;RIPK3;PDPK1;MINK1;GAK;PKM;FAM20C;SGK1;SGK2;CAMK2B;PKN3;CAMKK1;AURKB;CAMKK2;MAPK7;MKNK1;MKNK2;PHKG2;PTK2B;BRD4;PAK4;MAPK3;CDC42BPG;LIMK2;LIMK1;MAPK12;MTOR;MAPK13;BCKDK;MAPK11;SBK1;TAOK2;RPS6KB2;CAMK1;PKN1
6738,GO_Cellular_Component_2026,Early Endosome (GO:0005769),1.5650357383578942e-08,3.2723474529301427e-07,0,0,2.0645403225806453,37.105512676402405,ANKRD13B;FCMR;RABGEF1;ZFYVE26;LAMP3;WDR91;TOM1;ANKFY1;WASHC1;PLEKHJ1;MAP2K2;AP1B1;HLA-B;HLA-C;HLA-A;HLA-F;TICAM1;HLA-G;HLA-E;SLC9A3;WDR81;HGS;KCNQ1;RIN3;ATP6V0D1;LLGL1;VPS28;RAB5B;TMEM63A;RAB5C;ABCB6;TMEM63B;PLD4;VPS26B;MTMR4;KIR2DL4;PLD3;PRDX3;TMEM127;VPS11;RAB11FIP5;VPS16;AP1M1;F8A1;PHETA2;FZD5;HPS6;PHETA1;IGF2R;EHD1;EHD3;NF2;TECPR1;DAGLA;PLEKHF1;SNX12;DYSF;ECE1;PTPN23;RCSD1;CHMP1A;HYAL3;PMEPA1;LDLRAP1;UBXN6;BOK;RUBCN;DTX3L;PLA2G4B;ARAP1;SLC39A14;TBC1D3;RAPGEF1;VAC14;LRP1;MGRN1;TGFBRAP1;CXCR4;HTT;SNX32;CLN6;GGA2;GGA1;NEURL1B;GGA3;MICALL1;ENTR1;LDLR;MAPK3;NTRK1;AP3D1;CTNS;SNX20;SORL1;BAIAP3;TPCN1;CD4;SNX17;SIGLEC1
15,GO_Biological_Process_2026,Regulation of Cell Cycle (GO:0051726),1.2907823963641534e-09,4.424963402535863e-07,0,0,2.172053221503771,44.45762290039253,TRRAP;CCNF;JADE2;ACTB;TGM1;STK11;MAEA;KAT5;AKT2;MYC;RPS6KA2;RUVBL2;RUVBL1;PIM1;PIM3;CCNL2;PIM2;PRKACA;JUNB;NFRKB;CDK5RAP3;TMEM8B;MEN1;TSPYL2;NANOS3;DAPK3;METTL3;TSC2;RUNX3;SND1;RNF40;HCFC1;RNF123;BIN1;MADD;SIK1;TTLL12;ANAPC2;L3MBTL1;INO80E;ANAPC15;CTBP1;DIABLO;DCUN1D3;HTRA2;PRDM11;GRK5;ZNF703;EP400;E4F1;DMAP1;NEK9;ZBTB17;JUN;TGFB1;NEK6;PLK1;PTK6;CDK9;NR4A1;TADA3;CALR;NF2;TCF3;BAP1;TP73;CDKN1A;CITED2;SUV39H1;SGF29;FOXM1;PKD1;PPP1R9B;VPS72;WDR5;ACTR5;RHOB;RNF167;CREB3;KAT2A;RARA;PPP1R15A;CEBPA;TP53I13;TBRG4;TFPT;FZR1;PES1;TP53INP1;RBM38;MCRS1;DAB2IP;YY1AP1;MAPK12;PML;BOP1;TAF6;BMAL1;NOP53;TRIM32;SIPA1;ZPR1
5495,GO_Molecular_Function_2026,Cadherin Binding (GO:0045296),4.3470639314918906e-09,4.868711603270918e-07,0,0,2.1069935395906456,40.56755884286332,HDLBP;CRKL;GOLGA3;MPRIP;BSG;RUVBL1;ARFIP2;TRIM25;TBC1D10A;SH3GL1;SH3GLB2;CSNK1D;SCRIB;SND1;HCFC1;ATXN2L;FSCN1;CHMP4B;TAGLN2;EZR;TLN1;EPHA2;LRRC59;NOTCH3;TWF2;UBFD1;NDRG1;CNN2;LARP1;KLC2;BAG3;PCBP1;CDH23;PACSIN2;CDH24;SPTBN1;GCN1;MARK2;VASP;HSPA8;NIBAN2;JUP;CGN;EEF2;VASN;EHD1;FASN;PI4KA;DCHS1;FXYD5;CC2D1A;ARHGAP1;H1-10;LASP1;PPP1R13L;EFHD2;CLIC1;EMD;SPTAN1;SCYL1;UNC45A;LYPLA2;DBNL;AHSA1;EPS15L1;RANGAP1;EEF1G;PLCB3;TBC1D2;PKM;CTTN;EEF1D;CDC42EP1;MYH9;ALDOA;MAPRE1;DBN1;PLEC;AHNAK;SRC;SLC3A2;DNAJB1;ARVCF;PUF60;MICALL1;EIF4H;FLNA;EPS8L1;FLNB;EPS8L2;YKT6;ABCF3;PAK4;NHERF2;DAB2IP;SEPTIN9;BAIAP2;PPP1CA;RAB11B;KRT18;PFKP;HSPA1A
16,GO_Biological_Process_2026,Positive Regulation of Intracellular Signal Transduction (GO:1902533),1.7592519258593204e-09,5.676174596081395e-07,0,0,1.750584827513222,35.28894920424635,SLC35B2;IRS1;CD81;SPRING1;PHB2;TNF;HTR6;KAT5;DHX58;CPNE1;DAG1;AKT1;TRIM25;TRIM26;PIM2;LGALS9;PRKACA;CDK5RAP3;TGM2;PDGFRB;UNC5CL;UNC5B;IL11RA;SHISA5;ACTN4;MIF;TICAM1;JMJD8;ERN1;RRAGA;DGKQ;MADD;ADAM8;RBCK1;CARD14;TSPYL5;CSF1R;AARS1;VCP;CTBP2;SHC1;MAZ;MST1R;AGER;PRDX3;CYP27B1;BCL2L11;IRAK1;DDRGK1;CD19;PLCG2;S100A13;DVL2;HMOX1;NLRP3;FADD;ZBTB7B;SLC19A1;DRD4;WNT4;SMAD3;TGFB1;TNFSF14;TGFB3;VDR;FZD7;NEK6;LIF;SMARCA4;EFNA1;PPP5C;MAVS;MC1R;DLG5;TAB3;PLXNB1;NMUR1;CCDC22;TAB1;ZCCHC3;LAT;MYD88;CC2D1A;DDR1;CD40;ECM1;THRA;CITED2;SLC44A2;FLT4;SECTM1;ILK;FASLG;BBC3;IKBKB;TRIM8;RPTOR;FLCN;GRM2;TRIM3;MLST8;FLOT2;IKBKG;IKBKE;BOK;MAP4K1;TRIM62;KSR1;PDPK1;PLEKHG5;TRAF2;TRAF1;ADRA2B;VAV1;TNFRSF1A;VAV2;FGR;TRAF7;MN1;LCK;HCLS1;TLR8;SMCR8;GAS6;ARF5;ENG;AVPI1;CX3CR1;PPP1R15A;RNF31;LTK;CANT1;SRC;GPS2;HTT;NOD2;CXXC5;IL2RG;ADCY7;WDR24;THBS1;RELA;LILRA5;RXRA;ATOH8;ERBB2;FLNA;PTK2B;EXTL3;APOL3;BRD4;SH2B1;NTRK1;BCAP31;CD74;NHERF1;SEMA4D;CARD9;DAB2IP;LAPTM5;HUWE1;MIB2;OSM;SEPTIN4;KLF2;MTOR;VEGFA;FKBP1A;TAOK2;IL2RB;BAX;PTPN6;TAF6;LTBR;TRIM32;HSPA1B;MYORG;HSPA1A
5496,GO_Molecular_Function_2026,DNA-binding Transcription Factor Binding (GO:0140297),5.721344672905268e-09,5.873913864182743e-07,0,0,2.23703600298389,42.45684494430776,DAZAP2;CRTC2;CIITA;SPI1;LDB1;CRTC1;HDAC11;NOC2L;ELK1;ETS2;CRKL;KAT5;MYC;MLX;KAT8;EP300;HIF1AN;DAXX;DAPK3;DNMT3A;EBF4;HCFC1;CREB3;KAT2A;BBS10;TFDP1;EEF1D;DGKQ;HCLS1;SIK1;FIZ1;TRIB1;TRIB2;ZFPM1;HDAC4;CEBPA;HDAC5;SMARCD3;CTBP2;CTBP1;HDAC1;SRF;DOT1L;PBXIP1;FOXO4;CXXC5;RELA;HDAC7;MTA1;PRDM16;E2F1;FLNA;NLRP3;E4F1;DMAP1;MTA2;MEF2D;MAPK3;STAT5A;BBS1;ZBTB17;EGR2;JUN;SMAD3;NEK6;SETD1A;PBX2;NFATC1;TBX6;KLF4;USF2;USF1;PARP10;SKI;MLXIPL;MAVS;STING1;SP1;CARM1;DNAJA3;BCL3;BHLHE40;MAP3K10;TCF3;BCOR;BMAL1;ZNF653;TP73
17,GO_Biological_Process_2026,Negative Regulation of Cellular Process (GO:0048523),2.162115143813745e-09,6.300128087639172e-07,0,0,1.8793559094972143,37.497245250027625,IFITM1;PLXND1;CLSTN3;CIB1;TNF;ACTB;CCAR2;ZC3H12D;STK11;MYC;RPS6KA2;PIM2;TNS2;MEN1;TSPYL2;H2AC6;H2AC4;P3H1;TSC2;LDOC1;DLEC1;MIF;FOXP3;RUNX3;RNF41;ASTL;ADAM15;HGS;ADGRB1;ULK1;DNMT1;NOTCH1;CTBP2;CTBP1;DCUN1D3;NAIF1;HTRA2;FOXO4;PRDM11;CYP27B1;ADGRG1;DPP9;PODXL;TMEM127;NACC2;ZKSCAN3;INPP5K;LPXN;WNT1;ZBTB17;NIBAN2;SMAD3;TGFB1;WFS1;TGFB3;VDR;INCA1;OSGIN1;HMGA1;FUZ;CHERP;SMARCA4;NFKBIA;NR4A1;RGCC;TMEM115;DLG5;PPT1;CDK10;PIN1;PLXNB2;PLXNB1;NF2;TGFBI;BAP1;TP73;COL18A1;PTPRU;BTG2;CDKN1A;RARG;GDI1;SUV39H1;PEPD;PPP1R9B;RND1;SPN;HYAL2;BCL7B;NCK2;WDR6;SPEG;EMILIN1;KLF10;DUSP1;CBFA2T3;SSTR3;TENT5C;RHOB;RNF167;CREB3;PSRC1;MYH9;KANK2;CEBPA;SMARCD1;TP53I13;WAS;DLL1;THBS1;BICRA;DNAJB2;FZR1;SERTAD3;TP53INP1;LMNA;PTK2B;BRD9;TP53I11;SH2B3;NTRK1;RBM38;DMTN;NHERF1;SEMA4D;NOS3;NR1H2;SUSD2;DAB2IP;OSM;BMP8B;KLF4;PODN;PML;SKI;TFAP4;DNAJA3;PTPN6;TAF6;HSPA1B;SIPA1;HSPA1A
18,GO_Biological_Process_2026,Protein Modification Process (GO:0036211),2.1823597751165773e-09,6.300128087639172e-07,0,0,1.9463908674016976,38.81659878307249,MAML1;ARAF;TESK2;NAA80;LOXL2;RPS6KA4;TGM1;LIPE;STK10;STK11;AKT2;RPS6KA1;MACROD1;AKT1;PIM2;PRKACA;MAP3K6;SBF1;TGM2;JMJD4;DAPK3;PRKCD;MATK;DYRK1B;P3H1;CSNK1D;PASK;HASPIN;JMJD7;RUNX3;CDC25B;BCR;CTDNEP1;ERN1;ILF3;CDC34;ADPRH;PRKD2;SIK1;ULK1;TRIB2;CSNK1G2;BRSK2;CTBP1;WNK4;PRKCZ;PORCN;NUAK2;RCE1;ST3GAL1;MARK2;PLK3;PTPRN2;DMPK;NEK6;PLK1;TNK1;PTK6;CLK3;CLK2;SSH1;CDK9;PTPRE;MEX3B;GGCX;RIOX1;STK25;STT3A;MAP3K11;BAP1;CDK16;PTPRU;ST6GALNAC2;PTPRS;MAST3;PIK3CD;NAGPA;TRIOBP;IKBKB;FASTK;MAP4K1;MAP4K2;DUSP2;STRADA;PDPK1;MINK1;TYK2;RABGGTA;SUMF2;FGR;ZAP70;MMP15;CTDSP1;CTDSP2;RARA;PICK1;FAM20C;ATG4B;GAS6;SGK2;B4GALT7;ATG4D;CAMK2B;LTK;CTDP1;PKN3;PPM1M;AURKC;AURKB;CAMKK2;MKNK1;PHKG2;ERBB2;MKNK2;CSK;MAPK3;NTRK1;PTPN18;GLYCTK;MCRS1;CDC42BPG;LIMK2;LIMK1;MTOR;PPP1CA;COQ8B;PTPN6;COQ8A;PKN1
6739,GO_Cellular_Component_2026,Lytic Vacuole (GO:0000323),4.538462945699503e-08,9.076925891399006e-07,0,0,2.1757697765750303,36.788116309097006,PLEKHF1;CTSZ;HEXA;GBA1;CTSW;CTSV;MPO;BBC3;SGSH;RPTOR;FLCN;FYCO1;ZFYVE26;LAMP1;NAGLU;CTSK;HYAL2;SMPD1;HYAL3;ACP2;CTSF;AP5S1;CTSB;CHID1;ARSA;VPS18;USP5;DTX3L;GAA;TSC2;AP5B1;MFSD12;UNC13D;TMEM175;PLA2G15;RNF167;RRAGA;KCNQ1;DEPDC5;SIDT2;GRN;AP5Z1;SRC;UNC93B1;PSEN2;CXCR4;PLD4;GNS;PLD3;TRPM2;GGA3;DPP7;NEU1;PSAP;VPS11;RFFL;LDLR;VPS16;CTSA;ABCA2;CD74;ACE;LAPTM5;GLMP;TRPV3;CTNS;MCOLN1;SYT7;MTOR;TPCN2;TPCN1;GALNS;IRGQ;MAN2B2;PPT1;PLEKHM1;MAN2B1;TPP1;ATP13A2;CD68;ADA;ITM2C
5497,GO_Molecular_Function_2026,Small GTPase Binding (GO:0031267),1.7227294314094204e-08,1.6169948034077113e-06,0,0,2.3749456497502677,42.45635911942611,CYFIP1;RTKN;ARHGAP1;C15ORF62;CIB1;GCC1;TNFAIP1;TRIOBP;BICD2;RPTOR;RABGEF1;RINL;PPP6R1;ANKFY1;ARFIP2;EVI5L;VPS39;GIT1;RAB8A;PLEKHG3;PLEKHG2;VPS9D1;ATP6AP1;DAPK3;TSC2;NUTF2;RANGAP1;RABGGTA;UNC13D;MTSS2;RNF41;CDC42EP4;EHBP1L1;PEX5;CDC42EP2;CDC42EP1;RIN3;ULK1;ARHGEF2;RIN1;DEPDC5;DOCK2;WAS;NDRG1;RAP1GAP;FGD2;FGD3;GGA2;GGA1;ALS2CL;GGA3;TMEM127;MICALL1;MICALL2;FLNA;DVL3;RAB11FIP3;RAB11FIP4;NGFR;RANBP3;ODF2;RCC2;MYO9B;HPS6;SORL1;EHD1;RGP1;FMNL1;MYO1C;SGSM3;SGSM2;PKN1;LZTR1
5498,GO_Molecular_Function_2026,"DNA-binding Transcription Repressor Activity, RNA Polymerase II-specific (GO:0001227)",1.83749409478149e-08,1.6169948034077113e-06,0,0,2.461537507845614,43.84559041090134,ZNF512B;ZNF572;ZNF692;ZC3H4;GFI1;RORC;ETS2;MYC;MLX;ZNF202;ZBTB39;ZGPAT;SOX13;ZBTB32;ZFP92;ZBTB34;FOXP4;FOXP3;SREBF2;HIC1;ERF;IRF8;ATF7;MZF1;PPARD;CEBPB;SATB1;FOXK1;ZBTB45;AEBP1;ZBTB4;RELA;MNT;DEAF1;NACC2;TBX21;PRDM16;HSF1;NACC1;ZBED2;ZKSCAN3;ZNF746;E4F1;ZNF589;PATZ1;ZBED6;ZBTB17;JUN;ZNF263;MYPOP;ZBTB14;ZNF76;ZBTB12;NR1D1;POU6F1;THAP11;SKI;KLF8;SP2;ZNF219;BHLHE40;SNAI1;MAFK;TCF3;CC2D1A;NFE2L1;ZNF134;GZF1
6740,GO_Cellular_Component_2026,Endocytic Vesicle (GO:0030139),8.687421926530403e-08,1.6650892025849942e-06,0,0,2.3675980021747542,38.494313099245126,SCARB1;CSF3R;ZDHHC5;CLTB;DYSF;AP2A1;ARRB1;ARRB2;MPO;AMOT;RAB43;RABGEF1;RINL;HYAL2;STAB1;FLOT2;RAB8A;AP2M1;AMN;VPS9D1;PLEKHG5;ANXA11;MPEG1;DNM1;DNM2;CTTN;HCLS1;PICK1;RIN3;RIN1;ARF6;CAMK2B;NLGN3;RAB5B;RAB5C;LRP1;LPAR2;PLD4;NOD2;CORO1A;HPX;UBC;RAB24;VPS11;DVL2;WNT1;RAB11FIP3;RAB11FIP4;RAB11FIP5;WNT4;CD74;HLA-DRB5;CD163;NOS3;PTCH1;DAB2IP;WNT7A;IGF2R;MTOR;RAB11B;EHD1;EHD3;FMNL1;DLG4;HYOU1;CALR
6741,GO_Cellular_Component_2026,Vesicle (GO:0031982),9.077033074725882e-08,1.6701740857495621e-06,0,0,2.294147622704231,37.19945081698483,RIPOR1;RAB3A;CD81;IFT172;ITGB2;CIB1;ECE1;ACTB;LFNG;BAIAP2L2;EFEMP2;LAMP3;CFL1;ANXA6;AKT1;FLOT2;CTSF;LZTS2;CLIC1;SPTAN1;ARRDC1;ANXA11;MIF;GBGT1;GAK;MYL6;PKM;BIN1;DGKQ;COL6A2;CHMP4B;COL6A3;RIN3;TAGLN2;ARHGEF2;MAN1B1;EZR;MFGE8;A3GALT2;AHNAK;DCTN2;CLEC16A;NOD2;PRKCZ;FBLN2;GNAI2;STX10;CRACR2A;DPP7;OLFML3;ALDH3B1;UBC;PLCG2;TSPAN4;STOM;MGAT1;EPS8L2;KCNN4;NHERF1;MUC16;ASPSCR1;MSN;TUBB4B;MCOLN1;CALM3;ATP13A2;CAPS;HSPA1B;SLC26A6;HSPA1A
6742,GO_Cellular_Component_2026,Intracellular Membraneless Organelle (GO:0043232),1.2519815337011396e-07,2.215044251932786e-06,0,0,1.4624053266749897,23.24254620894389,MAPKBP1;MDC1;SMARCB1;RPL3;EIF4A3;RRP1;NOC2L;ZFYVE1;ACTB;CCAR2;RRP9;LIPE;NSDHL;KAT5;MYC;ZC3H12A;KAT8;CDK5RAP3;TSPYL2;TSPYL1;CCDC78;MAP1S;DDX11;PIH1D1;DAPK3;WDR74;LDOC1;CSNK1D;IMP4;HASPIN;PIMREG;EML3;JMJD6;BIN1;GRWD1;CCDC86;KIF20A;LLGL1;SF1;CES1;L3MBTL1;FLII;BAZ2A;DEDD2;CYB5R3;RNF213;RACGAP1;DHX37;RRS1;ZBED6;RBM10;SPTBN1;PLK3;JUP;PLK1;XRCC1;MAD2L1BP;CIDEB;SMARCA4;WDR55;EHD1;PARP10;TBL3;SMTN;LAS1L;PARVG;MAGED2;CALR;CEP85;FERMT3;PHF2;CDKN1A;SUV39H1;LPCAT1;NAT10;SGF29;INTS15;KRI1;WDR46;PHF8;SH3PXD2A;AIFM2;XPO6;RAC2;RRP12;EMD;PARP3;DBNL;EIPR1;TUBB;RHOG;AEN;SIRT7;TUBG2;TUBG1;CCSAP;DYNLL2;SYN1;DDB1;ITPKB;CTTN;INCENP;CDC42EP4;CDC42EP2;PLIN4;RARA;CDC42EP1;TUT1;FAM193B;ALDOC;ARHGEF2;MAPRE1;DBN1;SLC29A2;ELOF1;CTDP1;SF3B3;NIP7;AKAP8;NOC4L;CENPB;RELA;NOL6;RECQL4;RXRB;RBM15B;RECQL5;TCOF1;PNMA1;PES1;FLNA;SLX9;ZNF346;EXOSC2;DEDD;BRD4;BCAP31;MBD6;BRF2;MCRS1;CIMAP1C;CIMAP1B;SRP68;TUBB4B;NLE1;BYSL;HINFP;BOP1;KRT18;MYBBP1A;TAOK2;NCAPD2;EPPK1;SPC24;GZF1;PNPLA2;ZNF692;CLSTN3;FHOD1;AUP1;MAEA;ARHGDIA;PIM1;ZNF444;PHLDA1;DGAT2;ARID5A;ANXA11;TUBA4A;FTSJ3;TRAIP;BSCL2;MYCL;ILF3;MAP7D1;DGKQ;FSCN1;GEMIN4;ERF;ADAM8;ZNF554;MAD1L1;HOMEZ;IPPK;C11ORF98;INO80E;VCP;RAB5C;ABHD4;NOP2;HTRA2;MACROH2A1;NOP9;RHOBTB2;CNN2;IRAK1;LPXN;GCN1;ZBTB14;NONO;MSN;TBCC;DOLK;GNL3L;RGCC;RIOX1;MOB2;UVSSA;NF2;EIF4G1;NUMA1;MCM7;DDX47;C15ORF62;ADAR;CHD3;FOXM1;ELAVL1;H1-10;PIDD1;PTBP1;RBM4;CASP2;BUD23;GET3;ZNF641;PELP1;DDX56;RBM19;MARS1;AXIN1;ABHD14B;DDX54;TFIP11;ARAP1;URB1;LSS;SENP3;FGR;METTL22;PSRC1;SAPCD2;OAS1;POLR1A;PLEC;MCM2;DDX28;CEBPA;LRP1;ATF6B;RGS14;DCTN1;MVP;PNKP;DDX23;KATNB1;NOD2;AURKC;AURKB;ADD2;HIRIP3;RAB40C;POLR2A;TAF1C;ATXN1L;STOM;MAPK3;HSD3B7;CDC42BPG;LRWD1;YY1AP1;PML;SMUG1;MYO1C;ERCC2;PTPN6;P4HB;NOP53;ZPR1
19,GO_Biological_Process_2026,Regulation of Autophagy (GO:0010506),2.414883012002278e-08,6.6228166604162475e-06,0,0,2.27199688367337,39.84862127603631,GSK3A;PLEKHF1;MTCL2;GBA1;RPTOR;TRIM8;FLCN;STK11;CAPNS1;KAT5;LAMP3;ZC3H12A;MLST8;AKT1;KAT8;TRIM25;GPR137;EP300;WDR6;PIP4K2B;PIP4K2C;CAPN1;PIM2;PRKACA;WASHC1;TRIM65;RAB8A;BOK;RUBCN;EXOC7;DAPK3;TFEB;TICAM1;DDB1;ERN1;RRAGA;CPTP;EEF1A2;ULK3;TRIB3;ULK1;SMCR8;ATP6V0D1;DEPDC5;ATP6V0C;NPRL3;UBR4;HTRA2;SNX32;FOXK1;VPS26B;WDR24;HDAC6;ORMDL3;PSAP;TP53INP1;ZKSCAN3;BMF;DCAF12;MCL1;CTSA;OSBPL7;USP20;BAD;IL10RA;MTOR;TPCN2;RMC1;TPCN1;IRGQ;DAP;ATG2A;TAB3;ATP13A2;TRIM32;CDK16;BCL2L1;EIF4G1
20,GO_Biological_Process_2026,Regulation of Cell Population Proliferation (GO:0042127),2.7761991179635758e-08,7.251167696204864e-06,0,0,1.679781516556922,29.227523074778095,IFITM1;VIPR1;CSF3R;CSF1;IRS1;CIB1;ACTB;CRKL;STK11;CAPNS1;MYC;RPS6KA2;TRAPPC14;PIM2;CAPN1;JUNB;TNS2;MEN1;PDGFRB;H2AC6;IL11RA;H2AC4;CLEC11A;CEP131;MATK;FLT3LG;P3H1;TSC2;LDOC1;DLEC1;MIF;TMEM250;FOXP3;CDC25B;RNF41;RNF126;HGS;ADGRB1;TIMELESS;ULK1;TSPYL5;KMT2D;CSF1R;NOTCH1;CTBP2;SHC1;CTBP1;MAZ;NOP2;IL20RB;CSF2RB;FOXO4;MST1R;ZFP36L1;PRDX3;CYP27B1;ADGRG1;GRK5;DDRGK1;TMEM127;NACC2;ZNF703;NACC1;DVL2;WNT1;TRPM4;JAG2;STAT5A;ZBTB17;JUN;JAG1;NIBAN2;SMAD3;TGFB1;JUP;EGR4;VDR;TGFB3;INCA1;HMGA1;LIF;FUZ;SMARCA4;CHERP;MLXIPL;RGCC;TMEM115;FES;DLG5;CDK10;CALR;NF2;FGFR4;BAP1;TP73;RNF187;PTPRU;COL18A1;SLC35F6;BTG2;CDKN1A;RARG;FLT4;TCIRG1;FOXM1;PPP1R9B;BCL7B;ITGAX;NCK2;WDR6;SPEG;BOK;KLF10;KSR1;DHPS;RHOG;SSTR3;CBFA2T3;DDB1;CREB3;SAPCD2;RARA;HCLS1;MVD;ARHGEF2;ENG;KANK2;HDAC4;CEBPA;SMARCD1;LTK;HDAC1;LRP5;DLL1;THBS1;RELA;GNAI2;BICRA;TBRG4;DNAJB2;CXCR3;TP53INP1;LMNA;CHRNA10;PTK2B;STAT6;STX4;BRD9;S1PR2;IL12RB1;TP53I11;SH2B3;DCAF12;NTRK1;RBM38;NHERF1;NOS3;STAT2;IL10RA;DAB2IP;OSM;KLF4;PODN;TPD52L2;PML;VEGFA;SKI;TFAP4;DNAJA3;PTPN6;TAF6;HSPA1B;HSPA1A
21,GO_Biological_Process_2026,Cellular Component Assembly (GO:0022607),3.102051079624365e-08,7.733977350790746e-06,0,0,1.9448384063109647,33.623566747188185,CYFIP2;ESPN;MPO;H2AC11;H2AC12;BAIAP2L2;ZFYVE27;PPP2R1A;BSN;AP2M1;H2AC6;H2AC7;H2AC4;TINF2;MYO7B;DNAJB12;DNAJB13;FSCN1;FSCN2;BCORL1;EZR;LLGL1;L3MBTL1;KMT2D;L3MBTL2;MACROH2A1;BAG6;STK36;MICAL1;DVL1;TSPAN4;LPXN;NCKAP1L;SPTBN1;FZD1;CBX8;CBX7;ACD;PHC2;CBX6;PHC1;TGFB1;CBX4;CBX2;FANCA;CPLANE2;PARVB;H1-0;SMARCA4;PARVG;STK25;DLG4;H2AC21;ARMC12;BAP1;PHF19;H2AX;CD40;PHF1;SUV39H1;SLC2A1;ILK;CD3E;LMNB2;LIMD2;QSOX1;IKBKG;RING1;AXIN1;TRAF2;TRAF1;SHROOM1;MTSS2;TAPBP;TFDP1;CDHR2;CDHR5;GAS6;NLGN3;NLGN2;HDAC1;WAS;ADD2;CDC42;SH3BP1;HSF1;LMNA;HAS3;PCGF1;PTK2B;CD74;NHERF2;DMTN;GSN;NHERF1;PCGF2;PCGF3;WNT7A;FOXJ1;BAIAP2;EPOP;PML;TFAP4;TTLL3;H3-7;IL2RB;TCAP;EPPK1;BCOR;QRICH2
6743,GO_Cellular_Component_2026,Secretory Granule Membrane (GO:0030667),4.881348870500577e-07,8.316372149741724e-06,0,0,2.009307935901059,29.20061732142932,SIGLEC9;RAB3A;ITGAM;SLC44A2;RAB3D;ITGB2;LPCAT1;DBH;TCIRG1;ITGAL;PCSK4;RAB44;STK10;MMP25;FCGR3B;LAMP1;ADGRE5;PLAU;ANPEP;HYAL3;CLEC5A;CPNE1;TBC1D10C;TOM1;ITGAX;TMED2;SIRPA;CD93;DGAT1;CD300A;GAA;NFAM1;HLA-B;RHOG;HLA-C;CYBA;TMC6;ATP11A;KCNAB2;ATAD3B;TNFRSF1B;DDOST;CEACAM3;CEACAM1;DOK3;DNAJC5;TMBIM1;VAMP1;ADAM8;ATP6V0C;ARL8A;RAB5B;TMEM63A;RAB5C;BRI3;UBR4;ITPR3;GPR84;ADGRG3;CYB5R1;TRPM2;NCSTN;SYNGR1;CXCR1;SLC17A9;ALDH3B1;ORMDL3;PSAP;RAB24;STOM;NCKAP1L;LAIR1;AP1M1;PTPRN2;CCDC136;SURF4;NBEAL2;AZU1;IGF2R;TSPAN14;FCGR2A;STING1;CD68
6744,GO_Cellular_Component_2026,Ficolin-1-rich Granule (GO:0101002),5.381865175816087e-07,8.841635645983571e-06,0,0,2.281821461713099,32.93823119209944,FCN1;GPI;CTSZ;ITGB2;TCIRG1;APEH;ALAD;HK3;PNP;ACTR1B;LAMP1;PSMD2;PSMD3;COTL1;TBC1D10C;ITGAX;TIMP2;SIRPA;CAPN1;GUSB;CTSB;DBNL;CD93;CD300A;GAA;NME2;MIF;AMPD3;ATAD3B;MMP9;ACLY;DOK3;PKM;CRISPLD2;ADAM8;ALDOC;PLEKHO2;ALDOA;ATP6V0C;ARL8A;VCP;PSMD11;CANT1;MVP;UBR4;GNS;TRPM2;NCKAP1L;GSDMD;HSPA8;PTPRN2;GSN;JUP;HSPA6;HUWE1;NBEAL2;EEF2;PFKL;PSMC3;IMPDH1;HSPA1B;HSPA1A
5499,GO_Molecular_Function_2026,Ubiquitin-like Protein Ligase Binding (GO:0044389),1.2045413013208523e-07,9.893299221515268e-06,0,0,2.048255926074327,32.632806899308996,DAZAP2;GPI;CD40;CDKN1A;PRR7;UBXN1;SLC67A1;ARRB1;AUP1;CASC3;ARRB2;HAPSTR1;SMG5;TRIOBP;TRIM28;IKBKG;IKBKE;WASHC1;CDK5RAP3;KCNH2;PIAS4;DAXX;DTX3L;ARRDC1;TUBB;USP2;AXIN1;TRAF2;AXIN2;TRAF1;TNFRSF1B;RNF40;RRAGA;TRAF4;HGS;KCNQ1;NDUFS2;TRIB3;TRIB1;TRIB2;ATP6V0C;OTUB1;RNF31;VCP;CXCR4;PRR5L;UBE2J2;HSPBP1;RELA;HDAC6;BAG6;DNAJB2;POLR2A;DDRGK1;MFN2;TNFRSF14;APBB1;PATZ1;RFFL;H2BC9;NGFR;HSPA8;MOAP1;EGR2;JUN;SMAD3;FZD5;UBE2C;WFS1;STAT2;NEK6;TNK2;LIMK1;LAPTM5;PML;GGN;SKI;NFKBIA;PER1;UBOX5;MC1R;NPLOC4;STUB1;CALR;LTBR;HSPA1B;HSPA1A;WRAP53
5500,GO_Molecular_Function_2026,GTPase Activator Activity (GO:0005096),1.4042631959236588e-07,1.0812826608612174e-05,0,0,2.2003848604562255,34.718954935780545,ARHGAP9;ARHGAP8;TBC1D3B;ARHGAP1;ARHGEF10L;ARRB1;SIPA1L3;ARHGAP4;PREX1;FLCN;SYNGAP1;RGS3;TBC1D10C;EVI5L;RGS9;TBC1D10A;TBC1D22B;GIT1;TBC1D10B;TGM2;PDGFRB;STARD8;TSC2;ARAP3;ARAP1;GMIP;RANGAP1;ARFGAP1;MTSS2;ARHGAP45;ARFGAP2;BCR;ACAP3;TBC1D2;TBC1D3;AGAP6;RASA3;AGAP5;CDC42EP2;TBC1D25;SMCR8;LLGL1;TBC1D9B;RGS19;RGS14;NPRL2;AGAP2;ASAP3;AGAP3;RASAL3;IQGAP3;RAP1GAP;ABR;RACGAP1;SH3BP1;TBC1D13;NCKAP1L;TBC1D17;RAP1GAP2;JUN;DAB2IP;TBCD;TBCC;MYO9B;ARHGAP27;ADAP1;ARHGAP23;ARHGAP33;TBC1D3L;ARHGAP30;SGSM3;SGSM2;PLXNB1;SIPA1
22,GO_Biological_Process_2026,Positive Regulation of Cellular Process (GO:0048522),5.00963802788481e-08,1.1149147595490396e-05,0,0,1.7347695779415395,29.160291898766598,VIPR1;CSF3R;SMARCB1;CSF1;IRS1;CIB1;TNF;ACTB;CRKL;TGM1;POFUT2;CAPNS1;AKT2;MYC;ZC3H12A;RPS6KA1;AKT1;CAPN1;TGM2;PDGFRB;SMARCC2;IL11RA;CLEC11A;CEP131;MATK;SHISA5;FLT3LG;MIF;TMEM250;HLA-G;HCFC1;CDC25B;PRKD2;ADAM8;HDGFL2;TSPYL5;CSF1R;KMT2D;NOTCH1;SHC1;MAZ;NOP2;CSF2RB;MST1R;NID1;KIR2DL4;C3;PRDX3;ADGRG1;GRK5;DDRGK1;NACC1;ZNF703;TPPP;WNT1;TRPM4;CDK18;EGR2;TGFB1;EGR4;TGFB3;LIF;PTK6;AZU1;SMARCA4;SLC6A6;MLXIPL;ARMC12;CALR;TCF3;FGFR4;RNF220;EIF4G1;RNF187;PRR5;SLC35F6;RARG;ITGAM;NUMA1;CITED2;FLT4;ITGB2;TCIRG1;FOXM1;RPTOR;TMEM102;PPP1R13L;BCL7B;ITGAX;MLST8;IKBKE;DHPS;TFE3;RHOG;TNFRSF1B;ARID1A;DYNLL2;MMP14;SAPCD2;RARA;HCLS1;MVD;HDAC4;SMARCD1;GRN;SMARCD2;SMARCD3;TNXB;MYRF;LRP1;HDAC1;SRF;BRAT1;LRP5;MIEF2;DLL1;THBS1;RELA;GNAI2;LILRA5;BICRA;TBRG4;CDC42;DNAJB1;CXCR3;SPOCK2;ERBB2;PTK2B;BRD9;STX4;S1PR2;IL12RB1;EXOSC2;NTRK1;DYNC1H1;SPAG5;LAMB2;IL10RA;OSM;MTOR;VEGFA;ABI3;SARM1;PTPN6;P4HB;FCGR2B;TRIM32;YPEL3;ZPR1
24,GO_Biological_Process_2026,Regulation of Canonical NF-kappaB Signal Transduction (GO:0043122),5.0816534163584305e-08,1.1149147595490396e-05,0,0,2.0616253938193694,34.62508932370316,MAPKBP1;SLC35B2;CD40;ECM1;SPI1;SLC44A2;SECTM1;ILK;TNFAIP3;ARRB1;FASLG;ARRB2;TNF;IKBKB;TRIM8;PIDD1;TIFAB;TRIM28;NKIRAS2;ZC3H12A;CPNE1;TRIM25;SIRPA;FLOT2;LGALS9;IKBKG;PIM2;IKBKE;UNC5CL;TRIM62;PDPK1;PLEKHG5;SHISA5;TMC8;TRAF2;TRAF1;TICAM1;JMJD8;TNFRSF1A;TRAF4;CARD19;TLR8;RBCK1;CACTIN;CARD14;CX3CR1;RNF31;CANT1;NLRC5;NLRC3;NOD2;CXXC5;RELA;PRDX3;IRAK1;DDRGK1;PLCG2;S100A13;HMOX1;FLNA;FADD;APOL3;BRD4;CD74;TGFB1;TNFSF14;USP20;NEK6;CARD9;DAB2IP;HUWE1;MIB2;NR1D1;KLF4;VEGFA;PARP10;FKBP1A;NFKBIA;PER1;PPP5C;MAVS;TNIP1;TRIM39;DNAJA3;TAB3;CCDC22;LTBR;TRIM32;CC2D1A;HSPA1B;MYD88;HSPA1A
23,GO_Biological_Process_2026,Chromatin Remodeling (GO:0006338),5.0816534163584305e-08,1.1149147595490396e-05,0,0,2.0616253938193694,34.62508932370316,PHF2;KDM5C;SMARCB1;TRRAP;EHMT2;PWWP2B;PHF1;HDAC11;DCAF8;EHMT1;JADE2;CHD3;ACTB;PHF8;SART3;KAT5;VPS72;MYC;RUVBL2;RUVBL1;BCL7B;DPF2;EP300;NFRKB;BRD3;KDM6B;BRD2;PRMT5;DAXX;BRD1;SMARCC2;GPX1;RING1;DTX3L;PRMT1;PIH1D1;ACTR5;SIRT7;ARID1A;FOXP3;HCFC1;JMJD6;DDB1;TAF6L;KAT2A;PADI2;HDGFL2;HDAC4;HDAC5;SMARCD1;INO80E;SMARCD2;SMARCD3;SRCAP;SATB1;HDAC1;DDX23;BAZ2A;MACROH2A1;SUPT6H;BICRA;HDAC7;MLLT6;TFPT;MTA1;PCGF1;BRD9;DMAP1;MTA2;MORC2;BRD4;MBD3;CHTOP;KDM4B;PHC1;BRPF1;BRPF3;MCRS1;PCGF2;FBXL19;PML;SMARCA4;GATAD2A;TADA2B;CDK9;PER1;MCM3AP;MYO1C;MYBBP1A;CARM1;BCOR;ZNF335
25,GO_Biological_Process_2026,Negative Regulation of Cell Population Proliferation (GO:0008285),8.355413667219072e-08,1.7626709217191004e-05,0,0,1.9510094704166687,31.79710570775261,IFITM1;CIB1;STK11;MYC;RPS6KA2;PIM2;TNS2;MEN1;H2AC6;CD300A;H2AC4;TINF2;P3H1;TSC2;LDOC1;DLEC1;FOXP3;RUNX3;RNF41;HGS;ADGRB1;ULK1;TRIB1;NDRG4;NOTCH1;CTBP2;CTBP1;FOXO4;CYP27B1;ADGRG1;TMEM127;NACC2;HMOX1;ZBTB17;NIBAN2;SMAD3;TGFB1;TGFB3;VDR;INCA1;HMGA1;FUZ;CHERP;PARP10;RGCC;TMEM115;DLG5;CDK10;PLXNB1;NF2;BAP1;TP73;COL18A1;PTPRU;BTG2;CDKN1A;RARG;TNFAIP3;FLCN;DUSP10;NCK2;WDR6;SPEG;EMD;KLF10;CBFA2T3;SSTR3;MN1;MED25;TFDP1;B4GALT7;KANK2;CEBPA;NLRC3;DLL1;THBS1;DNAJB2;TP53INP1;LMNA;E2F1;MFN2;PTK2B;TP53I11;SH2B3;NTRK1;RBM38;NHERF1;NOS3;DAB2IP;OSM;KLF4;PODN;PML;SKI;TFAP4;DNAJA3;PTPN6;EPPK1;TAF6;TRIM32;HSPA1B;HSPA1A
5501,GO_Molecular_Function_2026,Double-stranded DNA Binding (GO:0003690),2.6587821285277765e-07,1.9268350484389533e-05,0,0,1.751569795428973,26.519165148887218,ZNF296;GFI1;ZSCAN9;RORC;ZBTB22;ELK1;ETS2;ELK4;ZNF445;JUNB;ZNF444;MEN1;ZBP1;ZNF282;DDX11;ZBTB32;BHLHA15;RFX1;SOX12;ZNF12;FOXP3;RUNX3;HIC1;ZFP41;RFX5;MSH5;ATF7;ZSCAN29;ZNF276;TCF7;FOXO4;MACROH2A1;GLIS1;CAMTA2;ZNF787;ZBTB7B;MSC;ZNF784;ESRRA;NFE2;EGR1;CPSF4;JUN;ZNF263;ZNF384;EGR2;EGR3;ZBTB14;EGR4;NFATC2;NFATC1;ZBTB12;NR1D1;H1-0;POU6F1;NFKB2;NR4A1;SP2;SP1;MAFF;BHLHE40;SNAI1;ZCCHC3;RARG;GMEB2;ZNF250;TFCP2L1;H1-10;PQBP1;DBP;ZNF768;MLX;VENTX;KLF10;SREBF1;KLF13;TFE3;TFEB;KLF15;SREBF2;KLF16;CREB3;ELF4;RARA;IRF7;IRF8;IRF5;ZNF597;PPARD;CEBPB;NFIX;ATF6B;SATB1;SRF;PNKP;ZBTB48;FOXK1;ZBTB45;RXRB;RXRA;TBX21;HSF1;E2F1;HSF4;E2F2;E2F4;MEF2D;ZNF740;SPDEF;ZNF343;SKOR1;ZNF460;ZNF580;MBD1;FOXJ2;ZNF76;TBX6;KLF4;GTF2H4;USF2;KLF2;USF1;TFAP4;TEF;NFIC;SARM1;FOSB;BMAL1
26,GO_Biological_Process_2026,Regulation of Angiogenesis (GO:0045765),1.1094044151624685e-07,2.253734524876348e-05,0,0,2.4045518701482003,38.50714851034642,CD40;ECM1;RNH1;PLXND1;YJEFN3;PDCD6;PIK3CD;TNFAIP3;EMC10;FASLG;HK2;AMOT;ADGRA2;ZC3H12A;STAB1;ITGAX;EMILIN1;GLUL;CCR2;PPP1R16B;PDPK1;SERPINF1;VASH1;HLA-G;HSPG2;RHOB;CEACAM1;HGS;ADGRB1;NINJ1;PRKD2;EPHA1;RAPGEF3;EPHA2;GRN;SHC1;FOXO4;THBS1;PIK3R6;RELA;CXCR3;ERBB2;HMOX1;ZNF304;PLCG1;PAK4;EGLN1;NTRK1;JUP;NOS3;TIE1;DAB2IP;ATP2B4;FOXJ2;KLF4;PML;VEGFA;RGCC;SP1;AGO1;TSPAN18;AGO2;PTPN6
6745,GO_Cellular_Component_2026,Azurophil Granule Lumen (GO:0035578),2.2852381937471984e-06,3.6248605831852115e-05,0,0,3.112247608926674,40.4251096056905,PYGB;GRN;VCP;MPO;ORM2;GNS;C3;CYB5R3;DPP7;GM2A;NAPRT;GUSB;TXNDC5;CTSA;VAT1;ARSA;DYNC1H1;PTGES2;STK11IP;TUBB;PRKCD;ADA2;AZU1;TUBB4B;UNC13D;ARHGAP45;GALNS;ACLY;IMPDH1;TOLLIP;PADI2;BPI;MAN2B1
6746,GO_Cellular_Component_2026,Recycling Endosome Membrane (GO:0055038),2.852997040271382e-06,4.3745954617494525e-05,0,0,3.2153992563739378,41.05145414413463,MTMR4;NDRG1;SCAMP4;ZFYVE27;GGA3;MICALL1;PACSIN2;RAB11FIP3;RAB8A;RAB11FIP4;BOK;ATG9B;FZD7;ATG9A;HLA-B;HLA-C;HLA-A;HLA-F;HLA-G;HLA-E;SCAMP2;BAIAP3;RAB11B;TPCN1;EHD1;SLC9A3;EHD3;SNX18;SLC9A5;LZTR1;ARF6
27,GO_Biological_Process_2026,Regulation of Cytoskeleton Organization (GO:0051493),2.2765932635042886e-07,4.459683589400365e-05,0,0,2.7324278760190044,41.793619709542945,CSF1R;GSK3A;LRP1;TESK1;TWF2;STMN3;SLC4A2;CELSR1;CORO1A;BICD2;RHOBTB2;RND1;CDC42;TRPM2;SH3BP1;CAPN2;DVL2;MLST8;RAC2;DVL3;PTK2B;TPPP;PRKACA;MARK2;PLXNA3;MAPK3;PDGFRB;DMTN;DAPK3;PRKCD;ARHGEF19;RHOG;HIP1R;ARAP3;ARAP1;BAIAP2;SORBS3;MTOR;CAPN10;TAOK2;FSCN1;CDK2AP2;CDK10;ESAM;PLXNB1;EZR;ARHGEF5;RAPGEF3
6747,GO_Cellular_Component_2026,Recycling Endosome (GO:0055037),3.204242466158227e-06,4.754682369138014e-05,0,0,2.266569696969697,28.67445223887914,TNF;SCAMP4;ZFYVE27;LDLRAP1;WASHC1;RAB8A;PLEKHJ1;BOK;ATG9B;ATG9A;HLA-B;HLA-C;ATP11A;HLA-A;HLA-F;TUBG1;HLA-G;HLA-E;SCAMP2;DNM2;FCHSD1;SLC9A3;SLC9A5;DENND6B;ULK1;ABCG1;ARF6;SNX32;MTMR4;NDRG1;GGA3;VPS51;MICALL1;VPS52;PACSIN2;MICALL2;ENTR1;TBC1D17;RAB11FIP3;RAB11FIP4;RAB11FIP5;VPS16;PHETA2;FZD7;PHETA1;SORL1;BAIAP3;RAB11B;TPCN1;EHD1;EHD3;SNX18;TPP1;LZTR1
30,GO_Biological_Process_2026,Positive Regulation of Apoptotic Process (GO:0043065),3.0277947199547426e-07,5.343723382542725e-05,0,0,1.992169091630182,29.90297824386698,MTCH1;CD40;RARG;GSK3A;PRR7;PDCD6;FASLG;TNF;CCAR2;BBC3;FLCN;PIDD1;RASSF2;ADAMTSL4;AIFM2;RPS6KA2;SMPD1;PIP5KL1;ZC3H12A;CASP2;PHLDA1;TGM2;BOK;ZBP1;TNFRSF12A;DAPK3;TMC8;SCRIB;HLA-G;RHOB;TLE5;DNM2;TRAF7;BRMS1;BIN1;SIK1;IRF5;RNF122;SLC27A4;GRN;DIABLO;DCUN1D3;HTT;HTRA2;PRDM11;GRAMD4;THBS1;PTPA;TFPT;BCL2L11;CALHM2;PNMA1;CXCR3;E2F1;BMF;FADD;PLCG1;APBB1;BAK1;SPDEF;MCL1;NGFR;MOAP1;TGFB1;TGFB3;BAD;DAB2IP;CIDEB;PNMA3;SEPTIN4;MLLT11;TFAP4;RGCC;MYBBP1A;ERCC3;TRIM39;SP1;CARM1;DNAJA3;TRIM35;MAP3K10;ACIN1;BAX;QRICH1;TAF6;BCL2L2;TP73;BCL2L1
28,GO_Biological_Process_2026,Glucose Metabolic Process (GO:0006006),2.8651707567533474e-07,5.343723382542725e-05,0,0,4.148823217129712,62.50396217734349,PFKFB2;GPI;CRTC2;PFKFB4;H6PD;PFKFB3;ADPGK;BRAT1;LRP5;ENO2;ENO3;HK2;HK1;HK3;SLC37A4;PDK2;PCK2;G6PD;GAA;PGAM2;SLC39A14;G6PC3;PC;OAS1;ALDOC;ALDOA;GDPGP1;PPARD
29,GO_Biological_Process_2026,Small GTPase-mediated Signal Transduction (GO:0007264),2.930179145864879e-07,5.343723382542725e-05,0,0,2.2480384774561424,33.817314951128,ARHGAP9;CYFIP1;CDKN1A;RIPOR1;ARHGAP8;RTKN;GDI1;ARHGAP1;C15ORF62;CELSR1;RAPGEFL1;CRKL;ARHGAP4;RASGEF1A;NKIRAS2;ARHGDIA;CFL1;ARFIP2;ARHGEF11;DBNL;KSR1;RHOG;TSC2;ARHGEF18;GMIP;VAV1;RHOB;VAV2;BCR;NISCH;DOK1;DOK2;DOK3;CDC42EP4;CDC42EP2;RAPGEF1;CDC42EP1;ARHGEF1;MAPKAPK5;ARHGEF2;RAPGEF3;RGS19;WAS;RASGRP2;RASGRP4;PLD2;ABR;ADGRG1;RACGAP1;DVL3;EPS8L1;EPS8L2;NGFR;TNK2;LIMK1;MYO9B;ARHGAP27;ARHGAP33;ARHGAP30;SGSM3;CCDC88C;NUCB1;PIN1;GRAP;RGL4;RGL2;LAT
31,GO_Biological_Process_2026,Cytokine-mediated Signaling Pathway (GO:0019221),3.117577907773331e-07,5.343723382542725e-05,0,0,2.154778441538068,32.28082043409706,CNTF;SPI1;CSF3R;IRS1;ILK;ARRB2;TNF;RPS6KA4;IKBKB;AKT1;PRKACA;JAK3;CCR2;EIF5A;IL4R;CISH;GPR35;IL11RA;GPR75;IL16;TRAF2;ACTN4;TYK2;TRAF1;TNFRSF1B;IL17RA;TNFRSF1A;RRAGA;CEACAM1;OAS1;OAS2;OAS3;HCLS1;IRF5;CARD14;LILRA6;CSF1R;CEBPA;NUMBL;SRC;IL20RB;CSF2RB;LILRA1;ADIPOR1;IL2RG;LRP8;LILRA4;RELA;LILRA5;SOCS3;SOCS1;IRAK1;IL21R;PTK2B;STAT6;IL12RB1;MAPK3;STAT5A;EGR1;IL10RA;DAB2IP;OSM;LILRB5;EPOR;NFKBIA;CD4;IL17REL;TOLLIP;IL2RB;ACKR3;PTPN6;P4HB;MYD88
5502,GO_Molecular_Function_2026,Guanyl-nucleotide Exchange Factor Activity (GO:0005085),8.270638103083326e-07,5.660792301665921e-05,0,0,2.0949836680173757,29.341050715238943,DENND1C;ARHGEF10L;RAPGEFL1;PREX1;RABGEF1;RINL;RASGEF1A;MCF2L;PSD4;SBF1;RALGPS1;DENND2D;PSD;ARHGEF11;PLEKHG3;PLEKHG4;TSFM;PLEKHG2;VPS9D1;ARHGEF17;PLEKHG5;ARHGEF19;ARHGEF18;VAV1;VAV2;BCR;PCP2;OBSCN;EEF1D;MADD;RAPGEF1;ELMO2;PREB;RIN3;ARHGEF1;DENND6B;ELMO3;SMCR8;ARHGEF2;RIN1;DOCK2;ARHGEF5;RAPGEF3;DENND3;RASGRP2;RASGRP4;FGD2;RIC8A;FGD3;ABR;CYTH2;ALS2CL;CYTH4;EPS8L1;EPS8L2;PLCG1;EIF2B5;IQSEC2;DENND4B;IQSEC1;IQSEC3;DEF6;RMC1;RGP1;SH3BP5L;CCDC88C;RANBP10;NUCB1;RGL4;RGL2;MON1A;MON1B
5503,GO_Molecular_Function_2026,GTPase Binding (GO:0051020),8.912481091235209e-07,5.779040370737777e-05,0,0,2.053367660317818,28.604731796570825,CYFIP1;RTKN;ARHGAP1;C15ORF62;CIB1;GCC1;TNFAIP1;TRIOBP;BICD2;RPTOR;RABGEF1;RINL;PPP6R1;ANKFY1;ARFIP2;EVI5L;VPS39;GIT1;RAB8A;PLEKHG3;PLEKHG2;VPS9D1;ATP6AP1;DAPK3;TSC2;NUTF2;RANGAP1;RABGGTA;UNC13D;MTSS2;RNF41;CDC42EP4;EHBP1L1;PEX5;CDC42EP2;CDC42EP1;RIN3;ULK1;ARHGEF2;RIN1;DEPDC5;DOCK2;WAS;NDRG1;RAP1GAP;FGD2;FGD3;GGA2;GGA1;ALS2CL;GGA3;TMEM127;MICALL1;MICALL2;FLNA;DVL3;RAB11FIP3;RAB11FIP4;SPTBN1;NGFR;RANBP3;ODF2;RCC2;MYO9B;HPS6;SORL1;EHD1;RGP1;FMNL1;MYO1C;ATG16L1;SGSM3;SGSM2;PKN1;LZTR1
6748,GO_Cellular_Component_2026,Elastic Fiber (GO:0071953),4.422331592895439e-06,6.357101664787193e-05,0,0,5.327958210311151,65.68756290286875,COL18A1;LOXL3;LTBP4;LOXL4;LTBP2;LTBP3;FBLN2;HSPG2;LOXL2;MFAP4;EFEMP2;ADAMTSL5;ADAMTSL4;COL6A2;COL6A1;COL6A3;EMILIN1;TGFBI
33,GO_Biological_Process_2026,Negative Regulation of Leukocyte Degranulation (GO:0043301),4.0194686180423377e-07,6.484348638224183e-05,0,0,inf,inf,CD84;CEACAM1;SPI1;CD300A;NCKAP1L;LGALS9;FCGR2B;HLA-F;CCR2
32,GO_Biological_Process_2026,Regulation of Protein-Containing Complex Assembly (GO:0043254),4.005901020044915e-07,6.484348638224183e-05,0,0,2.8119636884854278,41.42114498642651,NAPA;VCP;SRC;TGFBRAP1;RNF4;TNF;PRKCZ;HDAC6;BBC3;CDC42;BCL2L11;NCLN;HSF1;TRAPPC12;VPS11;EP300;BMF;TPPP;BAK1;VPS39;VPS16;VPS18;HSPA8;TGFB1;BIK;SEC16A;DAB2IP;TMC8;TFIP11;TRAF2;SORL1;HCFC1;SEPTIN8;VEGFA;GAK;STX1B;GNL3L;BBS10;PEX5;CDC42EP2;BAX;PREB;ULK1;NOP53
5504,GO_Molecular_Function_2026,RNA Polymerase II-specific DNA-binding Transcription Factor Binding (GO:0061629),1.0897292462916088e-06,6.71273215715631e-05,0,0,2.12675692081746,29.19948202944723,CIITA;SMARCB1;SPI1;LDB1;ELK1;ACTB;ETS2;CRKL;CPNE1;MLX;KAT8;EP300;HIF1AN;CDK5RAP3;DAXX;DTX3L;DNMT3A;ACTN4;ARID1A;FOXP3;BBS10;BRMS1;ANKRD42;HCLS1;FIZ1;TRIB1;TRIB2;ZFPM1;HDAC4;CEBPA;HDAC5;CTDP1;SMARCD3;HDAC1;DOT1L;BAZ2A;DLL1;RELA;MTA1;E4F1;DMAP1;MTA2;MEF2D;H2BC9;BBS1;EGR2;JUN;SMAD3;JUP;RNF25;SETD1A;NFATC1;TBX6;KLF4;SMARCA4;NFKBIA;MLXIPL;STING1;SP1;DNAJA3;BHLHE40;TADA3;TAF6;TCF3;TAF4;BMAL1;TRIM32;TP73
6749,GO_Cellular_Component_2026,Microvillus (GO:0005902),5.032067721345583e-06,7.01439742975445e-05,0,0,3.827300550907978,46.69184037942369,AMN;NHERF1;TGFB1;ICAM2;MYO7B;SYTL1;MSN;MYO7A;ESPN;SPN;SLC7A5;SLC6A6;MYO1C;PODXL;HYAL2;CDHR2;FSCN1;CDHR5;EZR;TBC1D10A;RAPGEF3;MYO1F;PROM2;MYO1G
34,GO_Biological_Process_2026,Regulation of Primary Metabolic Process (GO:0080090),5.266519114230991e-07,8.253387811873425e-05,0,0,2.8596306022561704,41.340896124562136,SF3B3;AHNAK;TRRAP;GPS2;SGF29;ADIPOR1;MACROH2A1;CCAR2;PQBP1;PTBP1;RNF213;RXRA;SNRNP70;FASTK;PSAP;PRX;PLCG2;CCNL2;HNRNPA1;LDLR;RBM38;ZC3H10;USP22;AHNAK2;ZFP92;ABCA7;NR1D1;SUPT7L;CLK3;TARBP2;CLK2;SSH1;HNRNPL;TADA2B;TAF6L;ZFP69;KAT2A;ESRP2;TADA3;FGFR4;CERS2;FAM50A
6750,GO_Cellular_Component_2026,Cortical Cytoskeleton (GO:0030863),6.157379001471655e-06,8.330571590226357e-05,0,0,3.393167342211928,40.710744549128734,SPTBN5;WDR1;GYPC;SLC2A1;CORO1A;LASP1;CAPN2;COTL1;FLOT2;BSN;SPTAN1;SPTBN1;GSN;ACTN3;ACTN1;HIP1R;ACTN4;SHROOM1;CTTN;DLG4;MYADM;NSMF;EZR;MAPRE1;DBN1;LLGL1;RAPGEF3
35,GO_Biological_Process_2026,Negative Regulation of Cytokine Production (GO:0001818),5.706832525013237e-07,8.694993444360446e-05,0,0,2.2587726569407605,32.47309038871729,MAPKBP1;OTUD5;CD84;TNFAIP3;GBA1;ARRB1;GPATCH3;TNF;VSIR;RPS6KA4;IKBKB;ZFP36;KAT5;DHX58;ZC3H12A;KAT8;SIRPA;HOMER3;LGALS9;PRKACA;JAK3;ABCD1;CMKLR1;CHID1;DDX56;FOXP3;LGALS9C;SIGIRR;CEACAM1;ELF4;RARA;BPI;CACTIN;GAS6;TRIB2;ZFPM1;IL20RB;NLRC3;ADCY7;AGER;DLL1;THBS1;RELA;LILRA5;HDAC7;TBX21;HMOX1;NCKAP1L;EXTL3;SMAD3;HOMER2;LAPTM5;FOXJ1;SSC5D;KLF4;NFKBIA;NPLOC4;RGCC;BCL3;PTPN6;SIGLEC1;FCGR2B;ASB1
5505,GO_Molecular_Function_2026,G Protein-Coupled Receptor Binding (GO:0001664),1.5116374219358602e-06,8.868272875357046e-05,0,0,2.7459148176543957,36.80162114124915,FCN1;GNAZ;RTP5;ITGB4;ARRB1;ARRB2;GNAI2;GNA15;GRK2;WNT11;DVL1;ADORA1;DVL2;S1PR1;DVL3;FLNA;HOMER3;S1PR2;WNT1;GPRASP2;WNT4;FZD1;ARHGEF11;BBS1;HSPA8;WNT10A;ACE;USP20;HOMER2;FZD7;PTCH1;WNT7A;ADA2;DNAJC14;GPRC5B;CCDC88C;PICK1;ARHGEF1;STUB1;HSPA1B;HSPA1A
36,GO_Biological_Process_2026,Regulation of Intracellular Signal Transduction (GO:1902531),6.084337915272668e-07,9.019619855478538e-05,0,0,1.860372442578035,26.626353128704277,ARAF;GBA1;TNF;PREX1;STK11;RASSF2;SYNGAP1;PPP2R1A;CPNE1;AKT1;EP300;CMKLR1;PPP1R16B;USP2;ARHGAP45;RNF41;BCR;OBSCN;MAPKAPK5;EZR;CARD14;CSF1R;NOP2;PRDM11;RASAL3;AGER;ABR;STRIP1;NUAK2;RACGAP1;TMEM127;PLCG2;RRS1;PIP5K1C;NEK8;PLK3;ARHGAP27;ARHGAP23;EFNA1;ARHGAP30;BCL3;TAB3;GRAP;NF2;TAB1;ARHGAP9;ARHGAP8;ARHGAP1;ARHGEF10L;ARHGAP4;FLCN;PIDD1;PIP4P1;TIFAB;LBH;MCF2L;ARHGEF11;PLEKHG3;PRMT5;PLEKHG4;PDPK1;ARHGEF17;PLEKHG5;MINK1;ARHGEF19;ARAP1;TRAF1;GMIP;ITFG2;VAV1;VAV2;TTI1;RCN3;CEACAM1;RASA3;TRAF4;ARHGEF1;ARHGEF2;SGK1;DOCK2;ARHGEF5;RAPGEF3;STK40;SASH3;AURKB;STRN4;FGD2;FGD3;SH3BP1;RFFL;PAK4;AMFR;CARD9;DAB2IP;MYO9B;DEF6;MTOR;VEGFA;BOP1;NOP53
5506,GO_Molecular_Function_2026,Ubiquitin Protein Ligase Binding (GO:0031625),1.6536801555387117e-06,9.260608871016786e-05,0,0,1.9585850414464767,26.073677772389892,DAZAP2;GPI;CD40;CDKN1A;UBXN1;SLC67A1;ARRB1;AUP1;CASC3;ARRB2;HAPSTR1;SMG5;TRIOBP;TRIM28;IKBKG;IKBKE;WASHC1;KCNH2;PIAS4;DAXX;ARRDC1;TUBB;USP2;AXIN1;TRAF2;AXIN2;TRAF1;TNFRSF1B;RNF40;RRAGA;TRAF4;KCNQ1;NDUFS2;TRIB3;TRIB1;TRIB2;ATP6V0C;OTUB1;RNF31;VCP;CXCR4;PRR5L;UBE2J2;HSPBP1;RELA;HDAC6;BAG6;DNAJB2;POLR2A;MFN2;TNFRSF14;APBB1;PATZ1;RFFL;NGFR;HSPA8;MOAP1;EGR2;JUN;SMAD3;FZD5;WFS1;NEK6;TNK2;LIMK1;LAPTM5;PML;GGN;SKI;NFKBIA;PER1;UBOX5;MC1R;NPLOC4;STUB1;CALR;LTBR;HSPA1B;HSPA1A;WRAP53
38,GO_Biological_Process_2026,Regulation of Actin Filament-Based Process (GO:0032970),7.177769965227476e-07,0.00010094889297249411,0,0,3.07214108472173,43.46190835569609,CSF1R;LRP1;TESK1;TWF2;SLC4A2;CELSR1;CORO1A;RHOBTB2;RND1;CNN2;CDC42;TRPM2;SH3BP1;DVL2;MLST8;RAC2;DVL3;PTK2B;PDGFRB;DMTN;DAPK3;PRKCD;ARHGEF19;RHOG;HIP1R;ARAP3;ARAP1;BAIAP2;MTOR;CAPN10;TAOK2;FSCN1;CDK10;ESAM;EZR;ARHGEF5;RAPGEF3
37,GO_Biological_Process_2026,Positive Regulation of Catabolic Process (GO:0009896),7.171326740610021e-07,0.00010094889297249411,0,0,2.375447778257666,33.607846979732805,GSK3A;PLEKHF1;CLSTN3;TNFAIP3;TNF;VSIR;TRIM8;FLCN;STK11;KAT5;KHSRP;ZC3H12A;PIM2;TRIM65;UPF1;ACTN3;DTX3L;AXIN1;TFEB;TICAM1;GTPBP1;RNF41;DDB1;DXO;ULK1;EZR;DEPDC5;VPS28;AMER1;VCP;NPRL3;UBR4;PRR5L;OAZ2;NKD1;DDRGK1;ORMDL3;PHKG2;TP53INP1;VPS11;ZSWIM8;ZC3H18;EGLN2;USP20;BAD;DAB2IP;LAPTM5;MSN;SORL1;TPCN1;MOV10;IRGQ;CNOT1;ATG2A;TRIM32;CDK16
6751,GO_Cellular_Component_2026,Autophagosome (GO:0005776),8.765830784005756e-06,0.00011520806173264708,0,0,2.7402618242113848,31.909387823034198,SNAP47;TEX264;HTT;AUP1;ZFYVE1;FYCO1;TP53INP2;CHMP1A;RAB24;TP53INP1;PIP4K2B;STX4;PIP4K2C;WASHC1;UBQLN4;YKT6;OSBPL7;ENTPD4;ATG9B;ATG9A;WIPI2;IRGQ;WDR81;ATG16L2;STING1;ATG16L1;ULK3;ATG4B;CHMP4B;TBC1D25;ULK1;ATP13A2;CHMP7;TRIM32;TECPR1
39,GO_Biological_Process_2026,Phosphate-containing Compound Metabolic Process (GO:0006796),8.425609669318131e-07,0.00011553617259052487,0,0,2.6703560018256502,37.34978823417139,IPPK;PFKFB2;GPI;PFKFB4;PFKFB3;GALT;PLPPR2;PLPPR3;LCAT;LIMD1;AGPAT1;HK2;HK1;INPP5B;THTPA;HK3;INPP5A;DUSP10;PIP4P1;INPP5D;NADK;LHPP;MAPK3;DUSP4;G6PD;TGFB1;DUSP3;EPHX2;TNK2;DUSP8;INPP4A;PLA2G15;ITPKB;PFKL;G6PC3;LPCAT4;TOLLIP;ALDOC;COQ8A;ALDOA;PLCB2;PFKM;PFKP;PLCD1;GALK1
40,GO_Biological_Process_2026,DNA Damage Response (GO:0006974),8.744948126435456e-07,0.00011699034261828897,0,0,1.697856594765112,23.684453418908035,MDC1;ANKLE1;TRRAP;GFI1;CIB1;TNF;NRBP2;STK11;KAT5;TRIM28;MYC;RUVBL2;CHCHD6;ZC3H12A;MACROD1;EP300;MEN1;LIG1;KMT5C;DDX11;PRKCD;METTL3;VRK3;ATAD3A;HIC1;NRBP1;TRAIP;MAPKAPK2;TIMELESS;FLYWCH1;HDGFL2;EPHA2;RTEL1;VCP;UBA7;HTRA2;MACROH2A1;ZBTB4;BCL2L11;MRNIP;EP400;ZNF668;WNT1;ATRIP;MORC2;MCL1;PLK3;MOAP1;INTS3;TREX2;XRCC3;FANCA;NFATC2;CIDEB;FANCG;FBXO31;BCL3;UBA1;BCL2L2;BCL2L1;RAD9A;TP73;H2AX;MUS81;BTG2;CDKN1A;MCM7;OGG1;PHF1;SUV39H1;BBC3;RPTOR;PIDD1;MLST8;DGCR8;CASP2;IKBKG;IKBKE;ZNF385A;BOK;TOP3B;UPF1;DTX3L;PRMT1;TOP3A;TRAF2;SIRT7;TNFRSF1B;ZDHHC16;TNFRSF1A;DDB1;IRF7;GNB1L;OTUB1;PPP1R15A;SPINDOC;BRAT1;PNKP;DOT1L;IGHMBP2;CRIP1;RECQL4;PSMB4;RECQL5;SLX4;POLD1;E2F1;RAD54L;SUSD6;BAK1;APBB1;UBQLN4;MICA;BRD4;MAPK3;MUTYH;RRM2;RPA1;GTF2H4;MTOR;PML;MAPK12;HINFP;PPP1CA;ERCC3;ERCC1;TAOK2;BAX;NOP53
41,GO_Biological_Process_2026,Glycolytic Process Through Glucose-6-Phosphate (GO:0061620),9.110184731673136e-07,0.00011725362435589654,0,0,8.877875302663439,123.47972785498438,GPI;ADPGK;PGAM2;FOXK1;ENO2;ENO3;HK2;HK1;HK3;PFKL;PKM;ALDOC;ALDOA;PFKM;PFKP
43,GO_Biological_Process_2026,Regulation of Cell Migration (GO:0030334),9.405942518978028e-07,0.00011725362435589654,0,0,1.764510585268235,24.48567928432475,IFITM1;RIPOR1;CSF1;PLXND1;CIB1;AMOT;PLAU;AKT2;DAG1;AKT1;GLUL;WASHC1;PDGFRB;SEMA6C;ACTN4;MIF;SRCIN1;RNF41;BRMS1;ADAM15;MYADM;EPHA1;EPHA2;CSF1R;IGSF8;SEMA7A;CD151;NOTCH1;MAZ;FIGNL2;ADGRG3;DDRGK1;PODXL;ZNF703;PLXNA2;PLXNA1;ZNF304;PLXNA3;NGFR;NTNG2;HSPA8;CARMIL2;ACE;JAG1;TGFB1;RCC2;FUZ;COL1A1;DLG5;SNAI1;PLXNB2;PLXNB1;NF2;OGT;FERMT3;PTPRU;LDB1;CITED2;FLT4;PIK3CD;VSIR;ARHGAP4;DUSP10;SIN3B;PIP5KL1;ITGAX;PLEKHG3;SUN2;DUSP3;MINK1;RHOB;PTP4A1;FGR;CREB3;MMP14;CEACAM1;TMSB15B;ENG;CAMK2B;LAMA5;GRN;HDAC1;SRC;SEMA3B;SEMA3G;CXCR4;PRR5L;SEMA3F;THBS1;PPM1F;NKD1;CDC42;RAB40B;TP53INP1;LMNA;MGAT3;FLNA;PTK2B;STX4;RFFL;SEMA4A;CD74;SEMA4D;SEMA4B;SEMA4C;SEMA4G;PODN;SORL1;VEGFA;MYO1C;ABI3;EPPK1;TRIM32
42,GO_Biological_Process_2026,Carbohydrate Catabolic Process (GO:0016052),9.219874661040711e-07,0.00011725362435589654,0,0,5.527007127289862,76.8073490121734,PFKFB2;GPI;PFKFB4;PFKFB3;PGAM2;NAGA;ENO2;ENO3;HK2;HK1;HK3;PFKL;PKM;MAN2B2;NEU1;UCP2;ALDOC;MAN2C1;ALDOA;PFKM
5507,GO_Molecular_Function_2026,Actin Binding (GO:0003779),2.255524878509911e-06,0.00012081768044887871,0,0,2.18797126291436,28.44828209255132,LSP1;MAEA;BCL7B;DAG1;COTL1;SYNPO;CCR5;EMD;SPTAN1;PLEKHG3;DBNL;MAP1S;TPM2;ACTN4;VASH1;MTSS2;CEACAM1;TMSB15B;MAP1A;TNNT3;FSCN1;MYH9;FSCN2;EZR;ALDOA;DBN1;SPTBN5;FLII;TWF2;CXCR4;NOD2;CORO1A;ADD2;CNN2;PDLIM2;MICAL1;EPS8L1;FLNB;EPS8L2;SPTBN1;PDLIM7;VPS16;ACE;DMTN;GSN;NOS3;MICAL3;MICAL2;MSN;MYO9B;CGN;PARVB;SSH3;SSH1;SMTN;PARVG;FXYD5;NF2;P4HB;MYO1F
6752,GO_Cellular_Component_2026,Specific Granule Membrane (GO:0035579),1.0127234411330781e-05,0.00012940355081144888,0,0,2.7661056982580456,31.81099636486651,ITGAM;TMEM63A;SLC44A2;ITGB2;UBR4;GPR84;ITGAL;ADGRG3;RAB44;STK10;TRPM2;MMP25;PLAU;ALDH3B1;CLEC5A;ORMDL3;TOM1;STOM;LAIR1;AP1M1;CD93;DGAT1;CYBA;ATP11A;KCNAB2;TMC6;TNFRSF1B;CEACAM3;CEACAM1;TSPAN14;DNAJC5;TMBIM1;VAMP1;ADAM8
44,GO_Biological_Process_2026,Intrinsic Apoptotic Signaling Pathway in Response to DNA Damage (GO:0008630),1.1190313835838196e-06,0.00013639749197682778,0,0,3.746844692061354,51.343189227741696,HTRA2;TNF;CRIP1;BAG6;BCL2L11;E2F1;CASP2;EP300;BAK1;IKBKE;BOK;MCL1;MOAP1;CIDEB;AEN;TRAF2;TNFRSF1B;HIC1;PML;TNFRSF1A;DDIT4;BCL3;CDIP1;BAX;BCL2L2;EPHA2;BCL2L1;TP73
46,GO_Biological_Process_2026,Phagocytosis (GO:0006909),1.2312791088413398e-06,0.00014085575302580966,0,0,2.9214743905401592,39.753837154760696,ITGAM;LRP1;SRC;ITGB2;PLD4;MST1R;PLA2G6;AGER;CORO1A;CLCN2;PLD2;CDC42;SH3BP1;ADORA1;ITGAX;PIP5K1C;LDLR;TGM2;GSN;CD93;PRKCD;LIMK1;ANXA11;SYT7;VAV1;JMJD6;VAV2;FGR;FCER2;ADORA2A;ADGRB1;CEACAM4;RARA;MYH9;GAS6;FCGR2B;MYD88;MYO1G
47,GO_Biological_Process_2026,Rho Protein Signal Transduction (GO:0007266),1.2326483400617801e-06,0.00014085575302580966,0,0,4.147152458436505,56.42758952750895,RIPOR1;RTKN;ARHGAP1;C15ORF62;WAS;CELSR1;ARHGAP4;ADGRG1;RACGAP1;ARHGDIA;CFL1;EPS8L1;EPS8L2;ARHGEF11;NGFR;LIMK1;RHOG;MYO9B;ARHGAP27;RHOB;CDC42EP4;CDC42EP2;CDC42EP1;PIN1;ARHGEF1
45,GO_Biological_Process_2026,Negative Regulation of Signal Transduction (GO:0009968),1.1824643816130394e-06,0.00014085575302580966,0,0,1.9617631777286273,26.77396697372043,GSK3A;IRS1;PDCD6;INPPL1;TNFAIP3;GBA1;ARRB1;TNF;LFNG;UBASH3B;QARS1;SMPD1;AKT1;SIRPA;PIP4K2B;EMILIN1;CHAC1;PIP4K2C;HIF1AN;PRKACA;TNS2;ARRDC1;IL11RA;NFKBIL1;METTL3;PRKCD;MAPK8IP2;HIC1;SIGIRR;MMP14;HGS;TMBIM1;TRIB3;TRIB1;CACTIN;SLC27A4;LRRC14;CX3CR1;LRPAP1;CUL7;NDRG4;VCP;RGS19;LRP1;RGS14;MGRN1;MAZ;GPS2;IL2RG;PRKCZ;DLL1;THBS1;NKD1;FSTL3;SOCS1;KCTD21;INPP5D;GPC1;INPP5K;SH2B3;PTPN18;MPIG6B;SMAD3;NHERF1;GPR108;PTCH1;PDE2A;DAB2IP;KLK14;IFT122;NFATC1;NR1D1;SORL1;MTOR;SULF2;DLK2;PTPRE;TSPAN15;PTPN6;MEGF8;ZNF653;TRIM32
5508,GO_Molecular_Function_2026,Adenyl Ribonucleotide Binding (GO:0032559),3.4050022064244607e-06,0.00017479011326312232,0,0,1.7927581246400628,22.571299816997644,EPHB6;ABCD4;EIF4A3;ILK;KHK;RPS6KA4;STK11;GUK1;AKT2;LONP1;PIM1;MYO18A;AKT1;PDE4A;PIP4K2B;MAP3K6;ABCD1;PDK2;MAP4K1;MAP4K2;KSR1;DAPK3;MINK1;CAD;TAP1;HASPIN;RUNX3;ATAD3A;DGKZ;SYN1;ERN1;ACLY;ZAP70;PRKAR1B;OAS1;KIFC1;OAS2;OAS3;MYH9;SIK1;TSSK3;TSSK4;TRIB1;CARS1;RAPGEF3;ABCG1;POPDC2;PRPS1;RTEL1;BRSK2;PDXK;MVK;ABCB6;PNKP;AGAP2;TWF2;WNK4;IGHMBP2;ABCB8;ITPR3;NOD2;PTPA;NUAK2;STK36;MKNK1;MKNK2;NLRP3;MORC2;ABCF3;SLC19A1;MARK2;ABCA2;TRAP1;HSPA8;SLC12A4;DMPK;NEK6;CDC42BPG;PDE2A;PLK1;TNK1;MYO9B;TRPV1;BCKDK;P2RX6;PPP5C;PFKL;PC;STING1;COQ8A;PFKM;HSPA1B;MYO1F;HSPA1A;EIF4G1;GALK1
5509,GO_Molecular_Function_2026,ATP Binding (GO:0005524),3.7658879339635508e-06,0.00018558295738572379,0,0,1.847664119295787,23.076450693288713,EPHB6;ABCD4;EIF4A3;ILK;KHK;RPS6KA4;STK11;GUK1;AKT2;LONP1;PIM1;MYO18A;AKT1;PIP4K2B;MAP3K6;ABCD1;PDK2;MAP4K1;MAP4K2;KSR1;DAPK3;MINK1;CAD;TAP1;HASPIN;RUNX3;ATAD3A;DGKZ;SYN1;ERN1;ACLY;ZAP70;OAS1;KIFC1;OAS2;OAS3;MYH9;SIK1;TSSK3;TSSK4;TRIB1;CARS1;ABCG1;PRPS1;RTEL1;BRSK2;PDXK;MVK;ABCB6;PNKP;AGAP2;TWF2;WNK4;IGHMBP2;ABCB8;ITPR3;PTPA;NUAK2;STK36;MKNK1;MKNK2;NLRP3;MORC2;ABCF3;MARK2;ABCA2;TRAP1;HSPA8;SLC12A4;DMPK;NEK6;CDC42BPG;PLK1;TNK1;MYO9B;TRPV1;BCKDK;P2RX6;PPP5C;PFKL;PC;PFKM;HSPA1B;MYO1F;HSPA1A;EIF4G1;GALK1
6754,GO_Cellular_Component_2026,Specific Granule Lumen (GO:0035580),2.046271740316798e-05,0.0002356816517109321,0,0,3.647558776736786,39.382349208548334,GSDMD;CYFIP1;GHDC;PDXK;CANT1;JUP;CTSZ;CFP;ORM2;CHIT1;CNN2;CRACR2A;TOLLIP;NEU1;TIMP2;QSOX1;BPI;PTPN6;ACAA1;DOCK2;SPTAN1;DNASE1L1
6755,GO_Cellular_Component_2026,Supramolecular Fiber (GO:0099512),2.046271740316798e-05,0.0002356816517109321,0,0,3.647558776736786,39.382349208548334,COL18A1;MYH7B;TNK2;LOXL3;LTBP4;LOXL4;LTBP2;LTBP3;HSPG2;FBLN2;LOXL2;MFAP4;EFEMP2;ADAMTSL5;ADAMTSL4;COL6A2;COL6A1;MYO18A;COL6A3;MYH9;EMILIN1;TGFBI
6756,GO_Cellular_Component_2026,Late Endosome (GO:0005770),2.0494056670515835e-05,0.0002356816517109321,0,0,1.8774665140701292,20.26795625657549,ANKRD13B;STEAP3;DYSF;FYCO1;ZFYVE26;STK11;PIP4P1;LAMP1;LAMP3;WDR91;CHMP1A;ANXA6;SDF4;AP5S1;VPS39;UBXN6;CHID1;STARD3;VPS18;RUBCN;MAP2K2;ATG9A;AXIN1;CYB561A3;ARAP1;AP5B1;MFSD12;SLC39A14;WDR81;KCNQ1;CHMP4B;CHMP7;SLC29A3;VAC14;GRN;AP5Z1;SRC;GOSR2;CLEC16A;PSEN2;CXCR4;HTT;SNX32;VPS26B;MTMR4;PLD3;HDAC6;HLA-DMA;MICALL1;PSAP;VPS11;LDLR;VPS16;MAPK3;NTRK1;CD74;HLA-DRB5;CTNS;MCOLN1;SORL1;IGF2R;BAIAP3;RMC1;CLCN7;CLCN6;ATP13A2;SIGLEC1;CD68;MON1A;MON1B
6753,GO_Cellular_Component_2026,Ficolin-1-rich Granule Lumen (GO:1904813),2.0097748686303015e-05,0.0002356816517109321,0,0,2.3181864267740777,25.070960773125964,FCN1;GPI;VCP;PSMD11;CANT1;MVP;CTSZ;APEH;GNS;ALAD;HK3;PNP;ACTR1B;PSMD2;PSMD3;COTL1;TIMP2;CAPN1;GUSB;CTSB;GSDMD;HSPA8;DBNL;GSN;JUP;HSPA6;NME2;HUWE1;MIF;AMPD3;EEF2;MMP9;ACLY;PFKL;PKM;PSMC3;CRISPLD2;IMPDH1;ALDOC;PLEKHO2;ALDOA;HSPA1B;HSPA1A
6758,GO_Cellular_Component_2026,Endoplasmic Reticulum Lumen (GO:0005788),2.783127172107231e-05,0.0003022075855892995,0,0,1.8363548631695044,19.262169411793035,COL18A1;TOR2A;CSF1;PRKCSH;CTSZ;C4A;ADAMTSL4;DAG1;QSOX1;COLGALT1;MEN1;ARSA;TOR3A;IGFBP4;ANO8;SHISA5;P3H1;CNPY3;JMJD8;PRKAB1;SUMF2;PDIA4;COL6A2;COL6A1;MXRA8;SERPING1;FAM20C;COL6A3;GAS6;MFGE8;CES2;CES1;TOR4A;LRPAP1;H6PD;COL13A1;COL11A2;CFP;THBS1;CLN6;FSTL3;C3;TGOLN2;FOXRED2;GANAB;ADAMTS13;OS9;SERPINH1;WNT1;TXNDC5;WNT4;MAPK3;CRTAP;TOR1A;WFS1;LAMB2;TMEM132A;WNT7A;COL1A1;TSPAN15;TSPAN14;PROC;COL5A1;COL5A3;COL7A1;COL20A1;NUCB1;HYOU1;CALR;COL9A2;P4HB;PNPLA2
6757,GO_Cellular_Component_2026,Polymeric Cytoskeletal Fiber (GO:0099513),2.6980452826473264e-05,0.0003022075855892995,0,0,1.813047781484986,19.073984115617467,MTCL2;TPGS1;RCSD1;ACTB;AMOT;KIF19;TUBB3;DPYSL2;MATCAP1;KIF5A;RAC2;COTL1;KIF1C;KIF21B;KIF1A;CDK5RAP3;APC2;MAP2K2;ACTN3;MAP1S;ACTN1;TUBB;TPM2;KIF22;TUBG2;KCNAB2;TUBA4A;DNM1;DNM2;INF2;CTTN;KIFC2;KIFC1;MAP1A;KIF20A;ARHGEF2;EZR;MAPRE1;PLEC;AKNA;CNP;DCTN1;TWF2;WAS;KATNB1;CORO1A;NDRG1;CAMSAP1;HDAC6;NCKIPSD;BCL2L11;MTA1;DPP9;MICAL1;LMNA;KIF3C;TPPP;FSD1;CCT7;MARK2;DYNC1H1;DMTN;TBCD;TBCC;MYO9B;SEPTIN9;TUBB4B;TUBB4A;KRT18;DNAJA3;CORO6;SARM1;CDK2AP2;EPPK1;MAP3K11
6759,GO_Cellular_Component_2026,Microtubule (GO:0005874),2.8249839522478e-05,0.0003022075855892995,0,0,1.9629126711536926,20.560377199861907,NUMA1;MTCL2;TPGS1;FAM110A;KIF19;TUBB3;DPYSL2;MATCAP1;KIF5A;KIF1C;KIF21B;KIF1A;CDK5RAP3;MAP2K2;MAP1S;TUBB;CSNK1D;KIF22;TUBG2;KCNAB2;TUBA4A;DNM1;EML3;DNM2;PSRC1;KIFC2;KIFC1;MAP1A;KIF20A;ARHGEF2;MAPRE1;AKNA;CNP;DCTN1;KATNB1;NDRG1;AURKC;CAMSAP1;AURKB;HDAC6;BCL2L11;MTA1;DPP9;KIF3C;TPPP;FSD1;CCT7;DYNC1H1;BOD1;CCDC57;PLK1;TBCD;TBCC;SEPTIN9;TUBB4B;TUBB4A;SARM1;CDK2AP2;CALM3;MAP3K11
49,GO_Biological_Process_2026,ADP Catabolic Process (GO:0046032),3.0027189068572666e-06,0.000316729100079079,0,0,6.6291365000882925,84.29604920422716,PFKFB2;GPI;PFKFB4;PFKFB3;PGAM2;ENO2;ENO3;HK2;HK1;HK3;PFKL;PKM;UCP2;ALDOC;ALDOA;PFKM
51,GO_Biological_Process_2026,Regulation of Extrinsic Apoptotic Signaling Pathway via Death Domain Receptors (GO:1902041),3.0027189068572666e-06,0.000316729100079079,0,0,6.6291365000882925,84.29604920422716,GPX1;FEM1B;NOS3;TNFAIP3;TMC8;THBS1;ICAM1;PEA15;MADD;TMBIM1;HMOX1;STX4;ARHGEF2;RFFL;BCL2L1;GRINA
50,GO_Biological_Process_2026,Glycolytic Process (GO:0006096),3.0027189068572666e-06,0.000316729100079079,0,0,6.6291365000882925,84.29604920422716,PFKFB2;GPI;PFKFB4;PFKFB3;PGAM2;ENO2;ENO3;HK2;HK1;HK3;PFKL;PKM;UCP2;ALDOC;ALDOA;PFKM
48,GO_Biological_Process_2026,Intrinsic Apoptotic Signaling Pathway (GO:0097193),2.963170002654574e-06,0.000316729100079079,0,0,2.5378191856452728,32.304537193111436,PPP1R15A;BRSK2;CDKN1A;CEBPB;DIABLO;ATP2A3;IFI6;HTRA2;TNF;CRIP1;BBC3;BAG6;STK11;BCL2L11;E2F1;CASP2;CHAC1;BAK1;IKBKE;PDK2;MCL1;BOK;MOAP1;BAD;PRKCD;DAB2IP;HIP1R;LAPTM5;CIDEB;TRAF2;TNFRSF1B;HIC1;PML;TNFRSF1A;ERN1;MLLT11;MYBBP1A;BAX;TRIB3;QRICH1;BCL2L2;EPHA2;BCL2L1;TP73
54,GO_Biological_Process_2026,Hexose Metabolic Process (GO:0019318),3.2681408785663363e-06,0.00032592277670793373,0,0,4.34307263651439,54.85860680719793,PFKFB2;SLC35A2;G6PD;GALT;H6PD;PMM1;ADPGK;GAA;BRAT1;HK2;HK1;KHK;HK3;OAS1;CHST15;ALDOC;SLC37A4;ALDOA;PDK2;GDPGP1;PPARD;GALK1
53,GO_Biological_Process_2026,Glucose Catabolic Process to Pyruvate (GO:0061718),3.2182070826154258e-06,0.00032592277670793373,0,0,8.284554280670786,104.77215796415123,GPI;PGAM2;FOXK1;ENO2;ENO3;HK2;HK1;HK3;PFKL;PKM;ALDOC;ALDOA;PFKM;PFKP
52,GO_Biological_Process_2026,Canonical Glycolysis (GO:0061621),3.2182070826154258e-06,0.00032592277670793373,0,0,8.284554280670786,104.77215796415123,GPI;PGAM2;FOXK1;ENO2;ENO3;HK2;HK1;HK3;PFKL;PKM;ALDOC;ALDOA;PFKM;PFKP
55,GO_Biological_Process_2026,Pyridine Nucleotide Catabolic Process (GO:0019364),3.782694122970939e-06,0.0003705013797231357,0,0,5.870084186977511,73.28843587894723,PFKFB2;GPI;PFKFB4;PFKFB3;PGAM2;ENO2;ENO3;HK2;HK1;HK3;PFKL;PKM;UCP2;SARM1;ALDOC;ALDOA;PFKM
57,GO_Biological_Process_2026,Negative Regulation of Apoptotic Process (GO:0043066),4.425740339657009e-06,0.0004170037950875293,0,0,1.678663091457447,20.694681108884033,CNTF;FCMR;ARAF;CIB1;PHB2;TNF;MPO;ICAM1;NRBP2;MAEA;AKT2;MYC;ARHGDIA;ZC3H12A;CFL1;CLEC5A;RPS6KA1;PIM1;DAG1;AKT1;PIM3;PIM2;UNC5B;PRKCD;MIF;MAPK8IP2;HSPG2;MAPK8IP3;ATAD3A;SND1;FKBP8;PPIF;ADAM8;CARD14;NOTCH2;NOTCH1;SHC1;MAZ;AGAP2;HTRA2;PRKCZ;PRDX3;SOCS3;NUAK2;GRK5;BAG3;DDRGK1;NCKAP1L;ZNF304;WNT1;MCL1;TXNDC5;PLK3;EGR3;NIBAN2;TNFSF14;CBX4;WFS1;TGFB3;PLK1;AZU1;PROC;BCL3;PPT1;BCL2L2;BCL2L1;PRR5;CITED2;FLT4;TNFAIP3;SMG9;PIDD1;QARS1;MLST8;MYO18A;CASP2;BOK;PRMT1;PDPK1;NME2;MMP9;TMBIM1;HCLS1;ITGA5;GAS6;CX3CR1;GRN;LTK;HDAC1;SRC;IFI6;IL2RG;DLL1;THBS1;RELA;MAPK7;CXCR3;ERBB2;FLNA;PTK2B;BAK1;PAK4;NTRK1;CD74;SEMA4D;BAD;MTOR;HYPK;VEGFA;KRT18;DNAJA3;IL2RB;BAX;HSPA1B;HSPA1A;GRINA
56,GO_Biological_Process_2026,Regulation of Cell Differentiation (GO:0045595),4.425433832631945e-06,0.0004170037950875293,0,0,2.195417070723679,27.06541393067392,SMARCB1;CSF1;PLEKHB1;RORC;CHD3;TNF;ACTB;PTBP1;PPP2R1A;PPP1R13L;RPS6KA1;BCL7B;FLOT2;PRKACA;CDK5RAP3;SMARCC2;ARID1A;RUNX3;TENT5C;BIN1;ELMO2;SIK1;ELMO3;SMARCD1;CASZ1;CEBPB;LTK;SMARCD2;TNXB;SMARCD3;SMYD5;HDAC1;SRF;GPS2;SUPT6H;DLL1;ZFP36L1;BICRA;MTA1;SPOCK2;BRD9;MTA2;MBD3;SMAD3;TGFB1;LIF;BMP8B;NR1D1;KLF4;SMARCA4;GATAD2A;CDK9;SLC6A6;FES;TAF8;CAMK1
58,GO_Biological_Process_2026,Positive Regulation of Multicellular Organismal Process (GO:0051240),4.485546747523105e-06,0.0004170037950875293,0,0,1.7716446032673945,21.81718350432034,SMARCB1;EHMT1;TNF;ACTB;LOXL2;CFL1;DPF2;CMKLR1;IL4R;CACNA2D2;CACNA2D4;MIF;PRKAB1;HLA-G;BSCL2;CACNB1;CACNB3;BRMS1;ADAM8;LRPAP1;ADIPOR1;MACROH2A1;HCAR2;CYP27B1;PRDM16;ZNF703;S100A13;ZBED2;INPP5K;ZBTB7B;RREB1;PPARGC1B;TRPM4;BCL9L;SMAD3;TGFB1;TGFB3;VDR;TRPV2;ABCA7;SMARCA4;COL1A1;CCDC88B;RGCC;BMP1;AGO2;CNOT3;SNAI1;PLEKHM1;TMEM119;PEMT;OGT;TP73;ACHE;NUMA1;THRA;PIK3CD;DBH;FOXM1;CPT2;BCL7B;ITGAX;CCR2;KDM6B;NFAM1;RBM19;NME2;AXIN2;ARID1A;FGR;KAT2A;ZNF516;GAS6;CRB2;SMARCD1;CEBPB;LRP1;HDAC1;CXCR4;AGPAT1;LILRA5;BICRA;UCP2;HSF1;MFN2;BRD9;STAT6;DYNC1H1;BAD;CARD9;FOXJ1;DEF8;SORL1;MTOR;VEGFA;SCD;LPIN1
59,GO_Biological_Process_2026,Apoptotic Process (GO:0006915),4.581825936573088e-06,0.00041885525436838984,0,0,1.8999793559042113,23.35723084364859,CYFIP2;CSRNP1;ITGB2;ATN1;AATK;CIB1;FASLG;DDX41;TNFAIP1;HK2;BBC3;PIDD1;STK11;AIFM2;MYC;DPF2;AKT1;EP300;CASP2;IKBKG;ZNF443;ZNF385A;BOK;DAPK3;PRKCD;TSC2;RHOB;TRAIP;TRAF7;ADAM15;ADORA2A;ESPL1;PSME3;DDIT4;TNFRSF25;PPARD;MCM2;NOTCH2;PPP1R15A;DIABLO;BRAT1;IFI6;IL20RB;CXCR4;AKAP1;BAG6;PSMB4;BCL2L11;NLRP3;PTK2B;BMF;FADD;BAK1;RELT;PAK4;NGFR;PLK3;TGFB1;DMPK;TNFSF14;BIK;BAD;FEM1B;DAB2IP;CIDEB;SEPTIN4;MTOR;PML;DAP;ERCC3;TAOK2;ERCC2;MAP3K10;BAX;LTBR;PDCD1;OGT;MYD88;BCL2L1
6760,GO_Cellular_Component_2026,Mitochondrial Outer Membrane (GO:0005741),4.546183158436007e-05,0.0004752827847455826,0,0,2.0023714285714287,20.02098595518583,SLC44A2;PHB2;HK2;BBC3;HINT2;AIFM2;RAC2;BOK;DCAKD;ANGEL1;CPT1B;COASY;TUFM;QTRT1;CHDH;ULK1;PGAM5;SLC29A3;TRABD;TOMM40;ABCB6;IFI6;MIEF2;CYP27B1;RHOT2;BCL2L11;CYB5R3;GRK2;UBC;HMOX1;MFN2;BMF;BAK1;GPAT2;MCL1;RAB11FIP5;VAT1;MOAP1;DMPK;MTX1;BAD;PDE2A;DNAJC11;SEPTIN4;MAVS;ZNFX1;STING1;BAX;ARMC12;SFXN2;LPIN1;BCL2L2;TOMM5;BCL2L1
60,GO_Biological_Process_2026,Positive Regulation of Protein Metabolic Process (GO:0051247),5.462015136492428e-06,0.0004911336561255897,0,0,2.078422645540324,25.185687051733346,CYFIP2;GSK3A;CSF1;LDB1;EIF4A3;NAT10;TNFAIP3;TNF;ELAVL1;AKT1;TBC1D10A;PRMT1;METTL3;CIRBP;AXIN1;PASK;RNF41;DDB1;EZR;VPS28;AMER1;VCP;RAB1B;AGER;THBS1;OAZ2;NKD1;CLN6;FXR2;LARP1;MAPK7;DDRGK1;ERBB2;VPS11;FADD;BAK1;ABCA2;EGLN2;TGFB1;WFS1;BAD;CARD9;PCIF1;DAB2IP;WNT7A;MSN;EEF2;KLF4;SORL1;KLF2;MTOR;EFNA1;SLC6A9;AGO2;BCL3;PLXNB2;STUB1;PABPC1L;FGFR4;OGT;TRIM32;EIF4G1
5510,GO_Molecular_Function_2026,Mitogen-activated Protein Kinase Kinase Binding (GO:0031434),1.0614602596889577e-05,0.0005029688615141522,0,0,inf,inf,ACE;TAOK2;DAB2IP;PIN1;TRIB3;TRIB1;TRIB2
5511,GO_Molecular_Function_2026,Histone Deacetylase Binding (GO:0042826),1.1756970812267011e-05,0.0005364662237301095,0,0,2.689401396435415,30.527567998357743,HDAC4;HDAC5;CIITA;SPI1;HDAC10;HDAC1;AKAP8L;AKAP8;SMG5;HDAC6;RELA;MTA1;KCTD21;MIER2;NACC2;NACC1;CAMTA2;MTA2;MEF2D;FOXP3;HIC1;USF1;NCOR2;KAT2A;BRMS1;TFAP4;SP2;THAP7;SP1;BCL3;BCOR;PKN1;HSPA1B;RAD9A;HSPA1A
61,GO_Biological_Process_2026,Heterochromatin Organization (GO:0070828),6.192785005774745e-06,0.0005478617057528142,0,0,2.5404531087026734,30.46543289332343,L3MBTL1;H2AX;KMT2D;L3MBTL2;HDAC1;PHF1;SUV39H1;MACROH2A1;LMNB2;LOXL2;H2AC11;H2AC12;PRDM16;LMNA;PCGF1;CBX8;CBX7;CBX6;PHC2;PHC1;H2AC6;CBX4;SETDB1;RING1;H2AC7;H2AC4;CBX2;PCGF2;PCGF3;MTHFR;EPOP;H1-0;SMARCA4;TFDP1;H3-7;H2AC21;SNAI1;BCOR;BCORL1;BAP1;PHF19
64,GO_Biological_Process_2026,Regulation of Actin Cytoskeleton Organization (GO:0032956),6.538111030079859e-06,0.0005517159846152004,0,0,2.6940552373489557,32.16126036460764,CSF1R;LRP1;INPPL1;TESK1;TWF2;SLC4A2;CELSR1;CORO1A;RHOBTB2;RND1;CDC42;TRPM2;SH3BP1;DVL2;MLST8;RAC2;DVL3;PTK2B;PDGFRB;DMTN;DAPK3;PRKCD;ARHGEF19;RHOG;HIP1R;ARAP3;ARAP1;BAIAP2;MTOR;CAPN10;TAOK2;FSCN1;CDK10;ESAM;EZR;ARHGEF5;RAPGEF3
63,GO_Biological_Process_2026,Extrinsic Apoptotic Signaling Pathway (GO:0097191),6.4974373179270636e-06,0.0005517159846152004,0,0,3.1111258629845993,37.159606874818856,GSK3A;DDX47;DIABLO;CIB1;FASLG;TNF;DEDD2;BAG3;CASP2;BAK1;FADD;DEDD;BOK;MCL1;MOAP1;NGFR;DAXX;SMAD3;TGFB1;PDPK1;BAD;DAB2IP;TRAF2;TNFRSF1B;RNF41;TNFRSF1A;MLLT11;BAX;BCL2L2;BCL2L1
62,GO_Biological_Process_2026,Cellular Response to Oxygen-Containing Compound (GO:1901701),6.394042679620169e-06,0.0005517159846152004,0,0,1.7759955261679756,21.24116193866877,CRTC2;CRTC1;IRS1;GFI1;OGG1;RORC;TNFAIP3;TNF;ACTB;ICAM1;RPTOR;ZFP36;KAT5;RUVBL2;ZC3H12A;EP300;CCR5;PDK2;GIT1;TGM2;UPF1;ABCC1;PRMT1;DDX11;NFKBIL1;PRKCD;CD180;GPBAR1;LDOC1;TICAM1;TNFRSF1B;MMP9;CACNB1;KCNQ1;DGKQ;PEX5;RAPGEF1;RARA;TIMELESS;BPI;IRF5;ARHGEF2;CACTIN;RAPGEF3;CX3CR1;HCN3;VCP;LTK;LRP1;SRC;PXN;TWF2;HTRA2;AGAP3;NOD2;AGER;RELA;CAMKK2;ZFP36L1;PRDX3;SBNO2;WNT11;MAT2A;P2RY2;ZNF703;INPP5K;NLRP3;PTK2B;NTRK1;EGR1;NGFR;DMTN;TRIM41;FZD7;PDE2A;DAB2IP;ATP2B4;PTK6;PEX10;NR1D1;TRPV1;MTOR;SSH1;TNIP1;CASTOR2;FES;PDE3A;PAF1;CD68;FCGR2B;MYD88;SLC26A6;HCN2
6761,GO_Cellular_Component_2026,TORC1 Complex (GO:0031931),5.4535226968420463e-05,0.0005574712090105203,0,0,inf,inf,RPTOR;LARP1;AKT1S1;MLST8;MTOR;TTI1
6762,GO_Cellular_Component_2026,Nuclear Ribonucleoprotein Granule (GO:0140168),5.695135824256421e-05,0.0005695135824256421,0,0,1.6369834656142916,15.99875181575015,H2AX;EIF4A1;DAZAP2;ELL;EHMT2;OGG1;AKAP8L;INPPL1;CRAMP1;PRPF19;PQBP1;EFTUD2;RBM4;SART1;ALKBH5;SART3;SNRNP70;VPS72;RUVBL1;UBASH3A;ZNF446;PRKACA;PSKH1;SRRM2;ATPAF2;PPP1R16B;UNC45A;BRD2;BRD1;RBM14;METTL3;RBM19;IL16;TFIP11;KIF22;SIRT7;DGKZ;KLF15;THOC6;ATXN2L;CDC34;PRPF6;DDX39B;THAP7;DGKQ;CRY2;SDE2;GEMIN4;CD2BP2;TUT1;CACTIN;SGK1;LUC7L2;HDAC4;ZNF473;HDAC5;RTEL1;AP5Z1;CXXC1;BAZ2A;FOXO4;PRPF8;CYGB;TIMM50;NXF1;RBM15B;GRK5;U2AF2;PCBP1;HSF1;LMNA;HSF4;EP400;SYMPK;LPXN;ZC3H18;RREB1;RBM10;LHPP;HEXIM2;SF3A1;CHTOP;MBD1;NONO;SETD1A;LIMK1;GTF2H4;FANCG;HINFP;NR4A1;ACIN1;PRPF31;HSPA1B;HSPA1A;WRAP53;ZPR1
6763,GO_Cellular_Component_2026,PRC1 Complex (GO:0035102),5.824888824446781e-05,0.0005700955019671317,0,0,7.590478710891555,74.01313014413535,CBX8;CBX7;CBX6;PHC2;PHC1;CBX4;RING1;CBX2;PCGF2;PCGF3;PCGF1
65,GO_Biological_Process_2026,Positive Regulation of Cell Migration (GO:0030335),7.048157370503806e-06,0.0005857445935941421,0,0,1.816752448900502,21.55166983253405,GPI;SCARB1;RIPOR1;CSF1;PDCD6;FLT4;PIK3CD;EMC10;CIB1;VSIR;CRKL;PLAU;AKT2;BSG;ZC3H12A;ITGAX;AKT1;GFUS;WASHC1;CCR2;PDGFRB;SEMA6C;SUN2;ACTN4;RHOB;FGR;PTP4A1;CREB3;MMP14;TMSB15B;MYADM;NSMF;PRKD2;ARHGEF2;EPHA1;EPHA2;IGSF8;CSF1R;GRN;SEMA7A;CD151;NOTCH1;SRC;MAZ;SEMA3B;SEMA3G;CXCR4;SEMA3F;THBS1;HDAC6;PPM1F;CDC42;TMEM201;RAB40B;DDRGK1;PODXL;ZNF703;ATOH8;PLCG2;PTK2B;NCKAP1L;STX4;ZNF304;PLCG1;RREB1;AAMP;HSPA8;SEMA4A;CARMIL2;DMTN;TGFB1;ZNF580;SEMA4D;SEMA4B;SEMA4C;DAB2IP;SEMA4G;MTOR;VEGFA;COL1A1;MYO1C;AGO2;SNAI1;CALR;TRIM32;FERMT3
67,GO_Biological_Process_2026,Protein Localization to Organelle (GO:0033365),7.340115206266518e-06,0.0005920666456819389,0,0,2.2018645574120157,26.03078633215835,RIPOR1;AUP1;RCSD1;TRAM2;BICD2;HK2;HK1;SEC61A1;AKT1;PMPCA;GET3;RAB8A;GET4;IFT140;AIP;CSNK1D;CTDNEP1;GAK;OBSCN;FKBP8;ARF6;PPP1R15A;TRABD;TOMM40;BRAT1;ARFRP1;NEURL1B;NUAK2;PITRM1;DDRGK1;DVL1;LMNA;MICALL1;PACSIN2;RAB11FIP3;BCAP31;BBS1;TOR1A;IL10RA;RPA1;IFT122;ABCA7;SORL1;COL1A1;EHD1;MAVS;STING1;TOLLIP;SARM1;PAF1;PIN1;CALR;TOMM5
66,GO_Biological_Process_2026,Negative Regulation of Natural Killer Cell Mediated Cytotoxicity (GO:0045953),7.2558287387528665e-06,0.0005920666456819389,0,0,7.248676081200353,85.77869763388603,TGFB1;HLA-B;ARRB2;HLA-A;HLA-F;HLA-G;PVR;KIR2DL4;HLA-E;CEACAM1;INPP5D;LGALS9;NECTIN4;MICA
68,GO_Biological_Process_2026,Transcription Initiation at RNA Polymerase II Promoter (GO:0006367),7.835595085056368e-06,0.0006228730295874519,0,0,2.2574285339121167,26.540211937098743,INTS11;PHF2;SMARCB1;SPI1;SGF29;NOC2L;INTS15;MED16;MED15;PPP2R1A;VPS72;WDR5;EP300;KAT8;MEN1;RBM14;SIRT7;GTF2F1;ARID1A;MED26;MED22;TAF6L;MED25;MED24;ARMC5;MED20;PADI2;SMARCD1;WBP2;MAZ;GTF2E1;MACROH2A1;POLR2A;POLR2C;POLR2E;E2F2;POLR2F;POLR2H;INTS1;USP21;INTS3;GTF2H4;SMARCA4;CDK9;ERCC3;ERCC2;INTS5;TAF8;TAF6;TAF4
69,GO_Biological_Process_2026,Nicotinamide Nucleotide Metabolic Process (GO:0046496),8.705911136708752e-06,0.0006725622899274296,0,0,4.362682638740339,50.831833071607676,PFKFB2;GPI;PFKFB4;VCP;G6PD;PFKFB3;PGAM2;ENO2;ENO3;HK2;HK1;HK3;PFKL;PC;PKM;UCP2;ALDOC;GPD1L;ALDOA;PFKM
70,GO_Biological_Process_2026,Semaphorin-plexin Signaling Pathway (GO:0071526),8.705911136708752e-06,0.0006725622899274296,0,0,4.362682638740339,50.831833071607676,SEMA4A;SEMA6C;SEMA7A;PLXND1;SEMA4D;SEMA4B;SEMA3B;SEMA4C;SEMA3G;SEMA3F;SEMA4G;SH3BP1;ARHGDIA;ERBB2;PLXNA2;FLNA;PLXNA1;PLXNB2;PLXNB1;PLXNA3
71,GO_Biological_Process_2026,Regulation of Programmed Cell Death (GO:0043067),8.840903186630993e-06,0.0006735049163704305,0,0,2.095811514274885,24.387117454944942,RARG;RTKN;TRRAP;CD3E;PEPD;TNF;ACTB;KAT5;VPS72;RUVBL2;RUVBL1;AKT1;CCNL2;SLC39A7;JAK3;CTSB;TGM2;DAXX;ACTN3;RIPK3;ACTN1;DAPK3;TRAF2;ACTN4;FBXO10;DDB1;CREB3;BRMS1;MADD;AKT1S1;TNFRSF25;KANK2;VCP;DIABLO;GLS2;LRP8;BCL2L11;DPP9;EP400;HS1BP3;DMAP1;MCL1;NTRK1;MOAP1;BIK;WFS1;HIP1R;FBXL18;SEPTIN4;BCL3;SARM1;TNFSF9;BAX;CALR;NF2;NOP53;BCL2L2;TP73
6764,GO_Cellular_Component_2026,Tertiary Granule (GO:0070820),7.189195919657489e-05,0.0006889646089671761,0,0,2.0542541563912584,19.598295696387467,CYFIP1;TMEM63A;ITGAM;CANT1;STXBP2;ITGB2;UBR4;GPR84;TCIRG1;CFP;CNN2;TRPM2;LAMP1;PLAU;CLEC5A;TBC1D10C;ITGAX;TIMP2;SIRPA;STOM;NCKAP1L;QSOX1;SPTAN1;LAIR1;GSDMD;PTPRN2;DBNL;CD93;CD300A;GAA;CYBA;NBEAL2;ATP11A;KCNAB2;TMC6;ATAD3B;MMP9;CHIT1;CEACAM1;TSPAN14;DOK3;VAMP1;ADAM8;ALDOC;PTPN6;ALDOA;ATP6V0C;ARL8A
5512,GO_Molecular_Function_2026,Neuropilin Binding (GO:0038191),1.683138167112091e-05,0.00074058079352932,0,0,8.281983412740427,91.03776018664392,SEMA4A;SEMA7A;SEMA4D;SEMA4B;PXN;SEMA3B;SEMA4C;TAOK2;SEMA3G;SEMA3F;SEMA4G;VEGFA
72,GO_Biological_Process_2026,Regulation of Phosphatidylinositol 3-Kinase/Protein Kinase B Signal Transduction (GO:0051896),9.868042522867105e-06,0.0007414549758620009,0,0,2.014312130177515,23.21738270465628,DDR1;IRS1;PDCD6;CIB1;ARRB2;TNF;FLCN;GRM2;PPP2R1A;HYAL2;PIP5KL1;CPNE1;DAG1;AKT1;PDGFRB;PPP1R16B;RUBCN;UNC5B;PDPK1;TSC2;SIRT7;HLA-G;ADRA2B;VAV1;VAV2;RNF41;FGR;RCN3;CEACAM1;HCLS1;ADAM8;GAS6;RAPGEF3;TSPYL5;ENG;CX3CR1;CSF1R;LTK;SRC;MAZ;NLRC3;MST1R;THBS1;CD19;INPP5K;PTK2B;PIP5K1C;EXTL3;SH2B3;NTRK1;PLK3;TGFB1;NHERF1;SEMA4D;DAB2IP;OSM;MTOR;VEGFA;PIK3IP1;PLXNB1;PTPN6;NOP53;MYORG
73,GO_Biological_Process_2026,Ubiquitin-dependent Protein Catabolic Process (GO:0006511),1.012215387950344e-05,0.0007502704598523834,0,0,1.6080196899576327,18.49348725510637,UBE3B;PSMD8;MAEA;KAT5;TRIM28;PSMD2;PSMD3;WDR91;TRIM25;TRIM26;FBXW5;ARRDC1;KCTD2;FBXO10;KCTD5;RNF40;RNF41;RNF123;RNF126;CDC34;ARMC5;WDR81;KCTD10;CHMP4B;NHLRC1;RBCK1;KCTD17;RNF122;VPS28;CUL9;CUL7;VCP;PSMD11;KLHL17;UBR4;KLHL11;AGAP3;UBE2J2;DTX4;FBXO44;RHOBTB2;BAG6;RNF213;TMEM129;KLHL25;KLHL26;UBE2C;EDEM1;KLHL21;FBXO31;NSFL1C;NPLOC4;UBXN11;TOLLIP;RANBP10;MKRN2;UBA1;UBAP1L;LZTR1;RNF187;GSK3A;UBXN1;TNFAIP3;ARRB1;ARRB2;PTPN23;TNFAIP1;HERPUD1;ANKRD9;TRIM3;CHMP1A;CCIN;UBL7;GET4;APC2;DTX3L;AXIN1;VPS37B;AXIN2;DDB1;RNF144A;RNF167;CHMP7;RNF166;DERL3;DCST1;RNF4;PSMB10;DNAJB2;PSMB4;MTA1;RAB40B;OS9;RAB40C;HECTD3;KCTD21;TBX21;ZSWIM8;DCAF11;RFFL;UBQLN4;FEM1A;FEM1B;RNF25;AMFR;FBXL19;RNF26;ADRM1;SYVN1;HUWE1;KLHL3;PEX10;PSMB8;PML;CHFR;SPSB3;KBTBD4;SPSB1;PSMC3;PSMC4;KLHL6;STUB1;TRIM32;BMAL1;ASB1
74,GO_Biological_Process_2026,Organophosphate Metabolic Process (GO:0019637),1.034334969419411e-05,0.0007564436409687292,0,0,3.084120717041071,35.40313610029057,IPPK;PFKFB2;GPI;PFKFB4;PFKFB3;PLPPR2;PLPPR3;LCAT;AGPAT1;HK2;HK1;THTPA;INPP5B;HK3;PIP4P1;INPP5A;G6PD;INPP4A;ITPKB;PLA2G15;PFKL;G6PC3;LPCAT4;ALDOC;ALDOA;PLCB2;PFKM;PFKP;PLCD1
75,GO_Biological_Process_2026,Positive Regulation of Programmed Cell Death (GO:0043068),1.0553193139694e-05,0.0007616350575160736,0,0,1.907024772264878,21.852753387429964,MTCH1;RARG;PRR7;PDCD6;FASLG;TNF;CCAR2;FLCN;PIDD1;RASSF2;ADAMTSL4;AIFM2;RPS6KA2;SMPD1;PIP5KL1;CASP2;PHLDA1;TGM2;BOK;ZBP1;TNFRSF12A;DAPK3;TMC8;SCRIB;RHOB;DNM2;BIN1;IRF5;RNF122;SLC27A4;DIABLO;DCUN1D3;HTT;HTRA2;GRAMD4;PTPA;TFPT;BCL2L11;CALHM2;PNMA1;E2F1;BMF;FADD;APBB1;BAK1;PCK2;SPDEF;MCL1;NTRK1;HSPA8;MOAP1;TGFB3;BAD;DAB2IP;LAPTM5;CIDEB;PNMA3;SEPTIN4;MLLT11;TFAP4;ERCC3;DNAJA3;SARM1;TRIM35;MAP3K10;ACIN1;BAX;QRICH1;TAF6;DHCR7;BCL2L2;BCL2L1
6765,GO_Cellular_Component_2026,Cytoskeleton (GO:0005856),8.38411640642139e-05,0.0007870803157048653,0,0,1.499044799828866,14.07091361071495,FHOD1;ACTB;SAMD14;MAEA;MPRIP;TUBB3;PPP2R1A;DPYSL2;ARHGDIA;ZC3H12A;CFL1;SYNPO;TPM2;CEP131;MYO7B;ACTN4;MYO7A;SRCIN1;TUBA4A;EML3;BIN3;SCNN1D;BIN1;DGKQ;MAP7D1;SPECC1L;FSCN1;NSMF;TAGLN2;FSCN2;EZR;LLGL1;GYPC;TMEM63B;FLII;KLHL17;HTRA2;RHOBTB2;CNN2;MICAL1;VILL;SPTBN1;VASP;CARMIL2;JUP;PLK1;SIGLEC10;PCIF1;MSN;TBCC;PARVB;SMTN;PARVG;DLG4;FES;NF2;MAST3;C15ORF62;LSP1;TRIOBP;LIMD2;PPP1R9B;RND1;RAC2;APC2;TUBB;RHOG;NAV1;TUBG2;DYNLL2;SYN1;MTSS2;ITPKB;FGR;PSRC1;CTTN;INCENP;CDC42EP4;CDC42EP2;CDC42EP1;MYH9;ALDOC;KIFC3;ARHGEF2;ALDOA;DBN1;PLEC;AHNAK;DCTN1;MVP;WAS;KATNB1;NOD2;AURKB;ADD2;CDC42;ABLIM2;PDLIM2;FLNA;STOM;FLNB;PDLIM7;MAPK3;DMTN;GSN;NHERF1;ZNF185;SEPTIN1;CDC42BPG;MID1IP1;CIMAP1C;CIMAP1B;SEPTIN3;MYO9B;SEPTIN4;SEPTIN9;TUBB4B;BAIAP2;TUBB4A;SEPTIN8;AGBL5;MYO1C;KRT18;TTLL3;MYO15A;TAOK2;ZYX;EPPK1;P4HB;MYO1F;MYO1G
5513,GO_Molecular_Function_2026,Mitogen-activated Protein Kinase Binding (GO:0051019),1.8586846263416878e-05,0.0007896205033286068,0,0,5.648593990755008,61.53045302118976,ACE;DUSP1;PRMT1;MICAL2;NFATC1;DUSP10;MAPK7;MAPKAPK3;TNIP1;RPS6KA1;MAPKAPK2;ATF7;MAPKAPK5;MAP2K7;CDK5RAP3
76,GO_Biological_Process_2026,Cellular Response to Cytokine Stimulus (GO:0071345),1.1198412184209e-05,0.0007977050757193034,0,0,1.7953064287516174,20.466023921025375,RIPOR1;GSK3A;CSF3R;IRS1;GBA1;CIB1;PSMD8;IKBKB;ZFP36;SMPD4;PSMD2;HYAL2;KHSRP;PSMD3;ZC3H12A;HYAL3;PIM1;AKT1;SIRPA;LGALS9;PRKACA;LDLRAP1;JAK3;CCR2;UPF1;CISH;DUSP1;IL11RA;DAPK3;IL16;TYK2;TNFRSF1A;CDC34;OAS1;HCLS1;IRF8;IRF5;ARHGEF2;CACTIN;GAS6;LILRA6;CSF1R;CEBPA;NUMBL;SELPLG;PSMD11;PDE1B;NPR2;TCF7;IL20RB;CXCR4;HTRA2;IL2RG;LRP8;LILRA4;RELA;LILRA5;ZFP36L1;SOCS3;PSMB4;SBNO2;SOCS1;IL21R;INPP5K;STAT6;IL12RB1;SH2B3;STAT5A;EGR1;IL10RA;PDE2A;ADRM1;DAB2IP;NR1D1;LILRB5;MAPK13;CDK9;MAPK11;MAVS;CD4;PSMC3;PSMC4;IL2RB;PTPN6;SLC26A6
6766,GO_Cellular_Component_2026,Cell-cell Junction (GO:0005911),8.815881563378387e-05,0.0008110611038308115,0,0,1.6968773578372232,15.84267595515319,PTPRU;WDR1;LIMD1;CELSR1;AQP3;CELSR2;PVR;ACTB;FGFRL1;CELSR3;RND1;PANX1;FLCN;BAIAP2L2;FLOT2;MAP2K2;ACTN1;HEG1;PLEKHG5;SCRIB;LSR;SHROOM1;CEACAM1;CLDN15;SAPCD2;CDC42EP4;ADGRB1;CDHR2;FSCN1;MYADM;CDC42EP1;ITGA5;EZR;TLN1;LLGL1;EPHA2;CRB2;NOTCH1;AHNAK;SRC;PXN;PRKCZ;NDRG1;DLL1;CNN2;ARVCF;GJC2;PDLIM2;CCDC85C;SH3BP1;MICALL1;MICALL2;PACSIN2;FLNA;CDH24;LPXN;NPHP4;PCDH1;PDLIM7;PAK4;JAG1;NIBAN2;JUP;MSN;BAIAP2;PPP1CA;VEGFA;KRT18;AJM1;NPHS1;DLG4;DLG5;ZYX;ESAM;UBA1;NF2;FGFR4;NECTIN4;LIMS2;NECTIN1
6767,GO_Cellular_Component_2026,Nuclear Speck (GO:0016607),0.00010014728992008855,0.0009032892816321712,0,0,1.6593063325729613,15.28033391151198,H2AX;DAZAP2;ELL;EHMT2;OGG1;AKAP8L;INPPL1;PRPF19;PQBP1;EFTUD2;RBM4;SART1;ALKBH5;SNRNP70;VPS72;RUVBL1;UBASH3A;ZNF446;PRKACA;PSKH1;SRRM2;ATPAF2;PPP1R16B;UNC45A;BRD2;BRD1;RBM14;METTL3;RBM19;IL16;TFIP11;KIF22;SIRT7;DGKZ;KLF15;THOC6;ATXN2L;CDC34;PRPF6;DDX39B;THAP7;DGKQ;CRY2;SDE2;CD2BP2;TUT1;CACTIN;SGK1;LUC7L2;HDAC4;HDAC5;RTEL1;AP5Z1;CXXC1;BAZ2A;FOXO4;PRPF8;CYGB;TIMM50;NXF1;RBM15B;GRK5;U2AF2;PCBP1;LMNA;HSF4;EP400;LPXN;ZC3H18;RREB1;RBM10;LHPP;HEXIM2;SF3A1;CHTOP;MBD1;SETD1A;LIMK1;GTF2H4;FANCG;NR4A1;ACIN1;PRPF31;HSPA1B;HSPA1A
6768,GO_Cellular_Component_2026,Golgi Lumen (GO:0005796),0.00010448233248039702,0.0009242667873265891,0,0,2.925760649087221,26.818963245681253,TGFB1;PPIL2;SDC4;MUC16;PODXL2;SDC3;RHBDF2;WNT7A;FURIN;MUC5B;HSPG2;MMP11;MMP14;PROC;GPC1;DAG1;SDF4;BPNT2;CSPG4;WNT1;GAS6;AGRN;WNT4;MUC6
5514,GO_Molecular_Function_2026,Phosphatidylinositol Phosphate Binding (GO:1901981),2.2979591020696598e-05,0.0009436952045832736,0,0,2.140608373793298,22.86363271951028,ARHGAP9;DENND1C;PLEKHF1;NCF4;SNX12;RCSD1;WDR45;ZFYVE1;ZFYVE26;TOM1;AKT1;ANKFY1;ARFIP2;LDLRAP1;RUBCN;ARAP3;ARAP1;WIPI2;DNM1;DNM2;OBSCN;KCNQ1;ZFYVE19;AMER1;FLII;TWF2;SLC9A1;RACGAP1;NLRP3;VILL;GSDMD;GSDMB;GSN;OSBPL5;FZD7;DAB2IP;HIP1R;PLEKHA4;ADAP1;SNX20;SYT7;TPCN2;SNX18;STING1;ATG2A;ATP13A2;OGT;TECPR1;PLCD1;MYO1G
77,GO_Biological_Process_2026,Lytic Vacuole Organization (GO:0080171),1.3899606134385248e-05,0.0009774274313731164,0,0,3.956353031909766,44.24646779850505,VPS18;GRN;TMEM63A;AP5Z1;GAA;TFE3;TFEB;GBA1;MYO7A;NAGPA;AP5B1;CLN6;TPCN2;ZFYVE26;HOOK2;FHIP1B;ZKSCAN3;ACP2;TPP1;PI4KB;AP5S1
78,GO_Biological_Process_2026,Cytoskeleton Organization (GO:0007010),1.5167193036167689e-05,0.0010530639721946806,0,0,2.5590245775729645,28.395898434097237,PRR5;TEDC1;CNTNAP1;MAST3;LIMD1;SIPA1L3;SYNE3;ACTB;PLD2;RHOBTB2;ARHGAP4;FGD2;CNN2;NCKIPSD;FGD3;STRIP1;DPYSL2;MICAL1;PACSIN2;MLST8;RAC2;PTK2B;PACSIN1;PAK4;DMTN;MICAL3;RHOG;MICAL2;ARAP3;SEPTIN3;CFAP410;SEPTIN9;SORBS3;MTOR;BIN1;RANBP10;SIPA1
79,GO_Biological_Process_2026,Heterochromatin Formation (GO:0031507),1.5861777986794395e-05,0.00107432606823098,0,0,2.348789268238019,25.957875349911248,L3MBTL1;H2AX;ZNF512B;KMT2D;L3MBTL2;HDAC1;PHF1;SUV39H1;MACROH2A1;LMNB2;H2AC11;H2AC12;RBM15B;LMNA;PCGF1;MORC2;CBX8;CBX7;CBX6;PHC2;PHC1;H2AC6;CBX4;RING1;H2AC7;H2AC4;CBX2;PCGF2;METTL3;DNMT3A;PCGF3;EPOP;H1-0;SMARCA4;TFDP1;ZNFX1;H3-7;H2AC21;ZNF512;BCOR;BCORL1;BAP1;PHF19
80,GO_Biological_Process_2026,MAPK Cascade (GO:0000165),1.586516162747664e-05,0.00107432606823098,0,0,2.4415050645191574,26.98201231391343,GPS1;ARAF;GPS2;CRKL;ZFP36L1;CAMKK2;IKBKB;ZFP36;MAPK7;MYC;HSF1;LGALS9;RCE1;MAP3K6;MAP2K7;CCR5;MAPK3;MAP2K3;MAP4K1;MAP4K2;DAXX;JUN;MAP2K2;MINK1;SH2D3C;MAPK8IP2;MAPK12;MAPK8IP1;DUSP7;MAPK13;MAPK11;PPP5C;MAPKAPK3;MAPKAPK2;TAOK2;MAP3K10;STUB1;MAP3K14;SHANK3;MAP3K11
81,GO_Biological_Process_2026,Immunoglobulin Mediated Immune Response (GO:0016064),1.683138167112091e-05,0.0011182231708058532,0,0,8.281983412740427,91.03776018664392,CD74;IGLL5;FCMR;CD81;CD19;CARD9;IL2RB;IL21R;TLR8;CSF2RB;IL2RG;FCGR2B
82,GO_Biological_Process_2026,Regulation of Small GTPase Mediated Signal Transduction (GO:0051056),1.6921152812558945e-05,0.0011182231708058532,0,0,2.1168151303016214,23.257333683086102,ARHGAP9;ARHGAP8;ARHGAP1;ARHGEF10L;FOXM1;ARHGAP4;PREX1;FLCN;ARHGDIA;MCF2L;GIT1;RALGPS1;TGM2;ARHGEF11;PLEKHG3;PLEKHG4;STARD8;ARHGEF17;PLEKHG5;ARHGEF19;ARHGEF18;ARAP1;GMIP;ARFGAP1;VAV1;ARHGAP45;VAV2;BCR;OBSCN;MADD;ARHGEF1;ARHGEF2;DOCK2;ARHGEF5;ARF6;KANK2;SRC;DENND3;FGD2;FGD3;ABR;RACGAP1;SH3BP1;EPS8L1;EPS8L2;DENND4B;MYO9B;ARHGAP27;DEF6;ARHGAP23;ARHGAP30;SGSM3;OGT
83,GO_Biological_Process_2026,Positive Regulation of Endothelial Cell Migration (GO:0010595),1.8247322174055917e-05,0.0011915066919606751,0,0,2.7654801959742636,30.175515639868724,GPI;SCARB1;CD40;GRN;FLT4;PDCD6;PIK3CD;EMC10;THBS1;AMOT;TMEM201;ATP5F1B;AKT2;BSG;ZC3H12A;ATOH8;AKT1;PTK2B;PLCG1;GFUS;AAMP;MAP2K3;STAT5A;TGFB1;ZNF580;PDPK1;NOS3;RHOB;VEGFA;SP1;PRKD2;CALR
84,GO_Biological_Process_2026,Positive Regulation of Cytokine-Mediated Signaling Pathway (GO:0001961),2.046271740316798e-05,0.0013204471171338397,0,0,3.647558776736786,39.382349208548334,ZBP1;CD74;CD40;TRIM41;CSF1;GFI1;NLRC5;LAPTM5;CXCR4;AGPAT1;MAVS;NLRP6;STING1;CPNE1;FADD;EZR;GAS6;IKBKE;TRIM32;HSPA1B;HSPA1A;RNF220
85,GO_Biological_Process_2026,Negative Regulation of Extrinsic Apoptotic Signaling Pathway (GO:2001237),2.0805304637640033e-05,0.0013269429760169253,0,0,3.170695414199644,34.18105593226359,SRC;PELI3;IFI6;TNFAIP3;HTT;TNF;THBS1;RELA;ICAM1;MAPK7;PEA15;AKT1;HMOX1;RFFL;MCL1;GPX1;UNC5B;NOS3;KLF4;PSME3;TMBIM1;ARHGEF2;HSPA1B;BCL2L1;GRINA;HSPA1A
6769,GO_Cellular_Component_2026,Nuclear Membrane (GO:0031965),0.00015443310571815137,0.0013403628043462195,0,0,1.8840201680672268,16.533689100817206,ITPRIP;CASC3;SYNE3;LMNB2;TM7SF2;SMPD4;TMEM43;CPNE1;EMD;SUN2;DUSP2;SUN1;DNAJB12;TMC8;NUTF2;TMC6;RANGAP1;LEMD2;CTDNEP1;INPP4A;DISP3;NSMF;MAD1L1;CERS2;POM121;RTEL1;RETSAT;PSEN2;DTX2;ITPR3;AAAS;LTC4S;DNAJB2;REPIN1;FZR1;TMEM201;GRK5;LMNA;DHX37;TNRC18;OSBPL7;SMAD3;TOR1A;DMPK;SMOX;HMGA1;HUWE1;MAD2L1BP;PML;NR4A1;MCM3AP;DHCR7;LPIN1;MYORG
86,GO_Biological_Process_2026,Regulation of Tumor Necrosis Factor Production (GO:0032680),2.1435006607675935e-05,0.0013513909338287644,0,0,2.2832564330079856,24.5461143758921,CX3CR1;TNFAIP3;NLRC3;NOD2;AGER;ORM2;THBS1;VSIR;LILRA4;PSMB10;LILRA5;SPN;ZFP36;PSMB4;ZC3H12A;PLCG2;SIRPA;LGALS9;FADD;CCR2;TGFB1;FZD5;NFKBIL1;CYBA;MIF;AZU1;PSMB8;HLA-E;MAVS;MC1R;FCGR2A;OAS1;FRMD8;ELF4;OAS2;OAS3;MAPKAPK2;RARA;BPI;PTPN6;ARHGEF2;CACTIN;GAS6;FCGR2B
88,GO_Biological_Process_2026,Neg Reg Phosphatidylinositol 3-Kinase/Protein Kinase B Signal Transduction (GO:0051898),2.269764288106332e-05,0.0013988378786812619,0,0,3.9468524642583662,42.20467804807074,PLK3;RUBCN;NHERF1;PDCD6;DAB2IP;TSC2;CIB1;NLRC3;ARRB2;SIRT7;HLA-G;FLCN;PIK3IP1;PPP2R1A;HYAL2;PIP5KL1;DAG1;INPP5K;SH2B3;NOP53
87,GO_Biological_Process_2026,Intracellular Glucose Homeostasis (GO:0001678),2.269764288106332e-05,0.0013988378786812619,0,0,3.9468524642583662,42.20467804807074,NGFR;ARRB1;FOXK1;NR1D1;SLC39A14;USF2;HK2;USF1;HK1;RPTOR;ERN1;HK3;UCP2;LRRC8D;LRRC8A;PRKACA;GAS6;ZNF236;OGT;PCK2
90,GO_Biological_Process_2026,Secondary Alcohol Metabolic Process (GO:1902652),2.326771875902421e-05,0.0014024553559697562,0,0,4.143816254416961,44.20807007781424,SREBF1;STARD3;OSBPL5;IDH3G;HDLBP;LCAT;GBA1;GBA2;SREBF2;CLN6;NSDHL;PIP4P1;IDH3B;SCAP;LDLRAP1;ABCG1;CES1;PPARD;APOL2
89,GO_Biological_Process_2026,Regulation of Interleukin-6 Production (GO:0032675),2.323199312144033e-05,0.0014024553559697562,0,0,2.5317222177168652,27.01342597393563,EOLA1;TNFAIP3;GBA1;ARRB1;NLRC3;NOD2;TNF;AGER;RELA;LILRA5;HYAL2;BSG;ZC3H12A;PLCG2;SIRPA;NCKAP1L;LGALS9;CD74;TGFB1;CARD9;HLA-B;FOXJ1;CYBA;IL16;IL17RA;MAPK13;MAVS;ELF4;POU2AF1;MAPKAPK2;TLR8;BPI;PTPN6;ARHGEF2;GAS6;MYD88
91,GO_Biological_Process_2026,Negative Regulation of Leukocyte Mediated Cytotoxicity (GO:0001911),2.397730139033237e-05,0.001429516283977968,0,0,6.729725555947758,71.5935322107655,CX3CR1;ARRB2;HLA-F;HLA-G;PVR;KIR2DL4;HLA-E;CEACAM1;INPP5D;LGALS9;FCGR2B;NECTIN4;MICA
92,GO_Biological_Process_2026,Positive Regulation of Canonical NF-kappaB Signal Transduction (GO:0043123),2.427273177563264e-05,0.0014315691805305917,0,0,1.9273426510253333,20.4802455772458,SLC35B2;CD40;ECM1;SLC44A2;SECTM1;ILK;FASLG;TNF;IKBKB;TRIM8;TRIM25;FLOT2;LGALS9;IKBKG;PIM2;IKBKE;UNC5CL;TRIM62;PLEKHG5;SHISA5;TRAF2;TRAF1;TICAM1;JMJD8;TNFRSF1A;TLR8;RBCK1;CARD14;CX3CR1;RNF31;CANT1;NOD2;CXXC5;RELA;PRDX3;IRAK1;DDRGK1;PLCG2;S100A13;HMOX1;FLNA;FADD;APOL3;BRD4;CD74;TGFB1;TNFSF14;NEK6;CARD9;DAB2IP;HUWE1;MIB2;VEGFA;FKBP1A;PPP5C;MAVS;TAB3;CCDC22;LTBR;TRIM32;CC2D1A;HSPA1B;MYD88;HSPA1A
6770,GO_Cellular_Component_2026,INO80-type Complex (GO:0097346),0.00016925371724825543,0.0014417909247073611,0,0,4.459773236472266,38.72916886794493,INO80E;SRCAP;TRRAP;ACTR5;MCRS1;YY1AP1;TFPT;KAT5;VPS72;RUVBL2;RUVBL1;EP400;DMAP1;NFRKB
6771,GO_Cellular_Component_2026,Phagocytic Vesicle (GO:0045335),0.0001833926706124397,0.0015338296087585865,0,0,2.2742764078973683,19.567603490248345,UNC93B1;NCF4;ZDHHC5;PLD4;TCIRG1;NOD2;MPO;CORO1A;RAB43;PIP4P1;RAC2;STX4;RAB8A;RAB11FIP5;HLA-B;ANXA11;HLA-C;TAP1;CYBA;HLA-A;HLA-F;HLA-G;MPEG1;SYT7;MTOR;HLA-E;TAPBP;RAB11B;FMNL1;HGS;ADAM8;CALR;ATP6V0D1;ATP6V0C
6772,GO_Cellular_Component_2026,Podosome (GO:0002102),0.0001959827601795456,0.0016098583871891243,0,0,6.899217969071559,58.9019620635723,DBNL;SH3PXD2A;FLII;FSCN1;FLNA;LPXN;ADAM8;ARAP1;FERMT3;PLEC
95,GO_Biological_Process_2026,"Negative Regulation of Gene Expression, Epigenetic (GO:0045814)",2.836588272150427e-05,0.001620696528410947,0,0,2.223965464780161,23.28563775248392,L3MBTL1;H2AX;HDAC4;KMT2D;HDAC5;DNMT1;L3MBTL2;SMYD5;HDAC1;PHF1;SUV39H1;MACROH2A1;LMNB2;HDAC6;H2AC11;H2AC12;MTA1;MYC;LMNA;PCGF1;ZNF445;CBX8;CBX7;CBX6;PHC2;PHC1;H2AC6;CBX4;RING1;H2AC7;H2AC4;CBX2;PCGF2;DNMT3A;PCGF3;EPOP;H1-0;SMARCA4;TFDP1;H3-7;H2AC21;BCOR;BCORL1;BAP1;PHF19
94,GO_Biological_Process_2026,Transcription Initiation-Coupled Chromatin Remodeling (GO:0045815),2.8298219985077323e-05,0.001620696528410947,0,0,3.4049492321681147,35.65905150278212,APOBEC3C;PHF2;SMARCD1;EGR1;RBM14;SMARCB1;SPI1;APOBEC3F;WBP2;USP21;OGG1;SGF29;SIRT7;NOC2L;ARID1A;MACROH2A1;SMARCA4;VPS72;WDR5;EP300;KAT8;PADI2;MEN1
93,GO_Biological_Process_2026,Lysosome Organization (GO:0007040),2.8298219985077323e-05,0.001620696528410947,0,0,3.4049492321681147,35.65905150278212,VPS18;GRN;TMEM63A;AP5Z1;GAA;TFE3;TFEB;GBA1;MYO7A;NAGPA;AP5B1;CORO1A;CLN6;TPCN2;ZFYVE26;HOOK2;FHIP1B;ZKSCAN3;ACP2;TPP1;PI4KB;AP5S1;ARF5
96,GO_Biological_Process_2026,Protein Transport (GO:0015031),2.988934983445125e-05,0.0016901348849687125,0,0,1.7282438106294014,18.004858422056746,ARF3;STEAP3;CLSTN3;PDCD6;ARHGAP1;CLTB;AP2A1;RAB43;CHMP1A;TOM1;ARFIP2;TMED2;EIF2D;TMED9;AMN;ARRDC1;TANGO2;PAM16;SCAMP2;PDIA4;DNM2;RCN3;STX1B;CTTN;TEP1;PICK1;MYH9;PREB;ARHGEF2;TSNARE1;PHAF1;STX1A;ARF5;ABCG1;ARF6;NAPA;UNC119B;RAB5B;NECAB3;RAB5C;LRP1;UNC93B1;MVP;RAB1B;STXBP2;VPS26C;LTBP2;VPS26B;SNX33;HDAC6;STX10;TIMM50;GGA2;ARFRP1;GGA1;NEURL1B;GGA3;RAB24;TBC1D13;STX4;RAB11FIP3;SPTBN1;CTSA;GSDMD;BBS1;NGFR;CD74;ACD;IL10RA;SURF4;AP3D1;LAPTM5;ASPSCR1;TVP23C;MCOLN1;ARCN1;RAB11B;EHD1;SNX18;KRT18;SNX17;PPT1;UNC119;IFT27;COPG1;MON1A
98,GO_Biological_Process_2026,Positive Regulation of Protein Import Into Nucleus (GO:0042307),3.427893472559381e-05,0.001899191484544263,0,0,5.177657132768362,53.231387049199455,SMAD3;TGFB1;JUP;PRKCD;MAVS;TRIM28;BAG3;HYAL2;ZC3H12A;AKT1;EP300;FLNA;HCLS1;DMAP1;ZPR1
97,GO_Biological_Process_2026,Positive Regulation of MAPK Cascade (GO:0043410),3.4265487840120674e-05,0.001899191484544263,0,0,1.7198610213316097,17.682530769324963,MAPKBP1;CD40;SPI1;ARHGAP8;CD81;FLT4;CIB1;ARRB1;ARRB2;PHB2;TNF;CRKL;ICAM1;RASSF2;ZC3H12A;LGALS9;MAP4K1;PDGFRB;MAP4K2;UNC5CL;KSR1;PRMT1;IL11RA;MINK1;AXIN1;MIF;MAPK8IP3;ADRA2B;MAPK8IP1;ERN1;TRAF7;TRAF4;MADD;PRKD2;ADAM8;RELL2;GAS6;AVPI1;NOTCH2;CSF1R;NDRG4;SEMA7A;NOTCH1;SHC1;MST1R;NOD2;IL2RG;PRKCZ;AGER;THBS1;PIK3R6;LILRA5;CRACR2A;ERBB2;PLCG2;DVL2;DVL3;PTK2B;MAP2K7;DRD4;WNT4;MAPK3;NTRK1;CD74;TGFB1;FZD7;CARD9;SEMA4C;LIF;DAB2IP;LAPTM5;OSM;WNT7A;ABCA7;VEGFA;STK25;CCDC88C;TAOK2;IL2RB;MAP3K10;ACKR3;LTBR;FGFR4;FCGR2B;LAT;MAP3K11
99,GO_Biological_Process_2026,Regulation of Transcription of Nucleolar Large rRNA by RNA Polymerase I (GO:1901836),3.602488479731193e-05,0.0019759649311325593,0,0,10.349708943376257,105.8909834664424,IPPK;SMARCB1;DDX11;PIH1D1;MARS1;SIRT7;MACROH2A1;NOP53;MTOR;SMARCA4
100,GO_Biological_Process_2026,Cellular Response to Heat (GO:0034605),3.7101519281392886e-05,0.002014869636222178,0,0,3.936457597173145,40.1591603229164,VCP;DAXX;CLPB;PDCD6;HSPA6;HTRA2;TRPV1;THBS1;HDAC6;DNAJB1;BAG3;DNAJA4;EEF1D;HSF1;HMOX1;STUB1;PRKACA;HSPA1B;HSPA1A
101,GO_Biological_Process_2026,Defense Response to Bacterium (GO:0042742),3.8304150017091026e-05,0.0020597868906249437,0,0,2.144250280969031,21.806923102683697,RNF31;CEBPB;SHC1;NOD2;CFP;PLA2G6;MPO;RASGRP4;SPN;RNF213;H2BC26;NLRP6;H2BC21;STAB1;SLAMF8;TNFRSF14;IKBKG;MICA;GSDMD;H2BC9;GSDMB;H2BC5;H2BC3;PRKCD;TFEB;HLA-A;AZU1;H2BC17;MPEG1;H2BC18;HLA-E;FGR;H2BC12;FCER2;MAVS;ZNFX1;NAGK;OAS1;OAS2;H2BC10;OAS3;ADGRB1;PCYOX1L;TAB3;BPI;RBCK1;MYD88
5515,GO_Molecular_Function_2026,Channel Activity (GO:0015267),5.4126101792164267e-05,0.00210133739663265,0,0,3.6033405809906496,35.39991697125808,GSDMD;GSDMB;TMEM120A;TRPV2;ANO9;AQP3;MPEG1;BEST1;PANX1;PANX2;P2RX6;C8G;BAX;MPV17;BAK1;TRPM5;BCL2L2;BOK;MCL1;BCL2L1
5516,GO_Molecular_Function_2026,Transcription Coregulator Binding (GO:0001221),5.458019212032857e-05,0.00210133739663265,0,0,2.3616720748234394,23.181794091740883,HDAC5;SMARCD3;CTBP2;CTBP1;HDAC1;EHMT2;PHF1;EHMT1;WIZ;HDAC6;RELA;RXRA;STK36;MYC;EP300;STAT6;ZBTB17;SREBF1;SMAD3;NEK6;HMGA1;NR1D1;RUNX3;SMARCA4;CDK9;CREB3;PER1;MED25;ZNF618;THAP7;SP1;RFX5;RARA;ATF7;FLYWCH1;TP73;PPARD
6773,GO_Cellular_Component_2026,Azurophil Granule Membrane (GO:0035577),0.0002615753421373251,0.002110958901459115,0,0,2.8488045783984446,23.499185592417806,RAB5C;BRI3;RAB3D;GAA;NFAM1;SURF4;LPCAT1;AZU1;DDOST;RAB44;NCSTN;SYNGR1;LAMP1;DNAJC5;PSAP;CPNE1;TOM1;VAMP1;STOM;CD68;ATP6V0C;ARL8A
102,GO_Biological_Process_2026,Response to Endoplasmic Reticulum Stress (GO:0034976),3.979800686721339e-05,0.00211934046278316,0,0,2.230968328601845,22.603487816999312,PPP1R15A;PPP1R15B;BRSK2;VCP;CEBPB;ATF6B;DERL3;ATP2A3;SGF29;THBS1;USP19;BBC3;HERPUD1;BAG6;BCL2L11;OS9;DDRGK1;CREB3L2;CHAC1;BAK1;CDK5RAP3;EIF2B5;BCAP31;PARP6;JUN;RHBDD2;WFS1;SEC16A;AMFR;DAB2IP;TRAF2;BHLHA15;PDIA4;ERN1;CREB3;TBL2;TMEM259;BAX;TRIB3;HYOU1;QRICH1;P4HB;HSPA1A
104,GO_Biological_Process_2026,Actin Filament Organization (GO:0007015),4.203647865896209e-05,0.0021762356013613235,0,0,2.07612364540771,20.921041456758424,SETD3;FHOD1;INPPL1;ILK;PPP1R9B;RND1;BAIAP2L2;SAMD14;EFHD2;RAC2;ACTN1;TPM2;MYO7B;RHOG;MYO7A;ARAP1;DNM2;RHOB;BIN3;CDC42EP2;ELMO2;HCLS1;ELMO3;TAGLN2;EVL;ARHGEF2;ALDOA;DBN1;FLII;WAS;CORO1A;RHOBTB2;CNN2;CDC42;SH3BP1;FLNA;VILL;VASP;CARMIL2;MARCKSL1;GSN;HIP1R;TRPV3;BAIAP2;MYO1C;MYO15A;CORO6;TCAP;MYO1F;MYO1G
105,GO_Biological_Process_2026,Positive Regulation of Gene Expression (GO:0010628),4.205669530433916e-05,0.0021762356013613235,0,0,1.6444402379039482,16.570188838837677,CNTF;CSF1;EIF4A3;TNF;MYC;LAMP3;ZC3H12A;AKT1;LGALS9;MAP2K2;METTL3;CIRBP;ARID5A;MIF;PASK;TICAM1;LGALS9C;HCFC1;ADAM19;ERN1;HGS;DGKQ;EZR;DNMT1;NOTCH1;MAZ;LARP1;FXR2;DDRGK1;PLCG2;S100A13;ZBTB7B;EGR1;SMAD3;TGFB1;VDR;EPHX2;PDE2A;PCIF1;MSN;EEF2;CCDC88B;RGCC;SP1;AGO2;BCL3;TADA3;TMEM119;PLXNB2;FGFR4;OGT;MYD88;CALCOCO1;GSK3A;CITED2;PIK3CD;NAT10;CD3E;ELAVL1;VSIR;DNMT3B;ITGAX;EMILIN1;PRMT1;NFAM1;MED26;FGR;FCER2;KAT2A;RNF207;GAS6;HDAC1;AGPAT1;DLL1;THBS1;PPM1F;RELA;MLLT6;POLR2A;U2AF2;ERBB2;E2F1;CD74;GSN;ZNF580;NOS3;CARD9;KLF4;MTOR;HINFP;VEGFA;MAPK11;DNAJA4;ATP13A2;PABPC1L;HSPA1B;HSPA1A;ZPR1
103,GO_Biological_Process_2026,Cholesterol Metabolic Process (GO:0008203),4.154079659742604e-05,0.0021762356013613235,0,0,2.9942901507557442,30.208897964789607,MVK;HDLBP;LCAT;GBA1;GBA2;CLN6;TM7SF2;NSDHL;PIP4P1;SCAP;LDLRAP1;APOL2;SREBF1;STARD3;G6PD;OSBPL5;DHCR24;LSS;SREBF2;ACLY;SNX17;MVD;DHCR7;ABCG1;CES1;PPARD
6774,GO_Cellular_Component_2026,Cortical Actin Cytoskeleton (GO:0030864),0.00027804388794119763,0.002205175662981912,0,0,3.148494699646643,25.77902950204129,SPTBN5;GSN;WDR1;ACTN3;ACTN1;SLC2A1;HIP1R;ACTN4;SHROOM1;CORO1A;LASP1;CAPN2;COTL1;MYADM;FLOT2;SPTAN1;LLGL1;RAPGEF3;SPTBN1
106,GO_Biological_Process_2026,Protein Catabolic Process (GO:0030163),4.3967008879700267e-05,0.0022538228383659435,0,0,2.0371524087033204,20.436857609009582,CTSZ;SAYSD1;CTSW;CTSV;TCIRG1;PRPF19;PSMD8;PSMD2;CTSK;PSMD3;CAPN2;LONP1;CTSF;PRKACA;CTSB;RNF41;DDB1;RNF123;CEACAM1;MMP14;CHMP4B;VCP;PSMD11;UBR4;HTRA2;DENND3;DTX4;FBXO44;CLN6;HDAC6;PSMB10;BAG6;PSMB4;DPP7;PITRM1;UBC;ZSWIM8;ANKZF1;HSPA8;ADRM1;PEX10;NR1D1;PSMB8;IRGQ;CTRL;PSMC3;MAN2B2;PSMC4;PPT1;MAN2B1;TPP1;STUB1
6775,GO_Cellular_Component_2026,Cytoplasmic Side of Plasma Membrane (GO:0009898),0.00028965559860046964,0.0022583317856985767,0,0,2.024842058142874,16.496019588263557,RNF31;RGS19;DIABLO;HTRA2;ADCY3;AP2A1;RASGRP4;GNAI2;IKBKB;SOCS3;RACGAP1;GM2A;MCF2L;FADD;LDLRAP1;JAK3;AP2M1;SAMD10;G6PD;CARMIL2;MAP2K2;JUP;TRAF2;KCNAB2;TYK2;PLEKHA4;BAIAP2;PTP4A1;SNX18;RASA3;FES;DNAJA3;PITPNM2;CHMP4B;MYH9;PLCD3;CHMP7;C2CD2L;MYD88;PLCD1;CDK16
107,GO_Biological_Process_2026,Positive Regulation of Cytokine Production (GO:0001819),4.484870201524189e-05,0.0022777326903111275,0,0,1.7033349510016773,17.054157297248945,FCN1;FLT4;PIK3CD;ORM2;TNF;PQBP1;PNP;TRIM28;HYAL2;BSG;DHX58;LGALS9;IKBKE;CCR2;NFAM1;SCRIB;IL16;CYBA;TRAF2;HLA-A;MIF;TICAM1;HLA-G;HLA-E;IL17RA;FGR;SLC7A5;KAT2A;RARA;IRF7;TLR8;PRKD2;IRF5;ARHGEF2;ZFPM1;CSF1R;CEBPB;IL20RB;NOD2;AGPAT1;PRKCZ;AGER;RELA;PSMB10;LILRA5;C3;PSMB4;IRAK1;PLCG2;S100A13;HMOX1;NLRP3;TNFRSF14;FADD;ZBTB7B;IL12RB1;SPTBN1;CD276;GSDMD;EGR1;CD74;TGFB1;FZD5;ZNF580;USP22;CARD9;LAPTM5;OSM;SORL1;PSMB8;SULF2;MAPK13;CCDC88B;MAPK11;MAVS;CD4;IL17REL;RGCC;STING1;CD6;POU2AF1;ZCCHC3;HSPA1B;MYD88;CD244;HSPA1A
6776,GO_Cellular_Component_2026,Endocytic Vesicle Membrane (GO:0030666),0.0003040664046220273,0.0023311757687688762,0,0,1.9280394931025147,15.613773673918935,CAMK2B;SCARB1;CSF3R;LRP1;AP2A1;ARRB1;ARRB2;TCIRG1;SLC2A8;TGOLN2;PIP4P1;UBC;STAB1;RAC2;STX4;WNT1;LDLRAP1;RAB11FIP3;LDLR;AP2M1;WNT4;CD74;CD163;HLA-DRB5;FZD5;NOS3;PTCH1;HLA-B;HLA-C;TAP1;WNT7A;CYBA;HLA-A;HLA-F;HLA-G;MPEG1;IGF2R;HLA-E;DNM2;TAPBP;CD4;DLG4;PICK1;CALR;ATP6V0D1;ATP6V0C
6777,GO_Cellular_Component_2026,Actin-based Cell Projection (GO:0098858),0.00031226529037704646,0.0023547874356301866,0,0,2.418082345307615,19.51793235732997,ICAM2;TWF2;ESPN;PPP1R9B;SPN;CDC42;TUBB3;PODXL;HYAL2;DAG1;TBC1D10A;PROM2;NHERF1;TGFB1;MYO7B;MSN;MYO7A;MYO1C;ABI3;MYO15A;CDHR2;FSCN1;CDHR5;NF2;EZR;RAPGEF3;MYO1F;MYO1G
108,GO_Biological_Process_2026,Regulation of Cell Adhesion (GO:0030155),4.714578813220347e-05,0.002372427962432441,0,0,2.234753892550593,22.263212458402027,LAMA5;TNXB;PLXND1;SRC;CXCR4;NID1;CELSR2;TNF;DLL1;RAP1GAP;RND1;SPN;ADGRG1;TMEM102;PLAU;PODXL;CXCR3;SPOCK2;ERBB2;RAC2;LPXN;PTK2B;STX4;EPHB3;TGM2;SEMA4D;DUSP1;LAMB2;MINK1;TFE3;AZU1;VEGFA;FES;MYADM;PLXNB2;ADAM8;PRKD2;PLXNB1;TGFBI;P4HB;SIPA1;ENG
109,GO_Biological_Process_2026,Positive Regulation of Ubiquitin-Dependent Protein Catabolic Process (GO:2000060),4.8846866504975675e-05,0.002435682388907196,0,0,2.5348230802534735,25.162733277835827,CEBPA;GSK3A;VCP;HSPBP1;DDA1;HERPUD1;DNAJB2;DDRGK1;DVL1;AKT1;IKBKG;CDK5RAP3;BCAP31;PLK3;USP5;PLK1;SGTA;AXIN1;LAPTM5;CSNK1D;AXIN2;CBFA2T3;PABIR2;MTOR;TRAF7;TRIB3;STUB1;CCDC22;TRIB1;TRIB2;NOP53;HSPA1B;HSPA1A
110,GO_Biological_Process_2026,Regulation of Natural Killer Cell Mediated Immunity (GO:0002715),4.9705645874835717e-05,0.002442516872901034,0,0,12.417989417989418,123.05472539484539,HLA-B;SH2D1B;HLA-C;HLA-A;HLA-F;HLA-G;PIK3R6;RASGRP4;HLA-E
113,GO_Biological_Process_2026,Positive Regulation of Cold-Induced Thermogenesis (GO:0120162),5.076516381234601e-05,0.002442516872901034,0,0,2.623807596693068,25.944997157797104,ACHE;CEBPB;THRA;EHMT1;CXCR4;DBH;ADIPOR1;CPT2;PRDM16;HSF1;UCP2;MFN2;STAT6;ZBTB7B;PPARGC1B;CMKLR1;CCR2;KDM6B;DYNC1H1;IL4R;TRPV2;PRKAB1;SMARCA4;VEGFA;BSCL2;SCD;CNOT3;ZNF516;PEMT;LPIN1;OGT
111,GO_Biological_Process_2026,Regulation of Actin Filament Polymerization (GO:0030833),5.034381243745556e-05,0.002442516872901034,0,0,2.870406663400294,28.407366582412592,C15ORF62;TWF2;GBA2;ADD2;BAIAP2L2;COTL1;NCK2;PTK2B;NCKAP1L;VASP;PLEKHG2;PRKCD;HIP1R;BAIAP2;SSH3;SSH1;FCHSD1;CTTN;BIN1;CDC42EP4;CDC42EP2;MYADM;CDC42EP1;HCLS1;EVL;ESAM;ARF6
112,GO_Biological_Process_2026,Regulation of RNA Biosynthetic Process (GO:2001141),5.069382907801295e-05,0.002442516872901034,0,0,1.552024080473833,15.349062433833325,PRDM8;SPI1;HDAC10;TRRAP;NAB2;CELSR2;CCAR2;RPS6KA4;RUVBL2;RUVBL1;RPS6KA1;DPF2;ZFPL1;ZNF682;DAXX;ZNF282;DAPK3;SOX13;RUNX3;HIC1;RNF40;HCFC1;THAP7;ATF7;MZF1;KMT2D;NOTCH1;CRABP2;SRCAP;TCF7;SUPT4H1;BAZ2A;AEBP1;FOXO4;ZBTB4;DVL1;ZNF703;DVL2;DMAP1;PATZ1;MSC;RREB1;ZNF664;PPARGC1B;ZNF783;ESRRA;ZNF263;BRPF1;SMAD3;FZD7;NONO;HMGA1;NFATC2;NFKB2;MLXIPL;MAFB;SP1;ZFAT;TADA3;BHLHE40;SNAI1;CALR;TCF3;SLC2A4RG;KDM5C;OGG1;SGF29;CHD3;FOXM1;LIMD1;PQBP1;GLI4;VPS72;WDR5;MLX;ZNF646;PRMT5;PRMT1;ACTR5;TFEB;MLF2;DNM2;TAF6L;KAT2A;TFDP1;ZNF516;HCLS1;ZNF513;ENG;CEBPA;CEBPB;LIN37;SRRT;TGFBRAP1;CXXC1;PBXIP1;MLLT6;SERTAD3;POLR2A;ZNF628;TAF1C;E2F1;PCGF1;ASCC2;E2F4;APBB1;APBB3;ZNF221;ZNF341;SKOR1;ZNF460;PML;HINFP;MYBBP1A;CARM1;ZNF219;ZNF74;ZNF335;BMAL1;GZF1
6778,GO_Cellular_Component_2026,Early Endosome Membrane (GO:0031901),0.00033774671155195694,0.002505862698611293,0,0,2.047683813627794,16.367575576821157,VAC14;FCMR;RAB5B;RAB5C;TMEM63A;DAGLA;ABCB6;TMEM63B;SNX12;MTMR4;KIR2DL4;PLD3;GGA2;RABGEF1;GGA1;GGA3;WDR91;PMEPA1;WASHC1;UBXN6;BOK;FZD5;PLA2G4B;HLA-B;HLA-C;HLA-A;HLA-F;HLA-G;SLC39A14;SNX20;SORL1;HLA-E;BAIAP3;TPCN1;EHD1;TBC1D3;WDR81;LLGL1;TECPR1
114,GO_Biological_Process_2026,ATP Metabolic Process (GO:0046034),5.320460952171583e-05,0.0025376285497966202,0,0,3.1088859416445622,30.59568291241338,PFKFB2;GPI;HSPA8;PFKFB4;PFKFB3;TGFB1;BAD;PGAM2;CTNS;ENO2;ENO3;HK2;HK1;HK3;PFKL;PKM;ATP5F1B;UCP2;ALDOC;ALDOA;PFKM;NADK;HSPA1B;HSPA1A
115,GO_Biological_Process_2026,Negative Regulation of Myeloid Leukocyte Mediated Immunity (GO:0002887),5.4535226968420463e-05,0.0025786699993257437,0,0,inf,inf,CX3CR1;CD84;SPI1;CD300A;LGALS9;CCR2
117,GO_Biological_Process_2026,Defense Response to Virus (GO:0051607),5.616409291729469e-05,0.0026106783868759436,0,0,1.9273211172389255,18.86314068859769,IFITM1;CLPB;PHB2;TNF;PQBP1;TRIM8;TRIM28;DHX58;TRIM25;DHX16;TRIM26;IKBKE;TRIM65;UBL7;ZBP1;RIPK3;DDX56;ZDHHC11;ATAD3A;DUS2;OAS1;OAS2;OAS3;DDIT4;IRF7;TLR8;TRIM11;IFI6;NLRC5;RELA;AKAP1;NLRP6;FADD;MICA;APOBEC3C;APOBEC3D;APOBEC3F;TRIM41;APOBEC3G;USP20;STAT2;TMEM120A;AZU1;ZDHHC11B;PML;AGBL5;MOV10;MAVS;ZNFX1;STING1;TRIM35;TBKBP1;MAP3K14;ZCCHC3;SHFL;TRIM32;MYD88;BCL2L1
116,GO_Biological_Process_2026,Negative Regulation of Carbohydrate Metabolic Process (GO:0045912),5.582353358818081e-05,0.0026106783868759436,0,0,5.271090427665891,51.6214491023486,HDAC4;TGFB1;ACTN3;MTCL2;MST1;AP2A1;CBFA2T3;CLK2;FLCN;KAT2A;STING1;EP300;SIK1;GIT1
119,GO_Biological_Process_2026,Positive Regulation of Intracellular Protein Transport (GO:0090316),5.95230172414597e-05,0.002720697913078387,0,0,2.7642305196720343,26.893606383061204,RIPOR1;PRR5L;OAZ2;MLLT6;TRIM28;BAG3;HYAL2;ZC3H12A;AKT1;EP300;FLNA;DMAP1;EMD;SEC31B;PLK3;SMAD3;TGFB1;JUP;CEP131;PRKCD;MAVS;HCLS1;CAMK1;ERGIC3;GAS6;SEC24C;RAPGEF3;ZPR1
118,GO_Biological_Process_2026,Extracellular Matrix Organization (GO:0030198),5.916281241732089e-05,0.002720697913078387,0,0,2.0757414313621028,20.207794063302508,COL18A1;PHLDB1;COL13A1;TMPRSS6;COL11A2;LOXL3;LOXL4;PLOD3;FURIN;PLOD1;CTSV;NID1;ADAMTS10;LOXL2;MMP25;ADAMTS13;ADAMTSL4;CTSK;SPOCK2;ADAMTSL2;DAG1;SERPINH1;HAS3;QSOX1;WASHC1;COLGALT1;TGM2;CRTAP;TGFB1;MMP9;COL1A1;MMP11;MMP14;BMP1;ADAM15;SPINT1;COL5A1;MMP15;COL5A3;MMP23B;COL7A1;MMP17;TLL2;ADAM8;COL9A2;TGFBI;GAS6;ENG
120,GO_Biological_Process_2026,Regulation of Cell Cycle Process (GO:0010564),6.059076895315183e-05,0.002746614609157337,0,0,2.0548755763675834,19.955652924532615,SMARCB1;CCNF;ACTB;ZFYVE26;MYC;BCL7B;DPF2;CEP250;CCNL2;GIT1;PRMT5;SMARCC2;DAPK3;ARID1A;SND1;DDB1;BIN1;KIF20A;CUL9;L3MBTL1;SMARCD1;CUL7;SMARCD2;SMARCD3;DCUN1D3;WDR62;PKMYT1;AURKC;AURKB;USP19;CDC42;RACGAP1;E4F1;ENTR1;FSD1;RAB11FIP3;RAB11FIP4;CDK18;PLK3;SPAG5;PLK1;KLHL21;SMARCA4;MYBBP1A;PIN1;CALM3;CEP85;BCL2L1;CDK16
121,GO_Biological_Process_2026,Cellular Response to Glucose Stimulus (GO:0071333),6.258133906798944e-05,0.0028036275044313014,0,0,4.418482547530755,42.76668443802027,PTPRN2;AGER;SLC39A14;USF2;USF1;RAB11B;RPTOR;ERN1;MLXIPL;UCP2;PRKACA;GAS6;ZNF236;OGT;PCK2;RAB11FIP5
122,GO_Biological_Process_2026,Intracellular Protein Transport (GO:0006886),6.287077174932544e-05,0.0028036275044313014,0,0,1.7002028190438632,16.448491765029335,IPO13;ARF3;RPAIN;ANKLE1;NUP188;PPP1R10;PDCD6;CLTB;AP2A1;ADAR;PTPN23;PHB2;PKD1;RAB43;XPO6;FAM53C;ARFIP2;FAM53B;TMED2;EIF2D;FAM53A;CCHCR1;TNPO2;TMED9;ATP6AP1;DESI1;STRADA;PAM16;TSC2;NUTF2;VPS37B;STX1B;CTTN;HGS;PEX5;PICK1;ARHGEF2;TSNARE1;STX1A;VPS28;ARF5;ARF6;NAPA;POM121;RAB5B;RAB5C;UNC93B1;RAB1B;STXBP2;VPS26C;VPS26B;HDAC6;STX10;TIMM50;GGA2;ARFRP1;GGA1;GGA3;NUP85;BAG3;FHIP1B;RAB24;TBC1D13;STX4;CTSA;PEX16;NGFR;CD74;ACD;EGR2;PEX19;RANBP3;TGFB1;AP3D1;LAPTM5;ASPSCR1;ARCN1;EHD1;HOOK2;SNX17;BCL3;IFT27;CALR
123,GO_Biological_Process_2026,Positive Regulation of Transcription of Nucleolar Large rRNA by RNA Polymerase I (GO:1901838),6.361768132777923e-05,0.0028140563071199116,0,0,16.55510491976724,159.96567329752574,IPPK;SMARCB1;DDX11;PIH1D1;MARS1;SIRT7;MTOR;SMARCA4
124,GO_Biological_Process_2026,Positive Regulation of T Cell Differentiation (GO:0045582),6.591497241131418e-05,0.0028923489894084665,0,0,2.960988427914498,28.50586477097831,SMARCD1;SMARCD2;SMARCB1;SMARCD3;IHH;IL2RG;ACTB;VSIR;SART1;DUSP10;PNP;SOCS1;KAT5;ZMIZ1;NCKAP1L;IL12RB1;SMARCC2;SOX12;ARID1A;FOXP3;HLA-G;SMARCA4;ZAP70;TNFSF9;ADAM8
125,GO_Biological_Process_2026,Canonical Wnt Signaling Pathway (GO:0060070),6.669852589288657e-05,0.002903503289860975,0,0,3.2563322306118843,31.310701516433095,FZD1;RARG;WNT10A;FZD5;JUP;FZD7;TCF7;LRP5;WNT7A;AXIN2;BCL9;FRAT1;WNT11;ADGRA2;DVL1;DVL2;SNAI1;EP300;DVL3;WNT1;BCL9L;WNT4
6779,GO_Cellular_Component_2026,Microtubule Cytoskeleton (GO:0015630),0.00040187863827612693,0.0029343519620161646,0,0,1.5543324664391696,12.153885751679333,NUMA1;MAST3;MTCL2;TPGS1;CCAR2;KIF19;MAEA;PPP2R1A;TUBB3;DPYSL2;MATCAP1;KIF5A;KIF1C;KIF21B;KIF1A;EMD;CDK5RAP3;APC2;MAP2K2;MAP1S;TUBB;DAPK3;CEP131;ANXA11;CSNK1D;NAV1;KIF22;TUBG2;KCNAB2;HASPIN;TUBG1;CCSAP;TUBA4A;DNM1;EML3;DNM2;PSRC1;KIFC2;INCENP;KIFC1;CDC42EP4;MAP7D1;MAP1A;CDC42EP2;KIF20A;ARHGEF2;KIFC3;MAPRE1;MAD1L1;CTDP1;AKNA;CNP;RGS14;DCTN1;KATNB1;NDRG1;AURKC;CAMSAP1;AURKB;HDAC6;CDC42;BCL2L11;MTA1;RACGAP1;DPP9;KIF3C;TPPP;FSD1;CCT7;DYNC1H1;SEPTIN1;MID1IP1;PLK1;PCIF1;TBCD;TBCC;SEPTIN3;SEPTIN4;SEPTIN9;TUBB4B;TUBB4A;SEPTIN8;AGBL5;TTLL3;FES;ERCC2;SARM1;CDK2AP2;MAP3K11
126,GO_Biological_Process_2026,Regulation of Cold-Induced Thermogenesis (GO:0120161),7.584224345084955e-05,0.0032755488608496833,0,0,2.1500551531890513,20.39726173635382,ACHE;CEBPB;NOTCH1;THRA;PWWP2B;EHMT1;CXCR4;DBH;ADIPOR1;FLCN;STK11;CPT2;PRDM16;HSF1;UCP2;MFN2;STAT6;ZBTB7B;SLC25A44;PPARGC1B;CMKLR1;CCR2;KDM6B;TLE3;DYNC1H1;IL4R;ACTN3;NR1H2;TFE3;TRPV2;NR1D1;PRKAB1;SMARCA4;VEGFA;BSCL2;SCD;CNOT3;ZNF516;PEMT;PGAM5;LPIN1;OGT;BMAL1
6780,GO_Cellular_Component_2026,Trans-Golgi Network Membrane (GO:0032588),0.0004774700695255856,0.0034318161247151465,0,0,2.0459080704241996,15.645077594713706,FCMR;CERK;SLC66A2;CABP7;PLD4;HID1;STX10;RAB43;TEPSIN;NDST1;SCAMP4;ARFRP1;CRACR2A;VPS51;VPS52;ARFIP2;NLRP3;BPNT2;RAB11FIP3;ST3GAL1;RAB8A;AP1M1;BOK;CD74;COG8;HLA-DRB5;AP1B1;COG1;AP4B1;IGF2R;SCAMP2;BAIAP3;RGP1;CPTP;PICK1;PI4KB;LLGL1
127,GO_Biological_Process_2026,Regulation of Endothelial Cell Migration (GO:0010594),8.014092589949561e-05,0.003434163894990105,0,0,2.6998308593251656,25.464059239959397,GPI;SCARB1;GRN;FLT4;PDCD6;PIK3CD;EMC10;THBS1;TMEM201;SH3BP1;BSG;ZC3H12A;ATOH8;AKT1;PTK2B;GFUS;GLUL;AAMP;ZNF580;DAB2IP;RHOB;VEGFA;CEACAM1;DNAJA4;ADGRB1;PRKD2;CALR;EPHA2
6781,GO_Cellular_Component_2026,Tertiary Granule Membrane (GO:0070821),0.0005139224167792416,0.0036369894110530945,0,0,2.4667534151969948,18.68180465321967,ITGAM;TMEM63A;ITGB2;UBR4;GPR84;TRPM2;PLAU;CLEC5A;ITGAX;SIRPA;STOM;LAIR1;CD93;CD300A;GAA;CYBA;NBEAL2;ATP11A;KCNAB2;TMC6;CEACAM1;TSPAN14;VAMP1;ADAM8;ATP6V0C
129,GO_Biological_Process_2026,Glucose Homeostasis (GO:0042593),9.161064456236152e-05,0.0038479888965974583,0,0,2.614016929588303,24.30503291755128,CEBPA;CRTC2;IRS1;ARRB1;FOXK1;ADIPOR1;HK2;HK1;HK3;STK11;MLX;INPP5K;LRRC8D;LRRC8A;SLC37A4;PDK2;MLXIP;NGFR;TSC22D4;WFS1;BAD;ASPSCR1;NR1D1;SLC8B1;USF1;MLXIPL;OAS1;CRY2;FGFR4
128,GO_Biological_Process_2026,Negative Regulation of Autophagy (GO:0010507),9.115306167843516e-05,0.0038479888965974583,0,0,2.878615925794914,26.77967894624919,FOXK1;RPTOR;NRBP2;SNRNP70;MLST8;ZKSCAN3;AKT1;EP300;TRIM25;WDR6;QSOX1;BMF;WASHC1;MCL1;CTSA;RUBCN;IL10RA;MTOR;RRAGA;DAP;CPTP;TAB3;SMCR8;BCL2L1;EIF4G1
131,GO_Biological_Process_2026,Regulation of Notch Signaling Pathway (GO:0008593),9.30395427237351e-05,0.0038479888965974583,0,0,2.73015379835327,25.342614314416668,YJEFN3;SRC;ARRB1;DTX3;NOD2;RFNG;DLL1;LFNG;POFUT1;ZMIZ1;AKT1;CHAC1;HIF1AN;WNT1;JAG2;JAG1;ARRDC1;NOS3;METTL3;SREBF2;NLE1;DLK2;TSPAN15;MMP14;TSPAN14;MFNG;LLGL1
132,GO_Biological_Process_2026,Protein Localization to Membrane (GO:0072657),9.330583833135131e-05,0.0038479888965974583,0,0,1.9061874094395677,17.688709821839762,PLEKHF1;CD81;ITGB2;ZDHHC5;ZDHHC7;ITGAL;TNF;IKBKB;ZFYVE27;TMEM88;BSG;TMED2;FLOT2;ITGB7;RAB8A;SCRIB;TTC7A;TNFRSF1A;GAK;RRAGA;CACNB3;PACS2;HGS;PEX5;PICK1;EZR;GAS6;SHANK3;EPHA2;ARF6;NLGN2;NRXN2;PRKCZ;WDR24;DVL1;INPP5K;FLNA;RAB11FIP3;SPTBN1;PACSIN1;PEX16;NHERF2;PEX19;NHERF1;PPIL2;JUP;PTCH1;AP3D1;HPS6;EHD1;TM9SF1;TSPAN15;EHD3;TSPAN14;ABHD17A;AGRN
130,GO_Biological_Process_2026,Positive Regulation of Macromolecule Biosynthetic Process (GO:0010557),9.247600074306754e-05,0.0038479888965974583,0,0,1.7065317283567785,15.851224737390902,CNTF;CALCOCO1;CIITA;GSK3A;CSF1;LDB1;CITED2;IRS1;PIK3CD;CD3E;TNF;VSIR;AKT2;MYC;LAMP3;ZC3H12A;DNMT3B;ITGAX;AKT1;EMILIN1;LGALS9;PDGFRB;MAP2K2;PRMT1;TICAM1;MED26;LGALS9C;HCFC1;ADAM19;FCER2;HGS;DGKQ;RNF207;RFX5;PRKD2;EZR;GAS6;DNMT1;NOTCH1;HDAC1;MAZ;NLRC5;DLL1;RELA;PPM1F;MLLT6;DDRGK1;PLCG2;E2F1;ZBTB7B;EGR1;CD74;GSN;SMAD3;TGFB1;ZNF580;VDR;NOS3;EPHX2;PDE2A;MSN;AZU1;KLF4;HINFP;VEGFA;MAPK11;RGCC;SLC6A9;SP1;DNAJA4;TADA3;TMEM119;ATP13A2;FGFR4;HSPA1B;MYD88;HSPA1A;ZPR1
133,GO_Biological_Process_2026,Negative Regulation of Cytoplasmic Pattern Recognition Receptor Signaling Pathway (GO:0039532),9.441408097329944e-05,0.0038646360756608017,0,0,3.728616852146264,34.55615107659984,AARS2;PTPRS;TNFAIP3;GPATCH3;GRAMD4;AURKB;LILRA4;PLD3;TARBP2;SPSB3;ZDHHC18;SEC14L1;TKFC;NPLOC4;DHX58;PPT1;AKT1;SMPDL3A
134,GO_Biological_Process_2026,Regulation of Type I Interferon-Mediated Signaling Pathway (GO:0060338),9.947338090520643e-05,0.0040415666241856085,0,0,3.912388633776836,36.05508881204334,ZBP1;TRIM41;STAT2;METTL3;NLRC5;DCST1;MAVS;OAS1;STING1;CDC37;OAS3;PTPN6;FADD;TTLL12;CACTIN;IKBKE;RNF220
137,GO_Biological_Process_2026,Regulation of Glucose Metabolic Process (GO:0010906),0.000102827619006361,0.0040870252916658705,0,0,4.4376134987893465,40.748193243279644,ZNF692;SLC45A3;IRS1;RORC;ZFP92;FOXK1;ADIPOR1;GNMT;BCKDK;AKT2;DGKQ;AKT1;MLYCD;OGT;PDK2
136,GO_Biological_Process_2026,Gluconeogenesis (GO:0006094),0.000102827619006361,0.0040870252916658705,0,0,4.4376134987893465,40.748193243279644,PFKFB2;GPI;CRTC2;PFKFB4;PFKFB3;PGAM2;ENO2;ENO3;SLC39A14;G6PC3;PC;ALDOC;SLC37A4;ALDOA;PCK2
135,GO_Biological_Process_2026,Hexose Biosynthetic Process (GO:0019319),0.00010256949709778999,0.0040870252916658705,0,0,4.142150803461063,38.045530735498794,PFKFB2;GPI;CRTC2;PFKFB4;PFKFB3;PGAM2;ENO2;ENO3;SLC39A14;G6PC3;PC;CHST15;ALDOC;SLC37A4;ALDOA;PCK2
138,GO_Biological_Process_2026,Supramolecular Fiber Organization (GO:0097435),0.00010957868947975007,0.004314448440230503,0,0,1.7522290982435715,15.978345224309377,SETD3;FHOD1;INPPL1;LOXL3;STMN3;CIB1;PPP1R9B;RND1;SAMD14;EFEMP2;RAC2;EMILIN1;EMD;AGFG2;RIPK3;ACTN1;TPM2;MYO7B;RHOG;MYO7A;ARAP1;KRT73;RHOB;BIN3;CDC42EP2;HCLS1;ELMO2;TAGLN2;ELMO3;EVL;ARHGEF2;ALDOA;B4GALT7;DBN1;TNXB;FLII;LTBP4;KATNB1;LTBP2;FURIN;CORO1A;RHOBTB2;CNN2;CDC42;SH3BP1;TPPP;FSD1;PLK3;DYNC1H1;MARCKSL1;GSN;NCKAP5L;HIP1R;TRPV3;CCDC88B;FKBP1A;MFAP4;KRT18;MYO1C;COL5A1;HOOK2;MYO15A;CCDC88C;CORO6;PIN1;TUBGCP6;BAX;EPPK1;MYO1F;MYO1G
139,GO_Biological_Process_2026,Regulation of TORC1 Signaling (GO:1903432),0.00011012265845620245,0.004314448440230503,0,0,2.257191338073691,20.57185165643745,OTUD5;SRC;NPRL2;NPRL3;CLEC16A;WDR24;FLCN;STK11;PIP4P1;MAT2A;PIM1;AKT1;EP300;GPR137;PRKACA;MAPK3;SZT2;ATP6AP1;PRMT1;PIH1D1;KICS2;AXIN1;TSC2;CTNS;ITFG2;RNF167;RRAGA;CASTOR2;DGKQ;AKT1S1;SMCR8;ATP6V0D1;DEPDC5;KPTN;OGT;ATP6V0C;OTUB1
141,GO_Biological_Process_2026,Protein Autophosphorylation (GO:0046777),0.00011460432245853855,0.0044267937231343936,0,0,2.3502863891349275,21.326557538206146,DDR1;CAMK2B;CSF1R;LTK;FLT4;CAMKK2;STK10;STK11;IRAK1;STK16;PTK2B;MARK2;MAPK3;PDGFRB;MAP4K1;NTRK1;MAP2K2;PDPK1;NEK6;DAPK3;TNK1;MINK1;PTK6;PASK;CLK2;FGR;MEX3B;FES;STK25;ULK3;MAPKAPK5;SIK1;ULK1;FGFR4
140,GO_Biological_Process_2026,Negative Regulation of Catabolic Process (GO:0009895),0.00011460432245853855,0.0044267937231343936,0,0,2.3502863891349275,21.326557538206146,SF3B3;AGAP2;SNX12;ZDHHC7;FOXK1;TNF;HCAR2;RPTOR;HCAR3;ZKSCAN3;MLST8;AKT1;EP300;TRIM25;WDR6;FLNA;BMF;WASHC1;CDK5RAP3;MCL1;RUBCN;IL10RA;DAB2IP;MTOR;BSCL2;RGP1;RRAGA;DAP;CPTP;ADGRB1;PIN1;TAB3;BCL2L1;EIF4G1
142,GO_Biological_Process_2026,Mononuclear Cell Differentiation (GO:1903131),0.00011942053667474073,0.004548761414312173,0,0,3.314790599045768,29.942037331608955,CSF1R;CSF1;PDE1B;PDE2A;LIF;FLT3LG;IL20RB;THOC5;IL2RG;MMP9;VEGFA;CDC42;TRPM2;CD4;RXRA;SOCS1;UCP2;IRF8;MYH9;GAS6
143,GO_Biological_Process_2026,Positive Regulation of Nucleocytoplasmic Transport (GO:0046824),0.00011942053667474073,0.004548761414312173,0,0,3.314790599045768,29.942037331608955,SMAD3;TGFB1;JUP;PRKCD;MLLT6;MAVS;TRIM28;BAG3;HYAL2;ZC3H12A;AKT1;EP300;FLNA;HCLS1;DMAP1;CAMK1;GAS6;EMD;RAPGEF3;ZPR1
144,GO_Biological_Process_2026,Negative Regulation of Angiogenesis (GO:0016525),0.0001207835535875183,0.004568950285707158,0,0,2.5582903408021087,23.07964298619788,YJEFN3;SHC1;FASLG;FOXO4;TNF;THBS1;RELA;AMOT;CXCR3;STAB1;E2F2;EMILIN1;CCR2;SERPINF1;ATP2B4;DAB2IP;FOXJ2;VASH1;KLF4;HLA-G;HSPG2;EPN1;KLF2;PML;RGCC;HGS;AGO1;ADGRB1;PTPN6
145,GO_Biological_Process_2026,T Cell Activation (GO:0042110),0.00012279631993380557,0.00461327270436249,0,0,2.3043153004173558,20.750321283633735,LMBR1L;CD84;SH2D2A;PIK3CD;NLRC3;CD1C;CD3E;LFNG;NCK2;TNFRSF14;DCAF12;ICOSLG;MICA;CD276;MICB;JAG2;CD74;TNFSF14;MSN;SCRIB;TRAF2;FOXP3;DDOST;FKBP1A;MOV10;ZAP70;HSH2D;CD4;LCK;TREML2;CD7;PTPN6;LTBR;ADA;LAT
6782,GO_Cellular_Component_2026,Cytoplasmic Vesicle Lumen (GO:0060205),0.0006879392443119945,0.004794728066416932,0,0,2.0172421225052806,14.689173923857986,FCN1;ARHGAP9;CYFIP1;GHDC;GPI;VCP;PDXK;PSMD11;MVP;DBH;C3;ALAD;HK3;PNP;ACTR1B;PSMD2;PSMD3;COTL1;HSPA8;DBNL;GSN;HSPA6;NME2;HUWE1;MIF;AMPD3;EEF2;ARHGAP45;FGR;PFKL;PKM;PSMC3;CRISPLD2;IMPDH1;ALDOC;ALDOA
146,GO_Biological_Process_2026,Proteasomal Protein Catabolic Process (GO:0010498),0.00012851091817219523,0.004795118273295856,0,0,1.6437295773711036,14.726989709220193,GSK3A;UBXN1;ARRB1;ARRB2;TNFAIP1;PRPF19;PSMD8;ANKRD9;MAEA;KAT5;TRIM28;PSMD2;PSMD3;TRIM3;TRIM26;CCIN;APC2;FBXW5;AXIN1;KCTD2;AXIN2;KCTD5;RNF41;DDB1;RNF126;CDC34;ARMC5;KCTD10;NHLRC1;RBCK1;KCTD17;RNF122;VCP;PSMD11;KLHL17;UBR4;KLHL11;AGAP3;DTX4;RNF4;FBXO44;PSMB10;BAG6;DNAJB2;PSMB4;MTA1;RAB40B;RAB40C;HECTD3;TBX21;ZSWIM8;DCAF11;RFFL;KLHL25;FEM1A;KLHL26;UBE2C;FEM1B;AMFR;FBXL19;ADRM1;HUWE1;SYVN1;KLHL21;KLHL3;PEX10;NR1D1;PSMB8;PML;FBXO31;SPSB3;KBTBD4;NSFL1C;SPSB1;NPLOC4;PSMC3;UBXN11;KLHL6;PSMC4;RANBP10;STUB1;LZTR1;BMAL1;RNF187;ASB1
148,GO_Biological_Process_2026,Regulation of Lipid Metabolic Process (GO:0019216),0.00013164439382009095,0.004846104027538247,0,0,3.4225687509602087,30.58204223200247,ABCA2;MBOAT7;MID1IP1;RORC;ZFP92;GPS2;CIDEB;ABCA7;NR1D1;ADIPOR1;MACROH2A1;DISP3;ZFP69;RNF213;RXRA;PSAP;PLCG2;FGFR4;CERS2
147,GO_Biological_Process_2026,Regulation of MAPK Cascade (GO:0043408),0.00013117383919404235,0.004846104027538247,0,0,1.7547784907861776,15.685942288499936,CD40;CD81;FLT4;GBA1;PHB2;TNF;LBH;SMPD1;DAG1;LGALS9;DUSP4;MAP4K1;DUSP2;DUSP3;MAP2K2;KSR1;DUSP1;IL11RA;PRKCD;MINK1;MAPK8IP2;DUSP8;MAPK8IP3;ADRA2B;MAPK8IP1;RNF41;TRAF7;CEACAM1;MADD;TRIB3;ADAM8;TRIB1;STK40;EPHA2;AVPI1;CSF1R;SHC1;PRDM15;NOD2;PRDM11;IL2RG;AGER;THBS1;LILRA5;ERBB2;PLCG2;TNFRSF14;SH2B3;DRD4;PAK4;WNT4;MAPK3;TGFB1;FZD7;LIF;DAB2IP;LAPTM5;OSM;ABCA7;VEGFA;PER1;TAOK2;IL2RB;TAB3;PTPN6;GRAP;TAB1;LAT
149,GO_Biological_Process_2026,Regulation of DNA Repair (GO:0006282),0.00013566284375860592,0.004960737986773023,0,0,2.099681322415794,18.698371533018175,H2AX;SMARCD1;SMARCD2;SMARCB1;TMEM161A;SF3B3;SMARCD3;TRRAP;PNKP;SGF29;ACTB;PPP4C;KAT5;TRIM28;VPS72;RUVBL2;RUVBL1;BCL7B;DPF2;EP400;EP300;DMAP1;ATRIP;SMARCC2;USP22;PRKCD;XRCC1;LIG3;AXIN2;SIRT7;ARID1A;SUPT7L;PML;SMARCA4;CDK9;TADA2B;TAF6L;KAT2A;TADA3;TAF6;TAF4;WRAP53
5517,GO_Molecular_Function_2026,Flavin Adenine Dinucleotide Binding (GO:0050660),0.00013572647398553807,0.005067121695460088,0,0,3.038984149431383,27.061755495000874,GCDH;ACADVL;STEAP3;MTRR;NOS3;GSR;MICAL3;MICAL2;MTHFR;PPOX;GFER;CYB5R1;FOXRED2;POR;CYB5R3;NDOR1;AIFM2;MICAL1;CRY2;LDHD;QSOX1;ACOX3
150,GO_Biological_Process_2026,Positive Regulation of Fat Cell Differentiation (GO:0045600),0.00014353937017846054,0.005179693719926684,0,0,3.55091225679461,31.421671743557525,CEBPB;CBX4;TFE3;SOX13;LRP5;METRNL;ZFP36L1;ZFP36;CARM1;ZC3H12A;PIM1;AKT1;ZBTB7B;RREB1;ZNF385A;CMKLR1;PPARD;TRPM4
151,GO_Biological_Process_2026,Pyruvate Metabolic Process (GO:0006090),0.00014353937017846054,0.005179693719926684,0,0,3.55091225679461,31.421671743557525,PFKFB2;GPI;PFKFB4;PFKFB3;PDHA1;PGAM2;ENO2;ENO3;HK2;HK1;HK3;PFKL;PKM;UCP2;ALDOC;ALDOA;PFKM;PCK2
152,GO_Biological_Process_2026,Negative Regulation of Blood Vessel Morphogenesis (GO:2000181),0.00014517296688289712,0.005204403420605822,0,0,2.6944012029011146,23.811998715470942,YJEFN3;SHC1;FASLG;FOXO4;THBS1;RELA;AMOT;CXCR3;STAB1;EMILIN1;CCR2;WNT4;SERPINF1;ATP2B4;DAB2IP;FOXJ2;VASH1;KLF4;HLA-G;HSPG2;PML;RGCC;HGS;AGO1;ADGRB1;PTPN6
153,GO_Biological_Process_2026,Positive Regulation of Proteolysis (GO:0045862),0.00015438712321819202,0.005498788122414177,0,0,3.706315417650449,32.52679949814325,CYFIP2;BAD;FURIN;SNX33;TNFRSF1B;TNF;CLN6;RCN3;ASTL;ADAM8;STUB1;BAK1;FADD;FGFR4;OGT;TRIM32;TBC1D10A
6783,GO_Cellular_Component_2026,Nucleolus (GO:0005730),0.0008039885457455871,0.0055199213588503,0,0,1.3538632524228684,9.647528721977132,MAPKBP1;ZNF692;RPL3;SMARCB1;RRP1;EIF4A3;NOC2L;RRP9;KAT5;MYC;PIM1;PHLDA1;ZNF444;CDK5RAP3;TSPYL2;TSPYL1;MAP1S;DDX11;PIH1D1;WDR74;ARID5A;LDOC1;IMP4;PIMREG;FTSJ3;TRAIP;JMJD6;ILF3;DGKQ;GRWD1;ERF;GEMIN4;CCDC86;ZNF554;IPPK;L3MBTL1;HOMEZ;C11ORF98;INO80E;NOP2;BAZ2A;MACROH2A1;NOP9;DEDD2;RRS1;DHX37;ZBED6;RBM10;SPTBN1;PLK3;ZBTB14;NONO;MAD2L1BP;XRCC1;DOLK;WDR55;SMARCA4;PARP10;TBL3;GNL3L;RGCC;LAS1L;RIOX1;MOB2;MAGED2;CEP85;NF2;PHF2;CDKN1A;MCM7;DDX47;SUV39H1;NAT10;ADAR;SGF29;CHD3;KRI1;FOXM1;WDR46;ELAVL1;H1-10;PHF8;PTBP1;PIDD1;RBM4;XPO6;CASP2;RRP12;BUD23;GET3;ZNF641;PELP1;PARP3;EIPR1;DDX56;MARS1;RBM19;AXIN1;ABHD14B;DDX54;AEN;TFIP11;SIRT7;URB1;SENP3;DDB1;METTL22;SAPCD2;RARA;TUT1;FAM193B;SLC29A2;MCM2;DDX28;CEBPA;SF3B3;LRP1;ATF6B;NIP7;PNKP;DDX23;AKAP8;NOC4L;RELA;NOL6;RXRB;RBM15B;HIRIP3;TCOF1;POLR2A;PNMA1;TAF1C;PES1;ATXN1L;FLNA;ZNF346;SLX9;EXOSC2;DEDD;BRF2;MCRS1;SRP68;LRWD1;YY1AP1;PML;NLE1;BYSL;HINFP;SMUG1;BOP1;MYO1C;MYBBP1A;TAOK2;NCAPD2;PTPN6;NOP53;SPC24;GZF1;ZPR1
6784,GO_Cellular_Component_2026,Adherens Junction (GO:0005912),0.0008251770116112243,0.00558207978442887,0,0,1.8300914615047297,12.993489490954312,NOTCH1;CELSR1;LIMD1;CELSR2;PVR;NDRG1;DLL1;ACTB;CELSR3;RND1;ARVCF;PDLIM2;CCDC85C;SH3BP1;MICALL1;PACSIN2;CDH24;FLOT2;PDLIM7;PAK4;JAG1;NIBAN2;JUP;MSN;SCRIB;SHROOM1;BAIAP2;PPP1CA;VEGFA;CEACAM1;KRT18;DLG4;DLG5;CDC42EP4;CDHR2;ZYX;CDC42EP1;ESAM;NF2;KIFC3;EZR;TLN1;NECTIN4;LLGL1;NECTIN1
154,GO_Biological_Process_2026,Regulation of Immune Response (GO:0050776),0.00016015806821488758,0.005665058088628659,0,0,2.3696020643072173,20.708780151615365,OTUD5;INPPL1;CFP;ADCY7;LRP8;C3;SPN;C4A;HLA-DMA;TKFC;C8G;INPP5D;DHX58;CSK;CD276;HLA-DRB5;RIPK3;CD300A;GPR108;CARD9;FOXP3;HLA-G;FGR;FKBP1A;IRF7;CD300E;SMCR8;CD300C;PDCD1;CD300H;FCGR2B;CARD14
155,GO_Biological_Process_2026,Cellular Response to Growth Factor Stimulus (GO:0071363),0.00016112106870119796,0.005665058088628659,0,0,2.1001055448258947,18.340966202114576,NOTCH1;SHC1;HDAC1;FLT4;TWF2;HTRA2;CIB1;CRKL;ZFP36L1;ZFP36;MAPK7;HYAL2;ERBB2;AKT1;INPP5K;PLCG1;EMD;WNT4;MAP2K3;NTRK1;WNT10A;EGR3;SMAD3;TGFB1;DUSP3;PDPK1;PDE2A;MARS1;DAB2IP;WNT7A;KLF4;MTSS2;VEGFA;ERN1;EHD1;NR4A1;MAPKAPK2;PDE3A;RAPGEF1;PRKD2;ZPR1
156,GO_Biological_Process_2026,Wnt Signaling Pathway (GO:0016055),0.0001656115489819672,0.005785855708064268,0,0,2.6029477114501556,22.660912883008933,RARG;TCF7;LRP5;CELSR2;PKD1;FRAT1;PORCN;WNT11;ADGRA2;DVL1;DVL2;PLCG2;EP300;DVL3;WNT1;BCL9L;WNT4;FZD1;WNT10A;FZD5;JUP;FZD7;WNT7A;AXIN2;BCL9;CCDC88C;SNAI1
159,GO_Biological_Process_2026,Regulation of JNK Cascade (GO:0046328),0.00017142408332561422,0.005828232416186665,0,0,2.192512786752418,19.012089718081533,MAPKBP1;FLT4;GPS2;NOD2;TNF;AGER;CRACR2A;RASSF2;DUSP10;DVL2;SIRPA;DVL3;PTK2B;MEN1;MAP4K2;UNC5CL;DUSP3;PRMT1;FZD7;MINK1;CARD9;AXIN1;DAB2IP;WNT7A;MAPK8IP2;MAPK8IP3;MAPK8IP1;ERN1;PER1;TRAF4;CCDC88C;TAOK2;MAP3K10;LTBR;TRIB1;FCGR2B;MAP3K11
160,GO_Biological_Process_2026,Positive Regulation of Autophagy (GO:0010508),0.00017213740226476568,0.005828232416186665,0,0,2.319512239053297,20.10371718503283,GPSM1;GSK3A;PLEKHF1;NPRL3;UBR4;WDR24;CAMKK2;TRIM8;FLCN;STK11;LARP1;KAT5;ZC3H12A;ORMDL3;TP53INP1;PIM2;IKBKG;TRIM65;PLK3;USP20;BAD;TFEB;TSC2;TICAM1;SUPT5H;TPCN1;IRGQ;STING1;ATG2A;ULK1;DEPDC5;TRIM32;CDK16
158,GO_Biological_Process_2026,Negative Regulation of Non-Canonical NF-kappaB Signal Transduction (GO:1901223),0.00016925371724825543,0.005828232416186665,0,0,4.459773236472266,38.72916886794493,SPI1;DAB2IP;FOXJ1;NLRC3;TRAF1;ADIPOR1;RELA;HDAC7;ADGRG3;ZC3H12A;BCL3;CPNE1;MKRN2;NLRP3
157,GO_Biological_Process_2026,Intrinsic Apoptotic Signaling Pathway in Response to Endoplasmic Reticulum Stress (GO:0070059),0.00016925371724825543,0.005828232416186665,0,0,4.459773236472266,38.72916886794493,PPP1R15A;BRSK2;CEBPB;ATP2A3;DAB2IP;TRAF2;BBC3;BAG6;ERN1;BAX;QRICH1;TRIB3;BAK1;CHAC1
161,GO_Biological_Process_2026,Regulation of Organelle Organization (GO:0033043),0.00017213740226476568,0.005828232416186665,0,0,2.319512239053297,20.10371718503283,INO80E;CLEC16A;STMN3;MIEF2;RAB43;TFPT;RUVBL2;RUVBL1;CAPN2;TOM1;VPS11;EP300;NFRKB;MARK2;MAPK3;SEC16A;ACTR5;MCRS1;PDE2A;MSN;CPLANE2;SIRT7;EHD3;MAVS;TMX2;TBC1D25;PREB;PLXNB1;ATP13A2;NF2;EZR;TECPR1;ARHGEF5
162,GO_Biological_Process_2026,Cellular Response to Transforming Growth Factor Beta Stimulus (GO:0071560),0.00017398642390401483,0.005854696534438781,0,0,2.438953276477877,21.11288021920488,NRROS;WFIKKN1;SRC;PXN;TGFBRAP1;LTBP2;FURIN;LTBP3;ARRB2;LRRC32;CRKL;ZFP36L1;MAPK7;FNTA;ZMIZ1;ZMIZ2;HYAL2;WNT4;JUN;WNT10A;SMAD3;TGFB1;TGFB3;PDE2A;WNT7A;SKI;RGCC;PDE3A;ZYX;ENG
5518,GO_Molecular_Function_2026,Ubiquitin-like Protein Ligase Activity (GO:0061659),0.0001633151553116195,0.005917772686585741,0,0,1.6504397578967278,14.391552060510989,TRIM73;TRIM74;UBE3B;PRPF19;IRF2BPL;TRIM8;TRIM28;ZMIZ1;ZMIZ2;TRIM3;TRIM68;TRIM25;TRIM26;TRIM65;PIAS4;VPS18;PIAS3;RNF44;TRIM62;RING1;DTX3L;NOSIP;TRAF2;RNF40;RNF41;TRAIP;PJA1;RNF144A;RNF123;RNF167;ARK2C;TRAF7;RNF126;TRIM58;NHLRC1;ZNF598;RNF122;TRIM11;RNF166;CUL9;RNF31;MGRN1;PELI3;UBR4;DTX2;DTX3;DCST1;DTX4;RNF4;WDR24;FBXO44;CDC42;NEURL1B;RNF213;TMEM129;VPS11;RFFL;EGR2;PPIL2;TRIM41;CBX4;UBE2C;RNF25;AMFR;RNF26;IRF2BP1;HUWE1;MIB2;SYVN1;PEX10;PML;NEURL4;RNF227;TRIM39;MKRN2;TRIM35;UBE2O;STUB1;TRIM32;RNF220;ASB1
5519,GO_Molecular_Function_2026,Tumor Necrosis Factor Receptor Superfamily Binding (GO:0032813),0.00016925371724825543,0.0059577308471385915,0,0,4.459773236472266,38.72916886794493,TRAP1;FEM1B;DAB2IP;TRAF2;TRAF1;TNF;PIDD1;TRAF4;MADD;TMBIM1;TNFSF9;ADAM8;FADD;MYD88
163,GO_Biological_Process_2026,Positive Regulation of Protein Catabolic Process (GO:0045732),0.00017877110695455615,0.005979021473449637,0,0,2.159337336962989,18.633794906129758,AMER1;VCP;GSK3A;CD81;TNFAIP3;FURIN;SNX33;TNF;OAZ2;NKD1;HERPUD1;DDRGK1;VPS11;IKBKG;CDK5RAP3;BCAP31;ABCA2;PLK3;OSBPL7;EGLN2;PLK1;SGTA;AXIN1;DAB2IP;LAPTM5;MSN;TNFRSF1B;SORL1;MTOR;RNF41;DDB1;TRAF7;PSMC3;ADAM8;CCDC22;EZR;TRIM32;VPS28
164,GO_Biological_Process_2026,Cellular Response to Nitrogen Compound (GO:1901699),0.0001799702438955151,0.005982647198587275,0,0,1.9703031737832875,16.98937067624061,HCN3;CRTC2;LRP1;CRTC1;SRC;NOD2;AGER;ACTB;RELA;ICAM1;ZFP36L1;RPTOR;LARP1;MAT2A;P2RY2;HSF1;AKT1;EP300;INPP5K;NTRK1;EGR1;NGFR;DAXX;ABCC1;DMTN;TRIM41;JUP;PRMT1;DDX11;PDE2A;ATP2B4;LDOC1;TRPV1;MTOR;SSH1;CACNB1;CASTOR2;KCNQ1;TIMELESS;PDE3A;RAPGEF1;IRF5;ARHGEF2;FCGR2B;SLC26A6;RAPGEF3;HCN2
165,GO_Biological_Process_2026,Positive Regulation of JNK Cascade (GO:0046330),0.0001856785871714934,0.006135223196600249,0,0,2.5234317896793947,21.680047578921865,MAPKBP1;FLT4;NOD2;TNF;AGER;CRACR2A;RASSF2;DVL2;DVL3;PTK2B;MAP4K2;UNC5CL;FZD7;MINK1;CARD9;AXIN1;DAB2IP;WNT7A;MAPK8IP3;MAPK8IP1;ERN1;TRAF4;CCDC88C;TAOK2;MAP3K10;LTBR;FCGR2B;MAP3K11
166,GO_Biological_Process_2026,Regulation of Blood Vessel Endothelial Cell Migration (GO:0043535),0.00018964007268400482,0.006228597596836925,0,0,2.9408269514788987,25.204012242367202,MAP2K3;STAT5A;CD40;TGFB1;JUP;PDPK1;NOS3;ATP2B4;VASH1;TNF;THBS1;AMOT;VEGFA;ATP5F1B;RGCC;SH3BP1;SP1;AKT2;AKT1;PRKD2;PLCG1;EPHA2
169,GO_Biological_Process_2026,Positive Regulation of Protein Localization to Nucleus (GO:1900182),0.00019362112359330198,0.006247128605348596,0,0,2.6285719216647325,22.473257636428173,MEPCE;TESK1;TRIM28;BAG3;HYAL2;ZC3H12A;ORMDL3;AKT1;EP300;FLNA;DMAP1;CCT7;CDK5RAP3;NGFR;SMAD3;TGFB1;DTX3L;JUP;LIMK2;MCRS1;PRKCD;PLK1;TYK2;MAVS;HCLS1;ZPR1
168,GO_Biological_Process_2026,Phosphatidylinositol Metabolic Process (GO:0046488),0.00019362112359330198,0.006247128605348596,0,0,2.6285719216647325,22.473257636428173,VAC14;MTMR14;INPPL1;MTMR4;INPP5B;PIP4P1;INPP5D;INPP5E;PLCG2;INPP5K;PIP5K1C;PLCG1;SBF1;CDIPT;MBOAT7;PLEKHA4;INPP4A;PLCB3;PITPNM1;PITPNM3;PITPNM2;PI4KA;PI4KB;PLCH2;PLCB2;PLCD1
167,GO_Biological_Process_2026,Negative Regulation of Cellular Component Organization (GO:0051129),0.00019362112359330198,0.006247128605348596,0,0,2.6285719216647325,22.473257636428173,RTEL1;SRC;SNX33;PRKCZ;HDAC6;CDC42;DNAJB2;DNAJB1;HSF1;EP300;RUBCN;HSPA8;CARMIL2;TMC8;TFIP11;ABCA7;SORL1;DNM2;VEGFA;DNAJA4;PEX5;ULK1;NOP53;RAPGEF3;HSPA1B;HSPA1A
170,GO_Biological_Process_2026,Protein Localization to Phagophore Assembly Site (GO:0034497),0.0001959827601795456,0.006286347599911156,0,0,6.899217969071559,58.9019620635723,PACS2;ATG16L1;ATG9B;ATG9A;ARFIP2;ATG4B;MFN2;WIPI2;WDR45;ATG4D
171,GO_Biological_Process_2026,Lipid Metabolic Process (GO:0006629),0.0002005155074564535,0.006394346269759578,0,0,1.7925307378229824,15.262716225088463,GAL3ST1;CPNE7;DGKA;TECR;FADS3;LIPE;FADS2;PIP4P1;ABHD11;TMEM43;CYP2D6;CPNE1;GGT1;ZNF202;ACAD8;STARD3;SREBF1;G6PD;CEL;CPT1B;HSPG2;DGKZ;SREBF2;PLA2G15;ACLY;DGKQ;PLCB2;PPARD;SLC27A4;PLPPR2;LRP1;PLPPR3;LCAT;AGPAT1;LRP8;SGPL1;PORCN;GPAT4;ALDH3B1;RDH16;LDLR;APOL2;ABCA2;TMEM86B;ACBD4;PTGES2;MBOAT7;ACSF3;PAFAH2;ACSF2;ABHD15;PM20D1;BCKDK;MLXIPL;LPCAT4;FASN;PDE3A;PPT1;TPP1;PLCD1
5520,GO_Molecular_Function_2026,Anion Binding (GO:0043168),0.00019603538760508814,0.006708766598040794,0,0,1.563618802407517,13.3489504665194,MTRR;ABAT;ACCS;ZFYVE1;PNP;AKR7A3;LONP1;AKT1;ARFIP2;TAP1;PASK;THNSL2;ERN1;SLC9A3;POR;OBSCN;PRKAR1B;ABCG1;GCDH;RAB5B;RAB5C;SHMT2;ITPR3;RHOT2;NDOR1;RACGAP1;LDHD;PACSIN2;NLRP3;CHST14;SLC19A1;GSDMD;GSDMB;ACE;OSBPL5;PHF12;PDE2A;MTHFR;BLTP2;FUZ;TRPV1;ADAP1;QDPR;PPP5C;FES;ADSS1;OGT;C2CD2L;ARHGAP9;ACADVL;PLEKHF1;NUMA1;SNX12;SMPD3;AIFM2;MCF2L;MYO18A;PDE4A;HIF1AN;ABCD1;RAB8A;NME2;ARAP3;ARAP1;DNM1;DUS2;PITPNM1;CPTP;PITPNM2;MYH9;ACOX3;RAPGEF3;ARF6;POPDC2;PDXK;SNX33;NOD2;PPOX;RELA;FOXRED2;CYTH2;MICALL1;NOS3;GSR;DAB2IP;HIP1R;MYO9B;GFER;MTOR;RAB11B;SNX18;STING1;SNX17;ATP13A2;COQ8A;ESYT1;MYO1G
172,GO_Biological_Process_2026,Regulation of Protein Kinase Activity (GO:0045859),0.00021653693599767179,0.006865347363856819,0,0,3.0004753720700625,25.31725933041758,MAP2K3;TSPYL2;CDKN1A;NHERF1;AGAP2;SMG8;MTOR;TARBP2;CAMKK2;FGR;CEACAM1;DBNDD2;RASSF2;MRNIP;TRAF4;AKT1S1;PTK2B;LCP2;CEP85;GAS6;LAT
173,GO_Biological_Process_2026,Cellular Response to Decreased Oxygen Levels (GO:0036294),0.0002180596115577874,0.006873890628703815,0,0,2.5436812391430226,21.44512047377577,NOTCH1;CITED2;SUV39H1;AQP3;NDRG1;BBC3;ZFP36L1;RPTOR;MYC;LMNA;MLST8;EGLN1;EGLN2;TGFB1;BAD;NGB;MTOR;VEGFA;RGCC;TBL2;PICK1;PIN1;ADAM8;HYOU1;STUB1;P4HB;NOP53
6785,GO_Cellular_Component_2026,Microvillus Membrane (GO:0031528),0.0010344591862074509,0.00689639457471634,0,0,6.62119555633927,45.51328063085916,SLC6A6;SLC7A5;AMN;NHERF1;PODXL;CDHR2;SYTL1;CDHR5
174,GO_Biological_Process_2026,B Cell Mediated Immunity (GO:0019724),0.00024128606891172074,0.007435135325734765,0,0,5.692373853211009,47.41478352869621,CD74;IGLL5;CD19;CARD9;IL2RB;IL21R;TLR8;CSF2RB;IL2RG;FCGR2B;HLA-G
175,GO_Biological_Process_2026,Negative Regulation of Extrinsic Apoptotic Signaling Pathway via Death Domain Receptors (GO:1902042),0.00024128606891172074,0.007435135325734765,0,0,5.692373853211009,47.41478352869621,GPX1;NOS3;PEA15;TMBIM1;TNFAIP3;HMOX1;ARHGEF2;RFFL;ICAM1;BCL2L1;GRINA
177,GO_Biological_Process_2026,Regulation of Myotube Differentiation (GO:0010830),0.00024128606891172074,0.007435135325734765,0,0,5.692373853211009,47.41478352869621,HDAC4;HDAC5;MMP14;DMPK;HDAC1;MAML1;TMEM119;PIEZO1;SIK1;ATP11A;BHLHA15
176,GO_Biological_Process_2026,Nuclear Envelope Organization (GO:0006998),0.00024128606891172074,0.007435135325734765,0,0,5.692373853211009,47.41478352869621,CTDNEP1;TMEM201;TOR1A;DMPK;TMEM43;REEP4;LMNA;NEMP1;LEMD2;EMD;LMNB2
178,GO_Biological_Process_2026,Negative Regulation of Cell-Cell Adhesion (GO:0022408),0.00025274716047333297,0.007744794274839282,0,0,3.6815978966782428,30.495120610952487,AKNA;NOTCH1;JAG1;TGFB1;KLF4;PPM1F;VEGFA;MAPK7;RGCC;PODXL;ZNF703;MYADM;AKT1;FXYD5;NF2;WNT1
6786,GO_Cellular_Component_2026,Trans-Golgi Network (GO:0005802),0.0011804314977570621,0.00775712127097498,0,0,1.5680818815066622,10.571812397552554,FCMR;GBA1;PCSK7;PCSK4;HID1;RAB43;TEPSIN;NDST1;SCAMP4;SMPD4;MYO18A;ARFIP2;CHAC1;RAB8A;PLEKHJ1;BOK;CHID1;COG8;EIPR1;ATG9B;ATG9A;AP1B1;COG1;ARAP1;SCAMP2;CPTP;PICK1;PHAF1;LLGL1;CHST2;GRN;SLC66A2;CABP7;PLD4;SNX32;FURIN;STX10;TGOLN2;GGA2;ARFRP1;GGA1;CRACR2A;GGA3;VPS51;MICALL1;VPS52;INPP5K;OTOF;NLRP3;BPNT2;RAB11FIP3;ST3GAL1;AP1M1;CD74;HLA-DRB5;PHETA2;ATP8B3;YIPF2;ATP8B2;GPR108;TRAPPC9;PHETA1;AP4B1;SORL1;PARP12;IGF2R;TJAP1;BAIAP3;RGP1;HOOK2;TGFBI
179,GO_Biological_Process_2026,Heparan Sulfate Proteoglycan Catabolic Process (GO:0030200),0.0002632463686294411,0.00793355127435431,0,0,14.483162905500706,119.37631451283434,NAGLU;IDUA;GPC1;GUSB;GNS;SGSH;SULF2
181,GO_Biological_Process_2026,Regulation of Protein Localization to Early Endosome (GO:1902965),0.0002632463686294411,0.00793355127435431,0,0,14.483162905500706,119.37631451283434,DTX3L;MGAT3;MSN;NF2;EZR;SORL1;VEGFA
180,GO_Biological_Process_2026,Positive Regulation of Protein Localization to Early Endosome (GO:1902966),0.0002632463686294411,0.00793355127435431,0,0,14.483162905500706,119.37631451283434,DTX3L;MGAT3;MSN;NF2;EZR;SORL1;VEGFA
183,GO_Biological_Process_2026,Positive Regulation of Cytokine Production Involved in Immune Response (GO:0002720),0.00026817831816856077,0.007994337364970412,0,0,3.8825807733050848,31.9297946320612,FZD5;LAPTM5;SECTM1;TRAF2;NOD2;HLA-A;HLA-F;HLA-G;KIR2DL4;HLA-E;SLC7A5;CD7;PLCG2;TNFRSF14;IRF5
182,GO_Biological_Process_2026,Leukocyte Cell-Cell Adhesion (GO:0007159),0.00026817831816856077,0.007994337364970412,0,0,3.8825807733050848,31.9297946320612,ITGAM;SEMA4D;GPR35;ITGB2;ICAM2;MSN;ITGAL;ICAM1;TNIP1;CD209;ITGAX;CERCAM;GFUS;EZR;FERMT3
188,GO_Biological_Process_2026,"Fructose 1,6-Bisphosphate Metabolic Process (GO:0030388)",0.00028014814647770917,0.008045092059844161,0,0,inf,inf,PFKL;ALDOC;ALDOA;PFKM;PFKP
190,GO_Biological_Process_2026,Sphingomyelin Catabolic Process (GO:0006685),0.00028014814647770917,0.008045092059844161,0,0,inf,inf,SMPD3;SMPD2;SMPD4;SMPD1;SMPDL3A
187,GO_Biological_Process_2026,Cellular Response to Sodium Arsenite (GO:1903936),0.00028014814647770917,0.008045092059844161,0,0,inf,inf,DAXX;HSF1;ZC3H12A;HNRNPA1;MAPK13
185,GO_Biological_Process_2026,Peptidyl-tyrosine Phosphorylation (GO:0018108),0.00027804388794119763,0.008045092059844161,0,0,3.148494699646643,25.77902950204129,DDR1;PDGFRB;BLK;NTRK1;CSF1R;LTK;SRC;FLT4;PTK6;FGR;ZAP70;ABI3;FES;ERBB2;PTK2B;PTPN6;FGFR4;JAK3;MAPK3
186,GO_Biological_Process_2026,Cellular Response to Salt (GO:1902075),0.00028014814647770917,0.008045092059844161,0,0,inf,inf,DAXX;HSF1;ZC3H12A;HNRNPA1;MAPK13
184,GO_Biological_Process_2026,Positive Regulation of Cell Motility (GO:2000147),0.0002740728263763827,0.008045092059844161,0,0,1.7751882510701944,14.560301194771137,RIPOR1;CSF1;FLT4;PIK3CD;CIB1;VSIR;PLAU;AKT2;ITGAX;AKT1;WASHC1;PDGFRB;SEMA6C;SUN2;ACTN4;FGR;PTP4A1;CREB3;MMP14;TMSB15B;MYADM;EPHA1;EPHA2;IGSF8;CSF1R;GRN;SEMA7A;CD151;NOTCH1;MAZ;SEMA3B;SEMA3G;CXCR4;SEMA3F;THBS1;PPM1F;CDC42;RAB40B;DDRGK1;PODXL;SPOCK2;ZNF703;PTK2B;STX4;ZNF304;HSPA8;SEMA4A;CARMIL2;TGFB1;SEMA4D;SEMA4B;SEMA4C;SEMA4G;VEGFA;COL1A1;MYO1C;SNAI1;TRIM32;FERMT3
189,GO_Biological_Process_2026,Response to Sodium Arsenite (GO:1903935),0.00028014814647770917,0.008045092059844161,0,0,inf,inf,DAXX;HSF1;ZC3H12A;HNRNPA1;MAPK13
5523,GO_Molecular_Function_2026,Virus Receptor Activity (GO:0001618),0.00026817831816856077,0.00838036840243283,0,0,3.8825807733050848,31.9297946320612,LRP1;CD81;CXCR4;PVR;CD4;ILF3;CD209;HYAL2;BSG;CLEC5A;HYAL3;DAG1;MYH9;CCR5;NECTIN1
5521,GO_Molecular_Function_2026,Ether Hydrolase Activity (GO:0016803),0.0002632463686294411,0.00838036840243283,0,0,14.483162905500706,119.37631451283434,TMEM86A;TMEM86B;EPHX2;EPHX1;RNPEP;EPHX3;DHCR7
5526,GO_Molecular_Function_2026,Protein Kinase Regulator Activity (GO:0019887),0.00028569437735566464,0.00838036840243283,0,0,2.3467169009709514,19.150589615220227,CDKN1A;ITPRIP;AGAP2;RPTOR;SOCS3;STK11;SOCS1;WNT11;QARS1;NCKAP1L;GCN1;MARK2;NEK9;DAXX;STRADA;MAPK8IP2;MAPK8IP1;MOB3A;DUS2;MOB3C;GPRC5B;RGCC;SH3BP5L;PRKAR1B;MOB2;AKT1S1;MADD;SMCR8;TRIB3;TRIB1
5522,GO_Molecular_Function_2026,Receptor Tyrosine Kinase Binding (GO:0030971),0.0002636005266291032,0.00838036840243283,0,0,2.6881927019858054,22.153599707833553,DUSP3;IRS1;SHC1;MST1;FLT3LG;FRS3;CRKL;RNF41;DOK2;PITPNM1;HYAL2;DGKQ;PITPNM3;PITPNM2;ERBB2;ITGAX;NCK2;ELMO2;FIZ1;GAS6;GRAPL;SH2B3;SH2B2;SH2B1
5525,GO_Molecular_Function_2026,"DNA-binding Transcription Activator Activity, RNA Polymerase II-specific (GO:0001228)",0.0002848901307249128,0.00838036840243283,0,0,1.6808246861722027,13.72125593869759,GMEB2;TFCP2L1;ELK1;ELK4;DBP;SALL2;MYC;VENTX;KLF10;SREBF1;ATMIN;SOX12;FOXP3;KLF15;CREB3;TFDP1;ELF4;RFX5;IRF5;MZF1;ZNF597;ZNF276;CEBPA;CASZ1;ATF6B;SRF;PRDM15;FOXO4;RELA;GLIS1;RXRB;REPIN1;PRDM16;HSF1;E2F1;PLAGL2;E2F2;STAT6;E4F1;E2F4;RREB1;ZNF784;MLXIP;EGR1;ZBTB17;EGR2;JUN;SMAD3;EGR4;ZNF580;NR1H2;FOXJ2;PBX2;ZNF76;FOXJ1;NFATC1;KLF4;USF2;USF1;FOSL2;HINFP;NFKB2;NR4A1;TFAP4;SP1;NFIC;MAFF;TCF3;NFE2L1;TP73
5524,GO_Molecular_Function_2026,Sphingomyelin Phosphodiesterase Activity (GO:0004767),0.00028014814647770917,0.00838036840243283,0,0,inf,inf,SMPD3;SMPD2;SMPD4;SMPD1;SMPDL3A
192,GO_Biological_Process_2026,Negative Regulation of Innate Immune Response (GO:0045824),0.00030103215777974355,0.00855524033897354,0,0,2.900335807705903,23.516773868515333,GRN;STAT2;METTL3;NLRC5;TNFAIP3;NLRC3;DCST1;DTX4;AURKB;ZDHHC18;DDX39A;OAS1;OAS3;DHX58;PIM1;SLAMF8;FAM3A;SERPING1;PTPN6;TTLL12;CACTIN
191,GO_Biological_Process_2026,Negative Regulation of Immune Response (GO:0050777),0.0002999998505634757,0.00855524033897354,0,0,2.5903121683763706,21.011909251044383,SPI1;SRC;TNFAIP3;FURIN;NLRC3;DTX4;AURKB;ZDHHC18;DHX58;PIM1;PLCG1;CCR2;CD300A;RHBDF2;FOXP3;HLA-G;FGR;DDX39A;PRKAR1B;MKRN2;SMCR8;PTPN6;PDCD1;CACTIN;FCGR2B
193,GO_Biological_Process_2026,Extrinsic Apoptotic Signaling Pathway in Absence of Ligand (GO:0097192),0.00030879663635248694,0.008730667785532943,0,0,7.45015873015873,60.21834885074156,MOAP1;GSK3A;BAX;CASP2;BAK1;BCL2L2;BCL2L1;BOK;MCL1
194,GO_Biological_Process_2026,Constitutive Heterochromatin Formation (GO:0140719),0.0003119713186260802,0.008775193244431025,0,0,3.2418607866178197,26.17024312278122,L3MBTL1;ZNF512B;MBD3;DAXX;SETDB1;HDAC1;SMYD5;EHMT2;SUV39H1;MBD1;DOT1L;DNMT3A;EHMT1;TRIM28;TNRC18;ZNF304;ZNF512;MORC2
196,GO_Biological_Process_2026,Regulation of Lymphocyte Mediated Immunity (GO:0002706),0.00031806227920297056,0.008855693408265449,0,0,24.824960338445266,199.921943204421,HLA-B;HLA-C;HLA-A;HLA-F;HLA-G;HLA-E
195,GO_Biological_Process_2026,Antigen Processing and Presentation of Exogenous Peptide Antigen via MHC Class Ib (GO:0002477),0.00031806227920297056,0.008855693408265449,0,0,24.824960338445266,199.921943204421,HLA-B;HLA-C;HLA-A;HLA-F;HLA-G;HLA-E
6787,GO_Cellular_Component_2026,Extracellular Membrane-Bounded Organelle (GO:0065010),0.001370970617095397,0.008882344843153277,0,0,2.623186101295642,17.29266266580238,RAB3A;ARRDC1;IFT172;ITGB2;TUBB4B;FBLN2;GNAI2;LFNG;EFEMP2;PHOSPHO1;PKM;OLFML3;COL6A2;COL6A3;MGAT1;CTSF;MAN1B1;MFGE8;SPTAN1
5527,GO_Molecular_Function_2026,Protein Tyrosine Kinase Binding (GO:1990782),0.00031226529037704646,0.008905743817683175,0,0,2.418082345307615,19.51793235732997,PRR7;SHC1;CRKL;HYAL2;ERBB2;ITGAX;NCK2;PLCG2;SIRPA;SH2B3;DUSP3;GPX1;MST1;FLT3LG;RNF41;CEACAM3;CEACAM1;GPRC5B;CD4;PITPNM1;DGKQ;PITPNM3;CEACAM4;PITPNM2;ELMO2;FIZ1;GAS6;GRAPL
5528,GO_Molecular_Function_2026,Phosphofructokinase Activity (GO:0008443),0.00031806227920297056,0.008905743817683175,0,0,24.824960338445266,199.921943204421,PFKFB2;PFKFB4;PFKL;PFKFB3;PFKM;PFKP
197,GO_Biological_Process_2026,Positive Regulation of Cell Differentiation (GO:0045597),0.0003223618730418326,0.008930075119365917,0,0,1.7085169084521967,13.736195429605,IFITM1;SMARCB1;CSF1;FOXM1;TNF;ACTB;LOXL2;RBM4;ZFP36;KAT5;PPP1R13L;RPS6KA1;ZC3H12A;CPNE1;AKT1;HIF1AN;ZNF385A;CMKLR1;SMARCC2;AXIN2;ARID1A;ADRA2B;CEACAM1;ADAM8;ARHGEF2;PPARD;CRB2;SMARCD1;CEBPB;SMARCD2;SMARCD3;SRF;LRP5;GDPD5;NID1;MACROH2A1;ZFP36L1;SCUBE3;GPC1;ZNF703;LRRC8A;TRPM4;BCL9L;WNT4;FZD1;SMAD3;TGFB1;TGFB3;LAMB2;MAPK12;MTOR;SMARCA4;COL1A1;XKR8;SLC6A6;MAPK11;RGCC;FES;CARM1;SNAI1;TMEM119;CAMK1;TCF3;BMAL1;TRIM32
198,GO_Biological_Process_2026,Positive Regulation of Proteasomal Protein Catabolic Process (GO:1901800),0.0003241023019886885,0.008933171489487218,0,0,2.2488256851545594,18.068080551054813,CEBPA;VCP;GSK3A;HSPBP1;DDA1;HERPUD1;BAG6;DNAJB2;DDRGK1;DVL1;AKT1;BCAP31;PLK3;OSBPL7;USP5;PLK1;SGTA;AXIN1;DAB2IP;CSNK1D;AXIN2;CBFA2T3;PABIR2;PSMC3;TMEM259;TRIB3;STUB1;TRIB1;TRIB2;NOP53;HSPA1B;HSPA1A
6788,GO_Cellular_Component_2026,ATPase Dependent Transmembrane Transport Complex (GO:0098533),0.0014082231825202204,0.008996981443879186,0,0,20.68382093761015,135.79810659100818,ABCD4;ABCA2;ABCB6;ABCB8;SLC9A1
199,GO_Biological_Process_2026,Regulation of Non-Canonical NF-kappaB Signal Transduction (GO:1901222),0.00033521330152187865,0.009193224794237523,0,0,2.506098840294719,20.050654026390983,VCP;SPI1;NLRC3;NOD2;ADIPOR1;PHB2;TNF;AGER;RELA;HDAC7;ADGRG3;RASSF2;ZC3H12A;CPNE1;NLRP3;TRIM26;LGALS9;TNFSF14;DAB2IP;LAPTM5;FOXJ1;ACTN4;TRAF1;BCL3;MKRN2;EZR
200,GO_Biological_Process_2026,Regulation of mRNA Catabolic Process (GO:0061013),0.000345151282372691,0.00941868051648861,0,0,2.9592557998636813,23.589789690718934,PIAS4;UPF1;ALYREF;EIF4A3;PRKCD;SMG9;PRR5L;CASC3;SMG8;GTPBP1;ZFP36L1;MOV10;ZFP36;FXR2;PCBP4;CNOT1;KHSRP;ZC3H12A;MAPKAPK2;AKT1
201,GO_Biological_Process_2026,Canonical NF-kappaB Signal Transduction (GO:0007249),0.0003470174436510571,0.009422726130822021,0,0,3.3530470471480713,26.710827146952035,NLRC3;NOD2;RELA;NFKB2;IKBKB;TRIM8;NFKBIA;IRAK1;BCL3;MYO18A;EP300;TAB3;TLR8;ADAM8;IKBKG;TAB1;MYD88
202,GO_Biological_Process_2026,Neuron Projection Morphogenesis (GO:0048812),0.00035923774708933505,0.009706497747709373,0,0,1.9420340198984312,15.403293594576033,BRSK2;CNTNAP1;RAB3A;SNX32;CELSR1;CELSR2;ACTB;CELSR3;CDC42;BSG;DVL1;CPNE1;TRIM46;PLXNA1;NCKAP1L;APBB1;RAB8A;EPHB3;PACSIN1;PLXNA3;NTNG2;TSC22D4;DBNL;MAP1S;MINK1;DAB2IP;WNT7A;MAPK8IP2;BAIAP2;DNM2;CTTN;DLG4;ADGRB1;MAP1A;CDHR2;TAOK2;PLXNB1;SGK1;ZNF335;DSCAML1;PPP1R12C;SHANK3;LLGL1;GAS7
203,GO_Biological_Process_2026,Protein Localization to Plasma Membrane (GO:0072659),0.0003611507707622898,0.009710352831525292,0,0,1.9086774365347061,15.12858780259747,PLEKHF1;CD81;ZDHHC5;ZDHHC7;TNF;PRKCZ;WDR24;IKBKB;GGA2;ARFRP1;GGA1;ZFYVE27;GGA3;TMEM88;BSG;INPP5K;FLOT2;TMED2;FLNA;RAB11FIP3;SPTBN1;RAB8A;PACSIN1;BBS1;AMN;NHERF2;NHERF1;PPIL2;JUP;ATP6AP1;PTCH1;TTC7A;TNFRSF1A;EHD1;GAK;TSPAN15;CACNB3;EHD3;TSPAN14;KRT18;PACS2;EZR;GAS6;PHAF1;EPHA2;ARF6
6789,GO_Cellular_Component_2026,Spindle (GO:0005819),0.0015646858087791703,0.00985966400052628,0,0,1.6536595233677613,10.682756667896523,NUMA1;SGF29;CCAR2;SPOUT1;FAM110A;FLCN;MAEA;TUBB3;DPYSL2;WDR5;TRAPPC14;IKBKG;EMD;MAP1S;TUBB;DAPK3;ANXA11;CSNK1D;KIF22;TUBG2;HASPIN;TUBG1;CCSAP;EML3;KAT2A;PSRC1;ESPL1;INCENP;KIFC1;MAP7D1;KIF20A;MAPRE1;MAD1L1;CTDP1;RGS14;DCTN1;KATNB1;AAAS;AURKC;CAMSAP1;AURKB;CDC42;RACGAP1;TPPP;SPAG5;BOD1;CCDC57;LIMK2;PLK1;TUBB4A;AGBL5;ATAT1;TADA3;ERCC2;CALM3
204,GO_Biological_Process_2026,Negative Regulation of Canonical NF-kappaB Signal Transduction (GO:0043124),0.0003687972893738034,0.009867576254708837,0,0,2.432878703960122,19.232547014377904,MAPKBP1;SPI1;NLRC5;TNFAIP3;ARRB1;NLRC3;ARRB2;TIFAB;TRIM28;IRAK1;NKIRAS2;ZC3H12A;SIRPA;USP20;DAB2IP;TMC8;NR1D1;KLF4;NFKBIA;PARP10;PER1;TNIP1;TRIM39;CARD19;DNAJA3;CCDC22;CACTIN
205,GO_Biological_Process_2026,Proteolysis (GO:0006508),0.00037230777204054233,0.009913146260399878,0,0,1.635213620058079,12.911302861099788,FCN1;RNPEPL1;CTSZ;ECE1;PCSK7;PEPD;APEH;CAPN15;PCSK4;CNDP2;THBD;MMP25;CAPNS1;PLAU;CTSK;CAPN5;RNPEP;CPNE1;CAPN2;CASP2;PMPCA;CTSF;CAPN1;GGT1;CTSB;ADAM11;MMEL1;VASH1;MMP9;ADAM19;MMP11;MMP14;NPEPL1;ADAM15;MMP15;MMP17;SDE2;ATG4B;ADAM8;ATG4D;CUL7;TMPRSS6;ACTMAP;PSEN2;HTRA2;FURIN;AEBP1;LRP8;ADAMTS10;DPP3;APH1A;C3;NCSTN;ADAMTS13;PITRM1;DPP9;CTSA;ST14;ACE;PTCH1;TYSND1;KLK14;AZU1;TMPRSS13;BMP1;PROC;CTRL;PSMC4;CAPN10;TLL2;TPP1;CTRC;OGT;FBXL6
206,GO_Biological_Process_2026,Regulation of Sprouting Angiogenesis (GO:1903670),0.00038182035834927294,0.010117317224858754,0,0,3.4876808832960027,27.450002790058317,PPP1R16B;PDPK1;KLF4;DLL1;THBS1;JMJD8;EPN1;KLF2;VEGFA;CEACAM1;PKM;TSPAN18;E2F2;ITGA5;GLUL;TGM2
207,GO_Biological_Process_2026,Regulation of Innate Immune Response (GO:0045088),0.0003847811366330303,0.010146752569385438,0,0,2.2547835594652352,17.72899303150537,TNFAIP3;NLRC3;DTX4;LRP8;AURKB;C3;ZDHHC18;TKFC;KAT5;DHX58;PIM1;FADD;CD300A;HLA-B;SH2D1B;HLA-C;HLA-A;HLA-F;HLA-G;HLA-E;FGR;DDX39A;CDC37;CD300E;TLR8;ADAM8;PTPN6;CD300C;CACTIN;CD300H;FCGR2B
210,GO_Biological_Process_2026,"Positive Regulation of Gene Expression, Epigenetic (GO:0141137)",0.00039396138451218513,0.010241128881750406,0,0,3.0272696384887197,23.731546709436973,PHF2;SMARCD1;RBM14;SMARCB1;SPI1;WBP2;USP21;SGF29;SIRT7;NOC2L;ARID1A;MACROH2A1;SMARCA4;VPS72;WDR5;EP300;KAT8;PADI2;MEN1
209,GO_Biological_Process_2026,Negative Regulation of Natural Killer Cell Mediated Immunity (GO:0002716),0.0003927466069939802,0.010241128881750406,0,0,5.913363404984502,46.37464137234804,INPP5D;ARRB2;LGALS9;HLA-F;NECTIN4;HLA-G;PVR;KIR2DL4;MICA;HLA-E
208,GO_Biological_Process_2026,Negative Regulation of Fibroblast Proliferation (GO:0048147),0.0003927466069939802,0.010241128881750406,0,0,5.913363404984502,46.37464137234804,PARP10;SKI;MED25;CD300A;MYC;DAB2IP;NLRC3;B4GALT7;EMD;TRIM32
6790,GO_Cellular_Component_2026,Neuron Projection (GO:0043005),0.0016649763794202655,0.01030902714825226,0,0,1.397947029872226,8.943987290444962,CYFIP2;EPHB6;CYFIP1;CNTF;RAB3A;CHRM4;STMN3;CIB1;ACTB;C4A;HTR6;SAMD14;ZFYVE27;TUBB3;PPP2R1A;BSG;ADORA1;CAPN2;HOMER3;BSN;RGS9;EPHB3;MAP1S;NPFF;HSPG2;SRCIN1;MAPK8IP3;SLC9A5;BIN1;MAP1A;ADGRB1;NSMF;RIN3;PHAF1;LLGL1;STX1A;RTN4R;TMEM185A;RAP1GAP;INPP5B;FXR2;INPP5A;DVL1;INPP5K;KCNN4;DRD4;MARK2;RAP1GAP2;JUP;MAGEE1;HOMER2;WFS1;NR1D1;ZWINT;SYT7;SLC6A6;DLG4;PPT1;IGSF9B;CNIH2;ROBO3;NRSN2;GSK3A;PTPRS;PTGDR2;KCNC3;PPP1R9B;GRM2;KIF1C;KIF1A;LDLRAP1;GIT1;CCR2;TSC22D4;ACAD9;CCSAP;SSTR3;DNM2;PICK1;DSCAML1;SHANK3;DBN1;CX3CR1;NLGN3;CAMK2B;HCN3;RGS14;DCTN1;AMIGO1;KCNA2;IGHMBP2;OPRL1;HTT;HDAC6;STRN4;PTGS1;CDC42;CHRNE;MICALL2;CHRNA10;PTK2B;NCDN;NTRK1;SKOR1;MCRS1;LIMK1;DAB2IP;SEPTIN4;TAOK2;SARM1;ADGRL1;ATP13A2;HCN2;ZPR1
6791,GO_Cellular_Component_2026,Nuclear Lumen (GO:0031981),0.0016808196437367814,0.01030902714825226,0,0,1.3216655836055284,8.443425849298588,MAPKBP1;ZNF692;RPL3;SMARCB1;RRP1;EIF4A3;NOC2L;RRP9;KAT5;MYC;PIM1;PHLDA1;ZNF444;CDK5RAP3;TSPYL2;TSPYL1;MAP1S;DDX11;PIH1D1;WDR74;ARID5A;LDOC1;IMP4;PIMREG;FTSJ3;TRAIP;JMJD6;ILF3;DGKQ;GRWD1;ERF;GEMIN4;CCDC86;ZNF554;IPPK;L3MBTL1;HOMEZ;C11ORF98;INO80E;NOP2;BAZ2A;MACROH2A1;NOP9;DEDD2;RRS1;DHX37;ZBED6;RBM10;SPTBN1;PLK3;JUN;ZBTB14;NONO;MAD2L1BP;XRCC1;DOLK;WDR55;SMARCA4;PARP10;TBL3;GNL3L;RGCC;LAS1L;RIOX1;MOB2;MAGED2;CEP85;NF2;PHF2;CDKN1A;MCM7;DDX47;SUV39H1;NAT10;ADAR;SGF29;CHD3;KRI1;FOXM1;WDR46;ELAVL1;H1-10;PHF8;PTBP1;PIDD1;RBM4;XPO6;CASP2;RRP12;BUD23;GET3;ZNF641;PELP1;PARP3;EIPR1;DDX56;MARS1;RBM19;AXIN1;ABHD14B;DDX54;AEN;TFIP11;SIRT7;URB1;SENP3;DDB1;METTL22;SAPCD2;RARA;TUT1;FAM193B;SLC29A2;MCM2;DDX28;CEBPA;SF3B3;LRP1;ATF6B;NIP7;PNKP;DDX23;AKAP8;NOC4L;RELA;NOL6;RXRB;RBM15B;HIRIP3;SLX4;TCOF1;POLR2A;PNMA1;TAF1C;PES1;ATXN1L;FLNA;ZNF346;SLX9;EXOSC2;DEDD;BRF2;MCRS1;SRP68;LRWD1;YY1AP1;PML;NLE1;BYSL;HINFP;SMUG1;BOP1;MYO1C;MYBBP1A;TAOK2;NCAPD2;PTPN6;NOP53;SPC24;GZF1;ZPR1
5529,GO_Molecular_Function_2026,Acetylglucosaminyltransferase Activity (GO:0008375),0.00038182035834927294,0.010453392921917872,0,0,3.4876808832960027,27.450002790058317,HEXA;RFNG;POMGNT2;POMGNT1;LFNG;B3GNT7;MGAT5B;MFNG;PIGA;MGAT4B;MGAT3;B3GNT2;MGAT1;MGAT2;EXTL3;OGT
211,GO_Biological_Process_2026,Positive Regulation of Cellular Component Organization (GO:0051130),0.0004051504705791321,0.010482312882672356,0,0,2.211250811640399,17.272637385879968,CAMK2B;VCP;CD151;AHNAK;LRP1;DCTN1;PTPN23;TNF;DLL1;BBC3;BCL2L11;SMPD1;HAS3;BMF;TPPP;BAK1;PROM2;TGFB1;GPX1;TGFB3;BIK;PLK1;DAB2IP;VEGFA;GNL3L;CALY;CDC42EP2;BAX;CAMK1;SHANK3;RAPGEF3;ANAPC2
212,GO_Biological_Process_2026,Organelle Organization (GO:0006996),0.0004085148755724011,0.010519737523542818,0,0,1.4954491499181621,11.668963141509558,TDRKH;GBA1;AUP1;PHB2;ACTB;RAB43;DPYSL2;MYC;LONP1;TRAPPC12;VPS18;COG8;TANGO2;COG1;CSNK1D;LIG3;BCS1L;ATAD3B;CFAP410;ATAD3A;BSCL2;WDR81;BIN1;CHMP4B;TEDC1;CUL7;SPTBN5;HTRA2;MTMR4;PLD2;PRDX3;CNN2;NCKIPSD;STRIP1;RHOT2;MICAL1;VPS11;PACSIN2;SEC31B;PACSIN1;ATP8B3;ATP8B2;ODF2;SEC16A;SURF4;MICAL3;MICAL2;FANCG;TJAP1;NSFL1C;NPLOC4;ADCK1;RANBP10;PYROXD2;REEP6;ABCD4;PRR5;CNTNAP1;PLEKHF1;NUMA1;MAST3;LIMD1;SYNE3;SIPA1L3;PKD1;ARHGAP4;SEC61A1;SMPD4;CHMP1A;MLST8;MYO18A;TMED2;ABCD1;RAB8A;TMED9;CLUH;ARAP3;GAK;GORASP1;CHMP7;RAB1B;HTT;MIEF2;FGD2;FGD3;CDC42;VPS51;STX4;PAK4;CENPT;PEX16;DMTN;PEX19;NHERF1;NOS3;HUWE1;SEPTIN3;PEX10;SEPTIN9;MCOLN1;SORBS3;MTOR;LETM1;DNAJA3;SIPA1
213,GO_Biological_Process_2026,Protein Stabilization (GO:0050821),0.00041363950009733706,0.010601928308569597,0,0,1.729919321350181,13.476963695323754,PPP1R10;PHB2;RASSF2;LAMP1;TMEM88;AKT2;RUVBL2;RUVBL1;EP300;FLOT2;PIM2;PAQR4;PIH1D1;PRKCD;USP2;P3H1;TMC8;TMC6;ATP1B2;MAPK8IP3;HCFC1;TTI1;WDR81;CDC37;TELO2;GRN;WIZ;CFP;USP19;BAG6;NCLN;BAG3;DVL1;POLR2E;FLNA;DVL3;CCT7;PAK4;CD74;CRTAP;PEX19;CBX4;WFS1;SEC16A;SYVN1;HIP1R;GLMP;HYPK;MTOR;PML;PPP1CA;EFNA1;TRIM39;DNAJA3;PIN1;STUB1;CALR;NOP53;HSPA1B;HSPA1A
215,GO_Biological_Process_2026,Positive Regulation of Proteasomal Ubiquitin-Dependent Protein Catabolic Process (GO:0032436),0.000435432822188758,0.011057171433821008,0,0,2.449037518292781,18.95351775905861,CEBPA;GSK3A;VCP;HSPBP1;DDA1;DNAJB2;FZR1;DDRGK1;DVL1;AKT1;PLK3;USP5;PLK1;AXIN1;CSNK1D;AXIN2;CBFA2T3;PABIR2;MTOR;TRIB3;STUB1;TRIB1;TRIB2;NOP53;HSPA1B;HSPA1A
214,GO_Biological_Process_2026,Cellular Response to Hypoxia (GO:0071456),0.000435432822188758,0.011057171433821008,0,0,2.449037518292781,18.95351775905861,NOTCH1;CITED2;SUV39H1;AQP3;NDRG1;BBC3;ZFP36L1;RPTOR;MYC;LMNA;MLST8;EGLN1;EGLN2;TGFB1;BAD;NGB;MTOR;VEGFA;RGCC;TBL2;PIN1;ADAM8;HYOU1;STUB1;P4HB;NOP53
216,GO_Biological_Process_2026,Entrainment of Circadian Clock by Photoperiod (GO:0043153),0.0004418504602547926,0.011168432140541647,0,0,5.059672233984161,39.08363579384379,PER1;RBM4;MTA1;CRTC1;USP2;BHLHE40;CRY2;PDE6B;SIK1;PML;PPP1CA
5530,GO_Molecular_Function_2026,Protein Tyrosine Kinase Activity (GO:0004713),0.00042352496751861817,0.011343103477889948,0,0,2.171870519373176,16.868696989581206,BLK;DDR1;CSF1R;LTK;SRC;FLT4;AATK;MST1R;CAMKK2;ERBB2;PTK2B;CSK;JAK3;EPHB4;PDGFRB;NTRK1;TNK2;TIE1;TNK1;MATK;PTK6;TYK2;CLK3;MTOR;CLK2;BCR;FGR;ZAP70;PKM;FES;LCK;EPHA1;EPHA2
217,GO_Biological_Process_2026,Cellular Response to Laminar Fluid Shear Stress (GO:0071499),0.0004590363208108698,0.01154960651214505,0,0,4.140487116131309,31.825362414095693,PDPK1;ADCY4;ADCY3;KLF4;ADCY7;KLF2;MTOR;SREBF2;MAPK7;PRKAR1B;CAPN2;AKT1;PRKACA
218,GO_Biological_Process_2026,Regulation of Muscle Cell Differentiation (GO:0051147),0.0004614730141723174,0.01155789718143909,0,0,4.516482987631743,34.691498671225425,CDK9;PTBP1;RBM4;MAPK11;LAMB2;SRF;PRDM16;CAMK1;NID1;ZBED6;SUPT6H;MAPK12
5531,GO_Molecular_Function_2026,Metal Ion Binding (GO:0046872),0.0004475323337504446,0.011602750070618267,0,0,1.475871616494535,11.381570307545731,ANKLE1;CERK;PDCD6;XYLT2;IHH;PLOD3;CIB1;LOXL2;STK11;NUDT19;CPNE1;CAPN1;MAP3K6;TGM2;ARSA;HPCAL1;TUFM;ERN1;MYL5;ADPRH;ADAM8;TSSK3;DXO;SIK1;FKBP9;TSSK4;BRSK2;TTYH3;TTYH2;PEF1;LTBP4;ITPR3;RASGRP2;FBLN2;SLC9A1;PGS1;TRPM2;CRACR2A;PPP3R1;RHOT2;SNN;ADAMTS13;NUAK2;SCUBE1;S100A13;OTOF;CDH24;TPPP;MAP2K7;TRPM5;MORC2;MARK2;TRPM4;NEK6;EPHX2;PLK1;PDE2A;TREX2;MEX3B;CALM3;CALR;FARSA;DYSF;ILK;ALAD;THTPA;THBD;NCS1;EFHD2;SDF4;XXYLT1;TNNC1;PLA2G4B;YDJC;RCN3;PITPNM1;POLR1A;PITPNM3;PITPNM2;CDHR5;ITGA5;MAN1B1;DNASE1L2;PDXK;CANT1;MVK;LRP1;THBS1;CAMKK2;THBS3;POLR2A;SPOCK2;MAN1C1;SLC25A23;EXTL3;GSN;IDH3G;KCNIP2;POLM;CDC42BPG;SEPTIN4;TUBB4A;MAPK12;BAIAP3;PPP1CA;LETM1;NUCB1;ESYT1;AGRN;CAPS
5532,GO_Molecular_Function_2026,Protein Serine/Threonine/Tyrosine Kinase Activity (GO:0004712),0.0004590363208108698,0.011602750070618267,0,0,4.140487116131309,31.825362414095693,MAP2K3;MAP2K2;TNK2;AURKC;AURKB;MAPKAPK3;RPS6KA2;RPS6KA1;AKT1;MAPKAPK5;MAP2K7;PRKACA;SGK1
5533,GO_Molecular_Function_2026,Semaphorin Receptor Binding (GO:0030215),0.0004614730141723174,0.011602750070618267,0,0,4.516482987631743,34.691498671225425,SEMA4A;SEMA6C;SEMA7A;SEMA4D;SH3BP1;SEMA4B;SEMA3B;SEMA4C;SEMA3G;PLXNB1;SEMA3F;SEMA4G
220,GO_Biological_Process_2026,Positive Regulation of Protein Localization to Endosome (GO:1905668),0.0004799864614495011,0.011859124959686999,0,0,8.276847116910599,63.249618470191464,DTX3L;ABHD17A;MGAT3;MSN;NF2;EZR;SORL1;VEGFA
221,GO_Biological_Process_2026,Regulation of PERK-mediated Unfolded Protein Response (GO:1903897),0.0004799864614495011,0.011859124959686999,0,0,8.276847116910599,63.249618470191464,PPP1R15A;PPP1R15B;DDRGK1;NCK2;AKT1;ABCA7;ATAD3A;BOK
219,GO_Biological_Process_2026,Positive Regulation of Endoplasmic Reticulum Unfolded Protein Response (GO:1900103),0.0004799864614495011,0.011859124959686999,0,0,8.276847116910599,63.249618470191464,ERN1;BCL2L11;DAB2IP;SHISA5;BAX;BAK1;BBC3;BOK
6792,GO_Cellular_Component_2026,Swr1 Complex (GO:0000812),0.002002013554894568,0.012117450463835543,0,0,5.517427849291718,34.28309976710211,SRCAP;KAT5;TRRAP;VPS72;RUVBL2;RUVBL1;EP400;DMAP1
222,GO_Biological_Process_2026,Regulation of Protein Catabolic Process (GO:0042176),0.0004939451759863047,0.012149279328631754,0,0,1.831785960027523,13.94554409622718,GSK3A;SNX12;TNFAIP3;TNF;PKD1;PSMD8;PSMD2;PSMD3;WDR91;PRKACA;CDK5RAP3;RHBDF1;GPX1;AXIN1;RNF41;DDB1;HGS;PSME3;ADGRB1;EEF1A2;EZR;VPS28;AMER1;VCP;PSMD11;SF3B3;AGAP2;FURIN;OAZ2;NKD1;PSMB4;DDRGK1;VPS11;FLNA;PTK2B;CTSA;EGLN2;ADRM1;DAB2IP;MSN;SORL1;RGP1;TSPAN15;PSMC3;PSMC4;TSPAN17;PIN1;ATP13A2;TRIM32
223,GO_Biological_Process_2026,Regulation of Mitotic Cell Cycle (GO:0007346),0.0004991564552891955,0.012222648023487666,0,0,1.9751053462704464,15.015918077665697,CUL9;L3MBTL1;CUL7;ANAPC15;PKMYT1;FOXM1;FZR1;MAEA;HSF1;PIM1;PIM3;PIM2;CDK5RAP3;TMEM8B;NEK9;PRMT5;DUSP3;NHERF1;CCDC57;NEK6;USP22;DAPK3;USP2;PLK1;SCRIB;RNF40;PML;CDC25B;CDK9;DDB1;RGCC;TFAP4;ERCC3;ERCC2;TRIM35;PIN1;SIK1;TTLL12;ANAPC2;TP73
225,GO_Biological_Process_2026,Brain Development (GO:0007420),0.0005059927492383276,0.012280399245894809,0,0,1.9357932706522383,14.690712324137179,CX3CR1;ABCB6;AMIGO1;ROGDI;AATK;CXCR4;SMG9;CAPN15;PHF8;BAG6;ADGRG1;QARS1;VPS51;MATCAP1;ATXN1L;DHX37;PHGDH;CIC;CDK5RAP3;GIT1;EGR2;KDM4B;MAP1S;PTCH1;SETD1A;MINK1;PBX2;CTNS;FOXJ1;SOX12;HSPG2;GRIN2D;POU6F1;TMX2;DDIT4;PPT1;POMK;PLXNB2;ZNF335;DSCAML1;SHANK3;MDGA1
224,GO_Biological_Process_2026,Negative Regulation of Biosynthetic Process (GO:0009890),0.0005042510938147849,0.012280399245894809,0,0,3.200499341703863,24.299587098245304,TRAP1;CIITA;MTCL2;MST1;ATP2B4;CLK2;CEACAM1;KAT2A;KHSRP;AMDHD2;NT5DC2;ZC3H12A;EP300;SIRPA;EMILIN1;SIK1;ABCD1
6793,GO_Cellular_Component_2026,Phagocytic Vesicle Membrane (GO:0030670),0.002137948893567143,0.012772162221310206,0,0,2.5704731100268625,15.803033149319706,HLA-B;HLA-C;TAP1;CYBA;TCIRG1;HLA-A;HLA-F;MTMR4;HLA-G;MPEG1;HLA-E;TAPBP;PIP4P1;RAC2;STX4;CALR;ATP6V0D1;ATP6V0C
226,GO_Biological_Process_2026,Negative Regulation of Programmed Cell Death (GO:0043069),0.0005287912531145018,0.012777180719528821,0,0,1.5219199573737494,11.482759470734964,PRR5;FCMR;CITED2;FLT4;ARAF;SMG9;CIB1;PEPD;PHB2;MPO;PIDD1;AIFM2;AKT2;MYC;ARHGDIA;CFL1;CLEC5A;RPS6KA1;PIM1;MLST8;MYO18A;AKT1;CASP2;PIM3;PIM2;BOK;PRMT1;NME2;MIF;MAPK8IP3;ATAD3A;MMP9;SND1;ACLY;FKBP8;PPIF;GAS6;CARD14;KANK2;NOTCH2;LTK;SHC1;HDAC1;SRC;IFI6;IL2RG;PRKCZ;THBS1;RELA;PRDX3;SOCS3;ADGRG1;NUAK2;GRK5;BAG3;DDRGK1;DPP9;ERBB2;HMOX1;FLNA;PTK2B;NCKAP1L;BAK1;WNT1;MCL1;TXNDC5;NTRK1;PLK3;CD74;EGR3;NIBAN2;SEMA4D;TNFSF14;CBX4;WFS1;BAD;PLK1;LAPTM5;AZU1;MTOR;HYPK;VEGFA;KRT18;PROC;DNAJA3;BCL3;IL2RB;PPT1;BAX;HSPA1B;BCL2L2;HSPA1A;BCL2L1
227,GO_Biological_Process_2026,Cellular Response to Peptide Hormone Stimulus (GO:0071375),0.0005426233542048551,0.013047489109999151,0,0,2.268091501085323,17.05399573156819,HDAC5;GSK3A;IRS1;SRC;ADCY4;ADCY3;PRKCZ;ADCY7;RELA;ZFP36L1;AKT2;AKT1;INPP5K;RAB8A;PCK2;PDPK1;PRKCD;SLC39A14;MTOR;USF1;NR4A1;CEACAM1;PKM;PRKAR1B;SCNN1D;CAPN10;TRIB3;LPIN1;LPIN3
228,GO_Biological_Process_2026,Regulation of Fat Cell Differentiation (GO:0045598),0.0005447356437903019,0.013047489109999151,0,0,2.5757291945410756,19.357145641042525,CEBPB;SMAD3;TGFB1;RORC;LRP5;GPS2;NR1D1;TNF;ZFP36L1;ZFP36;CARM1;ZC3H12A;E2F1;TAF8;AKT1;TRIB3;WNT1;TRIB2;BMAL1;ZNF385A;CMKLR1;PPARD;TRPM4
229,GO_Biological_Process_2026,Positive Regulation of Signal Transduction (GO:0009967),0.0005532197793696129,0.013186677967756882,0,0,1.6374453781512606,12.280439496626503,SCARB1;SMARCB1;IRS1;ZDHHC5;LOXL3;ILK;ARRB1;ARRB2;TXNDC15;ZMIZ1;CCR2;PIH1D1;CD180;SLC39A14;STX1B;TRAF7;EVC;ULK3;PRKD2;ITGA5;GAS6;ATP6V0C;SHANK3;NLGN3;TEDC1;NLGN2;SRC;NOD2;NID1;AGPAT1;PRKCZ;DLL1;C3;HSD11B2;ADGRG1;GRK2;STK36;PLCG2;FLNA;PTK2B;ZBTB7B;WNT1;JAG2;CD74;JAG1;TGFB1;LAMB2;NOS3;TMEM132A;LIF;DAB2IP;KLK14;WNT7A;SORL1;GRIN2D;SMARCA4;SULF2;VEGFA;SKI;EFNA1;TSPAN14;TRIM39;DLG4;SP1;DLG5;PDCL;LIMS2;MYORG;TP73
230,GO_Biological_Process_2026,Positive Regulation of Angiogenesis (GO:0045766),0.0005553550794078104,0.013186677967756882,0,0,2.0732636428065203,15.540982882242025,CD40;ECM1;GRN;PDCD6;PIK3CD;EMC10;DLL1;THBS1;PIK3R6;HK2;CXCR3;ZC3H12A;ITGAX;HMOX1;ZNF304;PLCG1;TGM2;PAK4;NTRK1;JUP;PDPK1;NOS3;TIE1;KLF4;JMJD8;RHOB;VEGFA;PKM;SP1;NINJ1;AGO2;PRKD2;ITGA5;EPHA1;RAPGEF3
231,GO_Biological_Process_2026,Immune Response-Regulating Cell Surface Receptor Signaling Pathway (GO:0002768),0.0005637676412701552,0.013271525804149363,0,0,3.3131555712519867,24.785280734163408,LILRA6;CD40;LILRA1;KIR2DL3;HLA-G;KIR2DL4;LILRA4;LILRB5;VAV1;LILRA5;VAV2;BAG6;FGR;TNFRSF14;LAIR1;MICB
232,GO_Biological_Process_2026,Positive Regulation of Actin Filament Polymerization (GO:0030838),0.0005637676412701552,0.013271525804149363,0,0,3.3131555712519867,24.785280734163408,VASP;CARMIL2;C15ORF62;BAIAP2;FCHSD1;BAIAP2L2;CTTN;BIN1;CDC42EP4;NCK2;CDC42EP2;PTK2B;CDC42EP1;NCKAP1L;EVL;ARF6
233,GO_Biological_Process_2026,Regulation of Proteasomal Ubiquitin-Dependent Protein Catabolic Process (GO:0032434),0.0005679362306735594,0.013312522330104586,0,0,2.0449629678180505,15.283033634606248,CEBPA;VCP;GSK3A;UBXN1;ARAF;HSPBP1;CCAR2;DDA1;BAG6;DNAJB2;DDRGK1;DVL1;AKT1;UBQLN4;TTC36;PLK3;USP5;CBX4;DESI1;PLK1;AXIN1;CSNK1D;AXIN2;CBFA2T3;PABIR2;TRIM39;ZNF418;MAP1A;TRIB3;STUB1;TRIB1;TRIB2;OGT;NOP53;HSPA1B;HSPA1A
5534,GO_Molecular_Function_2026,Monoatomic Cation Channel Activity (GO:0005261),0.0005405009172076542,0.0133179425999966,0,0,2.104104808111788,15.829210400054004,KCNK5;RYR2;TMEM63A;TMEM63B;TMEM63C;KCNC4;KCNA2;PKD1;PANX1;TRPM2;SEC61A1;CALHM2;TMEM43;PIEZO1;KCNN4;TRPM5;ASIC3;TRPM4;TRPV2;TRPV3;ANO9;KCNK17;TRPV1;MCOLN1;TMEM175;TPCN2;GRIN3B;SCNN1D;STING1;TMBIM1;KCNQ4;ORAI1;ZACN;GRINA
236,GO_Biological_Process_2026,Response to UV (GO:0009411),0.0005990624426505897,0.013864377628432425,0,0,2.178164161905219,16.162293306248017,RPAIN;TMEM161A;TP53I13;DCUN1D3;NOC2L;CCAR2;AURKB;RELA;MYC;RUVBL2;SMPD1;POLD1;AKT1;SDF4;BAK1;MAP2K7;MEN1;GPX1;METTL3;PRKCD;CIRBP;USF1;MAPK13;DDB1;MFAP4;MC1R;ERCC3;UVSSA;BCL3;SDE2;TRIM32
235,GO_Biological_Process_2026,Positive Regulation of Protein Localization (GO:1903829),0.0005977453136128317,0.013864377628432425,0,0,1.9517853603580109,14.4868258557589,RNF31;GSK3A;NLGN2;NUMA1;TESK1;HTRA2;SNX33;UBE2J2;TNF;DDRGK1;ORMDL3;TRAPPC12;VPS11;RAC2;MICALL2;AKT1;CEP250;STX4;ENTR1;CDK5RAP3;NGFR;TGFB1;FZD5;DTX3L;LIMK2;PLK1;HUWE1;ABCA7;TYK2;SREBF2;PML;CDK9;GNL3L;ABHD17A;CROCC;MAP1A;GPD1L;MAPRE1;BAP1;EIF4G1
234,GO_Biological_Process_2026,Negative Regulation of Inflammatory Response (GO:0050728),0.0005977453136128317,0.013864377628432425,0,0,1.9517853603580109,14.4868258557589,GRN;MVK;SRC;TNFAIP3;GPS2;GBA1;FURIN;NLRC3;METRNL;MAPK7;PPP1R13L;SLAMF8;SIRPA;NLRP3;PLCG1;TRIM65;EXTL3;GIT1;SMAD3;TNFSF14;FEM1A;IL10RA;NR1H2;PRKCD;SIGLEC10;RHBDF2;NFATC1;NR1D1;TNFRSF1B;KLF4;TNFRSF1A;SIGIRR;FGR;PROC;PRKAR1B;ELF4;MKRN2;PTPN6;PDCD1;PPARD
237,GO_Biological_Process_2026,Receptor-mediated Endocytosis (GO:0006898),0.0006020413509072982,0.013874776511456013,0,0,1.9144389405166413,14.195917815863417,LMBR1L;NLGN3;FCMR;ITGAM;LRP1;CD81;ITGB2;CLTB;AP2A1;ARRB2;DLL1;GRK2;CXCR1;FCHO1;STAB1;MICALL1;PIP5K1C;LDLRAP1;LDLR;AP2M1;PDLIM7;AMN;AP1B1;HIP1R;ARHGAP27;HSPG2;SORL1;DNM1;TPCN2;DNM2;GAK;FCER2;CTTN;HGS;RAB15;PPT1;PLXNB2;ACKR3;GPR107;PI4KB;FCGR2B;GAS7
238,GO_Biological_Process_2026,Regulation of Signal Transduction by P53 Class Mediator (GO:1901796),0.0006062960617678861,0.013914367777392701,0,0,2.4862599469496023,18.418567085048032,PPP1R15A;PRMT5;PLK3;AARS1;USP2;NOP2;HAPSTR1;AURKB;MTOR;SMARCA4;BOP1;MLXIPL;STK11;PIP4P1;KAT5;DVL2;RRS1;AKT1;EP300;MAPKAPK5;SGK1;RFFL;NOP53;CDK5RAP3
239,GO_Biological_Process_2026,JNK Cascade (GO:0007254),0.0006235560433491601,0.014191721567510968,0,0,3.4508886534839927,25.467806422329126,MAP4K1;MAP4K2;DAXX;JUN;GPS1;MINK1;SH2D3C;GPS2;MAPK8IP2;CRKL;MAPK8IP1;MAP3K10;MAP2K7;MAP3K6;MAP3K11
240,GO_Biological_Process_2026,Non-canonical Wnt Signaling Pathway (GO:0035567),0.0006235560433491601,0.014191721567510968,0,0,3.4508886534839927,25.467806422329126,FZD1;FZD5;FZD7;ARHGEF19;WNT7A;CELSR1;CELSR2;CELSR3;CDC42;WNT11;DVL1;CCDC88C;DVL2;DVL3;WNT4
241,GO_Biological_Process_2026,Regulation of T Cell Differentiation (GO:0045580),0.0006302443203651041,0.014284669823151222,0,0,2.982257551669316,21.97745775894245,SMARCD1;SMARCD2;SMARCB1;SMARCC2;SMARCD3;METTL3;TCF7;FANCA;ARID1A;IL2RG;ACTB;SMARCA4;ZAP70;KAT2A;ZMIZ1;TBX21;CLPTM1;CCR2
6794,GO_Cellular_Component_2026,Endolysosome (GO:0036019),0.0024237165392846614,0.014293712923986466,0,0,3.165714997612176,19.065370281063156,ABCB6;PRKCD;AP2A1;TPCN2;TPCN1;RNF167;ATG16L1;CTSK;SMPD1;TLR8;LDLR;AP2M1;CTSB
242,GO_Biological_Process_2026,Release of Cytochrome C From Mitochondria (GO:0001836),0.0006383382509628296,0.01440858150835852,0,0,6.208201058201058,45.67151414655673,BAX;CASP2;BAK1;BCL2L2;BBC3;TIMM50;BCL2L1;BOK;MCL1
243,GO_Biological_Process_2026,Integrin-mediated Signaling Pathway (GO:0007229),0.0006445483328507144,0.014489129531500692,0,0,2.275550744098737,16.718381991538497,LAMA5;SEMA7A;ITGAM;ITGB4;SRC;ITGB2;ILK;ITGAL;CDC42;ADAMTS13;ITGAX;PTK2B;ITGB7;ZNF304;MPIG6B;ITGA3;RCC2;ADAM11;NME2;FGR;CEACAM1;ADAM15;ZYX;ITGA7;MYH9;ITGA5;LAT;FERMT3
6795,GO_Cellular_Component_2026,Lipid Droplet (GO:0005811),0.0025359780756928517,0.014766454617958377,0,0,2.161411601891362,12.91913731016832,BCAP31;HSD3B7;VCP;DGAT2;RAB5C;ABHD4;CLSTN3;LPCAT1;CIDEB;AUP1;ZFYVE1;LSS;BSCL2;EHD1;LIPE;NSDHL;CYB5R3;RNF213;IRAK1;RAB40C;AIFM2;PLIN4;CES1;PNPLA2
6797,GO_Cellular_Component_2026,MLL1/2 Complex (GO:0044665),0.0027331513904472393,0.015521600488959631,0,0,3.311522851596965,19.545601260969114,LAS1L;RUVBL2;MCRS1;RUVBL1;WDR5;KAT8;PRPF31;TAF6;TAF4;SENP3;PELP1;HCFC1
6796,GO_Cellular_Component_2026,MLL1 Complex (GO:0071339),0.0027331513904472393,0.015521600488959631,0,0,3.311522851596965,19.545601260969114,LAS1L;RUVBL2;MCRS1;RUVBL1;WDR5;KAT8;PRPF31;TAF6;TAF4;SENP3;PELP1;HCFC1
244,GO_Biological_Process_2026,Modification-dependent Protein Catabolic Process (GO:0019941),0.0006938376069122079,0.015533466424136572,0,0,1.6770149873042892,12.197387191567406,UBXN1;ARRB1;UBE3B;HERPUD1;PSMD3;WDR91;LONP1;TRIM25;UBL7;GET4;DTX3L;ARRDC1;FBXO10;RNF40;RNF41;DDB1;RNF144A;RNF123;RNF167;RNF126;CDC34;WDR81;KCTD10;NHLRC1;RNF166;CUL9;CUL7;VCP;PSMD11;DERL3;UBR4;UBE2J2;DCST1;RHOBTB2;BAG6;RNF213;OS9;KCTD21;TMEM129;UBC;RFFL;UBQLN4;KLHL25;UBE2C;RNF25;EDEM1;AMFR;RNF26;HUWE1;SYVN1;KLHL3;CHFR;NSFL1C;SPSB1;NPLOC4;TOLLIP;PCYOX1L;MKRN2;UBA1;STUB1;TRIM32
250,GO_Biological_Process_2026,Fructose 6-Phosphate Metabolic Process (GO:0006002),0.0007290499903863235,0.015569589506760708,0,0,9.655030559473436,69.74570325067563,HK3;PFKL;MPI;PFKM;HK2;PFKP;HK1
255,GO_Biological_Process_2026,Regulation of Anoikis (GO:2000209),0.0007295140388764817,0.015569589506760708,0,0,5.173972481919209,37.37228592015667,NOTCH1;BRMS1;MYBBP1A;SRC;SIK1;ZNF304;ITGA5;TLE5;BCL2L1;MCL1
252,GO_Biological_Process_2026,Negative Regulation of Lipopolysaccharide-Mediated Signaling Pathway (GO:0031665),0.0007290499903863235,0.015569589506760708,0,0,9.655030559473436,69.74570325067563,SIGIRR;SMAD3;NFKBIL1;SIRPA;PTPN6;CACTIN;TRIB1
251,GO_Biological_Process_2026,Negative Regulation of PERK-mediated Unfolded Protein Response (GO:1903898),0.0007290499903863235,0.015569589506760708,0,0,9.655030559473436,69.74570325067563,PPP1R15A;PPP1R15B;DDRGK1;NCK2;AKT1;ABCA7;ATAD3A
246,GO_Biological_Process_2026,Antibacterial Humoral Response (GO:0019731),0.0007281212747996043,0.015569589506760708,0,0,3.8445741515808582,27.777213321106625,H2BC9;H2BC5;H2BC3;HLA-A;PLA2G6;H2BC17;H2BC18;HLA-E;H2BC12;H2BC26;H2BC21;H2BC10;BPI
256,GO_Biological_Process_2026,Regulation of Brown Fat Cell Differentiation (GO:0090335),0.0007295140388764817,0.015569589506760708,0,0,5.173972481919209,37.37228592015667,FLCN;CBX4;TFE3;SOX13;PIM1;EP300;PIN1;METRNL;ZBTB7B;RREB1
248,GO_Biological_Process_2026,Regulation of Bone Resorption (GO:0045124),0.0007281212747996043,0.015569589506760708,0,0,3.8445741515808582,27.777213321106625,CSF1R;SRC;TNFAIP3;SLC4A2;ARAP1;DEF8;UBASH3B;INPP5D;S1PR1;PLEKHM1;TMEM119;GPR137;ADAM8
254,GO_Biological_Process_2026,Glycolipid Metabolic Process (GO:0006664),0.0007295140388764817,0.015569589506760708,0,0,5.173972481919209,37.37228592015667,ABCA2;PGAP3;ST3GAL4;NAGA;GBA1;GBA2;ST6GALNAC4;GBGT1;ST3GAL2;ST6GALNAC6
253,GO_Biological_Process_2026,Negative Regulation of Protein Localization to Chromatin (GO:0120186),0.0007290499903863235,0.015569589506760708,0,0,9.655030559473436,69.74570325067563,CDK9;PIAS4;VCP;SPI1;PRKACA;RNF4;AURKB
245,GO_Biological_Process_2026,Protein Localization to Cell Periphery (GO:1990778),0.0007101025598362106,0.015569589506760708,0,0,1.9486670084593694,14.128032914881468,PLEKHF1;CD81;ZDHHC5;ZDHHC7;TNF;PRKCZ;WDR24;IKBKB;ZFYVE27;TMEM88;BSG;INPP5K;FLOT2;TMED2;FLNA;RAB11FIP3;SPTBN1;RAB8A;PACSIN1;NHERF2;NHERF1;PPIL2;JUP;PTCH1;TTC7A;TNFRSF1A;EHD1;GAK;TSPAN15;CACNB3;EHD3;TSPAN14;PACS2;TSPAN18;MYADM;EZR;GAS6;EPHA2;ARF6
247,GO_Biological_Process_2026,Primary Neural Tube Formation (GO:0014020),0.0007281212747996043,0.015569589506760708,0,0,3.8445741515808582,27.777213321106625,VASP;TGFB1;SEMA4C;IFT122;MTHFR;TSC2;FUZ;SCRIB;CELSR1;SKI;DEAF1;DVL2;PLXNB2
249,GO_Biological_Process_2026,Tube Closure (GO:0060606),0.0007281212747996043,0.015569589506760708,0,0,3.8445741515808582,27.777213321106625,VASP;TGFB1;SEMA4C;IFT122;MTHFR;TSC2;FUZ;SCRIB;CELSR1;SKI;DEAF1;DVL2;PLXNB2
257,GO_Biological_Process_2026,Positive Regulation of Vasculature Development (GO:1904018),0.000741125526758926,0.015756098892529883,0,0,2.1417699480642116,15.436465385133717,CD40;ECM1;GRN;PDCD6;PIK3CD;CXCR4;EMC10;THBS1;PIK3R6;HK2;CXCR3;ZC3H12A;ITGAX;HMOX1;ZNF304;PLCG1;PAK4;NTRK1;TGFB1;JUP;PDPK1;NOS3;TIE1;RHOB;VEGFA;SP1;NINJ1;AGO2;PRKD2;EPHA1;RAPGEF3
263,GO_Biological_Process_2026,Regulation of Extrinsic Apoptotic Signaling Pathway in Absence of Ligand (GO:2001239),0.0007599268671421248,0.0157886320692218,0,0,4.139932945120875,29.734192189503116,MAPK7;PPP2R1B;UNC5B;IFI6;HTRA2;AKT1;KLF4;TNF;HSPA1B;MCL1;BCL2L1;HSPA1A
260,GO_Biological_Process_2026,Macroautophagy (GO:0016236),0.0007577580589692203,0.0157886320692218,0,0,1.7635083511016347,12.671065692085165,HDAC10;MTMR14;AUP1;TCIRG1;WDR45;PHB2;ZFYVE1;ZFYVE26;CTSK;CHMP1A;TOM1;ARFIP2;PIP4K2B;VPS39;UBXN6;VPS18;ATG9B;GAA;ATG9A;LIX1L;VPS37B;WIPI2;WDR81;HGS;PEX5;ULK3;CHMP4B;ATG4B;ULK1;PGAM5;CHMP7;VPS28;ATG4D;SNAP47;VCP;TEX264;SRC;CLEC16A;RNF213;DDRGK1;VPS11;STX4;VPS16;KLHL3;STING1;ATG16L1;ATG2A;PLEKHM1;ATP13A2;OGT;TECPR1
261,GO_Biological_Process_2026,Cellular Response to Hexose Stimulus (GO:0071331),0.0007599268671421248,0.0157886320692218,0,0,4.139932945120875,29.734192189503116,RPTOR;ERN1;UCP2;PRKACA;GAS6;ZNF236;SLC39A14;USF2;OGT;USF1;SLC26A6;PCK2
262,GO_Biological_Process_2026,Extracellular Matrix Disassembly (GO:0022617),0.0007599268671421248,0.0157886320692218,0,0,4.139932945120875,29.734192189503116,MMP11;MMP14;ADAM15;TMPRSS6;MMP15;CTSK;FURIN;ADAM8;CTSV;WASHC1;MMP9;ENG
259,GO_Biological_Process_2026,Negative Regulation of Immune System Process (GO:0002683),0.0007555461974455545,0.0157886320692218,0,0,2.810796314992428,20.20419962776352,LRRC14;GPR108;NFKBIL1;TSC22D3;DAB2IP;TNFAIP3;GPS2;NR1D1;FOXP3;HLA-G;TARBP2;SEC14L1;HMOX1;SMCR8;FADD;PDCD1;CACTIN;FCGR2B;TRIM32
258,GO_Biological_Process_2026,Positive Regulation of Phagocytosis (GO:0050766),0.000749258040427728,0.0157886320692218,0,0,2.6363315016549373,18.97216751719997,FCN1;CYBA;ABCA7;ARAP1;AZU1;CFP;IL2RG;C3;C4A;FCGR2A;LMAN2;IL2RB;MYO18A;PLCG2;SIRPA;NCKAP1L;CALR;PRKACA;DOCK2;GAS6;FCGR2B
264,GO_Biological_Process_2026,Diacylglycerol Metabolic Process (GO:0046339),0.0007649357241219284,0.015832726214372747,0,0,4.553510938602682,32.674713813281976,PGS1;PLA2G15;LIPE;DAGLA;DGAT2;DGAT1;DGKA;DGKQ;DAGLB;DGKZ;PNPLA2
265,GO_Biological_Process_2026,Regulation of Protein Import Into Nucleus (GO:0042306),0.0008150121136292922,0.016805794899461157,0,0,3.155251717497877,22.44112071185386,SMAD3;TGFB1;JUP;PRKCD;NFKBIA;MAVS;TRIM28;BAG3;HYAL2;ZC3H12A;AKT1;EP300;FLNA;HCLS1;DMAP1;ZPR1
266,GO_Biological_Process_2026,Negative Regulation of Response to External Stimulus (GO:0032102),0.0008251770116112243,0.016951670069990883,0,0,1.8300914615047297,12.993489490954312,RTN4R;MAPKBP1;PTPRS;MVK;FIGNL2;TNFAIP3;GPS2;GBA1;NLRC3;METRNL;DTX4;AURKB;ZDHHC18;MAPK7;PPP1R13L;DHX58;PIM1;SIRPA;NLRP3;TRIM65;EXTL3;SMAD3;DUSP3;TNFSF14;FEM1A;NFKBIL1;IL10RA;NR1H2;RNF26;PRKCD;NFATC1;NR1D1;KLF4;TNFRSF1A;SIGIRR;DDX39A;PROC;ELF4;EPPK1;PTPN6;PDCD1;TRIB1;CACTIN;CERS2;PPARD
267,GO_Biological_Process_2026,Proteasome-mediated Ubiquitin-Dependent Protein Catabolic Process (GO:0043161),0.0008675668784568093,0.017755986299759698,0,0,1.4758315610157653,10.4043438385747,CCNF;FBXO24;PSMD8;MAEA;KAT5;TRIM28;PSMD2;PSMD3;TRIM26;FBXW5;KCTD2;FBXO10;KCTD5;RNF126;CDC34;ARMC5;KCTD10;NHLRC1;RBCK1;KCTD17;RNF122;ANAPC2;CUL7;VCP;ANAPC15;PSMD11;KLHL17;UBR4;KLHL11;AGAP3;FBXO46;DTX4;FBXO44;FBXO41;KLHL25;KLHL26;UBE2C;KLHL21;FBXO31;NSFL1C;NPLOC4;UBXN11;RANBP10;LZTR1;RNF187;FBXL6;GSK3A;UBXN1;ARRB1;ARRB2;TNFAIP1;ANKRD9;TRIM3;CCIN;APC2;AXIN1;AXIN2;DDB1;ZNF598;RNF4;PSMB10;DNAJB2;PSMB4;FZR1;MTA1;RAB40B;RAB40C;HECTD3;TBX21;ZSWIM8;ASCC2;DCAF11;RFFL;DCAF12;FEM1A;FEM1B;AMFR;FBXL19;ADRM1;SYVN1;HUWE1;FBXL18;KLHL3;PEX10;FBXL16;PSMB8;PML;SPSB3;KBTBD4;SPSB1;PSMC3;PSMC4;KLHL6;TSPAN17;STUB1;BMAL1;ZNF574;ASB1
268,GO_Biological_Process_2026,Gland Development (GO:0048732),0.000874076163202898,0.01782270540954608,0,0,2.867433043903632,20.19344714758082,PHF2;CEBPA;WNT10A;NHERF1;RIPK3;CITED2;PRKCSH;TGFB3;MSN;LSR;GFER;WNT11;TG;FADD;EZR;CDK5RAP3;EPHB3;WNT4
269,GO_Biological_Process_2026,Peptidyl-tyrosine Modification (GO:0018212),0.0009163009278329302,0.018614483663568968,0,0,3.269123550401427,22.868061005351333,BLK;NTRK1;PDGFRB;CSF1R;SRC;FLT4;FGR;TPST2;ZAP70;ABI3;FES;ERBB2;PTK2B;PTPN6;FGFR4
5535,GO_Molecular_Function_2026,Transition Metal Ion Binding (GO:0046914),0.0007741077802754131,0.018700015398025665,0,0,1.44747369593432,10.369411256788764,ANKLE1;HDAC10;XYLT2;LOXL3;PLOD3;ZFYVE1;LOXL2;TRIM28;DHX58;PIM1;ZFPL1;PIAS4;ZNF282;ZBTB32;JMJD6;PLA2G15;SCO2;CDIP1;ADAM8;KMT2B;ITPR3;NDRG1;DPP3;ADAMTS13;PITRM1;S100A13;MORC2;PCK2;EGR1;ACE;APOBEC3F;SMAD3;APOBEC3G;PDE2A;ADA2;THAP11;RIOX1;TAB3;ACO2;CALR;ADA;PHF2;KDM5C;ECE1;CHD3;DBH;PHF8;TRIM8;ALAD;CSRP1;SMPD1;RNPEP;CHMP1A;TIMP2;TK1;HIF1AN;XXYLT1;CAD;MMP9;POMGNT1;SIRT3;TRAF7;MMP14;MMP15;POLR1A;MMP23B;MMP17;FAM20C;ARHGEF2;ITGB1BP2;SMPDL3A;B4GALT7;SHANK3;HDAC4;PDXK;GALT;PPM1M;ZBTB48;CRIP2;ZNF3;CXXC5;CRIP1;CZIB;RXRA;POLR2A;MGAT5B;GPC1;D2HGDH;MGAT1;MGAT2;CIZ1;AOC2;GALNT4;ZNF185;GALNT2;NOS3;MBD1;FBXL19;RNF26;PEX10;DOHH;KLF4;PML;PPP1CA;SKI;CD4;SCD;ATP13A2;ZACN;SEC24C
270,GO_Biological_Process_2026,Endomembrane System Organization (GO:0010256),0.0009454255637878361,0.019135273864857128,0,0,1.7105587786259542,11.912118198366327,PLEKHF1;LMNB2;RAB43;SEC61A1;SMPD4;TRAPPC12;MYO18A;TMED2;RAB8A;PLEKHJ1;VPS18;COG8;TMED9;TANGO2;COG1;CSNK1D;LEMD2;DNM1;GAK;CTDNEP1;GORASP1;SPTBN5;CUL7;RAB1B;UBR4;HTT;SNX33;CDC42;SYNGR1;TMEM201;VPS51;FHIP1B;LMNA;VPS11;SEC31B;SPTBN1;PHETA2;ATP8B3;TOR1A;NHERF1;DMPK;ATP8B2;SEC16A;RNF26;SURF4;AP3D1;HUWE1;PHETA1;TJAP1;NSFL1C;NPLOC4;HOOK2;REEP4;REEP6
271,GO_Biological_Process_2026,Regulation of Catabolic Process (GO:0009894),0.0009630410125810939,0.01942014688973272,0,0,2.2378662420382165,15.54290877792687,MTCL2;ZDHHC7;FURIN;WDR24;HDAC6;RPTOR;LAMP3;WDR91;PSAP;EP300;GPR137;KAT8;PIP4K2B;PIP4K2C;DCAF12;RAB8A;BOK;OSBPL7;DAPK3;TPCN2;RMC1;DDB1;HGS;ULK3;SMCR8;TRIB3;ULK1
5536,GO_Molecular_Function_2026,Ubiquitin Protein Ligase Activity (GO:0061630),0.0008203653029534219,0.019436347177665687,0,0,1.5732133973568663,11.178878129092071,TRIM73;TRIM74;UBE3B;PRPF19;IRF2BPL;TRIM8;TRIM28;TRIM3;TRIM68;TRIM25;TRIM26;TRIM65;VPS18;RNF44;TRIM62;RING1;DTX3L;NOSIP;TRAF2;RNF40;RNF41;TRAIP;PJA1;RNF144A;RNF123;RNF167;ARK2C;TRAF7;RNF126;TRIM58;NHLRC1;ZNF598;RNF122;TRIM11;RNF166;CUL9;RNF31;MGRN1;PELI3;UBR4;DTX2;DTX3;DCST1;DTX4;RNF4;WDR24;FBXO44;CDC42;NEURL1B;RNF213;TMEM129;VPS11;RFFL;PPIL2;TRIM41;UBE2C;RNF25;AMFR;RNF26;IRF2BP1;HUWE1;MIB2;SYVN1;PEX10;UBOX5;NEURL4;RNF227;TRIM39;MKRN2;TRIM35;UBE2O;STUB1;TRIM32;RNF220;ASB1
272,GO_Biological_Process_2026,Regulation of ERK1 and ERK2 Cascade (GO:0070372),0.0009674620316300595,0.019437836056743134,0,0,1.7181459407216495,11.925366411135292,ARHGAP8;PSCA;FLT4;CIB1;ARRB1;ARRB2;PHB2;TNF;CRKL;ICAM1;FLCN;DUSP10;SIRPA;EMILIN1;LGALS9;DUSP4;PDGFRB;DUSP3;MIF;DUSP7;TRAF7;CEACAM1;PRKD2;EZR;GAS6;EPHA2;NOTCH2;CSF1R;NDRG4;SEMA7A;NOTCH1;RGS14;NOD2;PRKCZ;AGER;ERBB2;PTK2B;TNFRSF14;MAP2K7;MAPK3;NTRK1;CD74;TGFB1;NHERF1;CARD9;DAB2IP;ABCA7;VEGFA;TNIP1;PIN1;ACKR3;PTPN6;FGFR4
6799,GO_Cellular_Component_2026,Nuclear Outer Membrane (GO:0005640),0.00356050525949118,0.019732920715252324,0,0,4.729022344257753,26.661531946957933,ITPRIP;SMPD4;RETSAT;ITPR3;DHCR7;LTC4S;SYNE3;EMD
6798,GO_Cellular_Component_2026,Ino80 Complex (GO:0031011),0.00356050525949118,0.019732920715252324,0,0,4.729022344257753,26.661531946957933,TFPT;INO80E;ACTR5;MCRS1;RUVBL2;RUVBL1;YY1AP1;NFRKB
273,GO_Biological_Process_2026,Negative Regulation of Protein-Containing Complex Assembly (GO:0031333),0.0009919043935242263,0.019783983994474112,0,0,2.5586831763458298,17.69555561259801,HSPA8;THRA;SRC;TMC8;TFIP11;NLRC3;PRKCZ;SORL1;HDAC6;CDC42;ZNFX1;ABHD17A;CPTP;PEX5;HSF1;EP300;ULK1;TRIM65;NOP53;OGT;TRIM11
274,GO_Biological_Process_2026,Positive Regulation of Protein Kinase Activity (GO:0045860),0.0009919043935242263,0.019783983994474112,0,0,2.5586831763458298,17.69555561259801,MAP2K3;CSF1R;CDKN1A;MAP2K2;RIPK3;STRADA;AGAP2;CIB1;SRCIN1;MTOR;LILRA5;STK11;RASSF2;MRNIP;TRAF4;DOK7;PTK2B;UNC119;LCP2;GAS6;LAT
276,GO_Biological_Process_2026,Negative Regulation of Insulin Receptor Signaling Pathway (GO:0046627),0.0010193441564867298,0.02018448627555853,0,0,3.4098333419863973,23.488963782629526,CUL7;GSK3A;IRS1;PRKCD;PRKCZ;MTOR;PTPRE;SOCS1;INPP5K;PIP4K2B;TRIB3;PIP4K2C;TNS2;SLC27A4
275,GO_Biological_Process_2026,Apoptotic Mitochondrial Changes (GO:0008637),0.0010193441564867298,0.02018448627555853,0,0,3.4098333419863973,23.488963782629526,BIK;NAIF1;CCAR2;HK2;BBC3;TIMM50;AIFM2;CASP2;BAX;BAK1;BCL2L2;BOK;MCL1;BCL2L1
277,GO_Biological_Process_2026,"Base-excision Repair, Gap-Filling (GO:0006287)",0.0010344591862074509,0.020264316558385245,0,0,6.62119555633927,45.51328063085916,LIG1;PNKP;POLD1;LIG3;POLL;NEIL1;POLE;POLG
278,GO_Biological_Process_2026,Positive Regulation of Type I Interferon-Mediated Signaling Pathway (GO:0060340),0.0010344591862074509,0.020264316558385245,0,0,6.62119555633927,45.51328063085916,ZBP1;MAVS;TRIM41;STING1;NLRC5;FADD;IKBKE;RNF220
279,GO_Biological_Process_2026,Regulation of T-helper 17 Cell Lineage Commitment (GO:2000328),0.0010344591862074509,0.020264316558385245,0,0,6.62119555633927,45.51328063085916,STAT5A;BRD2;TBX21;LOXL3;EP300;IL12RB1;JAK3;BRD4
5537,GO_Molecular_Function_2026,Signaling Receptor Complex Adaptor Activity (GO:0030159),0.000874076163202898,0.020318147793697554,0,0,2.867433043903632,20.19344714758082,RGS14;IRS1;SHC1;SPATA2;CD3E;FRS3;MAPK8IP3;DEDD2;DOK2;DLG4;DLG5;NCK2;LDLRAP1;SHANK3;SH2B3;SH2B2;LAT;SH2B1
280,GO_Biological_Process_2026,GDP-mannose Metabolic Process (GO:0019673),0.0010608812395853017,0.020561602823764593,0,0,12.411951348492861,85.00517710789754,GMPPB;PMM1;GMPPA;MPI;GFUS;HK1
281,GO_Biological_Process_2026,Megakaryocyte Development (GO:0035855),0.0010608812395853017,0.020561602823764593,0,0,12.411951348492861,85.00517710789754,MPIG6B;FLNA;GP1BA;GP5;SH2B3;ZNF385A
282,GO_Biological_Process_2026,Porphyrin-containing Compound Metabolic Process (GO:0006778),0.0010608812395853017,0.020561602823764593,0,0,12.411951348492861,85.00517710789754,HPX;SLC46A1;ABCB6;UROD;RSAD1;PPOX
284,GO_Biological_Process_2026,Regulation of Plasma Membrane Bounded Cell Projection Assembly (GO:0120032),0.0010814406543107609,0.020812989434717627,0,0,2.302008410957827,15.721477096109595,TBC1D9B;TWF2;WAS;CDC42;TRPM2;PODXL;TBC1D10C;TBC1D13;TBC1D17;RAB11FIP3;TBC1D10A;TBC1D22B;TBC1D10B;PPP1R16B;DMTN;IFT140;ODF2;FUZ;RAB11B;TBC1D2;TBC1D3;SGSM3;FSCN1;ARF6;EPHA2
283,GO_Biological_Process_2026,Myeloid Leukocyte Differentiation (GO:0002573),0.0010814406543107609,0.020812989434717627,0,0,2.302008410957827,15.721477096109595,CEBPA;CSF1R;SPI1;CLPB;CSF1;PDE1B;SRC;PIK3CD;IL20RB;SLC4A2;CDC42;SBNO2;RXRA;SOCS1;UCP2;LGALS9;PDE2A;LIF;THOC5;CBFA2T3;MMP9;VEGFA;CD4;MYH9;EPHA2
286,GO_Biological_Process_2026,Positive Regulation of Response to Endoplasmic Reticulum Stress (GO:1905898),0.0011182488396979883,0.021297204464387036,0,0,3.588116248970467,24.384807002484422,BCAP31;SGTA;SHISA5;BBC3;HERPUD1;BAG6;ERN1;BCL2L11;TMEM259;NCK2;STUB1;FCGR2B;BOK
285,GO_Biological_Process_2026,Neural Tube Closure (GO:0001843),0.0011182488396979883,0.021297204464387036,0,0,3.588116248970467,24.384807002484422,VASP;TGFB1;SEMA4C;IFT122;MTHFR;TSC2;FUZ;SCRIB;CELSR1;SKI;DEAF1;DVL2;PLXNB2
287,GO_Biological_Process_2026,Type I Interferon-Mediated Signaling Pathway (GO:0060337),0.0011182488396979883,0.021297204464387036,0,0,3.588116248970467,24.384807002484422,HDAC4;IFITM1;STAT2;TYK2;MAVS;IRAK1;OAS1;OAS2;OAS3;TBKBP1;IKBKE;TRIM65;MYD88
288,GO_Biological_Process_2026,Positive Regulation of Endocytosis (GO:0045807),0.0011460586534540714,0.02175132081036533,0,0,2.2445677811191698,15.19892571141319,CD151;LRP1;IL2RG;DLL1;C3;CDC42;SMPD1;LMAN2;ANKFY1;SIRPA;LDLRAP1;PRKACA;TOR1A;CYBA;ABCA7;ARAP1;AZU1;FCGR2A;CALY;IL2RB;PPT1;CALR;DOCK2;GAS6;FCGR2B;VPS28
289,GO_Biological_Process_2026,Negative Regulation of Tumor Necrosis Factor Production (GO:0032720),0.001155372953092491,0.021852484992111426,0,0,3.0117027595395953,20.36914590112568,NFKBIL1;TNFAIP3;NLRC3;THBS1;LILRA4;VSIR;MC1R;ELF4;ZC3H12A;RARA;SIRPA;BPI;PTPN6;LGALS9;CACTIN;GAS6
290,GO_Biological_Process_2026,Protein Complex Oligomerization (GO:0051259),0.0011854513669549678,0.022344332466487968,0,0,1.9608601336985463,13.211553350062449,SHMT2;KCNC3;ELAVL1;BEST1;SLC9A1;ALAD;NLRP6;MAT2A;NACC2;ZC3H12A;LRRC8C;ZNF746;NLRP3;LRRC8D;LRRC8A;TGM2;BOK;GSDMD;CPSF7;FKRP;TMEM120A;TWNK;CARD9;DNM1;JMJD6;EHD1;LETM1;OXA1L;EHD3;MAVS;OAS1;STING1;NINJ1;PEX5;TSPYL5
6800,GO_Cellular_Component_2026,Oxoglutarate Dehydrogenase Complex (GO:0045252),0.004133640467647957,0.02237028958962424,0,0,10.341469862530843,56.76015830285624,BCKDK;KAT2A;ABHD11;OGDH;DLST
6801,GO_Cellular_Component_2026,Pseudopodium (GO:0031143),0.004133640467647957,0.02237028958962424,0,0,10.341469862530843,56.76015830285624,ACTN3;ACTN1;CAPN2;MSN;ACTN4
291,GO_Biological_Process_2026,Positive Regulation of TOR Signaling (GO:0032008),0.001202998958667124,0.022443573523859252,0,0,2.1938928437617085,14.749404925766697,OTUD5;SRC;CLEC16A;WDR24;RPTOR;FLCN;HTR6;PIP4P1;MAT2A;MLST8;PIM1;AKT1;EP300;GPR137;NCKAP1L;ATP6AP1;PRMT1;PIH1D1;RNF167;RRAGA;SMCR8;ATP6V0D1;GAS6;ATP6V0C;OGT;ARF5;OTUB1
294,GO_Biological_Process_2026,Regulation of Viral Entry Into Host Cell (GO:0046596),0.001207083717326979,0.022443573523859252,0,0,5.32108843537415,35.75530904429705,TRIM62;SMPD1;BSG;TRIM25;FURIN;ACP2;LGALS9;P4HB;TRIM11
292,GO_Biological_Process_2026,Cellular Response to Topologically Incorrect Protein (GO:0035967),0.0012037216157759914,0.022443573523859252,0,0,3.8213136783809096,25.688158997374504,ERN1;VCP;DAXX;BAG3;HSF1;DAB2IP;DNAJB12;BAX;STUB1;BAK1;HDAC6;HSPA1A
293,GO_Biological_Process_2026,Innate Immune Response in Mucosa (GO:0002227),0.001207083717326979,0.022443573523859252,0,0,5.32108843537415,35.75530904429705,H2BC9;H2BC12;H2BC26;H2BC5;H2BC21;H2BC3;H2BC10;H2BC17;H2BC18
5538,GO_Molecular_Function_2026,Phosphatase Binding (GO:0019902),0.0009966129190256843,0.02273753918962302,0,0,1.96398891966759,13.573418308455517,VCP;CSRNP2;ELL;FLT4;MVP;PXN;MTMR4;PTPA;PPP3R1;HSF4;SIRPA;STAT6;KCNN4;MAP2K7;IKBKE;JAK3;MAPK3;NHERF2;SMAD3;NHERF1;JUP;FCRL6;PVRIG;SIGLEC10;TSC2;NFATC2;TRAF2;GTF2F1;VRK3;PPP1R3F;CEACAM1;DLG4;LCK;CRY2;SFI1;SAXO4
296,GO_Biological_Process_2026,Leukocyte Adhesion to Vascular Endothelial Cell (GO:0061756),0.0012617261690335056,0.0229919203891986,0,0,4.139378969654199,27.631490965400086,CX3CR1;SPN;ITGAM;SELPLG;PODXL2;GPR35;ITGB2;ITGB7;TNF;ADD2;ICAM1
297,GO_Biological_Process_2026,Myeloid Cell Development (GO:0061515),0.0012617261690335056,0.0229919203891986,0,0,4.139378969654199,27.631490965400086,CEBPB;NRROS;DMTN;MPIG6B;ATP6AP1;FLNA;NCKAP1L;GP1BA;SH2B3;GP5;ZNF385A
300,GO_Biological_Process_2026,Regulation of T Cell Cytokine Production (GO:0002724),0.0012617261690335056,0.0229919203891986,0,0,4.139378969654199,27.631490965400086,FZD5;CD7;SECTM1;TRAF2;TNFRSF14;HLA-A;HLA-F;TNFRSF1B;FOXP3;CCR2;TRPM4
299,GO_Biological_Process_2026,Photoperiodism (GO:0009648),0.0012617261690335056,0.0229919203891986,0,0,4.139378969654199,27.631490965400086,RBM4;PER1;MTA1;CRTC1;USP2;BHLHE40;CRY2;PDE6B;SIK1;PML;PPP1CA
295,GO_Biological_Process_2026,Collagen Catabolic Process (GO:0030574),0.0012617261690335056,0.0229919203891986,0,0,4.139378969654199,27.631490965400086,MMP11;MMP25;MMP14;TMPRSS6;MMP15;CTSK;MMP23B;MMP17;FURIN;MMP9;CTSB
298,GO_Biological_Process_2026,Negative Regulation of Receptor Signaling Pathway via JAK-STAT (GO:0046426),0.0012617261690335056,0.0229919203891986,0,0,4.139378969654199,27.631490965400086,PIAS4;PIAS3;SOCS3;SOCS1;CISH;HGS;BCL3;NF2;ADIPOR1;IL2RG;SH2B3
301,GO_Biological_Process_2026,Renal Absorption (GO:0070293),0.0012719918792760303,0.0231022366153279,0,0,4.598890652868427,30.661591304942554,AMN;GSN;NHERF1;HYAL2;KCNQ1;WNK4;KLHL3;MAGED2;SLC5A2;SGK1
303,GO_Biological_Process_2026,Response to Insulin (GO:0032868),0.0012855206594086055,0.023194344792290135,0,0,2.3125038554068227,15.393393415765713,HDAC5;GSK3A;IRS1;PDPK1;SLC2A1;SLC39A14;PRKCZ;MTOR;USF1;KHK;ZFP36L1;CEACAM1;PKM;CAPN10;AKT2;AKT1;INPP5K;TRIB3;ZBTB7B;LPIN1;OGT;RAB8A;LPIN3;PCK2
302,GO_Biological_Process_2026,Positive Regulation of Apoptotic Signaling Pathway (GO:2001235),0.0012855206594086055,0.023194344792290135,0,0,2.3125038554068227,15.393393415765713,BCAP31;NHERF1;TNFRSF12A;TNFSF14;DAB2IP;FASLG;TRAF2;SEPTIN4;TNF;PML;BBC3;DEDD2;TRAF7;BCL2L11;TRIM39;LCK;SP1;HYAL2;BAX;TAF6;FADD;LTBR;BOK;TP73
305,GO_Biological_Process_2026,Regulation of Ubiquitin-Dependent Protein Catabolic Process (GO:2000058),0.0012990610950522998,0.02328545786392766,0,0,2.485471898197243,16.51872836140074,BCAP31;DESI1;USP5;PLK1;SGTA;ARAF;AXIN1;LAPTM5;MTOR;PML;HERPUD1;TRAF7;TRIM39;DMWD;ZNF418;PTK2B;IKBKG;CCDC22;QRICH2;UBQLN4;CDK5RAP3
304,GO_Biological_Process_2026,Regulation of Cytokine Production Involved in Inflammatory Response (GO:1900015),0.0012990610950522998,0.02328545786392766,0,0,2.485471898197243,16.51872836140074,CHID1;CARD9;NLRC3;NOD2;TICAM1;TNF;ADCY7;RELA;IL17RA;IKBKB;NFKBIA;PER1;ZFP36;IL17REL;CD6;ZC3H12A;SIRPA;HMOX1;ABCD1;EXTL3;MYD88
5539,GO_Molecular_Function_2026,K48-linked Polyubiquitin Modification-Dependent Protein Binding (GO:0036435),0.0010608812395853017,0.023339387270876637,0,0,12.411951348492861,85.00517710789754,RNF31;VCP;UBXN1;MINDY1;IKBKE;UBQLN4
5540,GO_Molecular_Function_2026,RNA Polymerase Inhibitor Activity (GO:0140870),0.0010608812395853017,0.023339387270876637,0,0,12.411951348492861,85.00517710789754,UVSSA;SUPT4H1;NELFB;NELFA;SUPT5H;NELFE
308,GO_Biological_Process_2026,Regulation of Endothelial Cell Apoptotic Process (GO:2000351),0.0013171626320871578,0.02338070238510699,0,0,3.1055349576271185,20.59676303208945,NGFR;CD40;TGFB1;PDPK1;TNFAIP3;FASLG;THBS1;TNF;HLA-G;ICAM1;MAPK7;RGCC;PLCG1;GAS6;PAK4
307,GO_Biological_Process_2026,Negative Regulation of Catalytic Activity (GO:0043086),0.0013171626320871578,0.02338070238510699,0,0,3.1055349576271185,20.59676303208945,NOTCH1;DTX3L;NPRL2;NOSIP;XRCC1;CCAR2;GNAI2;PRDX3;GRM2;OXA1L;ZFP36;LTB4R2;TMBIM1;APBA3;CCR2
306,GO_Biological_Process_2026,Extrinsic Apoptotic Signaling Pathway via Death Domain Receptors (GO:0008625),0.0013171626320871578,0.02338070238510699,0,0,3.1055349576271185,20.59676303208945,MOAP1;DAXX;SPI1;DDX47;DIABLO;DAB2IP;FASLG;TRAF2;TNF;DEDD2;TNFRSF1A;BAG3;BAX;FADD;DEDD
309,GO_Biological_Process_2026,Neuron Projection Development (GO:0031175),0.0013355241455772764,0.023630161091907617,0,0,1.7063286677213014,11.293219311273031,PTPRU;BTG2;CNTNAP1;STMN3;GBA1;PQBP1;PPP1R9B;SAMD14;ZFYVE27;EPHB3;DBNL;UNC5A;MAP1S;PRMT1;MINK1;BHLHA15;MAPK8IP3;DNM2;CTTN;GPRIN1;ULK1;SGK1;PPP1R12C;SHANK3;GAS7;TNXB;AGER;CAMSAP1;CDC42;BLOC1S3;MICALL1;MICALL2;CDH23;PLXNA1;NCKAP1L;NCDN;MARK2;PACSIN1;PLXNA3;NTRK1;TOR1A;WHRN;DAB2IP;WNT7A;BAIAP2;EHD1;DLG4;PLXNB1;ZNF335;CDK16;ZPR1
316,GO_Biological_Process_2026,GDP-mannose Biosynthetic Process (GO:0009298),0.0014082231825202204,0.0238398276423562,0,0,20.68382093761015,135.79810659100818,GMPPB;PMM1;GMPPA;MPI;HK1
315,GO_Biological_Process_2026,Response to Cytokine (GO:0034097),0.0013957969203404182,0.0238398276423562,0,0,1.8429587594333117,12.116144896115813,HDAC4;CSF1R;IFITM1;CIITA;SLC22A5;SHMT2;SRC;SRF;CXCR4;ADAR;PSMB10;RELA;CYP27B1;TMEM102;PSMB4;IRAK1;KHSRP;LAMP3;SMPD1;TIMP2;LGALS9;MAP2K7;LDLRAP1;IKBKE;JAK3;MCL1;CD74;DDOST;PML;PSMB8;TLE5;CDK9;MAPKAPK3;DNAJA3;MAPKAPK2;HCLS1;SHFL;TRIM32;MYD88;BCL2L1
320,GO_Biological_Process_2026,Response to Bile Acid (GO:1903412),0.0014082231825202204,0.0238398276423562,0,0,20.68382093761015,135.79810659100818,ALAS1;VDR;DGKQ;GPBAR1;FGFR4
321,GO_Biological_Process_2026,Signal Complex Assembly (GO:0007172),0.0014082231825202204,0.0238398276423562,0,0,20.68382093761015,135.79810659100818,SRC;PXN;NCK2;CD3E;MAPK8IP2
310,GO_Biological_Process_2026,Antiviral Innate Immune Response (GO:0140374),0.0013642750456191433,0.0238398276423562,0,0,2.25186862705895,14.855874790007388,CLPB;PHB2;TNF;RELA;AKAP1;NLRP6;DHX58;DHX16;TRIM25;TRIM65;UBL7;ZBP1;APOBEC3F;APOBEC3G;USP20;TMEM120A;ZDHHC11;ATAD3A;ZDHHC11B;DUS2;MAVS;OAS1;STING1;OAS2;OAS3
314,GO_Biological_Process_2026,Regulation of Myoblast Differentiation (GO:0045661),0.0013882171428425294,0.0238398276423562,0,0,2.8160791239844576,18.52905433588471,SMARCD1;SMARCD2;SMARCB1;SMARCC2;NOTCH1;SMARCD3;TGFB1;ARID1A;DLL1;ACTB;ZFP36L1;SMARCA4;XKR8;KAT5;FLOT2;LRRC8A;HIF1AN
323,GO_Biological_Process_2026,Transcription Pausing by RNA Polymerase II (GO:0160239),0.0014082231825202204,0.0238398276423562,0,0,20.68382093761015,135.79810659100818,SUPT4H1;NELFB;NELFA;SUPT5H;NELFE
318,GO_Biological_Process_2026,Regulation of Microvillus Organization (GO:0032530),0.0014082231825202204,0.0238398276423562,0,0,20.68382093761015,135.79810659100818,PODXL;CDHR2;FSCN1;TWF2;CDHR5
313,GO_Biological_Process_2026,Negative Regulation of Response to Biotic Stimulus (GO:0002832),0.0013882171428425294,0.0238398276423562,0,0,2.8160791239844576,18.52905433588471,MAPKBP1;SMAD3;NFKBIL1;RNF26;TNFAIP3;NLRC3;DTX4;AURKB;SIGIRR;ZDHHC18;DDX39A;DHX58;PIM1;SIRPA;PTPN6;CACTIN;TRIB1
317,GO_Biological_Process_2026,Negative Regulation of Toll-Like Receptor 9 Signaling Pathway (GO:0034164),0.0014082231825202204,0.0238398276423562,0,0,20.68382093761015,135.79810659100818,PTPRS;PPT1;GRAMD4;LILRA4;PLD3
312,GO_Biological_Process_2026,Phosphatidylinositol Biosynthetic Process (GO:0006661),0.001370970617095397,0.0238398276423562,0,0,2.623186101295642,17.29266266580238,VAC14;MTMR14;MBOAT7;INPPL1;PLEKHA4;MTMR4;INPP4A;PITPNM1;PITPNM3;INPP5D;PITPNM2;INPP5E;PLCG2;PI4KA;INPP5K;PIP5K1C;PI4KB;SBF1;CDIPT
311,GO_Biological_Process_2026,Negative Regulation of TOR Signaling (GO:0032007),0.0013642750456191433,0.0238398276423562,0,0,2.25186862705895,14.855874790007388,GSK3A;PDCD6;NPRL2;NPRL3;WDR24;FLCN;PREX1;STK11;TMEM127;RPS6KA1;PRKACA;MAPK3;SZT2;KICS2;AXIN1;TSC2;ITFG2;RNF167;CASTOR2;AKT1S1;DDIT4;MAPKAPK5;DEPDC5;KPTN;BMAL1
322,GO_Biological_Process_2026,Synapse Pruning (GO:0098883),0.0014082231825202204,0.0238398276423562,0,0,20.68382093761015,135.79810659100818,C3;CX3CR1;XKR8;ADGRG1;ITGAM
319,GO_Biological_Process_2026,Regulation of Vitamin D Receptor Signaling Pathway (GO:0070562),0.0014082231825202204,0.0238398276423562,0,0,20.68382093761015,135.79810659100818,KANK2;CYP27B1;MN1;RXRA;VDR
324,GO_Biological_Process_2026,Glucose Mediated Signaling Pathway (GO:0010255),0.0014389166497007532,0.024135956647121197,0,0,inf,inf,MLXIPL;AGER;USF2;USF1
326,GO_Biological_Process_2026,Osteoblast Development (GO:0002076),0.0014389166497007532,0.024135956647121197,0,0,inf,inf,ACHE;CLEC5A;LIMD1;MEN1
325,GO_Biological_Process_2026,Hexose Mediated Signaling (GO:0009757),0.0014389166497007532,0.024135956647121197,0,0,inf,inf,MLXIPL;AGER;USF2;USF1
6802,GO_Cellular_Component_2026,Vacuolar Membrane (GO:0005774),0.004601582051802984,0.02461311330034154,0,0,2.0709865629420086,11.144714123872353,SLC36A1;SNAP47;ABCB6;ENTPD4;TEX264;NPRL2;ATG9A;TCIRG1;WIPI2;WDR24;WDR81;ATG16L1;VMA22;CHMP1A;RAB24;ATG4B;CHMP4B;ULK1;STX4;ATP6V0D1;CHMP7;YKT6;TECPR1
329,GO_Biological_Process_2026,Protein Modification by Small Protein Conjugation (GO:0032446),0.001497487811458852,0.024890062563187283,0,0,1.511869651086241,9.833149362357098,MOCS3;CCNF;ARRB1;FBXO24;ARRB2;TNFAIP1;ANKRD9;TRIM28;ZMIZ1;ZMIZ2;CDK5RAP3;PIAS4;VPS18;PIAS3;RNF44;FBXW5;USP5;DTX3L;ARRDC1;EIPR1;FBXO10;RANGAP1;TRAIP;PJA1;DDB1;RNF144A;TRAF7;RNF126;CDC34;KCTD10;SDE2;ZNF598;STX1A;TRIM11;CUL9;HDAC4;CUL7;VCP;UBA7;DCUN1D3;GPS1;COPS7A;DTX2;DTX3;DTX4;RHOBTB2;HDAC7;CAND2;DCAF15;RNF213;RAB40B;OS9;DDRGK1;TMEM129;UBC;VPS11;ZSWIM8;TRPM4;EGR2;CBX4;KLHL25;UBE2C;RNF25;RNF26;MIB2;SYVN1;KLHL21;KLHL3;PML;SPSB1;RNF227;UVSSA;MKRN2;UBA1;STUB1;LZTR1;TRIM32;RNF220;ASB1
328,GO_Biological_Process_2026,Regulation of TOR Signaling (GO:0032006),0.0014929643414771515,0.024890062563187283,0,0,2.151610730034297,14.000513042585506,GSK3A;PDCD6;ARAF;GBA1;WDR24;RPTOR;FLCN;PREX1;HTR6;TMEM127;RPS6KA1;MLST8;RFFL;PIH1D1;TSC2;CTNS;ITFG2;TTI1;RRAGA;DGKQ;AKT1S1;DDIT4;MAPKAPK5;SMCR8;GAS6;BMAL1;ARF5
327,GO_Biological_Process_2026,Negative Regulation of Cellular Response to Insulin Stimulus (GO:1900077),0.0014899321651282516,0.024890062563187283,0,0,3.22026086103756,20.960757442495982,CUL7;GSK3A;IRS1;PRKCD;PRKCZ;MTOR;PTPRE;SOCS1;INPP5K;PIP4K2B;TRIB3;PIP4K2C;TNS2;SLC27A4
330,GO_Biological_Process_2026,Positive Regulation of Transport (GO:0051050),0.0015348249788870335,0.025433580088203556,0,0,2.510348225138824,16.26539696972571,DYNC1H1;GSK3A;CEBPB;CD151;NUMA1;LRP1;SPAG5;HIP1R;PLD4;TNF;DYNLL2;DLL1;ACTB;PLD3;CALY;SMPD1;INPP5K;BAK1;SGK2;BOK
331,GO_Biological_Process_2026,Cellular Response to Starvation (GO:0009267),0.0015953389384126475,0.0261287720022092,0,0,1.795559164504041,11.564602364746275,SNAP47;RIPOR1;CDKN1A;EHMT2;NPRL2;SUV39H1;NPRL3;CLEC16A;WDR45;ZFYVE1;WDR24;RPTOR;FLCN;STK11;NUAK2;KAT5;ZC3H12A;STX4;HNRNPA1;GCN1;MAPK3;PAK4;KLF10;HSPA8;SREBF1;SZT2;KICS2;AXIN1;TFEB;TSC2;BHLHA15;WIPI2;ITFG2;SREBF2;MTOR;RRAGA;TBL2;MYBBP1A;PICK1;DEPDC5;KPTN;TRIM32
332,GO_Biological_Process_2026,Negative Regulation of Tumor Necrosis Factor Superfamily Cytokine Production (GO:1903556),0.001608328600158733,0.0261287720022092,0,0,2.8806363196646423,18.52986531849724,NFKBIL1;TNFAIP3;NLRC3;THBS1;VSIR;LILRA4;MC1R;ELF4;ZC3H12A;RARA;SIRPA;BPI;PTPN6;LGALS9;CACTIN;GAS6
333,GO_Biological_Process_2026,Positive Regulation of Lymphocyte Differentiation (GO:0045621),0.001608328600158733,0.0261287720022092,0,0,2.8806363196646423,18.52986531849724,SMARCD1;SMARCD2;SMARCB1;SMARCD3;SPI1;SMARCC2;IL2RG;ARID1A;ACTB;SMARCA4;ZAP70;MMP14;ZMIZ1;INPP5D;NCKAP1L;GAS6
334,GO_Biological_Process_2026,Response to Hydrogen Peroxide (GO:0042542),0.001608328600158733,0.0261287720022092,0,0,2.8806363196646423,18.52986531849724,GPX1;RIPK3;ZNF580;PRKCD;TNFAIP3;HDAC6;RELA;MAPK13;RHOB;PRDX3;TRPM2;MAPK7;PPIF;HMOX1;SIRPA;ANKZF1
336,GO_Biological_Process_2026,Regulation of Insulin Receptor Signaling Pathway (GO:0046626),0.00160851726306768,0.0261287720022092,0,0,2.6623892800363387,17.12566590038387,GSK3A;CUL7;IRS1;PRKCD;TSC2;PRKCZ;SORL1;MTOR;PTPRE;SOCS1;INPP5K;PIP4K2B;TRIB3;PIP4K2C;ZBTB7B;OGT;TNS2;SLC27A4
335,GO_Biological_Process_2026,Positive Regulation of Innate Immune Response (GO:0045089),0.00160851726306768,0.0261287720022092,0,0,2.6623892800363387,17.12566590038387,ZBP1;TRIM62;SPI1;TRIM41;ZDHHC5;NLRC5;SH2D1B;CFP;RASGRP4;HLA-E;MAVS;KAT5;STING1;TLR8;ADAM8;FADD;IKBKE;RNF220
337,GO_Biological_Process_2026,Regulation of Cell Growth (GO:0001558),0.0016101230513667656,0.0261287720022092,0,0,1.659591111111111,10.673568411720256,OGFR;PRR5;CDKN1A;CIB1;CCAR2;PPP1R9B;ZC3H12D;RPTOR;STK11;HYAL2;RPS6KA1;MLST8;AKT1;TSPYL2;ARHGEF11;CISH;ATAD3A;IL17RA;CREB3;CEACAM1;MMP14;PSRC1;ADAM15;HDGFL2;DCUN1D3;BRAT1;NAIF1;LTBP4;PRDM11;RASGRP2;CDC42;DNAJB2;CYP27B1;SERTAD3;ERBB2;EXOSC2;PAK4;EGLN2;SMAD3;TGFB1;EPHX2;OSGIN1;MTOR;PML;SMARCA4;TAOK2;PPT1;ARMC12;TRIM32;BAP1;HSPA1B;SIPA1;HSPA1A;EIF4G1
339,GO_Biological_Process_2026,Regulation of Cell Motility (GO:2000145),0.0016655407380359363,0.026598284388441966,0,0,1.9796325614710228,12.66490804582649,CSF1R;LAMA5;PLXND1;LDB1;WAS;AMOT;ADGRG3;AKT2;SPOCK2;LMNA;PLXNA2;MGAT3;AKT1;PLXNA1;FLNA;PLXNA3;PLEKHG3;TGFB1;RCC2;DAPK3;MINK1;SRCIN1;RHOB;CEACAM1;FES;ABI3;TMSB15B;PIN1;PLXNB2;PLXNB1;PKN1;TRIM32
340,GO_Biological_Process_2026,Actin Filament Depolymerization (GO:0030042),0.001666911683463495,0.026598284388441966,0,0,7.240964386459803,46.31887539960681,GSN;WDR1;MICAL1;CFL1;MICAL3;TWF2;MICAL2
341,GO_Biological_Process_2026,Negative Regulation of Interleukin-6 Production (GO:0032715),0.001668151290724528,0.026598284388441966,0,0,3.363715584186375,21.514456994073495,TNFAIP3;FOXJ1;ARRB1;GBA1;NLRC3;TNF;ELF4;ZC3H12A;SIRPA;NCKAP1L;BPI;PTPN6;GAS6
342,GO_Biological_Process_2026,Organelle Fusion (GO:0048284),0.001668151290724528,0.026598284388441966,0,0,3.363715584186375,21.514456994073495,TRABD;VPS18;MIGA2;CIDEB;MIEF2;SIRT3;VPS11;MFN2;BAX;STX4;VPS39;MCL1;PNPLA2
338,GO_Biological_Process_2026,Regulation of Anatomical Structure Morphogenesis (GO:0022603),0.0016655407380359363,0.026598284388441966,0,0,1.9796325614710228,12.66490804582649,CRB2;BRSK2;RNH1;PLXND1;FLT4;TNFAIP3;DLL1;LFNG;ADGRA2;CFL1;ERBB2;HMOX1;KIF1A;MARK2;EPHB3;LZTS3;BCL9L;EGLN1;TGFB1;SEMA4D;STAT2;VASH1;SRCIN1;ARHGAP33;CEACAM1;INF2;ABI3;SARM1;NSMF;SHANK3;RAPGEF3;EPHA2
343,GO_Biological_Process_2026,Response to Steroid Hormone (GO:0048545),0.001668151290724528,0.026598284388441966,0,0,3.363715584186375,21.514456994073495,PAQR8;ABCA2;HSPA8;JUN;PAQR7;TGFB1;WBP2;TGFB3;ABHD2;THBS1;JUNB;HSPA1B;HSPA1A
5541,GO_Molecular_Function_2026,Histone H4 Acetyltransferase Activity (GO:0010485),0.0012719918792760303,0.02701886198738051,0,0,4.598890652868427,30.661591304942554,NAA60;BRD1;BRPF1;NAA40;KAT5;BRPF3;USP22;EP300;KAT8;JADE2
5542,GO_Molecular_Function_2026,Transforming Growth Factor Beta Binding (GO:0050431),0.0012719918792760303,0.02701886198738051,0,0,4.598890652868427,30.661591304942554,NRROS;WFIKKN1;TGFB3;HYAL2;LTBP4;LTBP3;LRRC32;THBS1;VASN;ENG
344,GO_Biological_Process_2026,Protein N-linked Glycosylation (GO:0006487),0.0017084669298822648,0.027162148146099196,0,0,2.2038624509855573,14.043361605418804,DPAGT1;GAL3ST1;PRKCSH;DERL3;RPN1;GANAB;MAN2A2;MGAT5B;MAN1C1;MGAT3;ST3GAL4;MGAT1;MGAT2;ST3GAL1;PMM1;ALG12;MOGS;ALG1;DDOST;DOLPP1;RFT1;MGAT4B;STT3A;B4GALT7;ENGASE
345,GO_Biological_Process_2026,Regulation of Cytokine Production (GO:0001817),0.0017910612020306136,0.02839297888190149,0,0,1.754549177530544,11.097430529577633,ZNF572;EOLA1;PIK3CD;ZBTB45;DTX4;AGPAT1;TNF;RPS6KA4;S100A13;SIRPA;TNFRSF14;LGALS9;PATZ1;ICOSLG;CD276;CCR2;ZBTB39;ZBTB17;TNFSF14;ZBTB14;RIPK3;NFAM1;RNF26;CARD9;HLA-B;ZBTB32;ZBTB34;ZBTB12;BTN3A3;MIF;TNFRSF1B;FOXP3;CCDC88B;FGR;PER1;KAT2A;RGCC;MAPKAPK2;IRF7;IRF8;LTBR;FCGR2B;ZNF134;ASB1
346,GO_Biological_Process_2026,Cellular Response to Interleukin-1 (GO:0071347),0.0018122047986272184,0.028645369799626202,0,0,2.5384589080132223,16.025826838760103,UPF1;EGR1;DAB2IP;NR1D1;RELA;MAPK13;IKBKB;RPS6KA4;NFKBIA;MAPK11;IRAK1;HYAL2;TOLLIP;HYAL3;ZC3H12A;SIRPA;CACTIN;MYD88;MAPK3
347,GO_Biological_Process_2026,Cellular Response to Reactive Oxygen Species (GO:0034614),0.001817467703423666,0.028646006762295426,0,0,2.3367826563866867,14.745825578103508,RIPK3;ZNF580;SRC;OGG1;PRKCD;PXN;TNFAIP3;PEX10;AGAP3;HDAC6;RELA;RHOB;CAMKK2;MAPK13;PRDX3;TRPM2;MAPK7;PEX5;PPIF;SIRPA;PDK2;ANKZF1
348,GO_Biological_Process_2026,Organic Anion Transport (GO:0015711),0.0018411520971977483,0.028784927337628375,0,0,2.1109241677682973,13.293257361650252,SLC35B2;SLC35B1;SLC2A1;SLCO5A1;SLC4A2;SLC4A3;ABCC10;SLC2A8;PANX1;CYB5R1;SLC17A9;LRRC8C;LRRC8D;LRRC8A;SLC37A4;SLC25A23;SLC19A1;SLC35A2;SLC37A2;SLC37A1;NHERF1;SLC2A11;SLCO4A1;CPTP;CYB5RL;SLC26A6;SLC29A2
350,GO_Biological_Process_2026,Response to Transforming Growth Factor Beta (GO:0071559),0.0018420254321800473,0.028784927337628375,0,0,3.5482114497466535,22.342695543800385,WNT10A;MAPK7;SMAD3;TGFB1;HYAL2;PDE2A;PDE3A;WNT7A;RUNX3;CRKL;ZFP36L1;WNT4
349,GO_Biological_Process_2026,Protein Export From Nucleus (GO:0006611),0.0018420254321800473,0.028784927337628375,0,0,3.5482114497466535,22.342695543800385,EGR2;ANKLE1;RANBP3;TGFB1;DESI1;STRADA;XPO6;ADAR;NUTF2;CALR;CCHCR1;PKD1
351,GO_Biological_Process_2026,Connective Tissue Development (GO:0061448),0.001855303464947767,0.028910055412609378,0,0,2.9575262308313155,18.601973446618086,COL11A2;IHH;LRP5;RORC;DYRK1B;NFATC2;SLC39A13;PKD1;ABHD15;SULF2;DDRGK1;HYAL2;CREB3L2;HYAL3;ZNF516
6803,GO_Cellular_Component_2026,Primary Lysosome (GO:0005766),0.005546835093717656,0.028994819808069568,0,0,6.205446853516658,32.23436598887516,HEXA;STXBP2;ANXA11;AZU1;GNS;MPO
6804,GO_Cellular_Component_2026,Set1C/COMPASS Complex (GO:0048188),0.005546835093717656,0.028994819808069568,0,0,6.205446853516658,32.23436598887516,WDR82;SETD1B;SETD1A;CXXC1;WDR5;HCFC1
5544,GO_Molecular_Function_2026,Retinoic Acid Binding (GO:0001972),0.0014389166497007532,0.029061398564448,0,0,inf,inf,RXRA;CRABP2;LCN12;RARA
5543,GO_Molecular_Function_2026,RNA Polymerase III Type 3 Promoter Sequence-Specific DNA Binding (GO:0001006),0.0014082231825202204,0.029061398564448,0,0,20.68382093761015,135.79810659100818,BRF2;BRF1;SNAPC4;MAF1;MTOR
5545,GO_Molecular_Function_2026,Sphingophospholipase Activity (GO:0120570),0.0014389166497007532,0.029061398564448,0,0,inf,inf,SMPD3;SMPD2;SMPD1;SMPDL3A
353,GO_Biological_Process_2026,Positive Regulation of Cytoskeleton Organization (GO:0051495),0.0019351635496636832,0.02998410189238786,0,0,2.268610662086617,14.173289019074943,VASP;DYNC1H1;GSN;NUMA1;SPAG5;LIMK1;C15ORF62;BAIAP2;SORBS3;FCHSD1;BAIAP2L2;CTTN;BIN1;CDC42EP4;NCK2;CDC42EP2;CDC42EP1;PTK2B;EVL;NCKAP1L;SYNPO;ARF6;PLXNA3
352,GO_Biological_Process_2026,Regulation of Protein Phosphorylation (GO:0001932),0.001931134662591595,0.02998410189238786,0,0,2.03691615419229,12.730008033735409,CSF1R;PPP1R15B;CDKN1A;FLT4;BRAT1;ITGB2;CIB1;ARRB1;PRR5L;SMG8;CAMKK2;C3;ZC3H12A;CDK5RAP3;PROM2;TSPYL2;NHERF1;SEMA4D;STAT2;MMP9;VEGFA;FGR;FKBP8;PIN1;PLXNB2;CACTIN;GAS6;CARD14;NOP53
354,GO_Biological_Process_2026,Glycerophospholipid Biosynthetic Process (GO:0046474),0.001960627123400509,0.030227651214304593,0,0,1.831907586894951,11.42101117280562,PGAP2;ABHD4;PIGO;PGAP3;TAMM41;SLC44A2;CPNE7;DGKA;PIGQ;LPCAT1;LCAT;AGPAT1;PIGV;AGPAT3;PLD2;PGS1;PTDSS2;PTDSS1;GPAT4;PIP5KL1;CPNE1;PIP4K2B;PIP4K2C;PIP5K1C;GPAT2;PCYT2;CHKB;TTC7A;DGKZ;ITPKB;LPCAT4;DGKQ;PIGA;PI4KA;PEMT;PI4KB;PIGG;CDS2
355,GO_Biological_Process_2026,Calcium-mediated Signaling (GO:0019722),0.0019619040715209545,0.030227651214304593,0,0,2.0052935432477343,12.500678725135167,CX3CR1;RYR2;PTGDR2;CXCR5;OPRL1;CXCR4;SLC9A1;PPP1R9B;CAMKK2;SAMD14;GNA15;JPH3;CXCR1;CXCR3;PLCG2;PLCG1;CCR5;TRPM4;CCR2;DMPK;PDPK1;PLA2G4B;TPCN2;LAT2;TSPAN18;ORAI1;ACKR3;CALM3;NMUR1;LAT
361,GO_Biological_Process_2026,Negative Regulation of MAPK Cascade (GO:0043409),0.002002788572269776,0.030346119665468844,0,0,1.8842213774885639,11.707072117813361,PSCA;RGS14;PRDM15;GPS2;GBA1;FOXM1;FLCN;DUSP10;QARS1;MYC;SMPD1;DAG1;SIRPA;EMILIN1;SH2B3;CDK5RAP3;MEN1;DUSP4;DUSP2;DUSP3;NHERF1;CD300A;DUSP1;PRMT1;PRKCD;DAB2IP;ABCA7;DUSP8;DUSP7;PER1;TNIP1;PIN1;TRIB3;EZR;TRIB1
359,GO_Biological_Process_2026,Regulation of Endocytic Recycling (GO:2001135),0.002002013554894568,0.030346119665468844,0,0,5.517427849291718,34.28309976710211,EHD1;ARHGAP8;EIPR1;ARHGAP1;MTMR4;SORL1;RAB11FIP3;RAB11B
360,GO_Biological_Process_2026,Regulation of Monocyte Differentiation (GO:0045655),0.002002013554894568,0.030346119665468844,0,0,5.517427849291718,34.28309976710211,CD74;CD4;CSF1;FES;MYC;IRF7;ACIN1;ZFP36L1
356,GO_Biological_Process_2026,Regulation of Phagocytosis (GO:0050764),0.0019969242794489668,0.030346119665468844,0,0,2.4364105069488478,15.145086210528675,SCARB1;DYSF;CYBA;ABCA7;ARAP1;AZU1;IL2RG;SYT7;FGR;C3;FCGR2A;LMAN2;IL2RB;SIRPA;CALR;PRKACA;DOCK2;GAS6;FCGR2B;TGM2
357,GO_Biological_Process_2026,Cellular Response to Arsenic-Containing Substance (GO:0071243),0.002002013554894568,0.030346119665468844,0,0,5.517427849291718,34.28309976710211,DAXX;VCP;HSF1;MKNK2;ZC3H12A;PPIF;HNRNPA1;MAPK13
358,GO_Biological_Process_2026,Establishment of Apical/Basal Cell Polarity (GO:0035089),0.002002013554894568,0.030346119665468844,0,0,5.517427849291718,34.28309976710211,CDC42;NHERF1;SH3BP1;FSCN1;FOXJ1;MSN;SCRIB;EZR
6805,GO_Cellular_Component_2026,Alpha-ketoacid Dehydrogenase Complex (GO:0045240),0.005913933805010459,0.030566399441627094,0,0,4.137718215482279,21.2283318014517,BCKDHA;BCKDK;KAT2A;PDHA1;ABHD11;OGDH;DLST;PDK2
6806,GO_Cellular_Component_2026,ATP-binding Cassette (ABC) Transporter Complex (GO:0043190),0.0060740195739309765,0.03070383520888186,0,0,16.544140969162996,84.43690617704443,ABCD4;ABCA2;ABCB6;ABCB8
6807,GO_Cellular_Component_2026,Postsynaptic Actin Cytoskeleton (GO:0098871),0.0060740195739309765,0.03070383520888186,0,0,16.544140969162996,84.43690617704443,MYO9B;ACTN4;KPTN;ACTB
6808,GO_Cellular_Component_2026,Ficolin-1-rich Granule Membrane (GO:0101003),0.0062045400824292385,0.031022700412146192,0,0,2.185428936003141,11.10738571013637,PTPRN2;CD93;CD300A;GAA;ITGB2;UBR4;NBEAL2;TCIRG1;ATAD3B;TRPM2;DOK3;LAMP1;ITGAX;TBC1D10C;SIRPA;ADAM8;NCKAP1L;ATP6V0C;ARL8A
363,GO_Biological_Process_2026,Negative Regulation of Receptor Signaling Pathway via STAT (GO:1904893),0.0021021363312773993,0.03154475126667894,0,0,4.1388251896278,25.51503429174601,PIAS4;PIAS3;SOCS3;SOCS1;CISH;HGS;BCL3;NF2;ADIPOR1;SH2B3
364,GO_Biological_Process_2026,Negative Regulation of Signal Transduction in Absence of Ligand (GO:1901099),0.0021021363312773993,0.03154475126667894,0,0,4.1388251896278,25.51503429174601,MAPK7;UNC5B;IFI6;AKT1;KLF4;TNF;HSPA1B;MCL1;BCL2L1;HSPA1A
365,GO_Biological_Process_2026,DNA Methylation-Dependent Constitutive Heterochromatin Formation (GO:0006346),0.002123216584218286,0.03154475126667894,0,0,4.655753968253968,28.655341994731575,MBD3;SETDB1;TRIM28;HDAC1;EHMT2;MBD1;DNMT3A;EHMT1;ZNF304
366,GO_Biological_Process_2026,Extracellular Matrix Assembly (GO:0085029),0.002123216584218286,0.03154475126667894,0,0,4.655753968253968,28.655341994731575,MFAP4;EFEMP2;TGFB1;TNXB;LTBP4;HAS3;EMILIN1;QSOX1;GAS6
367,GO_Biological_Process_2026,Regulation of Autophagosome Maturation (GO:1901096),0.002123216584218286,0.03154475126667894,0,0,4.655753968253968,28.655341994731575,RUBCN;FYCO1;PHF23;CLEC16A;TOM1;TBC1D25;SMCR8;UBQLN4;TECPR1
368,GO_Biological_Process_2026,Translational Elongation (GO:0006414),0.002123216584218286,0.03154475126667894,0,0,4.655753968253968,28.655341994731575,EIF5A;EEF1G;TSFM;EEF1D;EEF1A2;EEF2;GTPBP2;GTPBP1;TUFM
371,GO_Biological_Process_2026,Regulation of Canonical Wnt Signaling Pathway (GO:0060828),0.002139407013893266,0.03154475126667894,0,0,1.6407922173703116,10.086321538519075,LMBR1L;PTPRU;OTUD5;JRK;GSK3A;ILK;LIMD1;CCAR2;NRBP2;FRAT1;STK11;ADGRA2;TMEM88;RUVBL2;RUVBL1;FAM53B;LZTS2;EMD;APC2;TLE3;IGFBP4;DAPK3;SOX13;AXIN1;CSNK1D;AXIN2;NRBP1;TLE5;FRMD8;CSNK1G2;AMER1;VCP;HDAC1;PRDM15;NKD1;WNT11;ZNF703;NPHP4;TRPM4;TGFB1;NHERF1;JUP;FZD7;AMFR;DAB2IP;FUZ;PLEKHA4;PPP1CA;COL1A1;CCDC88C;PIN1;BMAL1;RNF220
370,GO_Biological_Process_2026,Positive Regulation of Blood Vessel Endothelial Cell Migration (GO:0043536),0.002137948893567143,0.03154475126667894,0,0,2.5704731100268625,15.803033149319706,MAP2K3;STAT5A;CD40;TGFB1;PDPK1;NOS3;CIB1;THBS1;AMOT;HDAC7;VEGFA;ATP5F1B;SP1;AKT2;AKT1;HMOX1;PRKD2;PLCG1
369,GO_Biological_Process_2026,Lysosomal Transport (GO:0007041),0.002137948893567143,0.03154475126667894,0,0,2.5704731100268625,15.803033149319706,GRN;SPTBN5;LRP1;LAPTM5;NAGPA;SORL1;IGF2R;GAK;EHD3;GGA3;LAMP1;VPS51;HGS;PSAP;VPS52;ANKFY1;ATP13A2;HSPA1A
362,GO_Biological_Process_2026,Negative Regulation of Extrinsic Apoptotic Signaling Pathway in Absence of Ligand (GO:2001240),0.0021021363312773993,0.03154475126667894,0,0,4.1388251896278,25.51503429174601,MAPK7;UNC5B;IFI6;AKT1;KLF4;TNF;HSPA1B;MCL1;BCL2L1;HSPA1A
372,GO_Biological_Process_2026,Regulation of miRNA Transcription (GO:1902893),0.002161577450727678,0.031786199241933814,0,0,2.350921441059299,14.42740981034622,ZNF512B;NOTCH2;SREBF1;NOTCH3;EGR1;NGFR;JUN;SPI1;SMAD3;TGFB1;SRF;KLF4;TNF;RELA;SMARCA4;VEGFA;NCOR2;MYC;ATOH8;RARA;PPARD
5547,GO_Molecular_Function_2026,Intracellularly Ligand-Gated Monoatomic Ion Channel Activity (GO:0005217),0.001666911683463495,0.03211191234644717,0,0,7.240964386459803,46.31887539960681,RYR2;TRPM2;ITPR3;TRPV1;MCOLN1;TPCN2;TPCN1
5548,GO_Molecular_Function_2026,E-box Binding (GO:0070888),0.001668151290724528,0.03211191234644717,0,0,3.363715584186375,21.514456994073495,PRMT5;BHLHA15;USF2;SREBF2;USF1;PER1;TFAP4;MYC;ATOH8;BHLHE40;SNAI1;TCF3;BMAL1
5546,GO_Molecular_Function_2026,Calcium-dependent Protein Serine/Threonine Kinase Activity (GO:0009931),0.001666911683463495,0.03211191234644717,0,0,7.240964386459803,46.31887539960681,MAPKAPK3;MKNK1;MAPKAPK2;MKNK2;PRKCD;MAPKAPK5;PRKCZ
373,GO_Biological_Process_2026,Regulation of Fibroblast Proliferation (GO:0048145),0.002201207083740798,0.03228240870138577,0,0,2.7604920831126023,16.8907592625007,CD74;CDKN1A;CD300A;DAB2IP;NLRC3;MIF;PARP10;SKI;MED25;MYC;E2F1;WNT1;GAS6;EMD;B4GALT7;TRIM32
374,GO_Biological_Process_2026,Cellular Response to Tumor Necrosis Factor (GO:0071356),0.0022567010615914354,0.033008014194210726,0,0,2.071744515215853,12.624902881703854,ILK;CIB1;GBA1;TNF;RELA;ZFP36L1;IKBKB;ZFP36;SMPD4;HYAL2;HYAL3;ZC3H12A;INPP5K;PTK2B;EIF5A;DAB2IP;TRAF2;ACTN4;TRAF1;NR1D1;TNFRSF1B;TNFRSF1A;NFKBIA;RRAGA;ARHGEF2;CACTIN;CARD14
375,GO_Biological_Process_2026,Positive Regulation of Cell Population Proliferation (GO:0008284),0.0023055307522629248,0.033460829372992024,0,0,1.4303094697006962,8.68547468342942,SLC35F6;CDKN1A;VIPR1;CSF3R;CSF1;IRS1;FLT4;CIB1;TCIRG1;FOXM1;TNF;ACTB;CRKL;CAPNS1;MYC;BCL7B;PIM1;ITGAX;AKT1;CAPN1;PDGFRB;IL11RA;CLEC11A;CEP131;DHPS;NME2;RHOG;MATK;FLT3LG;MIF;TMEM250;CDC25B;DISP3;SAPCD2;RARA;HCLS1;MVD;GAS6;TSPYL5;HDAC4;CSF1R;KMT2D;SMARCD1;GRN;NOTCH1;SHC1;HDAC1;MAZ;NOP2;LRP5;CSF2RB;NOD2;MST1R;IL2RG;DLL1;THBS1;RELA;GNAI2;BICRA;TBRG4;PRDX3;GRK5;DDRGK1;CXCR3;NACC1;ZNF703;ERBB2;E2F1;HMOX1;PTK2B;BRD9;STX4;ZNF304;S1PR2;IL12RB1;WNT1;TRPM4;CD74;TGFB1;EGR4;TGFB3;BAD;IL10RA;LIF;OSM;SMARCA4;VEGFA;MLXIPL;IL2RB;TMEM119;PTPN6;CALR;FGFR4;RNF187
376,GO_Biological_Process_2026,Proteoglycan Biosynthetic Process (GO:0030166),0.002305960529259979,0.033460829372992024,0,0,2.2782658652996286,13.834218067050397,SLC35B2;CANT1;CHPF;CHPF2;B3GAT1;XYLT2;XYLT1;HS6ST1;NDST2;NDST1;B3GNT7;CHST15;ST3GAL4;B3GNT2;CHST14;B4GALT7;EXTL3;ST3GAL1;GAL3ST4;CHST2;ST3GAL2;ST3GAL3
377,GO_Biological_Process_2026,Regulation of Extrinsic Apoptotic Signaling Pathway (GO:2001236),0.002305960529259979,0.033460829372992024,0,0,2.2782658652996286,13.834218067050397,TNFRSF12A;TNFSF14;SRC;FEM1B;PELI3;ACSL5;TMC8;HTT;FASLG;TRAF2;TRAF1;TNF;THBS1;RELA;PML;DEDD2;HYAL2;PSME3;MADD;STX4;FADD;LTBR
378,GO_Biological_Process_2026,Sprouting Angiogenesis (GO:0002040),0.0023675482349624806,0.034263857701238014,0,0,2.459027164310954,14.867033216273908,EGR3;TGFB1;YJEFN3;FLT4;SRF;DLL1;THBS1;LOXL2;JMJD6;VEGFA;NR4A1;RNF213;ADGRA2;MICALL1;PACSIN2;AKT1;PTK2B;EPHB4;ENG
379,GO_Biological_Process_2026,Negative Regulation of Cell Growth (GO:0030308),0.002387283493781186,0.03445855253523633,0,0,1.8996560987129532,11.469362090487056,RTN4R;CDKN1A;GSK3A;PTPRS;DCUN1D3;NAIF1;SEMA3G;PRDM11;CCAR2;PPP1R9B;ZC3H12D;DNAJB2;CYP27B1;STK11;SERTAD3;HYAL2;TRIM46;TSPYL2;SEMA6C;SMAD3;TGFB1;OSGIN1;PML;SMARCA4;PSRC1;ADAM15;CDHR2;PPT1;ULK1;NF2;HSPA1B;SIPA1;HSPA1A
5549,GO_Molecular_Function_2026,Endopeptidase Activity (GO:0004175),0.0018249039555627905,0.03458894881928243,0,0,1.5685091672811327,9.891376304145227,CTSZ;KDM8;IHH;CTSW;ECE1;CTSV;PCSK7;APEH;PCSK4;PIDD1;MMP25;PLAU;CTSK;ADAMTSL2;CPNE1;DAG1;CASP2;CTSF;CTSB;RHBDF1;USP5;MST1;USP2;RHBDF2;ADAM11;MMEL1;JMJD7;MMP9;PRSS53;ADAM19;MMP11;MMP14;ASTL;ADAM15;ESPL1;MMP15;MMP23B;MMP17;ATG4B;ADAM8;THOP1;ATG4D;C1S;TMPRSS6;HTRA2;FURIN;ADAMTS10;PSMB10;ADAMTS13;PITRM1;RCE1;ACE;USP20;TYSND1;KLK14;AZU1;TMPRSS13;PSMB8;BMP1;PROC;CTRL;PIK3IP1;TLL2;TPP1;CTRC
6809,GO_Cellular_Component_2026,Membrane Raft (GO:0045121),0.007250972589140823,0.035865025709728805,0,0,1.6119192635956872,7.941313148687668,RTN4R;ITGAM;SELPLG;AHNAK;SRC;ITGB2;FURIN;GDPD5;TNF;DLL1;CLN6;SLC9A1;ADD2;PPP2R1B;HYAL2;GPC1;CAPN2;PLCG2;SERPINH1;STOM;PRKACA;PROM2;EEIG1;NFAM1;ATP2B4;TNFRSF1B;TNFRSF1A;LAT2;ZAP70;GPRC5B;CD4;MYO1C;LCK;KCNQ1;MYADM;PPT1;ORAI1;TPP1;LCP2;EZR;LAT;CD244
382,GO_Biological_Process_2026,T Cell Differentiation (GO:0030217),0.0025195797993837264,0.03608327728360245,0,0,2.6072582649763856,15.60095517044332,LMBR1L;JAG2;SPI1;TGFB1;RIPK3;TCF7;RORC;SOX13;PIK3CD;FOXP3;ZFP36L1;LFNG;ZAP70;CD4;LCK;PRDM16;FADD
380,GO_Biological_Process_2026,Positive Regulation of Chromosome Organization (GO:2001252),0.0025195797993837264,0.03608327728360245,0,0,2.6072582649763856,15.60095517044332,C11ORF98;RTEL1;ACD;PPP1R10;PNKP;DDX11;TINF2;KLF4;AURKB;PML;SLX4;KAT5;MYC;MAPKAPK5;NCAPD2;MAP2K7;MAPK3
381,GO_Biological_Process_2026,Regulation of Cytokine-Mediated Signaling Pathway (GO:0001959),0.0025195797993837264,0.03608327728360245,0,0,2.6072582649763856,15.60095517044332,ZBP1;CD74;IL11RA;MIB2;SPATA2;TNFAIP3;TMC8;AGPAT1;SORL1;IKBKB;SIGIRR;IRAK1;CDC37;MAPKAPK2;PTPN6;ULK1;GAS6
383,GO_Biological_Process_2026,Central Nervous System Development (GO:0007417),0.0025405362271898164,0.03628864897431287,0,0,1.559223353348331,9.316952208226379,ITGAM;ROGDI;ATN1;SLC2A1;AATK;SMG9;CELSR1;GBA2;CAPN15;PHF8;QARS1;ADGRA2;MATCAP1;PHGDH;CIC;CDK5RAP3;GIT1;SH3GL1;SZT2;MAP1S;MINK1;LSR;SOX12;HSPG2;THOC6;TMX2;ADORA2A;DDIT4;DSCAML1;CX3CR1;ABCB6;MYRF;AMIGO1;CXCR4;HTT;C3;BAG6;DHX30;ADGRG1;ATXN1L;DHX37;NPTX1;TPPP;SPTBN1;EIF2B5;EGR2;KDM4B;MARCKSL1;GSN;PTCH1;SETD1A;PBX2;CTNS;FOXJ1;GRIN2D;POU6F1;PPT1;POMK;PLXNB2;TPP1;ZNF335;MDGA1
384,GO_Biological_Process_2026,Transcription Elongation by RNA Polymerase II (GO:0006368),0.0025712226272032565,0.036631574312233406,0,0,2.36669780122687,14.113503572240747,BRD3;BRD2;CTDP1;ELOF1;ELL;ADRM1;SUPT4H1;GTF2F1;SUPT5H;SUPT6H;CDK9;SART3;POLR2A;ERCC3;POLR2C;POLR2E;TCEA2;POLR2F;PAF1;POLR2H
5550,GO_Molecular_Function_2026,Polyubiquitin Modification-Dependent Protein Binding (GO:0031593),0.0019969242794489668,0.03727591988304738,0,0,2.4364105069488478,15.145086210528675,RNF31;VCP;UBXN1;MINDY1;AGAP3;PRPF8;HDAC6;BAG6;DNAJB2;PARP10;WDR81;TOM1;TAB3;ASCC2;IKBKG;IKBKE;MPND;ATRIP;UBQLN4;UBL7
385,GO_Biological_Process_2026,Positive Regulation of Macroautophagy (GO:0016239),0.0026235152498479413,0.037279743900041344,0,0,2.113728406113064,12.562395554912873,GPSM1;RNF31;HTT;NOD2;WDR45;WDR24;FYCO1;LARP1;KAT5;BAG3;DDRGK1;TOM1;PIP4K2B;IKBKG;PIP4K2C;CDK5RAP3;MOAP1;TSC2;SUPT5H;SNX18;STING1;ATG2A;SMCR8;STUB1;TRIM32
386,GO_Biological_Process_2026,Nervous System Development (GO:0007399),0.0026328828117585168,0.03731618145347665,0,0,1.4084787892178523,8.365907529776072,PLXND1;ROGDI;ATN1;STMN3;CELSR1;GBA2;RAPGEFL1;DPYSL4;NAGLU;ADGRA2;DPYSL2;ADORA1;KAT8;EP300;CHAC1;SH3GL1;SZT2;MAP1S;FTSJ1;THOC6;ADGRB2;ADGRB1;NINJ1;NOTCH2;UNC119B;IGSF8;NUMBL;WDR62;MST1R;ESS2;DHX30;BTBD2;DVL1;PLXNA2;EP400;PLXNA1;NPTX1;SPTBN1;PLXNA3;EGR2;JAG1;TGFB1;FZD5;FUZ;CHERP;DLG4;PPT1;UNC119;PLXNB2;DCHS1;CSPG4;PLXNB1;TPP1;LRCH4;SDK2;ACHE;NRSN2;CNTNAP1;DAGLA;LDB1;SLC2A1;PKD1;PTPRF;ARHGAP4;NRGN;IRF2BPL;SMPD1;TRIM3;APC2;MAMDC4;DBNL;NAV1;PPP2R5D;ADORA2A;NDUFS2;EVL;DAGLB;DSCAML1;SHANK3;HDAC4;NLGN3;PRPS1;NLGN2;DCTN1;LRP5;HTT;CXCR4;NRXN2;RXRB;RXRA;SPOCK2;PCDH1;MARCKSL1;GSN;USP20;LIMK1;VEGFA;AGRN;MDGA1
389,GO_Biological_Process_2026,Regulation of Neutrophil Activation (GO:1902563),0.0026561595091532733,0.037356499763347956,0,0,8.274281685175392,49.07372205747996,GRN;CD300A;SRC;IL16;PTPN6;FCGR2B
388,GO_Biological_Process_2026,Negative Regulation of Inclusion Body Assembly (GO:0090084),0.0026561595091532733,0.037356499763347956,0,0,8.274281685175392,49.07372205747996,DNAJB2;DNAJB1;DNAJA4;SORL1;HSPA1B;HSPA1A
387,GO_Biological_Process_2026,Anoikis (GO:0043276),0.0026561595091532733,0.037356499763347956,0,0,8.274281685175392,49.07372205747996,STK11;AKT1;TSC2;BMF;IKBKG;MTOR
390,GO_Biological_Process_2026,Regulation of Cell Division (GO:0051302),0.002694326074222411,0.03779636449388728,0,0,2.0715549265876527,12.256576734009792,SMYD5;PRDM15;CIB1;SGF29;AURKC;DLL1;AURKB;ZFYVE26;MYC;WDR5;ENTR1;FSD1;RAB11FIP3;GIT1;RAB11FIP4;PLK3;SUSD2;PLK1;KLHL21;KAT2A;TADA3;CDK2AP2;PIN1;CALM3;KIF20A;BCL2L1
391,GO_Biological_Process_2026,Cellular Component Disassembly (GO:0022411),0.0027331513904472393,0.038145891543519356,0,0,3.311522851596965,19.545601260969114,MMP11;MMP14;ADAM15;TMPRSS6;MMP15;CTSK;FURIN;ADAM8;CTSV;WASHC1;MMP9;ENG
392,GO_Biological_Process_2026,Host-mediated Perturbation of Viral Transcription (GO:0043921),0.0027331513904472393,0.038145891543519356,0,0,3.311522851596965,19.545601260969114,CDK9;JUN;CTDP1;SMARCB1;TFAP4;PSMC3;HDAC1;SP1;EP300;INPP5K;BRD4;SMARCA4
393,GO_Biological_Process_2026,Cellular Response to Unfolded Protein (GO:0034620),0.002748817768915447,0.03818265963966431,0,0,2.2889574147457723,13.497030496960956,PARP6;DAXX;VCP;ATF6B;RHBDD2;WFS1;DERL3;AMFR;DAB2IP;BHLHA15;HERPUD1;ERN1;CREB3;TBL2;BAG3;HSF1;BAX;QRICH1;BAK1;CDK5RAP3;HSPA1A
394,GO_Biological_Process_2026,Endocytic Recycling (GO:0032456),0.0027497083970223156,0.03818265963966431,0,0,2.0339895773016794,11.992932219754096,DENND1C;SNX12;VPS26C;PTPN23;VPS26B;VPS51;MICALL1;VPS52;MICALL2;ENTR1;WASHC1;RAB11FIP3;RAB8A;VPS39;RAB11FIP4;ATP6AP1;EIPR1;SEC16A;COMMD5;RAB11B;EHD1;EHD3;HGS;SNX17;EHBP1L1;CCDC22;ARF6
6810,GO_Cellular_Component_2026,Cul3-RING Ubiquitin Ligase Complex (GO:0031463),0.007909513764751687,0.03870613118921038,0,0,2.0704188019084646,10.020183038972801,KLHL25;PEF1;KLHL26;PDCD6;KLHL17;KLHL21;KLHL11;KCTD2;KLHL3;TNFAIP1;KCTD5;RHOBTB2;ARMC5;KCTD10;KLHL6;ZSWIM8;CCIN;DEPDC5;KCTD17;LZTR1
396,GO_Biological_Process_2026,Nitrogen Compound Transport (GO:0071705),0.0028104808694374614,0.03882994349839918,0,0,1.8542212484266467,10.892436712789157,ABCD4;SLC48A1;SLC22A5;ABCB6;SLC67A1;SLC44A2;SLC3A2;BEST1;HPX;SLC25A29;SEC14L1;LRRC8C;LRRC8D;LRRC8A;SLC15A3;SLC38A3;SLC25A44;SLC25A22;SLC19A1;SLC38A5;SLC36A1;ABCC1;AMN;SLC6A12;SLC5A6;SLC6A6;SLC7A5;SLC7A6;SLC6A9;CPTP;PICK1;SLC29A1;SLC29A3;SLC29A2
395,GO_Biological_Process_2026,Response to Interleukin-1 (GO:0070555),0.0028060639063284027,0.03882994349839918,0,0,2.4846846846846846,14.599938934720647,HDAC4;UPF1;SRC;DAB2IP;NR1D1;RELA;TLE5;MAPK13;MAPK11;IRAK1;HYAL2;SMPD1;HYAL3;ZC3H12A;SIRPA;LGALS9;CACTIN;MYD88
399,GO_Biological_Process_2026,Positive Regulation of Cell Projection Organization (GO:0031346),0.0028399248982573858,0.03888395319677453,0,0,1.894548306306762,11.109588965636423,DDR1;CAMK2B;CUL7;NDRG4;LTK;PLXND1;AMIGO1;TWF2;DVL1;DVL2;EP300;DVL3;PTK2B;APBB1;SCN1B;MARK2;PROM2;FZD1;NTRK1;CARMIL2;SS18L1;DAB2IP;P3H1;PTK6;ATP1B2;DLG4;FES;RAPGEF1;PLXNB2;PLXNB1;CAMK1;ARF6
398,GO_Biological_Process_2026,Axonogenesis (GO:0007409),0.002830640745034339,0.03888395319677453,0,0,1.6217191281028231,9.515035091786952,CYFIP2;EPHB6;CYFIP1;ROBO3;RAB3A;CELSR1;CELSR2;ACTB;CELSR3;TUBB3;BSG;KIF5A;DAG1;SCN1B;RAB8A;EPHB3;LYPLA2;SEMA6C;PLEKHG4;MAP1S;KIFC2;ADGRB1;MAP1A;CDHR2;ULK1;EVL;DSCAML1;LLGL1;NOTCH2;NLGN3;NOTCH3;BRSK2;SEMA7A;NOTCH1;SEMA3B;SEMA3G;SEMA3F;EFNB1;TRIM46;APBB1;PLXNA3;VASP;NTNG2;SEMA4A;SEMA4D;SEMA4B;SEMA4C;WNT7A;SEMA4G;BAIAP2;EFNA1;TAOK2
397,GO_Biological_Process_2026,Regulation of Macroautophagy (GO:0016241),0.0028288505762687284,0.03888395319677453,0,0,1.8735533460469043,10.99379521367288,GPSM1;GSK3A;CLEC16A;GBA1;SNX32;VPS26B;WDR24;HDAC6;NRBP2;LARP1;CAPNS1;AKT1;QSOX1;CAPN1;IKBKG;PRKACA;SREBF1;FZD5;EXOC7;TSC2;SUPT5H;SREBF2;MTOR;ERN1;STING1;FKBP8;TBC1D25;ULK1;SMCR8;ATP13A2;ATP6V0D1;ATP6V0C;TECPR1
400,GO_Biological_Process_2026,Cell-matrix Adhesion (GO:0007160),0.0028427466238662874,0.03888395319677453,0,0,1.9174294955815823,11.241859552581847,DDR1;ITGAM;COL13A1;ITGB4;SRC;ITGB2;TESK2;ILK;ITGAL;PKD1;THBS3;ADAMTS13;ITGAX;EMILIN1;ITGB7;TMEM8B;ACTN3;ITGA3;ACTN1;RCC2;BCR;TIMM10B;ADAM15;PARVG;CTTN;TAOK2;ZYX;ITGA7;ITGA5;SIGLEC1;FERMT3
6811,GO_Cellular_Component_2026,Dendrite (GO:0030425),0.008215840038507978,0.039781962291722844,0,0,1.4623721851933402,7.021859763988572,EPHB6;GSK3A;DAGLA;KCNC3;CHRM4;KCNC4;PPP1R9B;C4A;HTR6;SAMD14;ZFYVE27;TUBB3;ADORA1;CAPN2;KIF1C;HOMER3;KIF1A;BSN;EPHB3;CCR2;TSC22D4;MAP1S;NPFF;ACAD9;MAPK8IP3;SRCIN1;BIN1;ADGRB1;MAP1A;NSMF;RIN3;PHAF1;DBN1;NLGN3;TMEM185A;HCN3;RGS14;AMIGO1;KCNA2;HTT;HDAC6;STRN4;INPP5A;PTK2B;NCDN;DRD4;MARK2;SKOR1;MAGEE1;HOMER2;WFS1;MCRS1;HIP1R;NR1D1;SEPTIN4;ZWINT;SLC6A6;DLG4;SARM1;CNIH2;HCN2
401,GO_Biological_Process_2026,Membrane Organization (GO:0061024),0.0029215184916573434,0.039862012255573454,0,0,1.6271567984254551,9.495520445074556,MTCH1;RTP5;LMNB2;BAIAP2L2;ZFYVE26;TMEM43;CHMP1A;EMD;SH3GL1;SH3GLB2;DBNL;EXOC7;VPS37B;LEMD2;DNM2;MTSS2;CTDNEP1;BIN1;HGS;ZFYVE19;CPTP;MYADM;CHMP4B;PICK1;KIF20A;NEMP1;CHMP7;VPS28;ARF5;NAPA;MTMR4;AURKB;TIMM50;SYNGR1;TMEM201;LMNA;OTOF;MFN2;PIP5K1C;SPTBN1;HSPA8;TOR1A;NHERF1;DMPK;AP3D1;HUWE1;NSFL1C;GRIN3B;REEP4;PPT1;ESYT1
406,GO_Biological_Process_2026,Neurotransmitter Secretion (GO:0007269),0.002976729471147273,0.04006345001821177,0,0,2.8979876434245364,16.85739147727528,RAB3A;PTPRN2;NRXN2;CPLX1;BEST1;STX1B;SNPH;DNAJC5;DVL1;OTOF;VAMP1;PIP5K1C;PPFIA3;STX1A
405,GO_Biological_Process_2026,Carboxylic Acid Transport (GO:0046942),0.002976729471147273,0.04006345001821177,0,0,2.8979876434245364,16.85739147727528,SLC36A1;SLC6A12;SLC3A2;SLC6A6;SLC7A5;SLC25A29;SLC7A6;SLC6A9;PSAP;SLC38A3;SLC16A3;SLC25A44;SLC38A5;SLC16A5
404,GO_Biological_Process_2026,Regulation of Glycolytic Process (GO:0006110),0.0029652867477677476,0.04006345001821177,0,0,2.6499593854847254,15.424834673642488,HDAC4;PFKFB2;PFKFB4;PFKFB3;ACTN3;CBFA2T3;JMJD8;MTOR;RPTOR;FLCN;MLXIPL;STING1;MLST8;EP300;OGT;GIT1
403,GO_Biological_Process_2026,Regulation of Cell-Cell Adhesion (GO:0022407),0.0029652867477677476,0.04006345001821177,0,0,2.6499593854847254,15.424834673642488,JAG1;CITED2;SRC;MINK1;CELSR2;RAP1GAP;FSTL3;CEACAM1;PODXL;ADAM8;NF2;WNT1;MDGA1;ADA;EPHB3;FERMT3
402,GO_Biological_Process_2026,Positive Regulation of Smooth Muscle Cell Proliferation (GO:0048661),0.0029652867477677476,0.04006345001821177,0,0,2.6499593854847254,15.424834673642488,PDGFRB;DNMT1;JUN;TGFB1;HDAC1;FOXJ2;TNF;MMP9;THBS1;ERN1;RGCC;AKT1;HMOX1;MFN2;LDLRAP1;MEF2D
407,GO_Biological_Process_2026,Regulation of Neuron Projection Development (GO:0010975),0.002980107129887038,0.04006345001821177,0,0,1.6732755908945094,9.731429537757574,RTN4R;DDR1;CAMK2B;BRSK2;NDRG4;GSK3A;LTK;PTPRS;GFI1;TWF2;SEZ6;STMN3;CIB1;CFL1;NCS1;AKT1;EP300;PTK2B;KIF1A;APBB1;SCN1B;MARK2;EPHB3;LZTS3;FZD1;NTRK1;NTNG2;DAB2IP;P3H1;PTK6;ATP1B2;SRCIN1;ARHGAP33;GAK;ACAP3;STX1B;FES;ABI3;RAPGEF1;PLXNB2;CAMK1;FKBP4;SHANK3;DBN1;ITM2C;ARF6
5551,GO_Molecular_Function_2026,Kinase Activator Activity (GO:0019209),0.002201207083740798,0.04047592727117407,0,0,2.7604920831126023,16.8907592625007,NEK9;DAXX;STRADA;AGAP2;MAPK8IP2;MOB3A;RPTOR;MOB3C;STK11;GPRC5B;WNT11;RGCC;MOB2;MADD;NCKAP1L;MARK2
411,GO_Biological_Process_2026,"Wnt Signaling Pathway, Planar Cell Polarity Pathway (GO:0060071)",0.003040608002902492,0.0404799390677674,0,0,3.5022528635796104,20.297999155576537,CDC42;WNT11;FZD7;DVL1;DVL2;ARHGEF19;DVL3;WNT7A;CELSR1;CELSR2;CELSR3
409,GO_Biological_Process_2026,Regulation of Stress Fiber Assembly (GO:0051492),0.003028992611217147,0.0404799390677674,0,0,2.1653071557155714,12.557753385620513,TGFB3;FHOD1;PXN;LIMK1;TESK1;ASAP3;WAS;ARHGEF18;ARHGEF10L;ARAP1;SORBS3;PPM1F;AMOT;SLC9A1;CDC42;RGCC;RHPN1;INPP5K;EVL;NF2;SYNPO;EPHA1;RAPGEF3
408,GO_Biological_Process_2026,Cellular Response to UV (GO:0034644),0.003028992611217147,0.0404799390677674,0,0,2.1653071557155714,12.557753385620513,CDKN1A;TMEM161A;ACTR5;METTL3;PRKCD;NOC2L;MMP9;CRIP1;AURKB;MAPK13;DDB1;MAPK11;MFAP4;STK11;MC1R;HYAL2;MYC;RUVBL2;SMPD1;ERCC1;HYAL3;SDE2;BAK1
410,GO_Biological_Process_2026,Vascular Endothelial Growth Factor Receptor Signaling Pathway (GO:0048010),0.003040608002902492,0.0404799390677674,0,0,3.5022528635796104,20.297999155576537,MAPKAPK3;SRC;FLT4;PDCD6;MAPKAPK2;DAB2IP;PTK2B;PRKD2;VAV1;VAV2;VEGFA
412,GO_Biological_Process_2026,Positive Regulation of GTPase Activity (GO:0043547),0.003134295643706614,0.04162617822210842,0,0,2.1153338224504767,12.195641556519352,APC2;RTN4R;NTRK1;SEMA4D;RHOG;ASAP3;DAB2IP;SCRIB;ARAP1;RANGAP1;RASGRP2;RAP1GAP;MTSS2;BCR;RGP1;ABR;TBC1D2;SNX18;SH3BP1;SGSM3;RAPGEF1;PLXNB1;EVI5L;RAPGEF3
413,GO_Biological_Process_2026,Negative Regulation of Defense Response (GO:0031348),0.0031725546433376875,0.04203251743649086,0,0,1.7833833458364592,10.260193405963388,MAPKBP1;MVK;TNFAIP3;GPS2;GBA1;NLRC3;METRNL;DTX4;AURKB;ZDHHC18;MAPK7;PPP1R13L;DHX58;PIM1;SIRPA;NLRP3;TRIM65;EXTL3;SMAD3;TNFSF14;FEM1A;IL10RA;NR1H2;RNF26;PRKCD;NFATC1;NR1D1;KLF4;TNFRSF1A;SIGIRR;DDX39A;PROC;ELF4;PTPN6;PDCD1;CACTIN;PPARD
414,GO_Biological_Process_2026,Cellular Response to Lipid (GO:0071396),0.003197915749613375,0.04226642864248038,0,0,1.6095477826789282,9.247264071220608,IRS1;GFI1;RORC;TNFAIP3;TNF;ZFP36;KAT5;RUVBL2;ZC3H12A;CCR5;GIT1;MAP4K1;UPF1;NFKBIL1;PRKCD;CD180;GPBAR1;LDOC1;TICAM1;TNFRSF1B;MMP9;ADAM15;DGKQ;RARA;BPI;CACTIN;CX3CR1;LTK;TWF2;ADCY3;HTRA2;NOD2;RELA;SBNO2;WNT11;ZNF703;PLCG2;NLRP3;PTK2B;HSPA8;TRIM41;FZD7;DAB2IP;PTK6;NR1D1;TNIP1;FES;PAF1;CD68;HSPA1B;MYD88;HSPA1A
415,GO_Biological_Process_2026,Negative Regulation of Cell Migration (GO:0030336),0.003226162948918983,0.04253726868947265,0,0,1.6979688397715367,9.740333368976161,PTPRU;IFITM1;NDRG4;LRP1;CITED2;HDAC1;FIGNL2;PTPN23;ADIPOR1;THBS1;ARHGAP4;ADGRG1;DUSP10;SIN3B;HYAL2;PIP5KL1;TP53INP1;DAG1;HMOX1;NGFR;CD74;JAG1;DUSP3;DAB2IP;FUZ;ATP1B2;MIF;PODN;RNF41;RHOB;BRMS1;ADAM15;DNAJA4;DLG5;ADGRB1;EVL;EPPK1;CALR;NF2;EPHA1;TRIB1;OGT;ENG
418,GO_Biological_Process_2026,Cellular Response to UV-B (GO:0071493),0.0033286139228765137,0.04306001737494735,0,0,5.792524682651622,33.047507770592745,MAPK11;MFAP4;CDKN1A;STK11;HYAL2;HYAL3;CRIP1
419,GO_Biological_Process_2026,Glycosaminoglycan Catabolic Process (GO:0006027),0.0033286139228765137,0.04306001737494735,0,0,5.792524682651622,33.047507770592745,TGFB1;HYAL2;HYAL3;GUSB;GNS;SGSH;SLC9A1
421,GO_Biological_Process_2026,Positive Regulation of Brown Fat Cell Differentiation (GO:0090336),0.0033286139228765137,0.04306001737494735,0,0,5.792524682651622,33.047507770592745,CBX4;TFE3;SOX13;PIM1;METRNL;ZBTB7B;RREB1
420,GO_Biological_Process_2026,Keratan Sulfate Proteoglycan Biosynthetic Process (GO:0018146),0.0033286139228765137,0.04306001737494735,0,0,5.792524682651622,33.047507770592745,B3GNT7;ST3GAL4;B3GNT2;ST3GAL1;CHST2;ST3GAL2;ST3GAL3
416,GO_Biological_Process_2026,Monocarboxylic Acid Catabolic Process (GO:0072329),0.003317777058571984,0.04306001737494735,0,0,3.762407992430924,21.4775565856362,PLA2G15;FAAH;ACOT7;LDHD;NUDT19;ACAA1;FAH;LPIN1;LPIN3;PPARD
417,GO_Biological_Process_2026,Response to Amino Acid Starvation (GO:1990928),0.003324304639646292,0.04306001737494735,0,0,2.514034667204925,14.346325649027392,CDKN1A;SZT2;NPRL2;NPRL3;KICS2;TFEB;WDR24;ITFG2;MTOR;FLCN;RRAGA;LARP1;DEPDC5;KPTN;TRIM32;GCN1;MAPK3
423,GO_Biological_Process_2026,Regulation of Mast Cell Degranulation (GO:0043304),0.0033286139228765137,0.04306001737494735,0,0,5.792524682651622,33.047507770592745,FGR;CD84;CD300A;FES;STXBP2;LGALS9;UNC13D
422,GO_Biological_Process_2026,Positive Regulation of mRNA Metabolic Process (GO:1903313),0.0033286139228765137,0.04306001737494735,0,0,5.792524682651622,33.047507770592745,MOV10;UPF1;CNOT1;KHSRP;ZC3H12A;PRR5L;GTPBP1
424,GO_Biological_Process_2026,Transcription by RNA Polymerase II (GO:0006366),0.0033682689479509415,0.0434704827753198,0,0,1.5885617021276597,9.044247825399376,GMEB2;ELL;THRA;PPP1R10;ARRB2;MED16;SNAPC4;NELFB;NELFA;NELFE;KLF13;SSU72;GTF2F1;MED26;TFDP1;WDR82;MED20;RARA;CTDP1;ELOF1;NFIX;MAZ;SUPT4H1;GTF2E1;SUPT6H;RXRB;MNT;RXRA;POLR2A;DEAF1;TAF1C;POLR2C;POLR2E;E2F2;POLR2F;POLR2H;ZBTB7B;RREB1;VDR;MBD1;NR1H2;ADRM1;SUPT5H;GTF2H4;PPP1CA;CDK9;ERCC3;NFIC;ERCC2;TCEA2;TAF8;PAF1;TAF6;TAF4
425,GO_Biological_Process_2026,Positive Regulation of Double-Strand Break Repair (GO:2000781),0.0033856535611232028,0.043592276485353916,0,0,1.9124964255075778,10.878678071109196,SMARCD1;SMARCD2;SMARCB1;SMARCD3;TRRAP;PNKP;WAS;FOXM1;ACTB;MRNIP;KAT5;VPS72;RUVBL2;RUVBL1;BCL7B;DPF2;EP400;DMAP1;PIAS4;PARP3;SMARCC2;KMT5C;PRMT1;DDX11;ARID1A;SMARCA4;RNF126;TIMELESS;HDGFL2;WRAP53
427,GO_Biological_Process_2026,Regulation of T Cell Mediated Cytotoxicity (GO:0001914),0.0034379881214299437,0.04385433685126335,0,0,2.989714476212888,16.96025805406433,RIPK3;HLA-B;HLA-C;CD1E;HLA-A;CD1C;HLA-F;AGER;HLA-G;HLA-E;CEACAM1;FADD;IL12RB1
426,GO_Biological_Process_2026,Cellular Response to Vascular Endothelial Growth Factor Stimulus (GO:0035924),0.0034379881214299437,0.04385433685126335,0,0,2.989714476212888,16.96025805406433,MAP2K3;NOTCH1;EGR3;FLT4;DAB2IP;PIK3CD;RELA;VEGFA;ERN1;NR4A1;MYO1C;MAPKAPK2;PRKD2
429,GO_Biological_Process_2026,Regulation of Small Molecule Metabolic Process (GO:0062012),0.0034379881214299437,0.04385433685126335,0,0,2.989714476212888,16.96025805406433,ACADVL;EPHX2;RORC;ZFP92;FOXK1;ADIPOR1;BCKDK;DGKQ;MLYCD;FGFR4;PDK2;ABCG1;CES1
428,GO_Biological_Process_2026,Regulation of Gluconeogenesis (GO:0006111),0.0034379881214299437,0.04385433685126335,0,0,2.989714476212888,16.96025805406433,ZNF692;MTCL2;MST1;SIRT7;CLK2;GNMT;DDB1;KAT2A;DGKQ;EP300;SIK1;OGT;PDK2
6812,GO_Cellular_Component_2026,TORC2 Complex (GO:0031932),0.009254924742612957,0.04402469604898906,0,0,6.894019504171073,32.28193203867737,PRR5;MLST8;PRR5L;MTOR;TTI1
6813,GO_Cellular_Component_2026,Endolysosome Membrane (GO:0036020),0.009283468514678128,0.04402469604898906,0,0,3.677815004212465,17.21040901436791,RNF167;ABCB6;ATG16L1;TLR8;AP2A1;LDLR;TPCN2;AP2M1
430,GO_Biological_Process_2026,Response to Lipopolysaccharide (GO:0032496),0.003466189430992664,0.044111482665881115,0,0,1.7273304959508187,9.784808084671637,CX3CR1;OTUD5;SCARB1;GFI1;TNFAIP3;NOD2;TNF;RELA;PRDX3;CYP27B1;ZFP36;SBNO2;IRAK1;ZC3H12A;NLRP3;LGALS9;CCR5;GIT1;UPF1;TRIM41;NOS3;NFKBIL1;CD180;DAB2IP;LDOC1;NR1D1;TICAM1;TNFRSF1B;MMP9;NR4A1;MAPKAPK3;CD6;TNIP1;MAPKAPK2;PAF1;BPI;TRIB1;CACTIN;CD68;MYD88
431,GO_Biological_Process_2026,Positive Regulation of Stress Fiber Assembly (GO:0051496),0.0034836548389570268,0.0441289764242016,0,0,2.7001197494473104,15.281795639879443,TGFB3;FHOD1;PXN;LIMK1;TESK1;ARHGEF10L;SORBS3;PPM1F;AMOT;CDC42;RGCC;EVL;NF2;EPHA1;RAPGEF3
432,GO_Biological_Process_2026,Protein Localization to Mitochondrion (GO:0070585),0.0034836548389570268,0.0441289764242016,0,0,2.7001197494473104,15.281795639879443,TRABD;BCAP31;MOAP1;TOMM40;AIP;HK2;HK1;MAVS;PITRM1;FKBP8;SARM1;AKT1;PIN1;PMPCA;TOMM5
433,GO_Biological_Process_2026,Regulation of B Cell Receptor Signaling Pathway (GO:0050855),0.003516923753259818,0.04444775757288042,0,0,4.1382716049382715,23.381932302045367,FCMR;CD300A;CD81;CD5;CD19;GPS2;LPXN;PTPN6;FCGR2B
434,GO_Biological_Process_2026,Proteoglycan Catabolic Process (GO:0030167),0.00356050525949118,0.044689636952652455,0,0,4.729022344257753,26.661531946957933,GALNS;NAGLU;IDUA;GPC1;GUSB;GNS;SGSH;SULF2
435,GO_Biological_Process_2026,Regulation of Oxidative Phosphorylation (GO:0002082),0.00356050525949118,0.044689636952652455,0,0,4.729022344257753,26.661531946957933,MLXIPL;VCP;ACTN3;SHMT2;PPIF;MACROH2A1;ABCD1;SIRT3
436,GO_Biological_Process_2026,Response to UV-B (GO:0010224),0.00356050525949118,0.044689636952652455,0,0,4.729022344257753,26.661531946957933,MAPK11;MFAP4;CDKN1A;STK11;HYAL2;HYAL3;CRIP1;RELA
437,GO_Biological_Process_2026,Glycoprotein Biosynthetic Process (GO:0009101),0.0035958234059345518,0.04502988899897492,0,0,1.6737070895370514,9.419593828520034,DPAGT1;GAL3ST1;ST6GALNAC2;CANT1;GALNT16;PRKCSH;DERL3;RPN1;POMT1;XYLT1;PLOD1;GMPPB;GANAB;MAN2A2;MGAT5B;ST3GAL4;MAN1C1;MGAT3;MGAT1;MGAT2;ST3GAL1;ST3GAL2;GAL3ST4;GALNT9;ST3GAL3;SLC35A4;GALNT4;PMM1;GALNT2;ALG12;MOGS;ALG1;POMGNT2;POMGNT1;DDOST;TNIP1;DOLPP1;RFT1;MGAT4B;STT3A;POMK;OGT;B4GALT7;ENGASE
438,GO_Biological_Process_2026,MRNA Destabilization (GO:0061157),0.0036199971316501064,0.045229349127792334,0,0,2.169591824709378,12.195887570316774,UPF1;KHNYN;NANOS3;METTL3;MEX3D;EDC3;PABPN1L;ZFP36L1;EDC4;NYNRIN;ZC3H12D;MOV10;ALKBH5;ZFP36;FXR2;CNOT1;KHSRP;AGO1;ZC3H12A;AGO2;TUT1;DCPS
439,GO_Biological_Process_2026,Positive Regulation of miRNA Metabolic Process (GO:2000630),0.003639345634654302,0.045367751831997385,0,0,2.404430996461357,13.503167582775022,NOTCH2;SREBF1;NOTCH3;EGR1;NGFR;JUN;SPI1;SMAD3;TGFB1;SRF;KLF4;TNF;RELA;SMARCA4;MYC;ZC3H12A;ATOH8;ZSWIM8
5555,GO_Molecular_Function_2026,"Oxidoreductase Activity, Acting on NAD(P)H, Heme Protein as Acceptor (GO:0016653)",0.0026561595091532733,0.0460899790884061,0,0,8.274281685175392,49.07372205747996,CYB5R1;POR;CYB5R3;MTRR;NDOR1;CYB5RL
5552,GO_Molecular_Function_2026,Phosphotyrosine Residue Binding (GO:0001784),0.002564594879662549,0.0460899790884061,0,0,2.822972842835131,16.841728253495777,IRS1;SHC1;SHB;VAV1;CRKL;VAV2;SHF;FGR;LCK;SH3BP2;NCK2;PLCG2;PTPN6;GRAP;LDLRAP1
5554,GO_Molecular_Function_2026,MAP Kinase Phosphatase Activity (GO:0033549),0.0026561595091532733,0.0460899790884061,0,0,8.274281685175392,49.07372205747996,DUSP4;DUSP3;DUSP10;DUSP1;DUSP8;DUSP7
5553,GO_Molecular_Function_2026,Inositol Trisphosphate Phosphatase Activity (GO:0046030),0.0026561595091532733,0.0460899790884061,0,0,8.274281685175392,49.07372205747996,INPP4A;INPP5A;INPP5D;INPP5E;INPPL1;INPP5K
5556,GO_Molecular_Function_2026,Calcium Ion Binding (GO:0005509),0.00272351656858946,0.04660239461808631,0,0,1.5301708822396531,9.03693120941161,PDCD6;IHH;DYSF;CIB1;LOXL2;THBD;NCS1;CPNE1;EFHD2;SDF4;CAPN1;TGM2;ARSA;TNNC1;PLA2G4B;HPCAL1;RCN3;MYL5;PITPNM1;PITPNM3;PITPNM2;ADAM8;CDHR5;FKBP9;ITGA5;MAN1B1;DNASE1L2;TTYH3;CANT1;TTYH2;LRP1;PEF1;LTBP4;ITPR3;RASGRP2;FBLN2;THBS1;CAMKK2;SLC9A1;THBS3;PGS1;TRPM2;CRACR2A;PPP3R1;ADAMTS13;SCUBE1;SPOCK2;S100A13;MAN1C1;OTOF;CDH24;TRPM5;SLC25A23;TRPM4;GSN;KCNIP2;TUBB4A;BAIAP3;LETM1;MEX3B;NUCB1;CALM3;CALR;ESYT1;AGRN;CAPS
6815,GO_Cellular_Component_2026,CD40 Receptor Complex (GO:0035631),0.010202756924376282,0.0469326818521309,0,0,4.964145954521417,22.761092255123103,IKBKB;RNF31;CD40;DIABLO;HTRA2;TRAF2
6816,GO_Cellular_Component_2026,NpBAF Complex (GO:0071564),0.010202756924376282,0.0469326818521309,0,0,4.964145954521417,22.761092255123103,SMARCD1;SMARCB1;SMARCC2;SMARCD3;ARID1A;SMARCA4
6814,GO_Cellular_Component_2026,Microfibril (GO:0001527),0.010008270126934378,0.0469326818521309,0,0,4.137165021156559,19.04892893598307,MFAP4;COL6A2;COL6A1;LTBP4;COL6A3;FBLN2;HSPG2
440,GO_Biological_Process_2026,Monoatomic Cation Transmembrane Transport (GO:0098655),0.0038018953875497154,0.04728661270002311,0,0,1.4930158918752752,8.319466090344859,KCNK5;SLC46A1;KCNC3;KCNC4;ATP2A3;TCIRG1;PKD1;SLC39A7;SLC12A7;SCN1B;SLC12A9;KCNH2;SLC36A1;KCNH3;KCND1;ATP6AP1;SLC6A16;CACNA2D2;SLC6A12;SLC39A13;CACNA2D4;KCNK17;SLC39A14;TMEM175;CACNB1;SLC9A3;CACNB3;SLC9A5;SCNN1D;KCNQ1;KCNQ4;ORAI1;ATP6V0D1;GAS6;ATP6V0C;HCN3;KCNA2;SLC41A1;ABCB8;CACNA1G;SLC9A1;TRPM2;ASIC4;ATP5F1B;UCP2;KCNN4;TRPM5;ASIC3;TRPM4;ASIC1;KCNJ5;SLC12A4;TRPV2;ATP2B4;TRPV3;TRPV1;MCOLN1;SLC8B1;TPCN2;GRIN2D;SLC6A6;P2RX6;GRIN3B;SLC6A8;SLC6A9;FXYD6;FXYD5;HCN2
441,GO_Biological_Process_2026,Negative Regulation of Intrinsic Apoptotic Signaling Pathway (GO:2001243),0.003910559948706433,0.04847655733439857,0,0,2.3141810434421117,12.82999258770616,TMEM161A;SRC;SYVN1;HTRA2;NOC2L;MMP9;CCAR2;HERPUD1;CREB3;MAPK7;PPIF;SNAI1;AKT1;ACKR3;HYOU1;ARHGEF2;TRIM32;BCL2L1;HSPA1A
443,GO_Biological_Process_2026,Antigen Receptor-Mediated Signaling Pathway (GO:0050851),0.003924082307470002,0.04847655733439857,0,0,1.8234360609280906,10.102971344410133,BLK;RNF31;PIK3CD;CD3E;IKBKB;FCHO1;CD19;INPP5D;ZC3H12A;PLCG2;NCKAP1L;CSK;PLCG1;IKBKG;ICOSLG;SH2B2;CD276;EIF2B5;NFAM1;NFATC2;BTN3A3;HLA-A;LIME1;LAT2;ZAP70;CD4;THEMIS2;LCK;PRKD2;LCP2;RBCK1;NFKBID;LAT
442,GO_Biological_Process_2026,Protein O-linked Glycosylation (GO:0006493),0.003923568449741546,0.04847655733439857,0,0,2.0306636980933157,11.251407440207577,POMT2;ST6GALNAC2;GALNT16;POMT1;PLOD3;PLOD1;POFUT2;POFUT1;MGAT5B;ST3GAL4;XXYLT1;COLGALT1;ST3GAL1;GALNT9;ST3GAL2;ST3GAL3;SLC35A4;FKRP;GALNT4;GALNT2;POMGNT2;POMGNT1;POMK;ST6GALNAC4;OGT
444,GO_Biological_Process_2026,Negative Regulation of Cytokine Production Involved in Inflammatory Response (GO:1900016),0.00394433146779965,0.0486172092154631,0,0,3.1044203282159875,17.18444360673917,IKBKB;CHID1;NFKBIA;ZFP36;ZC3H12A;HMOX1;SIRPA;NLRC3;ADCY7;ABCD1;EXTL3;RELA
445,GO_Biological_Process_2026,Positive Regulation of T Cell Activation (GO:0050870),0.00396640046174758,0.04877961105983291,0,0,1.8417645554178226,10.184766964135523,SMARCD1;SMARCD2;SMARCB1;SMARCD3;CD81;TNFRSF13C;NOD2;CD3E;IL2RG;ACTB;HLA-DMA;PNP;FCHO1;ZMIZ1;NCK2;SIRPA;FLOT2;NCKAP1L;LGALS9;IL12RB1;CD276;CCR2;HLA-DRB5;SMARCC2;HLA-A;ARID1A;SMARCA4;CCDC88B;ZAP70;CD6;CD209;LCK
446,GO_Biological_Process_2026,Regulation of Protein Metabolic Process (GO:0051246),0.003978223321608252,0.04881555910295584,0,0,1.994660324573645,11.024327963218273,CYFIP1;CSF1;NAT10;FURIN;ALKBH5;MAPK7;TCOF1;WDR91;AKT1;LDLR;GCN1;ACE;TGFB1;WFS1;NANOS3;PCIF1;WNT7A;ABCA7;KLF4;KLF2;SSH1;FKBP1A;HGS;MAPKAPK5;DUS3L;EIF4G1
447,GO_Biological_Process_2026,Positive Regulation of Tumor Necrosis Factor Superfamily Cytokine Production (GO:1903557),0.004031273204653048,0.04935610162393297,0,0,1.9334749011974282,10.660548399984192,NOD2;AGER;ORM2;THBS1;PSMB10;LILRA5;SPN;PSMB4;PLCG2;LGALS9;FADD;CCR2;TGFB1;FZD5;CYBA;MIF;AZU1;PSMB8;HLA-E;MAVS;FCGR2A;OAS1;FRMD8;OAS2;OAS3;ADAM8;ARHGEF2;FCGR2B
448,GO_Biological_Process_2026,Cellular Response to Granulocyte Macrophage Colony-Stimulating Factor Stimulus (GO:0097011),0.004133640467647957,0.04939655330076045,0,0,10.341469862530843,56.76015830285624,CD4;ZFP36;PDE1B;NPR2;PDE2A
458,GO_Biological_Process_2026,Response to Granulocyte Macrophage Colony-Stimulating Factor (GO:0097012),0.004133640467647957,0.04939655330076045,0,0,10.341469862530843,56.76015830285624,CD4;ZFP36;PDE1B;NPR2;PDE2A
450,GO_Biological_Process_2026,Interleukin-4-mediated Signaling Pathway (GO:0035771),0.004133640467647957,0.04939655330076045,0,0,10.341469862530843,56.76015830285624,STAT5A;IL4R;STAT6;IL2RG;JAK3
454,GO_Biological_Process_2026,Positive Regulation of IRE1-mediated Unfolded Protein Response (GO:1903896),0.004133640467647957,0.04939655330076045,0,0,10.341469862530843,56.76015830285624,BCL2L11;DAB2IP;BAX;BAK1;BBC3
455,GO_Biological_Process_2026,Regulation of Chaperone-Mediated Autophagy (GO:1904714),0.004133640467647957,0.04939655330076045,0,0,10.341469862530843,56.76015830285624,CTSA;PLK3;SNRNP70;EEF1A2;ATP13A2
449,GO_Biological_Process_2026,Gland Morphogenesis (GO:0022612),0.004133640467647957,0.04939655330076045,0,0,10.341469862530843,56.76015830285624,NHERF1;TGFB1;TGFB3;MSN;EZR
456,GO_Biological_Process_2026,Regulation of Collagen Fibril Organization (GO:1904026),0.004133640467647957,0.04939655330076045,0,0,10.341469862530843,56.76015830285624,EFEMP2;TNXB;EMILIN1;AEBP1;COLGALT1
457,GO_Biological_Process_2026,Regulation of Protein Depolymerization (GO:1901879),0.004133640467647957,0.04939655330076045,0,0,10.341469862530843,56.76015830285624,SH3BP1;WDR1;MAP1S;MAP1A;SHISA5
451,GO_Biological_Process_2026,Marginal Zone B Cell Differentiation (GO:0002315),0.004133640467647957,0.04939655330076045,0,0,10.341469862530843,56.76015830285624,LFNG;NOTCH2;MFNG;PTK2B;DLL1
452,GO_Biological_Process_2026,Negative Regulation of Neutrophil Activation (GO:1902564),0.004133640467647957,0.04939655330076045,0,0,10.341469862530843,56.76015830285624,GRN;CD300A;SRC;PTPN6;FCGR2B
453,GO_Biological_Process_2026,Negative Regulation of Protein-Containing Complex Disassembly (GO:0043242),0.004133640467647957,0.04939655330076045,0,0,10.341469862530843,56.76015830285624,RUBCN;PHF23;CLEC16A;UBQLN4;HDAC6
