bc_wells,sample,species,gene_count,tscp_count,tscp_count_50dup,read_count,hg38_gene_count,hg38_tscp_count,hg38_read_count,mm10_gene_count,mm10_tscp_count,mm10_read_count,bc1_well,bc2_well,bc3_well,bc1_wind,bc2_wind,bc3_wind
38_63_47,all-well,multiplet,20946,161390,893333.17,177221,10870,57511,63133,10076,103879,114088,D2,F3,D11,38,63,47
40_66_31,all-well,multiplet,16053,76027,420828.06,83672,8555,34711,38297,7498,41316,45375,D4,F6,C7,40,66,31
14_04_94,all-well,hg38,10532,56705,313876.06,62507,10312,56427,62216,220,278,291,B2,A4,H10,14,4,94
32_61_34,all-well,hg38,10315,52281,289388.14,57533,10121,52049,57293,194,232,240,C8,F1,C10,32,61,34
24_17_44,all-well,hg38,9396,42923,237589.31,47285,9207,42714,47071,189,209,214,B12,B5,D8,24,17,44
38_87_67,all-well,hg38,9071,38631,213832.04,42418,8863,38390,42167,208,241,251,D2,H3,F7,38,87,67
32_40_35,all-well,hg38,8913,37737,208883.53,41589,8702,37503,41344,211,234,245,C8,D4,C11,32,40,35
48_86_75,all-well,hg38,8656,36359,201255.97,39964,8473,36154,39746,183,205,218,D12,H2,G3,48,86,75
28_76_51,all-well,hg38,8408,35737,197813.05,39267,8254,35554,39072,154,183,195,C4,G4,E3,28,76,51
42_14_92,all-well,hg38,8489,34240,189526.78,37761,8338,34066,37580,151,174,181,D6,B2,H8,42,14,92
10_92_40,all-well,hg38,9351,32284,178699.84,35484,7582,29499,32417,1769,2785,3067,A10,H8,D4,10,92,40
04_20_44,all-well,hg38,8105,30924,171171.91,33991,8002,30805,33870,103,119,121,A4,B8,D8,4,20,44
24_27_20,all-well,hg38,8600,29865,165310.09,32949,8075,29218,32240,525,647,709,B12,C3,B8,24,27,20
20_22_49,all-well,hg38,8489,28729,159022.05,31697,7107,26669,29443,1382,2060,2254,B8,B10,E1,20,22,49
12_95_90,all-well,hg38,8245,28167,155911.24,30999,8113,28007,30821,132,160,178,A12,H11,H6,12,95,90
26_56_94,all-well,hg38,8098,27985,154903.83,30804,7953,27816,30624,145,169,180,C2,E8,H10,26,56,94
14_68_70,all-well,hg38,7911,27475,152080.85,30277,7795,27343,30139,116,132,138,B2,F8,F10,14,68,70
43_78_29,all-well,multiplet,10203,26862,148687.75,29442,5509,12970,14192,4694,13892,15250,D7,G6,C5,43,78,29
19_88_29,all-well,hg38,7825,26820,148455.27,29509,7693,26663,29342,132,157,167,B7,H4,C5,19,88,29
32_40_50,all-well,hg38,7652,26585,147154.48,29280,7469,26380,29062,183,205,218,C8,D4,E2,32,40,50
02_07_28,all-well,hg38,7472,26288,145510.52,29004,7364,26160,28871,108,128,133,A2,A7,C4,2,7,28
48_38_05,all-well,hg38,7950,26197,145006.81,28919,7813,26046,28756,137,151,163,D12,D2,A5,48,38,5
05_05_40,all-well,multiplet,9834,25882,143263.21,28553,6539,19038,20971,3295,6844,7582,A5,A5,D4,5,5,40
17_67_44,all-well,multiplet,9750,25875,143224.46,28522,6523,19024,20958,3227,6851,7564,B5,F7,D8,17,67,44
14_33_39,all-well,hg38,7417,25735,142449.53,28169,7320,25622,28051,97,113,118,B2,C9,D3,14,33,39
14_18_85,all-well,hg38,7512,25509,141198.56,28010,7383,25355,27851,129,154,159,B2,B6,H1,14,18,85
47_47_88,all-well,hg38,7403,25308,140085.98,28014,7290,25190,27888,113,118,126,D11,D11,H4,47,47,88
16_54_41,all-well,hg38,7617,25301,140047.23,27869,7529,25194,27760,88,107,109,B4,E6,D5,16,54,41
14_90_17,all-well,hg38,7101,25052,138668.95,27656,6991,24924,27520,110,128,136,B2,H6,B5,14,90,17
24_91_82,all-well,hg38,7478,24859,137600.65,27280,7367,24738,27149,111,121,131,B12,H7,G10,24,91,82
05_07_51,all-well,hg38,7632,24778,137152.30,27313,7534,24673,27202,98,105,111,A5,A7,E3,5,7,51
12_27_15,all-well,hg38,7389,24570,136000.97,27059,7189,24341,26810,200,229,249,A12,C3,B3,12,27,15
34_22_03,all-well,hg38,7422,24382,134960.34,26854,7318,24272,26742,104,110,112,C10,B10,A3,34,22,3
24_68_63,all-well,hg38,7469,24300,134506.45,26832,7379,24200,26725,90,100,107,B12,F8,F3,24,68,63
28_17_52,all-well,hg38,7359,23922,132414.13,26360,7229,23785,26217,130,137,143,C4,B5,E4,28,17,52
38_07_94,all-well,hg38,7566,23747,131445.46,26057,7426,23582,25886,140,165,171,D2,A7,H10,38,7,94
15_58_03,all-well,multiplet,8785,23486,130000.76,25796,6049,18164,19964,2736,5322,5832,B3,E10,A3,15,58,3
32_31_11,all-well,hg38,7250,23478,129956.48,25870,7152,23373,25754,98,105,116,C8,C7,A11,32,31,11
38_13_01,all-well,hg38,7658,23303,128987.81,25596,7548,23169,25458,110,134,138,D2,B1,A1,38,13,1
27_07_81,all-well,hg38,7030,23231,128589.27,25557,6929,23115,25436,101,116,121,C3,A7,G9,27,7,81
01_27_68,all-well,hg38,7147,23154,128163.06,25536,7057,23056,25432,90,98,104,A1,C3,F8,1,27,68
24_15_78,all-well,hg38,7312,22812,126270.01,25218,7207,22692,25089,105,120,129,B12,B3,G6,24,15,78
12_63_59,all-well,hg38,7385,22740,125871.47,25156,7290,22637,25045,95,103,111,A12,F3,E11,12,63,59
32_45_59,all-well,hg38,7666,22636,125295.80,24968,7055,21933,24179,611,703,789,C8,D9,E11,32,45,59
31_54_46,all-well,hg38,7253,22620,125207.24,25011,7088,22427,24804,165,193,207,C7,E6,D10,31,54,46
47_58_05,all-well,hg38,7025,22559,124869.59,24931,6937,22465,24829,88,94,102,D11,E10,A5,47,58,5
38_93_30,all-well,multiplet,9448,22302,123447.03,24540,5520,13156,14434,3928,9146,10106,D2,H9,C6,38,93,30
19_41_10,all-well,mm10,6138,22228,123037.42,24436,147,161,164,5991,22067,24272,B7,D5,A10,19,41,10
15_22_77,all-well,hg38,7297,22219,122987.61,24472,7199,22105,24350,98,114,122,B3,B10,G5,15,22,77
12_76_65,all-well,hg38,7259,22119,122434.08,24429,7169,22020,24324,90,99,105,A12,G4,F5,12,76,65
36_64_93,all-well,hg38,7075,22109,122378.73,24389,6976,21998,24271,99,111,118,C12,F4,H9,36,64,93
48_06_56,all-well,hg38,7185,21955,121526.30,24193,7101,21862,24093,84,93,100,D12,A6,E8,48,6,56
23_41_63,all-well,hg38,6747,21844,120911.89,24151,6643,21720,24018,104,124,133,B11,D5,F3,23,41,63
33_95_91,all-well,hg38,7118,21791,120618.52,23967,7030,21691,23856,88,100,111,C9,H11,H7,33,95,91
19_22_86,all-well,hg38,6809,21644,119804.84,23861,6733,21561,23775,76,83,86,B7,B10,H2,19,22,86
09_27_53,all-well,hg38,7128,21402,118465.31,23592,7025,21276,23455,103,126,137,A9,C3,E5,9,27,53
19_64_73,all-well,hg38,6715,21337,118105.52,23575,6644,21256,23491,71,81,84,B7,F4,G1,19,64,73
16_86_59,all-well,hg38,6911,21278,117778.94,23456,6802,21151,23314,109,127,142,B4,H2,E11,16,86,59
32_01_58,all-well,hg38,6986,21232,117524.32,23335,6892,21132,23231,94,100,104,C8,A1,E10,32,1,58
26_18_39,all-well,hg38,6737,21162,117136.85,23226,6616,21007,23066,121,155,160,C2,B6,D3,26,18,39
35_69_09,all-well,hg38,6711,21145,117042.75,23318,6621,21049,23217,90,96,101,C11,F9,A9,35,69,9
15_11_57,all-well,hg38,6904,21130,116959.72,23420,6810,21023,23306,94,107,114,B3,A11,E9,15,11,57
36_22_13,all-well,hg38,6977,21053,116533.51,23188,6895,20956,23089,82,97,99,C12,B10,B1,36,22,13
15_19_23,all-well,hg38,7041,21044,116483.69,23152,6849,20819,22909,192,225,243,B3,B7,B11,15,19,23
24_29_11,all-well,hg38,7092,20990,116184.79,23162,7014,20907,23079,78,83,83,B12,C5,A11,24,29,11
01_64_10,all-well,hg38,6737,20942,115919.10,23102,6662,20862,23017,75,80,85,A1,F4,A10,1,64,10
35_88_09,all-well,hg38,6985,20705,114607.24,22895,6911,20625,22809,74,80,86,C11,H4,A9,35,88,9
27_26_13,all-well,hg38,6739,20537,113677.32,22619,6626,20398,22473,113,139,146,C3,C2,B1,27,26,13
29_73_36,all-well,hg38,6524,20522,113594.29,22601,6419,20411,22485,105,111,116,C5,G1,C12,29,73,36
14_01_72,all-well,hg38,6946,20203,111828.55,22301,6854,20091,22182,92,112,119,B2,A1,F12,14,1,72
15_49_55,all-well,multiplet,8928,20157,111573.93,22178,5367,12591,13849,3561,7566,8329,B3,E1,E7,15,49,55
16_14_34,all-well,hg38,6800,20107,111297.17,22167,6700,19986,22039,100,121,128,B4,B2,C10,16,14,34
32_72_22,all-well,hg38,6912,20060,111037.01,22157,6825,19958,22052,87,102,105,C8,F12,B10,32,72,22
25_86_19,all-well,hg38,6893,20032,110882.02,22063,6786,19920,21947,107,112,116,C1,H2,B7,25,86,19
38_58_11,all-well,hg38,6820,19922,110273.15,21873,6719,19814,21760,101,108,113,D2,E10,A11,38,58,11
36_48_69,all-well,hg38,6455,19680,108933.62,21683,6366,19581,21580,89,99,103,C12,D12,F9,36,48,69
34_59_59,all-well,multiplet,8461,19616,108579.36,21619,4326,8916,9804,4135,10700,11815,C10,E11,E11,34,59,59
28_26_21,all-well,hg38,6550,19609,108540.62,21634,6419,19470,21491,131,139,143,C4,C2,B9,28,26,21
48_09_34,all-well,multiplet,8752,19599,108485.26,21658,5748,13698,15198,3004,5901,6460,D12,A9,C10,48,9,34
44_90_03,all-well,hg38,6273,19469,107765.68,21384,6169,19351,21262,104,118,122,D8,H6,A3,44,90,3
38_40_05,all-well,hg38,7037,19406,107416.96,21435,6895,19241,21259,142,165,176,D2,D4,A5,38,40,5
46_24_07,all-well,mm10,5080,19311,106891.11,21371,153,164,177,4927,19147,21194,D10,B12,A7,46,24,7
39_90_09,all-well,multiplet,8060,19285,106747.20,21313,5709,14841,16430,2351,4444,4883,D3,H6,A9,39,90,9
31_64_20,all-well,hg38,6801,19197,106260.10,21165,6719,19104,21064,82,93,101,C7,F4,B8,31,64,20
22_28_95,all-well,hg38,6713,19143,105961.19,21092,6610,19035,20979,103,108,113,B10,C4,H11,22,28,95
15_63_39,all-well,hg38,6548,19067,105540.51,20988,6456,18947,20864,92,120,124,B3,F3,D3,15,63,39
17_36_66,all-well,hg38,6627,19044,105413.20,20962,6541,18956,20867,86,88,95,B5,C12,F6,17,36,66
02_79_21,all-well,multiplet,8252,18988,105103.23,20813,4001,8086,8809,4251,10902,12004,A2,G7,B9,2,79,21
28_92_77,all-well,hg38,6572,18969,104998.06,20918,6490,18877,20821,82,92,97,C4,H8,G5,28,92,77
46_86_60,all-well,hg38,6449,18882,104516.49,20893,6368,18792,20796,81,90,97,D10,H2,E12,46,86,60
07_23_03,all-well,hg38,6441,18791,104012.79,20763,6356,18696,20663,85,95,100,A7,B11,A3,7,23,3
14_53_47,all-well,hg38,6676,18741,103736.02,20553,6600,18660,20469,76,81,84,B2,E5,D11,14,53,47
47_91_45,all-well,multiplet,7251,18713,103581.04,20720,5486,15843,17532,1765,2870,3188,D11,H7,D9,47,91,45
41_71_11,all-well,hg38,6672,18691,103459.26,20574,6591,18602,20480,81,89,94,D5,F11,A11,41,71,11
27_74_10,all-well,mm10,5674,18519,102507.20,20362,137,144,146,5537,18375,20216,C3,G2,A10,27,74,10
12_65_30,all-well,hg38,5981,18469,102230.44,20471,5896,18378,20373,85,91,98,A12,F5,C6,12,65,30
10_03_39,all-well,multiplet,7970,18367,101665.84,20187,5714,14285,15722,2256,4082,4465,A10,A3,D3,10,3,39
32_77_49,all-well,hg38,7031,18364,101649.24,20175,6938,18254,20060,93,110,115,C8,G5,E1,32,77,49
13_28_40,all-well,hg38,6396,18304,101317.12,20121,6318,18215,20025,78,89,96,B1,C4,D4,13,28,40
34_50_34,all-well,hg38,6512,18290,101239.63,20133,6434,18202,20042,78,88,91,C10,E2,C10,34,50,34
24_78_21,all-well,hg38,6493,18246,100996.08,20059,6366,18109,19914,127,137,145,B12,G6,B9,24,78,21
12_19_78,all-well,hg38,6642,18240,100962.87,20058,6543,18129,19936,99,111,122,A12,B7,G6,12,19,78
24_18_10,all-well,hg38,6566,18196,100719.32,19968,6490,18112,19877,76,84,91,B12,B6,A10,24,18,10
22_75_10,all-well,hg38,6421,18176,100608.61,20088,6299,18045,19944,122,131,144,B10,G3,A10,22,75,10
32_04_29,all-well,hg38,6592,18148,100453.62,19948,6512,18057,19851,80,91,97,C8,A4,C5,32,4,29
43_76_52,all-well,hg38,6493,18061,99972.06,19882,6365,17905,19712,128,156,170,D7,G4,E4,43,76,52
32_29_59,all-well,hg38,6479,17964,99435.14,19720,6322,17790,19531,157,174,189,C8,C5,E11,32,29,59
44_19_68,all-well,mm10,5480,17923,99208.19,19675,137,142,155,5343,17781,19520,D8,B7,F8,44,19,68
02_57_19,all-well,hg38,6361,17805,98555.03,19641,6281,17717,19550,80,88,91,A2,E9,B7,2,57,19
24_40_20,all-well,hg38,6392,17784,98438.79,19600,6308,17694,19506,84,90,94,B12,D4,B8,24,40,20
40_61_62,all-well,hg38,6371,17783,98433.26,19540,6253,17642,19392,118,141,148,D4,F1,F2,40,61,62
41_22_05,all-well,hg38,6524,17776,98394.51,19534,6425,17663,19417,99,113,117,D5,B10,A5,41,22,5
25_94_71,all-well,hg38,6437,17722,98095.61,19529,6345,17625,19425,92,97,104,C1,H10,F11,25,94,71
01_13_95,all-well,hg38,6385,17692,97929.55,19429,6307,17612,19346,78,80,83,A1,B1,H11,1,13,95
48_35_19,all-well,hg38,6472,17672,97818.85,19516,6389,17574,19412,83,98,104,D12,C11,B7,48,35,19
16_80_02,all-well,hg38,6360,17660,97752.42,19470,6265,17535,19338,95,125,132,B4,G8,A2,16,80,2
24_74_27,all-well,hg38,6553,17659,97746.89,19392,6424,17520,19247,129,139,145,B12,G2,C3,24,74,27
07_35_49,all-well,hg38,6362,17641,97647.25,19481,6274,17546,19381,88,95,100,A7,C11,E1,7,35,49
48_67_30,all-well,multiplet,7691,17599,97414.77,19457,4445,9873,10946,3246,7726,8511,D12,F7,C6,48,67,30
38_11_11,all-well,hg38,6625,17583,97326.21,19284,6441,17380,19064,184,203,220,D2,A11,A11,38,11,11
36_40_77,all-well,hg38,4506,17543,97104.80,19221,4406,17413,19077,100,130,144,C12,D4,G5,36,40,77
43_66_87,all-well,hg38,6521,17499,96861.25,19233,6429,17388,19119,92,111,114,D7,F6,H3,43,66,87
38_66_27,all-well,hg38,6916,17457,96628.77,19294,6429,16897,18685,487,560,609,D2,F6,C3,38,66,27
28_46_28,all-well,hg38,6104,17414,96390.75,19238,6021,17325,19147,83,89,91,C4,D10,C4,28,46,28
32_28_35,all-well,hg38,6316,17381,96208.09,19115,6220,17276,19005,96,105,110,C8,C4,C11,32,28,35
10_18_67,all-well,hg38,6243,17380,96202.56,19155,6172,17305,19074,71,75,81,A10,B6,F7,10,18,67
32_18_61,all-well,hg38,6184,17374,96169.34,19108,6070,17250,18979,114,124,129,C8,B6,F1,32,18,61
39_55_69,all-well,mm10,5448,17339,95975.61,19025,141,147,150,5307,17192,18875,D3,E7,F9,39,55,69
40_43_42,all-well,multiplet,7718,17339,95975.61,19066,4526,9868,10850,3192,7471,8216,D4,D7,D6,40,43,42
19_24_16,all-well,hg38,6488,17337,95964.54,19156,6411,17254,19065,77,83,91,B7,B12,B4,19,24,16
36_33_59,all-well,hg38,6097,17272,95604.75,18974,5998,17152,18848,99,120,126,C12,C9,E11,36,33,59
48_27_34,all-well,hg38,6316,17266,95571.54,18969,6228,17158,18858,88,108,111,D12,C3,C10,48,27,34
28_40_88,all-well,hg38,6230,17253,95499.58,19080,6121,17136,18952,109,117,128,C4,D4,H4,28,40,88
32_66_46,all-well,hg38,6167,17231,95377.80,19013,6077,17135,18907,90,96,106,C8,F6,D10,32,66,46
32_50_50,all-well,hg38,6502,17211,95267.10,18978,6434,17137,18900,68,74,78,C8,E2,E2,32,50,50
48_90_39,all-well,multiplet,8133,17180,95095.51,18921,4982,10809,11871,3151,6371,7050,D12,H6,D3,48,90,39
14_50_34,all-well,hg38,6345,17169,95034.62,18967,6253,17059,18856,92,110,111,B2,E2,C10,14,50,34
43_36_40,all-well,hg38,6442,17125,94791.07,18891,6349,17022,18785,93,103,106,D7,C12,D4,43,36,40
37_17_35,all-well,hg38,6075,17114,94730.18,18820,5964,16981,18679,111,133,141,D1,B5,C11,37,17,35
48_06_07,all-well,multiplet,8061,17103,94669.29,18769,4750,10062,11060,3311,7041,7709,D12,A6,A7,48,6,7
38_58_58,all-well,hg38,6582,17102,94663.76,18840,6436,16944,18669,146,158,171,D2,E10,E10,38,58,58
15_79_86,all-well,hg38,6314,17092,94608.40,18846,6205,16975,18724,109,117,122,B3,G7,H2,15,79,86
20_16_62,all-well,hg38,6164,17051,94381.46,18869,6086,16967,18783,78,84,86,B8,B4,F2,20,16,62
32_52_11,all-well,hg38,6030,16987,94027.20,18740,5968,16917,18667,62,70,73,C8,E4,A11,32,52,11
29_26_79,all-well,hg38,6304,16909,93595.46,18611,6237,16841,18540,67,68,71,C5,C2,G7,29,26,79
17_94_22,all-well,hg38,6223,16819,93097.28,18572,6098,16683,18431,125,136,141,B5,H10,B10,17,94,22
32_02_09,all-well,hg38,6136,16813,93064.07,18535,5974,16630,18333,162,183,202,C8,A2,A9,32,2,9
24_87_59,all-well,hg38,6401,16806,93025.32,18504,6333,16732,18423,68,74,81,B12,H3,E11,24,87,59
07_54_13,all-well,hg38,6019,16770,92826.06,18525,5907,16634,18382,112,136,143,A7,E6,B1,7,54,13
19_74_38,all-well,hg38,6100,16752,92726.42,18460,6014,16657,18360,86,95,100,B7,G2,D2,19,74,38
16_59_21,all-well,multiplet,7718,16749,92709.82,18528,4234,9039,9995,3484,7710,8533,B4,E11,B9,16,59,21
38_62_61,all-well,hg38,6424,16739,92654.46,18394,6315,16605,18251,109,134,143,D2,F2,F1,38,62,61
25_18_93,all-well,hg38,6107,16718,92538.22,18405,5969,16573,18253,138,145,152,C1,B6,H9,25,18,93
22_93_19,all-well,hg38,6116,16704,92460.73,18453,6032,16617,18362,84,87,91,B10,H9,B7,22,93,19
36_34_05,all-well,multiplet,7914,16680,92327.88,18321,4453,8790,9687,3461,7890,8634,C12,C10,A5,36,34,5
40_23_59,all-well,multiplet,7927,16634,92073.26,18278,4756,9683,10678,3171,6951,7600,D4,B11,E11,40,23,59
16_41_34,all-well,hg38,6265,16627,92034.52,18308,6145,16479,18148,120,148,160,B4,D5,C10,16,41,34
34_71_75,all-well,hg38,6303,16611,91945.95,18262,6245,16549,18197,58,62,65,C10,F11,G3,34,71,75
15_26_18,all-well,multiplet,7592,16607,91923.81,18270,4687,10420,11460,2905,6187,6810,B3,C2,B6,15,26,18
38_41_28,all-well,hg38,6317,16603,91901.67,18300,6233,16512,18209,84,91,91,D2,D5,C4,38,41,28
22_07_28,all-well,hg38,6241,16534,91519.74,18211,6161,16447,18121,80,87,90,B10,A7,C4,22,7,28
16_46_69,all-well,hg38,6046,16500,91331.54,18278,5930,16364,18134,116,136,144,B4,D10,F9,16,46,69
37_27_20,all-well,hg38,6223,16480,91220.84,18170,6070,16304,17981,153,176,189,D1,C3,B8,37,27,20
01_34_82,all-well,hg38,6212,16480,91220.84,18138,6145,16411,18066,67,69,72,A1,C10,G10,1,34,82
34_43_05,all-well,multiplet,7885,16478,91209.76,18170,4510,8862,9776,3375,7616,8394,C10,D7,A5,34,43,5
01_29_45,all-well,hg38,6310,16439,90993.89,18053,6228,16350,17958,82,89,95,A1,C5,D9,1,29,45
39_37_35,all-well,hg38,6111,16406,90811.23,18045,5999,16281,17912,112,125,133,D3,D1,C11,39,37,35
28_40_02,all-well,hg38,5775,16375,90639.63,18077,5720,16318,18017,55,57,60,C4,D4,A2,28,40,2
32_28_84,all-well,hg38,6022,16373,90628.56,18033,5954,16301,17956,68,72,77,C8,C4,G12,32,28,84
05_14_57,all-well,hg38,5939,16364,90578.75,18105,5854,16273,18011,85,91,94,A5,B2,E9,5,14,57
25_58_41,all-well,hg38,6304,16339,90440.37,18041,6227,16259,17961,77,80,80,C1,E10,D5,25,58,41
22_18_39,all-well,hg38,6030,16318,90324.13,18015,5942,16228,17919,88,90,96,B10,B6,D3,22,18,39
24_46_73,all-well,hg38,6277,16316,90313.05,17950,6215,16250,17883,62,66,67,B12,D10,G1,24,46,73
15_64_05,all-well,hg38,6070,16305,90252.17,18017,5961,16179,17884,109,126,133,B3,F4,A5,15,64,5
32_95_20,all-well,hg38,6460,16304,90246.63,17886,6325,16152,17722,135,152,164,C8,H11,B8,32,95,20
16_64_91,all-well,hg38,6090,16303,90241.10,17970,6016,16219,17882,74,84,88,B4,F4,H7,16,64,91
22_18_01,all-well,hg38,6085,16278,90102.72,17914,6000,16192,17822,85,86,92,B10,B6,A1,22,18,1
07_33_46,all-well,hg38,6097,16251,89953.26,17980,5964,16094,17810,133,157,170,A7,C9,D10,7,33,46
28_53_46,all-well,hg38,5675,16238,89881.31,17933,5562,16111,17799,113,127,134,C4,E5,D10,28,53,46
16_07_72,all-well,hg38,6157,16214,89748.46,17850,6091,16129,17762,66,85,88,B4,A7,F12,16,7,72
32_05_20,all-well,hg38,5913,16164,89471.70,17790,5838,16083,17706,75,81,84,C8,A5,B8,32,5,20
34_05_55,all-well,hg38,5983,16139,89333.32,17724,5919,16067,17647,64,72,77,C10,A5,E7,34,5,55
24_68_09,all-well,hg38,6315,16070,88951.38,17657,6244,15990,17574,71,80,83,B12,F8,A9,24,68,9
43_54_82,all-well,hg38,6331,16065,88923.71,17623,6210,15938,17492,121,127,131,D7,E6,G10,43,54,82
32_54_13,all-well,hg38,5959,16049,88835.14,17698,5883,15964,17607,76,85,91,C8,E6,B1,32,54,13
42_27_40,all-well,hg38,5768,16047,88824.07,17676,5681,15948,17575,87,99,101,D6,C3,D4,42,27,40
11_38_04,all-well,multiplet,7715,16011,88624.81,17712,4449,8974,9917,3266,7037,7795,A11,D2,A4,11,38,4
09_20_75,all-well,multiplet,7651,15981,88458.75,17553,4638,9694,10689,3013,6287,6864,A9,B8,G3,9,20,75
37_46_63,all-well,hg38,5787,15968,88386.79,17670,5697,15874,17571,90,94,99,D1,D10,F3,37,46,63
40_87_56,all-well,hg38,6142,15967,88381.25,17560,6045,15859,17445,97,108,115,D4,H3,E8,40,87,56
24_61_85,all-well,hg38,6060,15963,88359.11,17541,6002,15902,17477,58,61,64,B12,F1,H1,24,61,85
34_23_28,all-well,mm10,5250,15960,88342.51,17593,140,148,156,5110,15812,17437,C10,B11,C4,34,23,28
38_39_63,all-well,hg38,6137,15957,88325.90,17551,6030,15843,17430,107,114,121,D2,D3,F3,38,39,63
12_18_59,all-well,hg38,5823,15951,88292.69,17648,5729,15843,17537,94,108,111,A12,B6,E11,12,18,59
43_33_65,all-well,hg38,6158,15943,88248.41,17507,6070,15848,17405,88,95,102,D7,C9,F5,43,33,65
38_86_54,all-well,hg38,6385,15938,88220.73,17545,6280,15818,17419,105,120,126,D2,H2,E6,38,86,54
34_17_03,all-well,hg38,6301,15892,87966.11,17477,6223,15805,17387,78,87,90,C10,B5,A3,34,17,3
31_75_59,all-well,hg38,5986,15867,87827.73,17487,5880,15748,17356,106,119,131,C7,G3,E11,31,75,59
34_22_27,all-well,multiplet,7698,15838,87667.21,17413,4296,8088,8885,3402,7750,8528,C10,B10,C3,34,22,27
24_90_78,all-well,hg38,6136,15830,87622.93,17445,6064,15751,17361,72,79,84,B12,H6,G6,24,90,78
19_68_76,all-well,hg38,5817,15807,87495.62,17448,5761,15747,17383,56,60,65,B7,F8,G4,19,68,76
22_40_40,all-well,hg38,5920,15780,87346.16,17454,5831,15688,17356,89,92,98,B10,D4,D4,22,40,40
43_90_17,all-well,hg38,6346,15778,87335.09,17366,5974,15298,16849,372,480,517,D7,H6,B5,43,90,17
36_37_48,all-well,multiplet,7545,15730,87069.40,17282,4734,10124,11136,2811,5606,6146,C12,D1,D12,36,37,48
07_63_01,all-well,hg38,5832,15705,86931.02,17368,5775,15644,17304,57,61,64,A7,F3,A1,7,63,1
36_87_64,all-well,hg38,5886,15697,86886.74,17306,5825,15622,17226,61,75,80,C12,H3,F4,36,87,64
24_33_66,all-well,hg38,6353,15679,86787.10,17320,6276,15598,17237,77,81,83,B12,C9,F6,24,33,66
32_14_43,all-well,hg38,6147,15655,86654.26,17224,6027,15523,17084,120,132,140,C8,B2,D7,32,14,43
38_82_71,all-well,mm10,5023,15631,86521.41,17093,186,201,212,4837,15430,16881,D2,G10,F11,38,82,71
26_40_69,all-well,hg38,5958,15607,86388.57,17199,5897,15541,17127,61,66,72,C2,D4,F9,26,40,69
16_65_59,all-well,hg38,5776,15598,86338.75,17262,5702,15510,17167,74,88,95,B4,F5,E11,16,65,59
40_29_59,all-well,hg38,5932,15582,86250.19,17156,5696,15304,16857,236,278,299,D4,C5,E11,40,29,59
43_79_52,all-well,multiplet,7591,15581,86244.65,17067,4732,10422,11443,2859,5159,5624,D7,G7,E4,43,79,52
22_23_95,all-well,hg38,5861,15574,86205.90,17184,5777,15485,17091,84,89,93,B10,B11,H11,22,23,95
10_87_15,all-well,hg38,6119,15561,86133.95,17123,6052,15490,17049,67,71,74,A10,H3,B3,10,87,15
25_56_67,all-well,hg38,5870,15546,86050.92,17116,5800,15470,17030,70,76,86,C1,E8,F7,25,56,67
15_08_18,all-well,multiplet,7444,15545,86045.38,17054,4457,9749,10699,2987,5796,6355,B3,A8,B6,15,8,18
19_49_34,all-well,hg38,6101,15543,86034.31,17087,5995,15421,16957,106,122,130,B7,E1,C10,19,49,34
30_95_81,all-well,hg38,6180,15538,86006.63,17090,6107,15456,17007,73,82,83,C6,H11,G9,30,95,81
16_27_65,all-well,hg38,5757,15533,85978.96,17148,5685,15442,17049,72,91,99,B4,C3,F5,16,27,65
15_32_81,all-well,mm10,4949,15481,85691.13,17050,142,155,169,4807,15326,16881,B3,C8,G9,15,32,81
32_01_54,all-well,hg38,5770,15470,85630.24,17075,5694,15393,16997,76,77,78,C8,A1,E6,32,1,54
02_85_40,all-well,hg38,6010,15406,85275.98,16905,5949,15333,16828,61,73,77,A2,H1,D4,2,85,40
09_28_84,all-well,hg38,6077,15396,85220.63,16916,5989,15303,16816,88,93,100,A9,C4,G12,9,28,84
05_75_18,all-well,hg38,5818,15383,85148.67,17037,5743,15297,16949,75,86,88,A5,G3,B6,5,75,18
15_57_03,all-well,hg38,5963,15352,84977.08,16872,5848,15226,16736,115,126,136,B3,E9,A3,15,57,3
13_69_19,all-well,mm10,5347,15352,84977.08,16881,133,137,146,5214,15215,16735,B1,F9,B7,13,69,19
25_91_22,all-well,hg38,5778,15348,84954.94,16861,5702,15268,16776,76,80,85,C1,H7,B10,25,91,22
16_42_41,all-well,hg38,5834,15313,84761.20,16861,5755,15221,16764,79,92,97,B4,D6,D5,16,42,41
41_13_94,all-well,hg38,5878,15284,84600.68,16773,5781,15155,16639,97,129,134,D5,B1,H10,41,13,94
40_18_43,all-well,hg38,5873,15253,84429.09,16741,5744,15108,16588,129,145,153,D4,B6,D7,40,18,43
14_94_63,all-well,hg38,6038,15222,84257.50,16803,5979,15156,16731,59,66,72,B2,H10,F3,14,94,63
46_56_69,all-well,hg38,5590,15205,84163.40,16756,5493,15098,16646,97,107,110,D10,E8,F9,46,56,69
32_17_28,all-well,hg38,5611,15164,83936.45,16688,5473,15012,16531,138,152,157,C8,B5,C4,32,17,28
34_71_95,all-well,hg38,6024,15136,83781.47,16621,5959,15063,16543,65,73,78,C10,F11,H11,34,71,95
29_50_87,all-well,hg38,5956,15136,83781.47,16705,5886,15056,16622,70,80,83,C5,E2,H3,29,50,87
36_68_30,all-well,hg38,5775,15132,83759.33,16598,5705,15055,16518,70,77,80,C12,F8,C6,36,68,30
05_35_76,all-well,hg38,6196,15132,83759.33,16714,5394,14074,15529,802,1058,1185,A5,C11,G4,5,35,76
46_54_63,all-well,hg38,5823,15123,83709.51,16709,5739,15034,16614,84,89,95,D10,E6,F3,46,54,63
14_66_42,all-well,hg38,5836,15069,83410.60,16628,5753,14980,16534,83,89,94,B2,F6,D6,14,66,42
25_21_34,all-well,hg38,5953,15063,83377.39,16589,5847,14940,16461,106,123,128,C1,B9,C10,25,21,34
19_66_96,all-well,hg38,5888,15021,83144.91,16621,5809,14934,16526,79,87,95,B7,F6,H12,19,66,96
24_33_46,all-well,hg38,5925,15013,83100.63,16520,5858,14936,16436,67,77,84,B12,C9,D10,24,33,46
28_59_30,all-well,hg38,5756,14981,82923.50,16509,5646,14862,16376,110,119,133,C4,E11,C6,28,59,30
16_11_10,all-well,hg38,5808,14977,82901.36,16543,5738,14881,16445,70,96,98,B4,A11,A10,16,11,10
24_18_81,all-well,hg38,5788,14974,82884.76,16449,5742,14928,16401,46,46,48,B12,B6,G9,24,18,81
14_40_45,all-well,hg38,6030,14971,82868.15,16447,5966,14892,16364,64,79,83,B2,D4,D9,14,40,45
14_43_34,all-well,hg38,5690,14969,82857.08,16539,5628,14905,16471,62,64,68,B2,D7,C10,14,43,34
25_70_34,all-well,mm10,5097,14968,82851.54,16489,259,282,306,4838,14686,16183,C1,F10,C10,25,70,34
40_69_95,all-well,hg38,5880,14964,82829.40,16460,5755,14820,16305,125,144,155,D4,F9,H11,40,69,95
27_63_09,all-well,multiplet,7034,14947,82735.30,16476,3176,5774,6370,3858,9173,10106,C3,F3,A9,27,63,9
15_71_46,all-well,hg38,6085,14941,82702.09,16456,5974,14816,16322,111,125,134,B3,F11,D10,15,71,46
40_80_59,all-well,hg38,5841,14933,82657.81,16443,5752,14841,16349,89,92,94,D4,G8,E11,40,80,59
11_42_48,all-well,multiplet,7210,14922,82596.92,16487,3490,6367,7061,3720,8555,9426,A11,D6,D12,11,42,48
09_21_39,all-well,hg38,5914,14921,82591.39,16444,5849,14846,16367,65,75,77,A9,B9,D3,9,21,39
28_53_35,all-well,hg38,5764,14894,82441.94,16399,5587,14703,16188,177,191,211,C4,E5,C11,28,53,35
36_22_94,all-well,hg38,5766,14891,82425.33,16366,5681,14795,16265,85,96,101,C12,B10,H10,36,22,94
32_63_87,all-well,hg38,6315,14887,82403.19,16427,6201,14767,16297,114,120,130,C8,F3,H3,32,63,87
07_14_34,all-well,hg38,5553,14880,82364.44,16344,5487,14810,16270,66,70,74,A7,B2,C10,7,14,34
48_69_42,all-well,hg38,5951,14841,82148.57,16355,5898,14782,16291,53,59,64,D12,F9,D6,48,69,42
13_56_57,all-well,hg38,5579,14828,82076.61,16311,5484,14723,16201,95,105,110,B1,E8,E9,13,56,57
32_61_47,all-well,hg38,5975,14825,82060.00,16291,5811,14654,16109,164,171,182,C8,F1,D11,32,61,47
14_28_63,all-well,hg38,5814,14816,82010.19,16379,5744,14736,16290,70,80,89,B2,C4,F3,14,28,63
15_87_05,all-well,hg38,5545,14806,81954.84,16308,5471,14721,16215,74,85,93,B3,H3,A5,15,87,5
43_73_87,all-well,multiplet,7239,14798,81910.55,16298,4781,10367,11421,2458,4431,4877,D7,G1,H3,43,73,87
27_40_66,all-well,hg38,5741,14790,81866.27,16337,5664,14708,16252,77,82,85,C3,D4,F6,27,40,66
42_88_83,all-well,hg38,5641,14786,81844.13,16351,5563,14703,16266,78,83,85,D6,H4,G11,42,88,83
31_41_39,all-well,hg38,5633,14752,81655.93,16340,5478,14553,16123,155,199,217,C7,D5,D3,31,41,39
42_68_93,all-well,hg38,5559,14735,81561.83,16238,5504,14674,16173,55,61,65,D6,F8,H9,42,68,93
25_02_87,all-well,hg38,5800,14733,81550.76,16257,5695,14623,16140,105,110,117,C1,A2,H3,25,2,87
48_28_07,all-well,mm10,5172,14713,81440.06,16256,115,119,123,5057,14594,16133,D12,C4,A7,48,28,7
01_26_21,all-well,hg38,5540,14698,81357.03,16203,5474,14619,16116,66,79,87,A1,C2,B9,1,26,21
32_73_05,all-well,mm10,5222,14692,81323.82,16100,144,152,159,5078,14540,15941,C8,G1,A5,32,73,5
27_48_04,all-well,mm10,4808,14689,81307.21,16194,106,114,118,4702,14575,16076,C3,D12,A4,27,48,4
23_20_52,all-well,hg38,6012,14682,81268.46,16132,5960,14620,16066,52,62,66,B11,B8,E4,23,20,52
02_72_79,all-well,multiplet,7113,14675,81229.72,16133,4833,10931,12021,2280,3744,4112,A2,F12,G7,2,72,79
25_26_63,all-well,hg38,5816,14673,81218.65,16169,5688,14538,16029,128,135,140,C1,C2,F3,25,26,63
14_42_15,all-well,mm10,4858,14672,81213.11,16126,136,146,153,4722,14526,15973,B2,D6,B3,14,42,15
32_36_59,all-well,hg38,5592,14644,81058.13,16079,5530,14579,16010,62,65,69,C8,C12,E11,32,36,59
26_56_07,all-well,hg38,6043,14631,80986.17,16086,5965,14547,15998,78,84,88,C2,E8,A7,26,56,7
28_60_06,all-well,multiplet,7245,14627,80964.03,16127,3869,7453,8214,3376,7174,7913,C4,E12,A6,28,60,6
39_67_93,all-well,hg38,5733,14627,80964.03,16122,5661,14555,16049,72,72,73,D3,F7,H9,39,67,93
42_13_21,all-well,hg38,5801,14627,80964.03,16125,5737,14560,16057,64,67,68,D6,B1,B9,42,13,21
14_94_09,all-well,hg38,5726,14620,80925.28,16121,5646,14533,16027,80,87,94,B2,H10,A9,14,94,9
13_61_21,all-well,hg38,5625,14597,80797.97,16053,5537,14505,15959,88,92,94,B1,F1,B9,13,61,21
38_31_39,all-well,hg38,5972,14593,80775.83,15989,5879,14493,15885,93,100,104,D2,C7,D3,38,31,39
37_23_81,all-well,hg38,5717,14587,80742.62,15993,5652,14516,15921,65,71,72,D1,B11,G9,37,23,81
31_05_23,all-well,hg38,5677,14555,80565.49,16080,5618,14486,16007,59,69,73,C7,A5,B11,31,5,23
10_42_09,all-well,hg38,5856,14552,80548.88,16043,5785,14478,15964,71,74,79,A10,D6,A9,10,42,9
43_66_75,all-well,hg38,5840,14530,80427.11,16064,5683,14353,15882,157,177,182,D7,F6,G3,43,66,75
19_57_69,all-well,hg38,5933,14503,80277.66,15981,5861,14428,15903,72,75,78,B7,E9,F9,19,57,69
01_88_28,all-well,mm10,4631,14467,80078.39,15965,122,136,148,4509,14331,15817,A1,H4,C4,1,88,28
40_87_51,all-well,hg38,5612,14447,79967.68,15974,5523,14338,15859,89,109,115,D4,H3,E3,40,87,51
31_73_50,all-well,hg38,5718,14418,79807.16,15866,5610,14303,15737,108,115,129,C7,G1,E2,31,73,50
32_75_67,all-well,hg38,5466,14387,79635.57,15874,5362,14267,15750,104,120,124,C8,G3,F7,32,75,67
14_29_71,all-well,hg38,5911,14375,79569.14,15776,5825,14278,15676,86,97,100,B2,C5,F11,14,29,71
40_36_03,all-well,hg38,5781,14366,79519.33,15858,5705,14285,15770,76,81,88,D4,C12,A3,40,36,3
04_78_45,all-well,hg38,5927,14355,79458.44,15868,5863,14280,15790,64,75,78,A4,G6,D9,4,78,45
14_35_95,all-well,multiplet,7195,14319,79259.17,15794,3720,6894,7620,3475,7425,8174,B2,C11,H11,14,35,95
48_45_06,all-well,hg38,5885,14301,79159.54,15671,5826,14239,15608,59,62,63,D12,D9,A6,48,45,6
32_56_95,all-well,hg38,5859,14294,79120.79,15731,5770,14196,15628,89,98,103,C8,E8,H11,32,56,95
40_27_92,all-well,hg38,5634,14292,79109.72,15710,5545,14197,15611,89,95,99,D4,C3,H8,40,27,92
02_05_80,all-well,hg38,5712,14283,79059.90,15730,5619,14180,15621,93,103,109,A2,A5,G8,2,5,80
10_73_26,all-well,hg38,6269,14272,78999.01,15656,5277,12929,14171,992,1343,1485,A10,G1,C2,10,73,26
13_22_41,all-well,hg38,5712,14211,78661.36,15611,5592,14080,15476,120,131,135,B1,B10,D5,13,22,41
20_26_04,all-well,multiplet,6855,14200,78600.48,15694,4296,9095,10068,2559,5105,5626,B8,C2,A4,20,26,4
12_72_34,all-well,hg38,5485,14178,78478.70,15578,5418,14104,15498,67,74,80,A12,F12,C10,12,72,34
16_64_84,all-well,hg38,5480,14174,78456.56,15680,5407,14086,15585,73,88,95,B4,F4,G12,16,64,84
01_14_19,all-well,hg38,5671,14170,78434.42,15602,5614,14111,15539,57,59,63,A1,B2,B7,1,14,19
28_72_94,all-well,hg38,5540,14168,78423.35,15564,5440,14059,15452,100,109,112,C4,F12,H10,28,72,94
14_34_66,all-well,hg38,5746,14152,78334.79,15622,5702,14104,15573,44,48,49,B2,C10,F6,14,34,66
26_29_03,all-well,hg38,5714,14151,78329.25,15549,5647,14075,15470,67,76,79,C2,C5,A3,26,29,3
32_51_82,all-well,hg38,5662,14146,78301.57,15529,5572,14048,15425,90,98,104,C8,E3,G10,32,51,82
28_06_58,all-well,multiplet,7019,14134,78235.15,15569,4364,8905,9846,2655,5229,5723,C4,A6,E10,28,6,58
21_31_68,all-well,hg38,5625,14134,78235.15,15598,5553,14059,15517,72,75,81,B9,C7,F8,21,31,68
26_15_95,all-well,hg38,5888,14131,78218.54,15545,5793,14029,15438,95,102,107,C2,B3,H11,26,15,95
24_14_94,all-well,hg38,5732,14107,78085.70,15487,5656,14024,15393,76,83,94,B12,B2,H10,24,14,94
38_46_64,all-well,hg38,5953,14096,78024.81,15561,5894,14028,15492,59,68,69,D2,D10,F4,38,46,64
09_42_22,all-well,hg38,5730,14087,77974.99,15536,5595,13936,15378,135,151,158,A9,D6,B10,9,42,22
43_15_06,all-well,hg38,5769,14071,77886.43,15502,5681,13964,15394,88,107,108,D7,B3,A6,43,15,6
34_86_16,all-well,hg38,5927,14067,77864.29,15458,5836,13970,15359,91,97,99,C10,H2,B4,34,86,16
25_23_51,all-well,hg38,5679,14055,77797.87,15550,5606,13972,15465,73,83,85,C1,B11,E3,25,23,51
27_95_89,all-well,hg38,5692,14043,77731.44,15454,5623,13961,15368,69,82,86,C3,H11,H5,27,95,89
13_02_44,all-well,hg38,5850,14017,77587.53,15405,5745,13905,15287,105,112,118,B1,A2,D8,13,2,44
34_64_55,all-well,hg38,5670,13979,77377.19,15426,5608,13913,15358,62,66,68,C10,F4,E7,34,64,55
32_10_78,all-well,mm10,4977,13960,77272.02,15340,101,108,111,4876,13852,15229,C8,A10,G6,32,10,78
19_56_52,all-well,hg38,5791,13957,77255.41,15325,5727,13890,15256,64,67,69,B7,E8,E4,19,56,52
11_69_46,all-well,hg38,5595,13956,77249.88,15379,5521,13877,15296,74,79,83,A11,F9,D10,11,69,46
13_64_20,all-well,hg38,5657,13938,77150.24,15310,5585,13859,15226,72,79,84,B1,F4,B8,13,64,20
07_90_84,all-well,hg38,5595,13928,77094.89,15415,5496,13814,15299,99,114,116,A7,H6,G12,7,90,84
48_70_45,all-well,hg38,5447,13909,76989.72,15285,5390,13848,15221,57,61,64,D12,F10,D9,48,70,45
39_71_21,all-well,hg38,5592,13877,76812.59,15322,5404,13669,15089,188,208,233,D3,F11,B9,39,71,21
26_43_43,all-well,hg38,5715,13874,76795.99,15425,5640,13788,15330,75,86,95,C2,D7,D7,26,43,43
31_40_19,all-well,hg38,5559,13859,76712.96,15294,5443,13729,15153,116,130,141,C7,D4,B7,31,40,19
28_39_12,all-well,hg38,5834,13852,76674.21,15206,5762,13776,15125,72,76,81,C4,D3,A12,28,39,12
19_06_20,all-well,hg38,5636,13852,76674.21,15232,5552,13755,15125,84,97,107,B7,A6,B8,19,6,20
43_33_92,all-well,hg38,5769,13852,76674.21,15220,5687,13768,15130,82,84,90,D7,C9,H8,43,33,92
15_52_36,all-well,hg38,5704,13846,76641.00,15244,5611,13743,15136,93,103,108,B3,E4,C12,15,52,36
15_45_51,all-well,hg38,5499,13821,76502.62,15210,5438,13756,15142,61,65,68,B3,D9,E3,15,45,51
36_94_90,all-well,hg38,5756,13810,76441.73,15183,5684,13731,15100,72,79,83,C12,H10,H6,36,94,90
43_26_09,all-well,hg38,5477,13806,76419.59,15130,5345,13647,14964,132,159,166,D7,C2,A9,43,26,9
40_01_10,all-well,hg38,5440,13804,76408.52,15271,5342,13696,15159,98,108,112,D4,A1,A10,40,1,10
34_62_19,all-well,mm10,4348,13802,76397.45,15204,105,110,116,4243,13692,15088,C10,F2,B7,34,62,19
28_22_33,all-well,hg38,5417,13795,76358.70,15206,5355,13728,15135,62,67,71,C4,B10,C9,28,22,33
36_57_17,all-well,hg38,5609,13773,76236.93,15237,5532,13693,15151,77,80,86,C12,E9,B5,36,57,17
34_96_85,all-well,hg38,5730,13757,76148.36,15057,5680,13701,14995,50,56,62,C10,H12,H1,34,96,85
13_87_37,all-well,hg38,5693,13755,76137.29,15109,5613,13665,15018,80,90,91,B1,H3,D1,13,87,37
31_02_76,all-well,hg38,5481,13754,76131.76,15071,5414,13677,14990,67,77,81,C7,A2,G4,31,2,76
31_07_28,all-well,hg38,5496,13748,76098.55,15171,5402,13637,15057,94,111,114,C7,A7,C4,31,7,28
32_75_71,all-well,hg38,5668,13740,76054.26,15139,5596,13661,15059,72,79,80,C8,G3,F11,32,75,71
24_33_39,all-well,hg38,5444,13728,75987.84,15069,5380,13654,14993,64,74,76,B12,C9,D3,24,33,39
15_02_67,all-well,hg38,5667,13724,75965.70,15062,5596,13648,14985,71,76,77,B3,A2,F7,15,2,67
33_93_03,all-well,hg38,5533,13722,75954.63,15018,5480,13665,14956,53,57,62,C9,H9,A3,33,93,3
01_19_39,all-well,hg38,5696,13712,75899.28,15127,5612,13621,15033,84,91,94,A1,B7,D3,1,19,39
20_68_22,all-well,hg38,5354,13711,75893.74,15195,5290,13642,15122,64,69,73,B8,F8,B10,20,68,22
28_46_64,all-well,hg38,5611,13710,75888.21,15101,5559,13656,15043,52,54,58,C4,D10,F4,28,46,64
43_52_03,all-well,mm10,4993,13710,75888.21,15011,136,145,155,4857,13565,14856,D7,E4,A3,43,52,3
35_57_15,all-well,hg38,5692,13697,75816.25,15091,5649,13650,15037,43,47,54,C11,E9,B3,35,57,15
07_62_50,all-well,hg38,5654,13673,75683.40,15151,5572,13589,15060,82,84,91,A7,F2,E2,7,62,50
32_67_06,all-well,hg38,5559,13673,75683.40,15130,5433,13538,14987,126,135,143,C8,F7,A6,32,67,6
28_05_04,all-well,hg38,5730,13664,75633.59,15028,5662,13589,14948,68,75,80,C4,A5,A4,28,5,4
40_57_61,all-well,hg38,5572,13660,75611.44,15086,5462,13531,14943,110,129,143,D4,E9,F1,40,57,61
46_32_30,all-well,hg38,5356,13645,75528.42,15101,5285,13563,15015,71,82,86,D10,C8,C6,46,32,30
20_90_96,all-well,hg38,5475,13626,75423.25,15039,5408,13550,14959,67,76,80,B8,H6,H12,20,90,96
06_07_55,all-well,hg38,5456,13624,75412.18,15049,5381,13547,14967,75,77,82,A6,A7,E7,6,7,55
16_31_79,all-well,hg38,5461,13619,75384.50,15039,5375,13515,14925,86,104,114,B4,C7,G7,16,31,79
19_34_47,all-well,hg38,5358,13617,75373.43,15041,5307,13560,14982,51,57,59,B7,C10,D11,19,34,47
15_67_47,all-well,hg38,5519,13611,75340.22,15018,5421,13502,14901,98,109,117,B3,F7,D11,15,67,47
11_62_36,all-well,hg38,5535,13611,75340.22,15034,5483,13556,14972,52,55,62,A11,F2,C12,11,62,36
12_86_11,all-well,mm10,4989,13608,75323.61,14931,109,115,116,4880,13493,14815,A12,H2,A11,12,86,11
32_84_39,all-well,mm10,4895,13603,75295.94,14957,105,110,119,4790,13493,14838,C8,G12,D3,32,84,39
15_79_15,all-well,hg38,5409,13601,75284.87,15033,5334,13523,14950,75,78,83,B3,G7,B3,15,79,15
36_43_73,all-well,hg38,5613,13598,75268.26,14959,5560,13541,14899,53,57,60,C12,D7,G1,36,43,73
14_05_43,all-well,hg38,5309,13595,75251.65,15000,5243,13524,14925,66,71,75,B2,A5,D7,14,5,43
13_22_04,all-well,hg38,5607,13567,75096.67,15008,5532,13488,14922,75,79,86,B1,B10,A4,13,22,4
07_26_56,all-well,hg38,5576,13556,75035.78,14980,5492,13466,14887,84,90,93,A7,C2,E8,7,26,56
31_07_21,all-well,hg38,5458,13556,75035.78,15026,5360,13445,14907,98,111,119,C7,A7,B9,31,7,21
38_28_63,all-well,hg38,5926,13555,75030.24,14895,5827,13444,14780,99,111,115,D2,C4,F3,38,28,63
28_15_41,all-well,hg38,5340,13544,74969.36,14915,5250,13446,14811,90,98,104,C4,B3,D5,28,15,41
22_66_55,all-well,hg38,5460,13543,74963.82,14935,5383,13460,14848,77,83,87,B10,F6,E7,22,66,55
46_73_68,all-well,hg38,5093,13516,74814.37,14888,4989,13393,14749,104,123,139,D10,G1,F8,46,73,68
08_34_68,all-well,hg38,5467,13516,74814.37,14971,5396,13438,14891,71,78,80,A8,C10,F8,8,34,68
38_70_24,all-well,hg38,5786,13515,74808.83,14832,5698,13417,14724,88,98,108,D2,F10,B12,38,70,24
47_38_73,all-well,hg38,5556,13515,74808.83,14879,5498,13451,14811,58,64,68,D11,D2,G1,47,38,73
09_43_75,all-well,mm10,4777,13514,74803.30,14827,106,118,125,4671,13396,14702,A9,D7,G3,9,43,75
38_22_52,all-well,hg38,5633,13511,74786.69,14840,5548,13420,14748,85,91,92,D2,B10,E4,38,22,52
25_69_28,all-well,hg38,5451,13498,74714.73,14839,5337,13365,14701,114,133,138,C1,F9,C4,25,69,28
43_48_42,all-well,hg38,6003,13495,74698.13,14805,5922,13400,14704,81,95,101,D7,D12,D6,43,48,42
41_21_47,all-well,hg38,5593,13489,74664.92,14867,5530,13423,14800,63,66,67,D5,B9,D11,41,21,47
34_22_08,all-well,hg38,5547,13488,74659.38,14884,5446,13377,14768,101,111,116,C10,B10,A8,34,22,8
26_42_66,all-well,hg38,5691,13478,74604.03,14905,5614,13389,14812,77,89,93,C2,D6,F6,26,42,66
24_05_31,all-well,hg38,5968,13460,74504.40,14767,5911,13398,14702,57,62,65,B12,A5,C7,24,5,31
46_46_80,all-well,hg38,5466,13458,74493.33,14923,5395,13386,14843,71,72,80,D10,D10,G8,46,46,80
14_58_67,all-well,hg38,5400,13458,74493.33,14817,5323,13376,14732,77,82,85,B2,E10,F7,14,58,67
21_93_10,all-well,hg38,5485,13454,74471.18,14879,5429,13394,14816,56,60,63,B9,H9,A10,21,93,10
16_22_08,all-well,hg38,5382,13434,74360.48,14848,5276,13312,14713,106,122,135,B4,B10,A8,16,22,8
15_64_50,all-well,hg38,5773,13422,74294.06,14800,5663,13304,14679,110,118,121,B3,F4,E2,15,64,50
38_10_86,all-well,hg38,5730,13417,74266.38,14791,5674,13355,14725,56,62,66,D2,A10,H2,38,10,86
30_07_25,all-well,hg38,5577,13401,74177.82,14791,5489,13302,14689,88,99,102,C6,A7,C1,30,7,25
27_53_63,all-well,hg38,5577,13400,74172.28,14724,5533,13352,14672,44,48,52,C3,E5,F3,27,53,63
10_04_88,all-well,hg38,5375,13397,74155.68,14699,5317,13334,14634,58,63,65,A10,A4,H4,10,4,88
39_50_17,all-well,hg38,5629,13396,74150.14,14768,5558,13322,14687,71,74,81,D3,E2,B5,39,50,17
01_70_05,all-well,multiplet,6216,13392,74128.00,14729,1941,2666,2919,4275,10726,11810,A1,F10,A5,1,70,5
32_39_41,all-well,hg38,5485,13367,73989.62,14738,5405,13282,14648,80,85,90,C8,D3,D5,32,39,41
10_69_08,all-well,hg38,5620,13355,73923.19,14694,5568,13300,14637,52,55,57,A10,F9,A8,10,69,8
41_26_33,all-well,hg38,5651,13348,73884.45,14640,5585,13276,14563,66,72,77,D5,C2,C9,41,26,33
28_31_68,all-well,multiplet,6450,13334,73806.95,14684,3327,6788,7498,3123,6546,7186,C4,C7,F8,28,31,68
36_01_65,all-well,hg38,5311,13332,73795.88,14656,5236,13244,14566,75,88,90,C12,A1,F5,36,1,65
09_88_53,all-well,multiplet,6684,13315,73701.79,14665,3458,6664,7321,3226,6651,7344,A9,H4,E5,9,88,53
48_27_45,all-well,hg38,5578,13313,73690.71,14728,5513,13243,14652,65,70,76,D12,C3,D9,48,27,45
38_13_58,all-well,hg38,5450,13307,73657.50,14701,5390,13243,14634,60,64,67,D2,B1,E10,38,13,58
16_29_35,all-well,hg38,5600,13306,73651.97,14699,5520,13219,14610,80,87,89,B4,C5,C11,16,29,35
11_74_04,all-well,hg38,5249,13274,73474.84,14644,5178,13199,14567,71,75,77,A11,G2,A4,11,74,4
35_61_20,all-well,hg38,5576,13268,73441.63,14694,5505,13194,14616,71,74,78,C11,F1,B8,35,61,20
02_74_13,all-well,hg38,5050,13261,73402.88,14577,4987,13195,14506,63,66,71,A2,G2,B1,2,74,13
13_75_54,all-well,hg38,5684,13255,73369.67,14607,5579,13140,14481,105,115,126,B1,G3,E6,13,75,54
33_40_81,all-well,hg38,5548,13253,73358.60,14610,5484,13185,14538,64,68,72,C9,D4,G9,33,40,81
26_21_68,all-well,multiplet,6614,13246,73319.85,14715,3300,5512,6113,3314,7734,8602,C2,B9,F8,26,21,68
13_18_84,all-well,hg38,5485,13235,73258.97,14598,5401,13149,14507,84,86,91,B1,B6,G12,13,18,84
25_18_06,all-well,hg38,5617,13227,73214.68,14596,5516,13119,14483,101,108,113,C1,B6,A6,25,18,6
39_68_09,all-well,hg38,5453,13205,73092.91,14593,5402,13150,14536,51,55,57,D3,F8,A9,39,68,9
43_69_22,all-well,hg38,5593,13189,73004.34,14491,5532,13118,14418,61,71,73,D7,F9,B10,43,69,22
22_88_80,all-well,hg38,5584,13188,72998.81,14564,5506,13105,14479,78,83,85,B10,H4,G8,22,88,80
38_64_26,all-well,hg38,5450,13187,72993.27,14442,5399,13136,14386,51,51,56,D2,F4,C2,38,64,26
37_19_86,all-well,hg38,5415,13178,72943.46,14505,5345,13103,14427,70,75,78,D1,B7,H2,37,19,86
12_49_33,all-well,hg38,5514,13165,72871.50,14496,5433,13076,14401,81,89,95,A12,E1,C9,12,49,33
42_63_21,all-well,hg38,5125,13162,72854.89,14511,5078,13113,14455,47,49,56,D6,F3,B9,42,63,21
17_68_32,all-well,hg38,5682,13156,72821.68,14454,5611,13081,14378,71,75,76,B5,F8,C8,17,68,32
41_14_55,all-well,hg38,5430,13144,72755.26,14462,5368,13072,14381,62,72,81,D5,B2,E7,41,14,55
24_67_91,all-well,mm10,4844,13142,72744.19,14414,146,160,173,4698,12982,14241,B12,F7,H7,24,67,91
01_64_20,all-well,hg38,5437,13140,72733.12,14550,5354,13053,14456,83,87,94,A1,F4,B8,1,64,20
44_18_10,all-well,hg38,5679,13135,72705.44,14496,5593,13040,14394,86,95,102,D8,B6,A10,44,18,10
34_18_28,all-well,hg38,5494,13128,72666.69,14534,5399,13024,14424,95,104,110,C10,B6,C4,34,18,28
42_62_35,all-well,hg38,4997,13127,72661.16,14506,4890,13008,14380,107,119,126,D6,F2,C11,42,62,35
35_93_18,all-well,hg38,5289,13127,72661.16,14428,5230,13067,14365,59,60,63,C11,H9,B6,35,93,18
36_88_85,all-well,hg38,5649,13126,72655.62,14389,5583,13052,14312,66,74,77,C12,H4,H1,36,88,85
37_14_80,all-well,hg38,5553,13123,72639.02,14475,5483,13045,14395,70,78,80,D1,B2,G8,37,14,80
22_41_80,all-well,hg38,5185,13118,72611.34,14476,5111,13037,14388,74,81,88,B10,D5,G8,22,41,80
42_42_17,all-well,hg38,5641,13111,72572.60,14422,5587,13053,14360,54,58,62,D6,D6,B5,42,42,17
24_39_52,all-well,hg38,5620,13103,72528.31,14308,5551,13030,14231,69,73,77,B12,D3,E4,24,39,52
38_82_02,all-well,mm10,4831,13096,72489.57,14309,125,131,134,4706,12965,14175,D2,G10,A2,38,82,2
37_61_21,all-well,hg38,5377,13095,72484.03,14447,5307,13018,14365,70,77,82,D1,F1,B9,37,61,21
28_59_18,all-well,hg38,5484,13088,72445.28,14412,5400,12998,14315,84,90,97,C4,E11,B6,28,59,18
07_76_01,all-well,hg38,5188,13047,72218.34,14324,5126,12981,14257,62,66,67,A7,G4,A1,7,76,1
12_40_09,all-well,mm10,4711,13044,72201.73,14315,119,129,138,4592,12915,14177,A12,D4,A9,12,40,9
27_75_61,all-well,hg38,5599,13028,72113.17,14321,5516,12936,14223,83,92,98,C3,G3,F1,27,75,61
10_46_43,all-well,hg38,5332,13028,72113.17,14328,5282,12975,14272,50,53,56,A10,D10,D7,10,46,43
38_71_93,all-well,mm10,4809,13009,72008.00,14323,136,144,146,4673,12865,14177,D2,F11,H9,38,71,93
24_42_21,all-well,mm10,4670,13000,71958.18,14255,118,123,127,4552,12877,14128,B12,D6,B9,24,42,21
11_26_66,all-well,hg38,5505,12992,71913.90,14333,5458,12942,14281,47,50,52,A11,C2,F6,11,26,66
24_88_63,all-well,hg38,5464,12987,71886.22,14230,5400,12916,14157,64,71,73,B12,H4,F3,24,88,63
24_33_69,all-well,hg38,5390,12969,71786.59,14325,5329,12901,14251,61,68,74,B12,C9,F9,24,33,69
20_41_91,all-well,hg38,5364,12968,71781.06,14344,5292,12892,14262,72,76,82,B8,D5,H7,20,41,91
43_13_81,all-well,mm10,4764,12952,71692.49,14244,101,108,119,4663,12844,14125,D7,B1,G9,43,13,81
10_13_42,all-well,hg38,5353,12946,71659.28,14208,5282,12869,14127,71,77,81,A10,B1,D6,10,13,42
44_63_11,all-well,hg38,5512,12944,71648.21,14283,5351,12759,14085,161,185,198,D8,F3,A11,44,63,11
41_25_44,all-well,mm10,4888,12936,71603.93,14176,77,81,83,4811,12855,14093,D5,C1,D8,41,25,44
16_84_46,all-well,hg38,5716,12932,71581.79,14188,5654,12858,14112,62,74,76,B4,G12,D10,16,84,46
09_48_31,all-well,hg38,5215,12932,71581.79,14286,5157,12869,14217,58,63,69,A9,D12,C7,9,48,31
32_46_78,all-well,hg38,5292,12930,71570.72,14224,5251,12886,14179,41,44,45,C8,D10,G6,32,46,78
48_23_56,all-well,hg38,5017,12905,71432.33,14196,4964,12847,14135,53,58,61,D12,B11,E8,48,23,56
09_88_56,all-well,hg38,5293,12897,71388.05,14216,5231,12825,14143,62,72,73,A9,H4,E8,9,88,56
24_92_10,all-well,hg38,5439,12867,71222.00,14110,5382,12809,14050,57,58,60,B12,H8,A10,24,92,10
43_32_63,all-well,hg38,5553,12866,71216.46,14148,5466,12770,14049,87,96,99,D7,C8,F3,43,32,63
38_68_82,all-well,hg38,5773,12864,71205.39,14210,5672,12756,14093,101,108,117,D2,F8,G10,38,68,82
12_57_34,all-well,hg38,5569,12848,71116.83,14109,5450,12711,13964,119,137,145,A12,E9,C10,12,57,34
38_52_27,all-well,hg38,5919,12843,71089.15,14109,5821,12739,14000,98,104,109,D2,E4,C3,38,52,27
12_41_45,all-well,hg38,5343,12837,71055.94,14081,5270,12754,13995,73,83,86,A12,D5,D9,12,41,45
05_36_56,all-well,hg38,5620,12824,70983.98,14154,5554,12751,14079,66,73,75,A5,C12,E8,5,36,56
14_40_95,all-well,mm10,4761,12815,70934.16,14031,95,99,104,4666,12716,13927,B2,D4,H11,14,40,95
40_52_72,all-well,hg38,5323,12812,70917.56,14086,5228,12704,13968,95,108,118,D4,E4,F12,40,52,72
39_74_45,all-well,hg38,5057,12809,70900.95,14169,4935,12670,14017,122,139,152,D3,G2,D9,39,74,45
41_29_63,all-well,hg38,5335,12803,70867.74,14112,5287,12749,14054,48,54,58,D5,C5,F3,41,29,63
26_73_33,all-well,hg38,5416,12788,70784.71,14116,5333,12701,14024,83,87,92,C2,G1,C9,26,73,33
36_05_49,all-well,hg38,5463,12779,70734.89,14177,5407,12717,14110,56,62,67,C12,A5,E1,36,5,49
12_55_50,all-well,hg38,5195,12778,70729.36,14036,5133,12706,13961,62,72,75,A12,E7,E2,12,55,50
34_69_91,all-well,hg38,5356,12774,70707.22,14036,5262,12679,13931,94,95,105,C10,F9,H7,34,69,91
24_74_58,all-well,hg38,5186,12772,70696.15,14012,5127,12708,13941,59,64,71,B12,G2,E10,24,74,58
41_06_86,all-well,hg38,5394,12770,70685.08,14085,5340,12705,14019,54,65,66,D5,A6,H2,41,6,86
25_14_40,all-well,mm10,4750,12766,70662.94,14037,243,267,300,4507,12499,13737,C1,B2,D4,25,14,40
36_69_20,all-well,hg38,5115,12749,70568.84,14009,5068,12699,13956,47,50,53,C12,F9,B8,36,69,20
38_86_21,all-well,hg38,5895,12741,70524.55,14022,5270,11973,13163,625,768,859,D2,H2,B9,38,86,21
34_18_73,all-well,hg38,5440,12730,70463.67,14024,5366,12649,13940,74,81,84,C10,B6,G1,34,18,73
32_04_91,all-well,hg38,5584,12723,70424.92,13999,5374,12496,13750,210,227,249,C8,A4,H7,32,4,91
15_17_19,all-well,mm10,4555,12723,70424.92,14007,98,103,111,4457,12620,13896,B3,B5,B7,15,17,19
32_76_16,all-well,mm10,4723,12718,70397.24,13931,156,169,180,4567,12549,13751,C8,G4,B4,32,76,16
14_45_14,all-well,hg38,5403,12717,70391.71,14104,5359,12668,14051,44,49,53,B2,D9,B2,14,45,14
25_72_94,all-well,hg38,5424,12691,70247.79,13961,5307,12566,13826,117,125,135,C1,F12,H10,25,72,94
15_75_56,all-well,hg38,5667,12687,70225.65,14015,5445,12428,13736,222,259,279,B3,G3,E8,15,75,56
40_22_84,all-well,hg38,5333,12684,70209.05,13997,5226,12563,13866,107,121,131,D4,B10,G12,40,22,84
43_19_30,all-well,hg38,5758,12681,70192.44,13890,5701,12617,13822,57,64,68,D7,B7,C6,43,19,30
40_49_54,all-well,hg38,5428,12679,70181.37,13998,5320,12561,13869,108,118,129,D4,E1,E6,40,49,54
16_22_49,all-well,hg38,5042,12663,70092.81,13936,4931,12535,13796,111,128,140,B4,B10,E1,16,22,49
34_35_92,all-well,hg38,5455,12661,70081.74,13910,5387,12589,13835,68,72,75,C10,C11,H8,34,35,92
43_84_58,all-well,hg38,5473,12648,70009.78,13919,5414,12582,13847,59,66,72,D7,G12,E10,43,84,58
05_27_80,all-well,hg38,5262,12647,70004.24,13926,5210,12591,13869,52,56,57,A5,C3,G8,5,27,80
36_71_38,all-well,hg38,5363,12646,69998.71,13817,5301,12580,13749,62,66,68,C12,F11,D2,36,71,38
43_39_69,all-well,hg38,5497,12644,69987.64,13869,5436,12574,13793,61,70,76,D7,D3,F9,43,39,69
34_69_92,all-well,mm10,4645,12640,69965.49,13881,86,94,99,4559,12546,13782,C10,F9,H8,34,69,92
14_04_64,all-well,hg38,5486,12637,69948.89,13852,5355,12491,13695,131,146,157,B2,A4,F4,14,4,64
12_29_61,all-well,hg38,5134,12636,69943.35,13954,5060,12558,13869,74,78,85,A12,C5,F1,12,29,61
16_28_42,all-well,hg38,5215,12636,69943.35,13935,5147,12560,13850,68,76,85,B4,C4,D6,16,28,42
16_59_83,all-well,hg38,5359,12631,69915.68,13959,5241,12494,13815,118,137,144,B4,E11,G11,16,59,83
48_07_42,all-well,hg38,5278,12620,69854.79,13859,5215,12549,13786,63,71,73,D12,A7,D6,48,7,42
14_39_29,all-well,hg38,5580,12617,69838.18,13848,5488,12515,13742,92,102,106,B2,D3,C5,14,39,29
15_05_64,all-well,hg38,5197,12612,69810.51,13959,5151,12560,13903,46,52,56,B3,A5,F4,15,5,64
24_22_04,all-well,hg38,5570,12600,69744.09,13930,5508,12532,13858,62,68,72,B12,B10,A4,24,22,4
16_05_32,all-well,hg38,5191,12596,69721.94,13913,5118,12510,13822,73,86,91,B4,A5,C8,16,5,32
21_57_36,all-well,hg38,5059,12595,69716.41,13865,5005,12538,13804,54,57,61,B9,E9,C12,21,57,36
27_15_45,all-well,hg38,5295,12591,69694.27,13884,5228,12516,13807,67,75,77,C3,B3,D9,27,15,45
34_44_04,all-well,hg38,5363,12576,69611.24,13809,5300,12509,13739,63,67,70,C10,D8,A4,34,44,4
24_68_49,all-well,hg38,5362,12572,69589.10,13800,5299,12504,13730,63,68,70,B12,F8,E1,24,68,49
27_16_45,all-well,hg38,5290,12563,69539.28,13909,5232,12498,13841,58,65,68,C3,B4,D9,27,16,45
09_63_96,all-well,mm10,4634,12555,69495.00,13768,95,98,98,4539,12457,13670,A9,F3,H12,9,63,96
39_36_96,all-well,hg38,5195,12553,69483.93,13781,5117,12457,13679,78,96,102,D3,C12,H12,39,36,96
38_06_49,all-well,hg38,5726,12550,69467.32,13810,5656,12472,13729,70,78,81,D2,A6,E1,38,6,49
31_66_11,all-well,hg38,5323,12544,69434.11,13838,5207,12416,13705,116,128,133,C7,F6,A11,31,66,11
13_47_76,all-well,hg38,5203,12542,69423.04,13806,5158,12493,13753,45,49,53,B1,D11,G4,13,47,76
12_37_58,all-well,mm10,4763,12539,69406.44,13806,183,192,205,4580,12347,13601,A12,D1,E10,12,37,58
15_37_30,all-well,hg38,5477,12535,69384.29,13818,5417,12473,13751,60,62,67,B3,D1,C6,15,37,30
34_94_79,all-well,hg38,5194,12533,69373.22,13777,5133,12471,13710,61,62,67,C10,H10,G7,34,94,79
48_54_87,all-well,hg38,5352,12527,69340.01,13761,5289,12455,13687,63,72,74,D12,E6,H3,48,54,87
42_66_54,all-well,mm10,4493,12526,69334.48,13776,120,124,130,4373,12402,13646,D6,F6,E6,42,66,54
22_18_12,all-well,hg38,5235,12516,69279.12,13801,5184,12462,13746,51,54,55,B10,B6,A12,22,18,12
12_73_58,all-well,mm10,4686,12511,69251.45,13760,97,100,102,4589,12411,13658,A12,G1,E10,12,73,58
31_71_67,all-well,hg38,5286,12493,69151.81,13792,5216,12415,13708,70,78,84,C7,F11,F7,31,71,67
17_23_04,all-well,hg38,5378,12492,69146.28,13796,5325,12437,13735,53,55,61,B5,B11,A4,17,23,4
40_15_94,all-well,hg38,5280,12471,69030.04,13712,5216,12398,13635,64,73,77,D4,B3,H10,40,15,94
41_34_54,all-well,hg38,5331,12465,68996.83,13690,5276,12404,13629,55,61,61,D5,C10,E6,41,34,54
37_13_68,all-well,hg38,5226,12445,68886.12,13657,5173,12390,13602,53,55,55,D1,B1,F8,37,13,68
15_52_05,all-well,mm10,4566,12444,68880.59,13651,140,148,160,4426,12296,13491,B3,E4,A5,15,52,5
32_79_02,all-well,hg38,5565,12430,68803.09,13653,5454,12310,13523,111,120,130,C8,G7,A2,32,79,2
14_18_67,all-well,hg38,5350,12427,68786.49,13629,5303,12380,13579,47,47,50,B2,B6,F7,14,18,67
32_05_35,all-well,hg38,5134,12424,68769.88,13673,5052,12324,13560,82,100,113,C8,A5,C11,32,5,35
32_90_56,all-well,hg38,5045,12417,68731.14,13646,5000,12370,13598,45,47,48,C8,H6,E8,32,90,56
24_21_13,all-well,hg38,5217,12416,68725.60,13638,5168,12361,13579,49,55,59,B12,B9,B1,24,21,13
21_91_47,all-well,hg38,5195,12409,68686.85,13698,5134,12347,13635,61,62,63,B9,H7,D11,21,91,47
29_81_81,all-well,hg38,5366,12407,68675.78,13624,5313,12303,13515,53,104,109,C5,G9,G9,29,81,81
22_62_92,all-well,hg38,5160,12406,68670.25,13751,5095,12337,13675,65,69,76,B10,F2,H8,22,62,92
35_22_38,all-well,hg38,5267,12396,68614.90,13701,5216,12340,13640,51,56,61,C11,B10,D2,35,22,38
38_90_03,all-well,hg38,5511,12394,68603.82,13627,5422,12301,13529,89,93,98,D2,H6,A3,38,90,3
25_57_17,all-well,hg38,5298,12390,68581.68,13657,5184,12273,13526,114,117,131,C1,E9,B5,25,57,17
14_91_82,all-well,hg38,5292,12384,68548.47,13629,5207,12293,13536,85,91,93,B2,H7,G10,14,91,82
39_70_32,all-well,hg38,5379,12382,68537.40,13635,5313,12309,13559,66,73,76,D3,F10,C8,39,70,32
24_39_04,all-well,hg38,5472,12371,68476.51,13532,5402,12291,13450,70,80,82,B12,D3,A4,24,39,4
28_90_94,all-well,hg38,5058,12368,68459.91,13711,4991,12297,13639,67,71,72,C4,H6,H10,28,90,94
24_18_36,all-well,hg38,5408,12368,68459.91,13594,5358,12316,13541,50,52,53,B12,B6,C12,24,18,36
32_73_95,all-well,hg38,5424,12363,68432.23,13607,5370,12307,13549,54,56,58,C8,G1,H11,32,73,95
15_72_70,all-well,hg38,5179,12363,68432.23,13601,5106,12283,13516,73,80,85,B3,F12,F10,15,72,70
16_40_04,all-well,hg38,5075,12359,68410.09,13658,5004,12276,13572,71,83,86,B4,D4,A4,16,40,4
04_17_55,all-well,hg38,5260,12358,68404.56,13607,5199,12289,13534,61,69,73,A4,B5,E7,4,17,55
43_13_48,all-well,hg38,5494,12356,68393.49,13536,5410,12264,13440,84,92,96,D7,B1,D12,43,13,48
11_59_21,all-well,hg38,5586,12356,68393.49,13643,5454,12211,13482,132,145,161,A11,E11,B9,11,59,21
41_18_77,all-well,mm10,4475,12355,68387.95,13594,92,95,100,4383,12260,13494,D5,B6,G5,41,18,77
32_48_21,all-well,mm10,4698,12344,68327.06,13540,132,140,155,4566,12204,13385,C8,D12,B9,32,48,21
43_41_63,all-well,hg38,5302,12340,68304.92,13598,5229,12262,13512,73,78,86,D7,D5,F3,43,41,63
09_37_58,all-well,hg38,5352,12337,68288.32,13595,5283,12255,13504,69,82,91,A9,D1,E10,9,37,58
28_62_04,all-well,hg38,5113,12323,68210.82,13598,5006,12208,13479,107,115,119,C4,F2,A4,28,62,4
07_82_42,all-well,hg38,5270,12311,68144.40,13594,5201,12234,13514,69,77,80,A7,G10,D6,7,82,42
19_63_21,all-well,hg38,5111,12306,68116.72,13576,5053,12243,13507,58,63,69,B7,F3,B9,19,63,21
27_52_76,all-well,hg38,5368,12304,68105.65,13520,5301,12233,13444,67,71,76,C3,E4,G4,27,52,76
12_06_86,all-well,hg38,5132,12302,68094.58,13524,5067,12231,13448,65,71,76,A12,A6,H2,12,6,86
27_85_09,all-well,hg38,5277,12295,68055.84,13574,5210,12220,13494,67,75,80,C3,H1,A9,27,85,9
42_93_82,all-well,multiplet,6129,12286,68006.02,13545,3042,6182,6829,3087,6104,6716,D6,H9,G10,42,93,82
25_73_66,all-well,multiplet,6123,12283,67989.41,13506,2527,4040,4462,3596,8243,9044,C1,G1,F6,25,73,66
41_31_64,all-well,hg38,5512,12276,67950.67,13549,5453,12208,13478,59,68,71,D5,C7,F4,41,31,64
15_06_03,all-well,hg38,5222,12274,67939.60,13522,5172,12224,13469,50,50,53,B3,A6,A3,15,6,3
15_82_22,all-well,hg38,5209,12268,67906.38,13443,5113,12161,13329,96,107,114,B3,G10,B10,15,82,22
17_14_63,all-well,hg38,5310,12258,67851.03,13555,5234,12176,13471,76,82,84,B5,B2,F3,17,14,63
30_90_92,all-well,hg38,5300,12253,67823.36,13520,5252,12201,13467,48,52,53,C6,H6,H8,30,90,92
15_87_84,all-well,hg38,5256,12249,67801.21,13510,5179,12162,13420,77,87,90,B3,H3,G12,15,87,84
25_19_35,all-well,hg38,5185,12231,67701.58,13491,5116,12158,13416,69,73,75,C1,B7,C11,25,19,35
26_19_86,all-well,hg38,5331,12228,67684.97,13548,5273,12165,13485,58,63,63,C2,B7,H2,26,19,86
36_76_41,all-well,hg38,5466,12222,67651.76,13457,5388,12135,13368,78,87,89,C12,G4,D5,36,76,41
24_46_17,all-well,hg38,5282,12210,67585.34,13498,5243,12169,13454,39,41,44,B12,D10,B5,24,46,17
24_95_44,all-well,hg38,5553,12206,67563.20,13439,5497,12146,13373,56,60,66,B12,H11,D8,24,95,44
43_87_20,all-well,hg38,5230,12200,67529.99,13439,5126,12085,13317,104,115,122,D7,H3,B8,43,87,20
12_50_30,all-well,mm10,4536,12188,67463.56,13371,106,109,116,4430,12079,13255,A12,E2,C6,12,50,30
46_92_93,all-well,hg38,5267,12180,67419.28,13465,5166,12066,13344,101,114,121,D10,H8,H9,46,92,93
16_42_72,all-well,hg38,5428,12178,67408.21,13402,5341,12074,13286,87,104,116,B4,D6,F12,16,42,72
37_68_17,all-well,hg38,5324,12169,67358.39,13462,5275,12110,13402,49,59,60,D1,F8,B5,37,68,17
25_88_84,all-well,hg38,5256,12167,67347.32,13352,5173,12084,13264,83,83,88,C1,H4,G12,25,88,84
22_53_21,all-well,hg38,5135,12155,67280.90,13396,5079,12096,13334,56,59,62,B10,E5,B9,22,53,21
41_06_58,all-well,hg38,5089,12153,67269.83,13350,5001,12041,13231,88,112,119,D5,A6,E10,41,6,58
07_43_86,all-well,hg38,5269,12151,67258.76,13420,5216,12093,13358,53,58,62,A7,D7,H2,7,43,86
43_69_46,all-well,hg38,5357,12150,67253.22,13281,5285,12066,13189,72,84,92,D7,F9,D10,43,69,46
39_57_11,all-well,hg38,5198,12148,67242.15,13440,5098,12032,13312,100,116,128,D3,E9,A11,39,57,11
16_28_53,all-well,hg38,5217,12138,67186.80,13373,5124,12030,13254,93,108,119,B4,C4,E5,16,28,53
48_68_63,all-well,hg38,5124,12135,67170.20,13480,5060,12062,13401,64,73,79,D12,F8,F3,48,68,63
01_70_86,all-well,hg38,5082,12134,67164.66,13378,5019,12069,13308,63,65,70,A1,F10,H2,1,70,86
14_59_95,all-well,hg38,5113,12131,67148.06,13345,5015,12021,13226,98,110,119,B2,E11,H11,14,59,95
48_68_59,all-well,hg38,5168,12131,67148.06,13361,5127,12088,13312,41,43,49,D12,F8,E11,48,68,59
36_23_13,all-well,hg38,5343,12124,67109.31,13319,5253,12018,13205,90,106,114,C12,B11,B1,36,23,13
30_32_67,all-well,multiplet,6169,12122,67098.24,13351,3426,6393,7021,2743,5729,6330,C6,C8,F7,30,32,67
32_79_08,all-well,mm10,4768,12117,67070.56,13299,139,147,154,4629,11970,13145,C8,G7,A8,32,79,8
32_74_75,all-well,hg38,5296,12093,66937.72,13383,5235,12029,13314,61,64,69,C8,G2,G3,32,74,75
28_36_31,all-well,hg38,5189,12091,66926.65,13357,5128,12030,13295,61,61,62,C4,C12,C7,28,36,31
12_34_61,all-well,hg38,5004,12080,66865.76,13346,4955,12023,13288,49,57,58,A12,C10,F1,12,34,61
38_22_44,all-well,mm10,4629,12080,66865.76,13305,128,132,139,4501,11948,13166,D2,B10,D8,38,22,44
12_32_13,all-well,hg38,5112,12065,66782.73,13287,5028,11973,13187,84,92,100,A12,C8,B1,12,32,13
30_02_68,all-well,hg38,5256,12051,66705.24,13292,5193,11984,13223,63,67,69,C6,A2,F8,30,2,68
27_79_38,all-well,hg38,5145,12050,66699.70,13187,5079,11976,13107,66,74,80,C3,G7,D2,27,79,38
42_57_11,all-well,hg38,5131,12037,66627.74,13238,5087,11990,13189,44,47,49,D6,E9,A11,42,57,11
15_95_73,all-well,hg38,5295,12037,66627.74,13250,5210,11942,13148,85,95,102,B3,H11,G1,15,95,73
13_45_56,all-well,hg38,5239,12031,66594.53,13209,5183,11971,13144,56,60,65,B1,D9,E8,13,45,56
31_75_79,all-well,hg38,5163,12028,66577.93,13253,5087,11942,13162,76,86,91,C7,G3,G7,31,75,79
16_64_35,all-well,hg38,5097,12025,66561.32,13290,5024,11947,13209,73,78,81,B4,F4,C11,16,64,35
16_95_38,all-well,mm10,4677,12022,66544.71,13217,127,141,148,4550,11881,13069,B4,H11,D2,16,95,38
25_36_13,all-well,multiplet,6196,12021,66539.18,13191,4014,8368,9162,2182,3653,4029,C1,C12,B1,25,36,13
32_93_70,all-well,hg38,5400,12008,66467.22,13208,5341,11947,13140,59,61,68,C8,H9,F10,32,93,70
28_49_45,all-well,hg38,5052,11980,66312.23,13130,4997,11925,13068,55,55,62,C4,E1,D9,28,49,45
30_75_32,all-well,hg38,5026,11979,66306.70,13177,4962,11909,13106,64,70,71,C6,G3,C8,30,75,32
43_43_19,all-well,hg38,5474,11976,66290.09,13179,5423,11918,13116,51,58,63,D7,D7,B7,43,43,19
34_62_35,all-well,hg38,5409,11976,66290.09,13181,4936,11417,12571,473,559,610,C10,F2,C11,34,62,35
14_08_33,all-well,hg38,5220,11963,66218.13,13174,5166,11903,13112,54,60,62,B2,A8,C9,14,8,33
34_35_75,all-well,hg38,4959,11950,66146.18,13145,4886,11872,13062,73,78,83,C10,C11,G3,34,35,75
43_40_68,all-well,mm10,4694,11949,66140.64,13113,124,132,138,4570,11817,12975,D7,D4,F8,43,40,68
31_40_91,all-well,hg38,5195,11939,66085.29,13194,5143,11878,13128,52,61,66,C7,D4,H7,31,40,91
24_26_11,all-well,hg38,5285,11935,66063.15,13156,5223,11871,13086,62,64,70,B12,C2,A11,24,26,11
34_69_41,all-well,hg38,5150,11931,66041.01,13112,5090,11867,13045,60,64,67,C10,F9,D5,34,69,41
25_39_47,all-well,hg38,5194,11931,66041.01,13114,5119,11854,13031,75,77,83,C1,D3,D11,25,39,47
39_14_08,all-well,hg38,5162,11922,65991.19,13125,5104,11864,13062,58,58,63,D3,B2,A8,39,14,8
14_68_78,all-well,hg38,4842,11905,65897.09,13075,4781,11838,13007,61,67,68,B2,F8,G6,14,68,78
16_02_42,all-well,hg38,5123,11903,65886.02,13132,5057,11832,13056,66,71,76,B4,A2,D6,16,2,42
34_40_91,all-well,hg38,5167,11903,65886.02,13079,5119,11855,13028,48,48,51,C10,D4,H7,34,40,91
14_57_18,all-well,hg38,5191,11899,65863.88,13058,5126,11825,12978,65,74,80,B2,E9,B6,14,57,18
39_89_83,all-well,hg38,5267,11893,65830.67,13076,5207,11830,13012,60,63,64,D3,H5,G11,39,89,83
28_53_38,all-well,hg38,4847,11888,65802.99,13147,4808,11845,13099,39,43,48,C4,E5,D2,28,53,38
38_31_94,all-well,hg38,5298,11876,65736.57,13004,5232,11808,12934,66,68,70,D2,C7,H10,38,31,94
38_21_62,all-well,hg38,5344,11874,65725.50,13074,5285,11806,13002,59,68,72,D2,B9,F2,38,21,62
30_28_15,all-well,hg38,5271,11866,65681.22,13152,5215,11802,13084,56,64,68,C6,C4,B3,30,28,15
13_53_58,all-well,hg38,5070,11866,65681.22,13039,5020,11807,12979,50,59,60,B1,E5,E10,13,53,58
09_84_81,all-well,hg38,5079,11858,65636.93,13011,5011,11781,12933,68,77,78,A9,G12,G9,9,84,81
14_68_06,all-well,mm10,4580,11855,65620.33,13071,106,110,123,4474,11745,12948,B2,F8,A6,14,68,6
06_06_12,all-well,hg38,4528,11848,65581.58,13069,4459,11772,12987,69,76,82,A6,A6,A12,6,6,12
32_69_89,all-well,hg38,5258,11840,65537.30,12975,5192,11767,12898,66,73,77,C8,F9,H5,32,69,89
15_75_69,all-well,hg38,5040,11836,65515.16,13032,4949,11735,12927,91,101,105,B3,G3,F9,15,75,69
40_62_43,all-well,hg38,5116,11835,65509.62,12984,5062,11772,12919,54,63,65,D4,F2,D7,40,62,43
39_18_51,all-well,hg38,4979,11834,65504.09,13043,4840,11679,12878,139,155,165,D3,B6,E3,39,18,51
13_54_05,all-well,mm10,4269,11831,65487.48,13019,121,123,135,4148,11708,12884,B1,E6,A5,13,54,5
36_23_09,all-well,hg38,5042,11827,65465.34,13041,4965,11744,12950,77,83,91,C12,B11,A9,36,23,9
11_88_76,all-well,hg38,5087,11824,65448.74,13079,5040,11775,13029,47,49,50,A11,H4,G4,11,88,76
30_85_15,all-well,hg38,5109,11807,65354.64,12982,5059,11753,12922,50,54,60,C6,H1,B3,30,85,15
20_87_50,all-well,hg38,5038,11802,65326.96,13048,4975,11738,12983,63,64,65,B8,H3,E2,20,87,50
16_76_34,all-well,hg38,5042,11801,65321.42,13062,4982,11733,12992,60,68,70,B4,G4,C10,16,76,34
38_13_18,all-well,hg38,5336,11800,65315.89,12925,5192,11647,12768,144,153,157,D2,B1,B6,38,13,18
13_75_96,all-well,hg38,5191,11795,65288.21,13013,5115,11710,12923,76,85,90,B1,G3,H12,13,75,96
39_46_45,all-well,hg38,4694,11790,65260.54,13039,4596,11681,12923,98,109,116,D3,D10,D9,39,46,45
15_37_63,all-well,hg38,5158,11783,65221.79,13008,5100,11720,12942,58,63,66,B3,D1,F3,15,37,63
01_54_04,all-well,hg38,5116,11772,65160.90,12976,5051,11704,12901,65,68,75,A1,E6,A4,1,54,4
34_50_32,all-well,hg38,5067,11760,65094.48,12892,5013,11703,12827,54,57,65,C10,E2,C8,34,50,32
36_31_60,all-well,hg38,5150,11759,65088.94,12930,5076,11674,12840,74,85,90,C12,C7,E12,36,31,60
34_68_31,all-well,hg38,5117,11758,65083.41,12967,5064,11697,12904,53,61,63,C10,F8,C7,34,68,31
09_52_01,all-well,hg38,5228,11753,65055.73,12927,5179,11696,12866,49,57,61,A9,E4,A1,9,52,1
12_59_01,all-well,hg38,5264,11753,65055.73,12998,5207,11693,12928,57,60,70,A12,E11,A1,12,59,1
28_51_73,all-well,hg38,5021,11747,65022.52,12944,4926,11639,12830,95,108,114,C4,E3,G1,28,51,73
24_45_23,all-well,hg38,5311,11747,65022.52,12904,5265,11698,12853,46,49,51,B12,D9,B11,24,45,23
42_66_15,all-well,hg38,5111,11743,65000.38,12961,4750,11325,12501,361,418,460,D6,F6,B3,42,66,15
14_74_91,all-well,hg38,5197,11740,64983.77,12889,5138,11672,12818,59,68,71,B2,G2,H7,14,74,91
32_27_20,all-well,hg38,4611,11737,64967.17,12931,4446,11560,12738,165,177,193,C8,C3,B8,32,27,20
14_87_43,all-well,mm10,4332,11736,64961.63,12897,122,131,142,4210,11605,12755,B2,H3,D7,14,87,43
24_84_29,all-well,hg38,5332,11732,64939.49,12959,5264,11663,12886,68,69,73,B12,G12,C5,24,84,29
26_50_21,all-well,hg38,5201,11722,64884.14,12936,5134,11649,12860,67,73,76,C2,E2,B9,26,50,21
38_20_24,all-well,hg38,5452,11700,64762.36,12831,5386,11623,12750,66,77,81,D2,B8,B12,38,20,24
13_67_27,all-well,mm10,4410,11698,64751.29,12830,83,87,90,4327,11611,12740,B1,F7,C3,13,67,27
28_27_88,all-well,hg38,4918,11694,64729.15,12916,4808,11580,12791,110,114,125,C4,C3,H4,28,27,88
37_80_37,all-well,hg38,4932,11694,64729.15,12857,4878,11638,12798,54,56,59,D1,G8,D1,37,80,37
42_15_21,all-well,hg38,4655,11694,64729.15,12829,4606,11635,12769,49,59,60,D6,B3,B9,42,15,21
38_79_34,all-well,hg38,5027,11685,64679.34,12895,4961,11618,12824,66,67,71,D2,G7,C10,38,79,34
24_93_07,all-well,hg38,4724,11682,64662.73,12858,4657,11608,12781,67,74,77,B12,H9,A7,24,93,7
18_41_81,all-well,hg38,5145,11682,64662.73,12899,5078,11610,12823,67,72,76,B6,D5,G9,18,41,81
14_41_19,all-well,mm10,4515,11680,64651.66,12912,84,88,89,4431,11592,12823,B2,D5,B7,14,41,19
20_52_03,all-well,hg38,5011,11679,64646.12,12852,4952,11611,12778,59,68,74,B8,E4,A3,20,52,3
01_79_08,all-well,mm10,4415,11676,64629.52,12829,100,106,112,4315,11570,12717,A1,G7,A8,1,79,8
46_22_46,all-well,hg38,5213,11670,64596.31,12830,5117,11559,12713,96,111,117,D10,B10,D10,46,22,46
16_87_38,all-well,hg38,5172,11664,64563.10,12837,5087,11572,12740,85,92,97,B4,H3,D2,16,87,38
38_68_95,all-well,mm10,4766,11657,64524.35,12746,336,407,445,4430,11250,12301,D2,F8,H11,38,68,95
19_70_92,all-well,hg38,5186,11654,64507.74,12898,5106,11566,12804,80,88,94,B7,F10,H8,19,70,92
07_02_95,all-well,hg38,4954,11652,64496.67,12765,4891,11585,12698,63,67,67,A7,A2,H11,7,2,95
13_23_34,all-well,hg38,5186,11650,64485.60,12775,5095,11547,12663,91,103,112,B1,B11,C10,13,23,34
33_76_03,all-well,multiplet,6095,11649,64480.07,12744,3829,7653,8377,2266,3996,4367,C9,G4,A3,33,76,3
27_56_37,all-well,mm10,4464,11643,64446.86,12853,87,88,91,4377,11555,12762,C3,E8,D1,27,56,37
32_88_78,all-well,mm10,4780,11638,64419.18,12787,280,329,358,4500,11309,12429,C8,H4,G6,32,88,78
10_23_85,all-well,hg38,5020,11619,64314.01,12746,4973,11568,12693,47,51,53,A10,B11,H1,10,23,85
19_07_53,all-well,hg38,4812,11615,64291.87,12831,4759,11559,12770,53,56,61,B7,A7,E5,19,7,53
09_91_58,all-well,hg38,5118,11614,64286.33,12778,5064,11558,12718,54,56,60,A9,H7,E10,9,91,58
39_51_87,all-well,hg38,5175,11596,64186.70,12789,5117,11535,12724,58,61,65,D3,E3,H3,39,51,87
19_64_38,all-well,hg38,4952,11588,64142.42,12795,4881,11513,12716,71,75,79,B7,F4,D2,19,64,38
15_81_28,all-well,hg38,5170,11587,64136.88,12694,5113,11521,12624,57,66,70,B3,G9,C4,15,81,28
39_95_09,all-well,hg38,5206,11585,64125.81,12760,5098,11466,12633,108,119,127,D3,H11,A9,39,95,9
27_28_75,all-well,hg38,4843,11583,64114.74,12708,4766,11493,12612,77,90,96,C3,C4,G3,27,28,75
26_16_01,all-well,hg38,5179,11565,64015.11,12793,5111,11488,12710,68,77,83,C2,B4,A1,26,16,1
48_37_95,all-well,mm10,4435,11556,63965.29,12713,102,105,109,4333,11451,12604,D12,D1,H11,48,37,95
38_56_33,all-well,hg38,5199,11556,63965.29,12696,5148,11503,12638,51,53,58,D2,E8,C9,38,56,33
40_87_47,all-well,hg38,5057,11552,63943.15,12681,4977,11463,12588,80,89,93,D4,H3,D11,40,87,47
36_40_50,all-well,mm10,4374,11538,63865.66,12640,107,123,127,4267,11415,12513,C12,D4,E2,36,40,50
11_82_94,all-well,multiplet,5929,11535,63849.05,12742,4571,9657,10657,1358,1878,2085,A11,G10,H10,11,82,94
12_17_13,all-well,hg38,4927,11529,63815.84,12697,4826,11420,12581,101,109,116,A12,B5,B1,12,17,13
37_56_52,all-well,hg38,4880,11528,63810.30,12710,4830,11470,12649,50,58,61,D1,E8,E4,37,56,52
32_45_23,all-well,hg38,5166,11518,63754.95,12674,5109,11458,12614,57,60,60,C8,D9,B11,32,45,23
48_71_04,all-well,hg38,4952,11507,63694.06,12705,4911,11463,12660,41,44,45,D12,F11,A4,48,71,4
14_57_27,all-well,hg38,5159,11506,63688.53,12681,5106,11451,12622,53,55,59,B2,E9,C3,14,57,27
31_75_15,all-well,mm10,4301,11502,63666.39,12601,96,111,119,4205,11391,12482,C7,G3,B3,31,75,15
30_48_60,all-well,hg38,5230,11501,63660.85,12663,5176,11441,12601,54,60,62,C6,D12,E12,30,48,60
43_58_31,all-well,hg38,4903,11501,63660.85,12650,4838,11435,12582,65,66,68,D7,E10,C7,43,58,31
27_73_91,all-well,hg38,5157,11496,63633.17,12653,5056,11380,12529,101,116,124,C3,G1,H7,27,73,91
30_18_50,all-well,hg38,5061,11495,63627.64,12672,4996,11428,12601,65,67,71,C6,B6,E2,30,18,50
32_40_54,all-well,hg38,5098,11494,63622.10,12595,5051,11443,12541,47,51,54,C8,D4,E6,32,40,54
12_71_20,all-well,hg38,5111,11493,63616.57,12616,5063,11444,12565,48,49,51,A12,F11,B8,12,71,20
27_94_66,all-well,hg38,5011,11488,63588.89,12691,4964,11438,12638,47,50,53,C3,H10,F6,27,94,66
13_39_90,all-well,hg38,4986,11486,63577.82,12593,4941,11436,12538,45,50,55,B1,D3,H6,13,39,90
09_10_93,all-well,hg38,4772,11484,63566.75,12647,4717,11424,12583,55,60,64,A9,A10,H9,9,10,93
30_91_83,all-well,hg38,4990,11474,63511.40,12691,4932,11416,12626,58,58,65,C6,H7,G11,30,91,83
26_61_20,all-well,mm10,4367,11474,63511.40,12565,123,124,137,4244,11350,12428,C2,F1,B8,26,61,20
22_58_39,all-well,mm10,4414,11473,63505.86,12624,148,155,167,4266,11318,12457,B10,E10,D3,22,58,39
14_79_28,all-well,hg38,5164,11468,63478.19,12667,5086,11388,12584,78,80,83,B2,G7,C4,14,79,28
16_13_42,all-well,mm10,4551,11466,63467.12,12608,260,282,310,4291,11184,12298,B4,B1,D6,16,13,42
46_38_45,all-well,hg38,4941,11466,63467.12,12640,4896,11415,12588,45,51,52,D10,D2,D9,46,38,45
32_58_91,all-well,hg38,5170,11462,63444.98,12654,5121,11405,12593,49,57,61,C8,E10,H7,32,58,91
15_86_40,all-well,hg38,4926,11458,63422.84,12576,4875,11406,12520,51,52,56,B3,H2,D4,15,86,40
38_18_84,all-well,hg38,4992,11451,63384.09,12552,4922,11377,12475,70,74,77,D2,B6,G12,38,18,84
19_28_93,all-well,hg38,4808,11448,63367.48,12637,4734,11365,12551,74,83,86,B7,C4,H9,19,28,93
11_57_03,all-well,hg38,4971,11446,63356.41,12591,4896,11366,12503,75,80,88,A11,E9,A3,11,57,3
15_59_91,all-well,hg38,5227,11445,63350.88,12636,4939,11114,12273,288,331,363,B3,E11,H7,15,59,91
15_68_58,all-well,hg38,5181,11442,63334.27,12550,5138,11392,12498,43,50,52,B3,F8,E10,15,68,58
01_69_73,all-well,hg38,4958,11432,63278.92,12618,4876,11346,12525,82,86,93,A1,F9,G1,1,69,73
43_46_93,all-well,hg38,5211,11432,63278.92,12590,5134,11346,12499,77,86,91,D7,D10,H9,43,46,93
36_54_70,all-well,hg38,4956,11429,63262.31,12591,4888,11350,12508,68,79,83,C12,E6,F10,36,54,70
15_27_67,all-well,hg38,5114,11423,63229.10,12591,5030,11329,12486,84,94,105,B3,C3,F7,15,27,67
25_05_86,all-well,hg38,5069,11422,63223.57,12603,4973,11323,12499,96,99,104,C1,A5,H2,25,5,86
44_50_41,all-well,hg38,5011,11419,63206.96,12596,4962,11370,12545,49,49,51,D8,E2,D5,44,50,41
40_41_39,all-well,hg38,5010,11413,63173.75,12641,4869,11244,12453,141,169,188,D4,D5,D3,40,41,39
39_14_40,all-well,hg38,5120,11413,63173.75,12617,5012,11291,12484,108,122,133,D3,B2,D4,39,14,40
40_85_61,all-well,hg38,5000,11412,63168.21,12554,4930,11339,12475,70,73,79,D4,H1,F1,40,85,61
24_16_41,all-well,hg38,5380,11408,63146.07,12521,5165,11172,12273,215,236,248,B12,B4,D5,24,16,41
20_50_19,all-well,hg38,4778,11404,63123.93,12540,4709,11321,12453,69,83,87,B8,E2,B7,20,50,19
30_26_20,all-well,hg38,5272,11403,63118.40,12531,5195,11321,12447,77,82,84,C6,C2,B8,30,26,20
38_88_66,all-well,mm10,4586,11397,63085.19,12475,115,122,133,4471,11275,12342,D2,H4,F6,38,88,66
25_72_19,all-well,hg38,5189,11395,63074.12,12542,5123,11327,12474,66,68,68,C1,F12,B7,25,72,19
24_57_40,all-well,hg38,5148,11393,63063.04,12566,5086,11321,12487,62,72,79,B12,E9,D4,24,57,40
38_14_59,all-well,hg38,4836,11392,63057.51,12487,4736,11272,12364,100,120,123,D2,B2,E11,38,14,59
24_08_82,all-well,hg38,5190,11392,63057.51,12507,5146,11342,12452,44,50,55,B12,A8,G10,24,8,82
14_57_51,all-well,multiplet,5725,11392,63057.51,12591,2290,3840,4217,3435,7552,8374,B2,E9,E3,14,57,51
48_59_23,all-well,hg38,5055,11383,63007.69,12471,5009,11336,12422,46,47,49,D12,E11,B11,48,59,23
38_17_91,all-well,mm10,4605,11379,62985.55,12521,104,113,117,4501,11266,12404,D2,B5,H7,38,17,91
07_02_52,all-well,hg38,4898,11375,62963.41,12541,4832,11303,12467,66,72,74,A7,A2,E4,7,2,52
38_63_96,all-well,mm10,4423,11371,62941.27,12486,137,152,161,4286,11219,12325,D2,F3,H12,38,63,96
26_65_91,all-well,hg38,5055,11356,62858.24,12486,4986,11278,12406,69,78,80,C2,F5,H7,26,65,91
34_37_30,all-well,hg38,5023,11356,62858.24,12547,4978,11305,12491,45,51,56,C10,D1,C6,34,37,30
48_33_30,all-well,hg38,5069,11354,62847.17,12508,5028,11313,12464,41,41,44,D12,C9,C6,48,33,30
39_88_82,all-well,mm10,4162,11354,62847.17,12484,112,117,121,4050,11237,12363,D3,H4,G10,39,88,82
06_73_46,all-well,hg38,5061,11344,62791.82,12508,5012,11291,12450,49,53,58,A6,G1,D10,6,73,46
34_87_55,all-well,hg38,5143,11341,62775.21,12438,5099,11295,12391,44,46,47,C10,H3,E7,34,87,55
43_56_20,all-well,hg38,5115,11338,62758.61,12472,5063,11273,12404,52,65,68,D7,E8,B8,43,56,20
36_22_27,all-well,hg38,5177,11337,62753.07,12505,5121,11274,12436,56,63,69,C12,B10,C3,36,22,27
16_06_16,all-well,hg38,4908,11337,62753.07,12565,4802,11207,12430,106,130,135,B4,A6,B4,16,6,16
16_61_28,all-well,hg38,5027,11334,62736.47,12501,4961,11261,12425,66,73,76,B4,F1,C4,16,61,28
11_62_39,all-well,hg38,4943,11329,62708.79,12509,4894,11279,12456,49,50,53,A11,F2,D3,11,62,39
14_08_20,all-well,multiplet,6125,11326,62692.18,12416,4067,7920,8686,2058,3406,3730,B2,A8,B8,14,8,20
10_72_91,all-well,hg38,5103,11324,62681.11,12495,5061,11282,12450,42,42,45,A10,F12,H7,10,72,91
19_91_53,all-well,hg38,4807,11318,62647.90,12440,4761,11270,12387,46,48,53,B7,H7,E5,19,91,53
38_41_08,all-well,hg38,5185,11315,62631.30,12435,5096,11221,12330,89,94,105,D2,D5,A8,38,41,8
44_63_75,all-well,mm10,4145,11314,62625.76,12446,119,125,131,4026,11189,12315,D8,F3,G3,44,63,75
37_40_85,all-well,hg38,4866,11312,62614.69,12456,4790,11228,12367,76,84,89,D1,D4,H1,37,40,85
39_14_63,all-well,hg38,4994,11311,62609.15,12431,4927,11238,12355,67,73,76,D3,B2,F3,39,14,63
22_02_95,all-well,hg38,4876,11308,62592.55,12485,4805,11234,12405,71,74,80,B10,A2,H11,22,2,95
07_88_28,all-well,hg38,4994,11307,62587.01,12516,4917,11221,12420,77,86,96,A7,H4,C4,7,88,28
07_34_31,all-well,hg38,4804,11305,62575.94,12433,4762,11258,12384,42,47,49,A7,C10,C7,7,34,31
24_09_54,all-well,hg38,5103,11301,62553.80,12391,5049,11240,12326,54,61,65,B12,A9,E6,24,9,54
36_21_44,all-well,mm10,4327,11300,62548.27,12400,87,91,97,4240,11209,12303,C12,B9,D8,36,21,44
34_67_10,all-well,mm10,4428,11294,62515.06,12427,93,96,103,4335,11198,12324,C10,F7,A10,34,67,10
16_58_07,all-well,hg38,4968,11293,62509.52,12392,4900,11218,12316,68,75,76,B4,E10,A7,16,58,7
47_56_31,all-well,hg38,4826,11292,62503.98,12505,4783,11246,12456,43,46,49,D11,E8,C7,47,56,31
32_64_58,all-well,mm10,4485,11291,62498.45,12387,112,115,121,4373,11176,12266,C8,F4,E10,32,64,58
38_73_21,all-well,mm10,4067,11290,62492.91,12455,114,124,127,3953,11166,12328,D2,G1,B9,38,73,21
08_69_52,all-well,hg38,4779,11283,62454.17,12404,4723,11223,12342,56,60,62,A8,F9,E4,8,69,52
27_14_72,all-well,hg38,4965,11283,62454.17,12469,4858,11165,12342,107,118,127,C3,B2,F12,27,14,72
13_32_58,all-well,hg38,5237,11272,62393.28,12386,5166,11197,12307,71,75,79,B1,C8,E10,13,32,58
26_15_15,all-well,hg38,5035,11270,62382.21,12413,4990,11218,12360,45,52,53,C2,B3,B3,26,15,15
20_19_41,all-well,hg38,4975,11265,62354.53,12398,4923,11206,12336,52,59,62,B8,B7,D5,20,19,41
02_64_69,all-well,hg38,4908,11256,62304.72,12438,4851,11190,12371,57,66,67,A2,F4,F9,2,64,69
12_28_54,all-well,hg38,5084,11248,62260.43,12388,5042,11202,12339,42,46,49,A12,C4,E6,12,28,54
24_20_84,all-well,hg38,5229,11243,62232.76,12263,5170,11180,12198,59,63,65,B12,B8,G12,24,20,84
27_45_30,all-well,hg38,4840,11230,62160.80,12399,4802,11185,12350,38,45,49,C3,D9,C6,27,45,30
12_02_66,all-well,hg38,5009,11229,62155.26,12363,4945,11161,12291,64,68,72,A12,A2,F6,12,2,66
15_68_82,all-well,hg38,5026,11218,62094.38,12376,4932,11121,12276,94,97,100,B3,F8,G10,15,68,82
43_59_29,all-well,hg38,5329,11217,62088.84,12301,5280,11160,12244,49,57,57,D7,E11,C5,43,59,29
13_63_11,all-well,mm10,4451,11217,62088.84,12252,127,137,146,4324,11080,12106,B1,F3,A11,13,63,11
34_40_85,all-well,hg38,4851,11199,61989.21,12333,4796,11142,12271,55,57,62,C10,D4,H1,34,40,85
27_38_17,all-well,hg38,5016,11197,61978.14,12399,4960,11136,12335,56,61,64,C3,D2,B5,27,38,17
38_50_04,all-well,mm10,4627,11197,61978.14,12312,140,149,158,4487,11048,12154,D2,E2,A4,38,50,4
15_92_01,all-well,hg38,5028,11196,61972.60,12284,4958,11120,12197,70,76,87,B3,H8,A1,15,92,1
41_58_21,all-well,hg38,5152,11189,61933.85,12297,5102,11129,12236,50,60,61,D5,E10,B9,41,58,21
16_88_92,all-well,mm10,4209,11173,61845.29,12250,140,146,161,4069,11027,12089,B4,H4,H8,16,88,92
34_02_62,all-well,hg38,5402,11171,61834.22,12324,5038,10739,11851,364,432,473,C10,A2,F2,34,2,62
09_35_41,all-well,hg38,5057,11171,61834.22,12276,4987,11096,12197,70,75,79,A9,C11,D5,9,35,41
01_84_23,all-well,hg38,4568,11166,61806.54,12279,4524,11117,12226,44,49,53,A1,G12,B11,1,84,23
14_63_22,all-well,hg38,4979,11165,61801.01,12313,4918,11099,12243,61,66,70,B2,F3,B10,14,63,22
31_11_57,all-well,hg38,4871,11164,61795.47,12292,4812,11102,12227,59,62,65,C7,A11,E9,31,11,57
24_25_81,all-well,hg38,5125,11159,61767.80,12311,5072,11098,12246,53,61,65,B12,C1,G9,24,25,81
09_04_31,all-well,hg38,4859,11159,61767.80,12328,4801,11100,12263,58,59,65,A9,A4,C7,9,4,31
38_23_06,all-well,mm10,4373,11158,61762.26,12183,224,252,267,4149,10906,11916,D2,B11,A6,38,23,6
17_39_43,all-well,hg38,4909,11155,61745.66,12312,4858,11099,12254,51,56,58,B5,D3,D7,17,39,43
37_40_30,all-well,hg38,5102,11145,61690.30,12317,4972,10993,12151,130,152,166,D1,D4,C6,37,40,30
16_46_55,all-well,mm10,4411,11144,61684.77,12217,140,148,157,4271,10996,12060,B4,D10,E7,16,46,55
13_67_45,all-well,hg38,4946,11136,61640.49,12220,4876,11059,12140,70,77,80,B1,F7,D9,13,67,45
26_15_11,all-well,hg38,5118,11135,61634.95,12323,5058,11071,12257,60,64,66,C2,B3,A11,26,15,11
32_17_15,all-well,mm10,4444,11126,61585.13,12209,174,198,216,4270,10928,11993,C8,B5,B3,32,17,15
05_46_84,all-well,hg38,4843,11125,61579.60,12261,4787,11068,12201,56,57,60,A5,D10,G12,5,46,84
09_13_04,all-well,hg38,4730,11123,61568.53,12254,4654,11043,12168,76,80,86,A9,B1,A4,9,13,4
46_14_36,all-well,hg38,4811,11122,61562.99,12277,4765,11072,12227,46,50,50,D10,B2,C12,46,14,36
26_06_58,all-well,hg38,5152,11120,61551.92,12259,5080,11036,12170,72,84,89,C2,A6,E10,26,6,58
34_50_60,all-well,hg38,5024,11108,61485.50,12172,4977,11055,12118,47,53,54,C10,E2,E12,34,50,60
42_58_15,all-well,hg38,4943,11107,61479.96,12270,4766,10911,12058,177,196,212,D6,E10,B3,42,58,15
27_33_76,all-well,mm10,3958,11104,61463.36,12225,101,113,120,3857,10991,12105,C3,C9,G4,27,33,76
15_75_85,all-well,mm10,4285,11092,61396.94,12272,130,143,151,4155,10949,12121,B3,G3,H1,15,75,85
14_78_31,all-well,hg38,4901,11089,61380.33,12212,4849,11030,12151,52,59,61,B2,G6,C7,14,78,31
30_42_42,all-well,hg38,5126,11088,61374.79,12248,5052,11012,12167,74,76,81,C6,D6,D6,30,42,42
38_01_12,all-well,hg38,5140,11083,61347.12,12107,5073,11011,12027,67,72,80,D2,A1,A12,38,1,12
24_40_90,all-well,hg38,4888,11080,61330.51,12157,4816,10999,12072,72,81,85,B12,D4,H6,24,40,90
39_20_59,all-well,multiplet,5840,11076,61308.37,12173,3873,7953,8730,1967,3123,3443,D3,B8,E11,39,20,59
32_16_78,all-well,mm10,4384,11074,61297.30,12181,89,95,102,4295,10979,12079,C8,B4,G6,32,16,78
06_29_06,all-well,hg38,4625,11065,61247.48,12265,4569,11005,12198,56,60,67,A6,C5,A6,6,29,6
28_63_50,all-well,hg38,4818,11062,61230.88,12229,4773,11014,12177,45,48,52,C4,F3,E2,28,63,50
16_37_34,all-well,hg38,4894,11050,61164.46,12234,4847,10999,12179,47,51,55,B4,D1,C10,16,37,34
27_42_85,all-well,hg38,5013,11050,61164.46,12191,4949,10983,12119,64,67,72,C3,D6,H1,27,42,85
11_27_62,all-well,hg38,4989,11049,61158.92,12230,4941,10998,12179,48,51,51,A11,C3,F2,11,27,62
42_69_09,all-well,hg38,4852,11045,61136.78,12196,4783,10974,12118,69,71,78,D6,F9,A9,42,69,9
26_37_55,all-well,multiplet,5953,11043,61125.71,12147,3325,5929,6484,2628,5114,5663,C2,D1,E7,26,37,55
04_47_52,all-well,hg38,4870,11037,61092.50,12125,4818,10983,12069,52,54,56,A4,D11,E4,4,47,52
24_81_39,all-well,hg38,4898,11037,61092.50,12157,4855,10992,12108,43,45,49,B12,G9,D3,24,81,39
22_87_47,all-well,hg38,4746,11036,61086.96,12087,4676,10957,12004,70,79,83,B10,H3,D11,22,87,47
01_54_57,all-well,hg38,4913,11032,61064.82,12101,4876,10993,12061,37,39,40,A1,E6,E9,1,54,57
34_18_78,all-well,mm10,4371,11030,61053.75,12108,102,108,114,4269,10922,11994,C10,B6,G6,34,18,78
04_76_05,all-well,hg38,4831,11022,61009.47,12157,4775,10962,12093,56,60,64,A4,G4,A5,4,76,5
27_59_18,all-well,hg38,4908,11021,61003.93,12112,4821,10925,12010,87,96,102,C3,E11,B6,27,59,18
07_06_92,all-well,hg38,4741,11020,60998.40,12081,4699,10971,12030,42,49,51,A7,A6,H8,7,6,92
17_66_30,all-well,hg38,4851,11020,60998.40,12120,4794,10959,12054,57,61,66,B5,F6,C6,17,66,30
14_02_52,all-well,hg38,4768,11011,60948.58,12113,4706,10944,12042,62,67,71,B2,A2,E4,14,2,52
36_33_38,all-well,mm10,4085,11009,60937.51,12068,89,94,98,3996,10915,11970,C12,C9,D2,36,33,38
05_61_56,all-well,hg38,4803,11007,60926.44,12110,4750,10953,12054,53,54,56,A5,F1,E8,5,61,56
28_89_78,all-well,hg38,4872,10999,60882.16,12119,4805,10922,12038,67,77,81,C4,H5,G6,28,89,78
46_74_35,all-well,hg38,4670,10997,60871.09,12128,4552,10866,11989,118,131,139,D10,G2,C11,46,74,35
19_05_87,all-well,hg38,4839,10996,60865.55,12161,4760,10906,12061,79,90,100,B7,A5,H3,19,5,87
25_38_68,all-well,hg38,5020,10985,60804.66,12070,4940,10899,11984,80,86,86,C1,D2,F8,25,38,68
22_15_31,all-well,hg38,5022,10978,60765.92,12105,4974,10920,12040,48,58,65,B10,B3,C7,22,15,31
17_50_19,all-well,mm10,4331,10977,60760.38,12096,98,102,110,4233,10875,11986,B5,E2,B7,17,50,19
32_36_19,all-well,hg38,4917,10976,60754.85,12071,4873,10931,12024,44,45,47,C8,C12,B7,32,36,19
46_68_22,all-well,hg38,4848,10973,60738.24,12149,4786,10904,12078,62,69,71,D10,F8,B10,46,68,22
05_70_30,all-well,hg38,4887,10968,60710.57,12106,4813,10885,12018,74,83,88,A5,F10,C6,5,70,30
37_64_13,all-well,hg38,4956,10967,60705.03,12112,4888,10891,12033,68,76,79,D1,F4,B1,37,64,13
11_05_14,all-well,hg38,4855,10962,60677.35,12123,4801,10903,12063,54,59,60,A11,A5,B2,11,5,14
13_41_42,all-well,hg38,4993,10960,60666.28,12048,4939,10901,11983,54,59,65,B1,D5,D6,13,41,42
41_90_04,all-well,hg38,4958,10957,60649.68,12013,4905,10900,11950,53,57,63,D5,H6,A4,41,90,4
12_46_76,all-well,hg38,4807,10942,60566.65,12041,4742,10873,11970,65,69,71,A12,D10,G4,12,46,76
43_37_31,all-well,mm10,4484,10936,60533.44,12005,115,120,125,4369,10816,11880,D7,D1,C7,43,37,31
06_68_60,all-well,hg38,4826,10934,60522.37,12138,4782,10888,12090,44,46,48,A6,F8,E12,6,68,60
44_86_45,all-well,hg38,4873,10931,60505.76,12018,4827,10884,11966,46,47,52,D8,H2,D9,44,86,45
32_33_33,all-well,mm10,4503,10931,60505.76,11996,97,102,106,4406,10829,11890,C8,C9,C9,32,33,33
15_64_53,all-well,mm10,4428,10930,60500.23,11945,109,115,121,4319,10815,11824,B3,F4,E5,15,64,53
15_79_83,all-well,hg38,5026,10921,60450.41,12011,4956,10841,11925,70,80,86,B3,G7,G11,15,79,83
32_44_43,all-well,hg38,5089,10918,60433.80,12016,5018,10845,11940,71,73,76,C8,D8,D7,32,44,43
43_59_78,all-well,hg38,5106,10918,60433.80,12020,5011,10814,11908,95,104,112,D7,E11,G6,43,59,78
42_26_39,all-well,hg38,4703,10916,60422.73,12092,4661,10871,12046,42,45,46,D6,C2,D3,42,26,39
13_17_53,all-well,hg38,4980,10914,60411.66,12016,4903,10830,11927,77,84,89,B1,B5,E5,13,17,53
21_70_23,all-well,hg38,4677,10909,60383.99,12064,4630,10861,12013,47,48,51,B9,F10,B11,21,70,23
34_21_20,all-well,hg38,4960,10909,60383.99,12061,4898,10845,11994,62,64,67,C10,B9,B8,34,21,20
43_38_61,all-well,mm10,4311,10906,60367.38,11969,87,91,92,4224,10815,11877,D7,D2,F1,43,38,61
14_68_46,all-well,hg38,4724,10903,60350.77,11960,4621,10785,11834,103,118,126,B2,F8,D10,14,68,46
26_22_13,all-well,hg38,5133,10903,60350.77,12023,5062,10822,11939,71,81,84,C2,B10,B1,26,22,13
37_58_85,all-well,hg38,5093,10902,60345.24,11945,5030,10833,11874,63,69,71,D1,E10,H1,37,58,85
30_26_57,all-well,hg38,4837,10897,60317.56,11979,4785,10845,11925,52,52,54,C6,C2,E9,30,26,57
43_34_93,all-well,hg38,5143,10897,60317.56,11942,5103,10848,11889,40,49,53,D7,C10,H9,43,34,93
31_75_10,all-well,mm10,4268,10896,60312.03,11969,188,212,226,4080,10684,11743,C7,G3,A10,31,75,10
12_48_17,all-well,hg38,4929,10895,60306.49,11998,4867,10828,11922,62,67,76,A12,D12,B5,12,48,17
04_49_74,all-well,hg38,4947,10893,60295.42,11928,4869,10807,11837,78,86,91,A4,E1,G2,4,49,74
06_59_95,all-well,hg38,4711,10891,60284.35,12042,4654,10827,11975,57,64,67,A6,E11,H11,6,59,95
38_33_51,all-well,mm10,4484,10888,60267.75,11930,139,157,169,4345,10731,11761,D2,C9,E3,38,33,51
31_18_80,all-well,hg38,4790,10886,60256.68,12020,4722,10818,11949,68,68,71,C7,B6,G8,31,18,80
19_56_81,all-well,hg38,4661,10884,60245.60,11999,4616,10831,11946,45,53,53,B7,E8,G9,19,56,81
39_79_82,all-well,hg38,4989,10862,60123.83,11991,4935,10804,11933,54,58,58,D3,G7,G10,39,79,82
24_85_42,all-well,hg38,4906,10858,60101.69,11922,4850,10800,11859,56,58,63,B12,H1,D6,24,85,42
02_79_91,all-well,hg38,4939,10858,60101.69,11946,4881,10794,11878,58,64,68,A2,G7,H7,2,79,91
40_16_22,all-well,hg38,4919,10857,60096.15,11914,4825,10755,11807,94,102,107,D4,B4,B10,40,16,22
16_75_19,all-well,hg38,5111,10855,60085.08,11987,5035,10770,11899,76,85,88,B4,G3,B7,16,75,19
19_13_93,all-well,mm10,4093,10855,60085.08,11972,244,262,279,3849,10593,11693,B7,B1,H9,19,13,93
15_88_03,all-well,hg38,4690,10855,60085.08,11976,4639,10799,11917,51,56,59,B3,H4,A3,15,88,3
15_64_75,all-well,hg38,5100,10852,60068.48,11936,4976,10713,11789,124,139,147,B3,F4,G3,15,64,75
34_28_94,all-well,hg38,4866,10846,60035.27,11939,4815,10793,11882,51,53,57,C10,C4,H10,34,28,94
15_26_19,all-well,mm10,4425,10845,60029.73,11951,88,94,100,4337,10751,11851,B3,C2,B7,15,26,19
06_40_61,all-well,hg38,4693,10844,60024.20,12020,4642,10792,11966,51,52,54,A6,D4,F1,6,40,61
13_45_06,all-well,hg38,4794,10841,60007.59,11884,4747,10792,11830,47,49,54,B1,D9,A6,13,45,6
40_65_44,all-well,hg38,4876,10840,60002.05,11909,4809,10763,11827,67,77,82,D4,F5,D8,40,65,44
12_72_58,all-well,mm10,4136,10836,59979.91,11860,116,120,125,4020,10716,11735,A12,F12,E10,12,72,58
40_52_29,all-well,hg38,4940,10833,59963.31,11915,4818,10680,11757,122,153,158,D4,E4,C5,40,52,29
39_17_57,all-well,hg38,4903,10832,59957.77,11975,4839,10767,11907,64,65,68,D3,B5,E9,39,17,57
42_05_93,all-well,hg38,4663,10830,59946.70,11934,4618,10783,11884,45,47,50,D6,A5,H9,42,5,93
34_80_86,all-well,hg38,5200,10828,59935.63,11870,5154,10779,11820,46,49,50,C10,G8,H2,34,80,86
27_65_08,all-well,hg38,4880,10823,59907.96,11967,4812,10747,11888,68,76,79,C3,F5,A8,27,65,8
28_58_82,all-well,hg38,4991,10820,59891.35,11962,4910,10731,11865,81,89,97,C4,E10,G10,28,58,82
47_78_86,all-well,mm10,4326,10818,59880.28,11914,91,92,95,4235,10726,11819,D11,G6,H2,47,78,86
12_67_92,all-well,mm10,3841,10815,59863.67,11890,69,74,75,3772,10741,11815,A12,F7,H8,12,67,92
39_70_51,all-well,hg38,4991,10812,59847.07,11886,4934,10753,11825,57,59,61,D3,F10,E3,39,70,51
48_37_93,all-well,hg38,4857,10810,59836.00,11903,4794,10742,11830,63,68,73,D12,D1,H9,48,37,93
01_06_26,all-well,multiplet,6153,10810,59836.00,11872,3585,6272,6888,2568,4538,4984,A1,A6,C2,1,6,26
20_22_09,all-well,hg38,4947,10810,59836.00,11978,4889,10747,11914,58,63,64,B8,B10,A9,20,22,9
17_13_16,all-well,mm10,4445,10809,59830.46,11815,125,133,145,4320,10676,11670,B5,B1,B4,17,13,16
07_59_79,all-well,hg38,4861,10807,59819.39,11923,4808,10753,11866,53,54,57,A7,E11,G7,7,59,79
23_87_84,all-well,hg38,4852,10805,59808.32,11872,4801,10752,11815,51,53,57,B11,H3,G12,23,87,84
16_40_96,all-well,mm10,4210,10802,59791.71,11858,180,191,205,4030,10611,11653,B4,D4,H12,16,40,96
13_54_40,all-well,hg38,4792,10801,59786.18,11918,4736,10740,11853,56,61,65,B1,E6,D4,13,54,40
30_75_20,all-well,hg38,5137,10800,59780.64,11881,5049,10700,11770,88,100,111,C6,G3,B8,30,75,20
38_04_49,all-well,hg38,5189,10791,59730.83,11862,5116,10714,11782,73,77,80,D2,A4,E1,38,4,49
15_64_77,all-well,hg38,5071,10787,59708.69,11889,5018,10731,11829,53,56,60,B3,F4,G5,15,64,77
33_57_22,all-well,hg38,4748,10786,59703.15,11980,4703,10740,11932,45,46,48,C9,E9,B10,33,57,22
32_21_95,all-well,hg38,4924,10784,59692.08,11905,4865,10717,11832,59,67,73,C8,B9,H11,32,21,95
43_22_81,all-well,hg38,4925,10782,59681.01,11885,4811,10654,11748,114,128,137,D7,B10,G9,43,22,81
05_74_45,all-well,hg38,4989,10780,59669.94,11915,4937,10724,11854,52,56,61,A5,G2,D9,5,74,45
38_04_24,all-well,hg38,5028,10779,59664.40,11838,4968,10713,11770,60,66,68,D2,A4,B12,38,4,24
37_72_40,all-well,hg38,4751,10766,59592.45,11918,4688,10699,11847,63,67,71,D1,F12,D4,37,72,40
12_64_61,all-well,hg38,4758,10761,59564.77,11833,4686,10687,11755,72,74,78,A12,F4,F1,12,64,61
17_37_20,all-well,hg38,4783,10761,59564.77,11742,4744,10720,11700,39,41,42,B5,D1,B8,17,37,20
41_88_70,all-well,hg38,5059,10759,59553.70,11870,5004,10690,11800,55,69,70,D5,H4,F10,41,88,70
21_33_13,all-well,hg38,4572,10750,59503.88,11868,4522,10694,11811,50,56,57,B9,C9,B1,21,33,13
43_61_73,all-well,mm10,4435,10750,59503.88,11759,108,118,126,4327,10632,11633,D7,F1,G1,43,61,73
06_29_14,all-well,hg38,4588,10750,59503.88,11932,4535,10696,11876,53,54,56,A6,C5,B2,6,29,14
46_59_40,all-well,hg38,4727,10750,59503.88,11884,4662,10682,11812,65,68,72,D10,E11,D4,46,59,40
38_90_15,all-well,mm10,4415,10744,59470.67,11743,85,88,90,4330,10656,11653,D2,H6,B3,38,90,15
43_28_09,all-well,hg38,5100,10742,59459.60,11843,5014,10647,11744,86,95,99,D7,C4,A9,43,28,9
16_06_24,all-well,hg38,4840,10742,59459.60,11839,4785,10683,11777,55,59,62,B4,A6,B12,16,6,24
22_31_31,all-well,hg38,4730,10736,59426.39,11857,4688,10692,11808,42,44,49,B10,C7,C7,22,31,31
30_56_19,all-well,hg38,5098,10735,59420.85,11834,5036,10670,11767,62,65,67,C6,E8,B7,30,56,19
12_75_40,all-well,mm10,4213,10730,59393.18,11781,94,100,104,4119,10630,11677,A12,G3,D4,12,75,40
32_26_63,all-well,mm10,4376,10729,59387.64,11771,164,179,197,4212,10550,11574,C8,C2,F3,32,26,63
41_32_34,all-well,hg38,4959,10727,59376.57,11769,4886,10645,11683,73,82,86,D5,C8,C10,41,32,34
41_67_38,all-well,hg38,5081,10720,59337.82,11792,5023,10659,11728,58,61,64,D5,F7,D2,41,67,38
22_36_37,all-well,hg38,4805,10719,59332.29,11811,4764,10675,11764,41,44,47,B10,C12,D1,22,36,37
38_57_89,all-well,hg38,4976,10714,59304.61,11759,4916,10647,11688,60,67,71,D2,E9,H5,38,57,89
10_35_46,all-well,hg38,5078,10709,59276.94,11785,5016,10645,11718,62,64,67,A10,C11,D10,10,35,46
18_90_62,all-well,hg38,4964,10701,59232.66,11783,4918,10649,11729,46,52,54,B6,H6,F2,18,90,62
17_13_53,all-well,hg38,4880,10700,59227.12,11796,4820,10634,11724,60,66,72,B5,B1,E5,17,13,53
42_68_15,all-well,hg38,4991,10693,59188.37,11774,4937,10638,11718,54,55,56,D6,F8,B3,42,68,15
24_71_27,all-well,hg38,5211,10691,59177.30,11670,5132,10604,11579,79,87,91,B12,F11,C3,24,71,27
43_39_07,all-well,hg38,5148,10690,59171.77,11679,5074,10605,11589,74,85,90,D7,D3,A7,43,39,7
29_80_55,all-well,hg38,4762,10683,59133.02,11793,4719,10637,11743,43,46,50,C5,G8,E7,29,80,55
25_40_56,all-well,hg38,4854,10674,59083.20,11698,4739,10547,11559,115,127,139,C1,D4,E8,25,40,56
36_02_49,all-well,mm10,4205,10670,59061.06,11677,90,97,99,4115,10573,11578,C12,A2,E1,36,2,49
24_53_45,all-well,mm10,4403,10669,59055.53,11664,105,109,122,4298,10560,11542,B12,E5,D9,24,53,45
38_42_44,all-well,hg38,5067,10666,59038.92,11705,5011,10609,11645,56,57,60,D2,D6,D8,38,42,44
22_84_94,all-well,hg38,4815,10650,58950.36,11746,4757,10591,11686,58,59,60,B10,G12,H10,22,84,94
07_72_15,all-well,hg38,4893,10645,58922.68,11752,4826,10575,11675,67,70,77,A7,F12,B3,7,72,15
04_65_80,all-well,hg38,4702,10625,58811.98,11721,4641,10555,11649,61,70,72,A4,F5,G8,4,65,80
15_02_20,all-well,hg38,4767,10625,58811.98,11698,4710,10566,11636,57,59,62,B3,A2,B8,15,2,20
28_36_68,all-well,hg38,4613,10615,58756.62,11697,4537,10536,11612,76,79,85,C4,C12,F8,28,36,68
38_38_33,all-well,hg38,5233,10612,58740.02,11624,5170,10545,11556,63,67,68,D2,D2,C9,38,38,33
39_07_66,all-well,hg38,4791,10609,58723.41,11731,4713,10516,11624,78,93,107,D3,A7,F6,39,7,66
01_87_66,all-well,mm10,4183,10607,58712.34,11701,80,85,88,4103,10522,11613,A1,H3,F6,1,87,66
31_61_30,all-well,hg38,4763,10603,58690.20,11711,4696,10532,11633,67,71,78,C7,F1,C6,31,61,30
17_69_57,all-well,hg38,4850,10600,58673.60,11670,4798,10547,11612,52,53,58,B5,F9,E9,17,69,57
20_87_40,all-well,hg38,4763,10599,58668.06,11673,4702,10535,11607,61,64,66,B8,H3,D4,20,87,40
01_18_44,all-well,hg38,4854,10597,58656.99,11727,4809,10547,11674,45,50,53,A1,B6,D8,1,18,44
15_59_81,all-well,mm10,4364,10597,58656.99,11696,94,100,105,4270,10497,11591,B3,E11,G9,15,59,81
39_67_88,all-well,hg38,4740,10592,58629.31,11680,4672,10519,11602,68,73,78,D3,F7,H4,39,67,88
44_80_91,all-well,hg38,4653,10591,58623.78,11653,4492,10404,11450,161,187,203,D8,G8,H7,44,80,91
07_11_63,all-well,hg38,4760,10587,58601.64,11607,4721,10546,11564,39,41,43,A7,A11,F3,7,11,63
07_41_30,all-well,hg38,4864,10583,58579.50,11695,4800,10501,11606,64,82,89,A7,D5,C6,7,41,30
35_11_72,all-well,hg38,4951,10578,58551.82,11655,4916,10541,11615,35,37,40,C11,A11,F12,35,11,72
30_41_90,all-well,mm10,4404,10577,58546.28,11641,76,81,87,4328,10496,11554,C6,D5,H6,30,41,90
41_22_15,all-well,hg38,4355,10575,58535.21,11634,4304,10516,11569,51,59,65,D5,B10,B3,41,22,15
04_86_76,all-well,hg38,4840,10572,58518.61,11654,4784,10512,11592,56,60,62,A4,H2,G4,4,86,76
37_59_09,all-well,hg38,4725,10569,58502.00,11642,4664,10500,11567,61,69,75,D1,E11,A9,37,59,9
34_19_49,all-well,hg38,4770,10568,58496.47,11656,4694,10487,11567,76,81,89,C10,B7,E1,34,19,49
24_21_65,all-well,hg38,4826,10568,58496.47,11656,4787,10525,11611,39,43,45,B12,B9,F5,24,21,65
22_69_18,all-well,hg38,3993,10567,58490.93,11655,3929,10500,11586,64,67,69,B10,F9,B6,22,69,18
15_02_46,all-well,hg38,4672,10566,58485.40,11650,4625,10513,11591,47,53,59,B3,A2,D10,15,2,46
27_40_78,all-well,hg38,4774,10563,58468.79,11637,4717,10502,11575,57,61,62,C3,D4,G6,27,40,78
33_38_42,all-well,hg38,4866,10559,58446.65,11613,4801,10492,11545,65,67,68,C9,D2,D6,33,38,42
41_57_10,all-well,mm10,4293,10558,58441.12,11608,81,88,99,4212,10470,11509,D5,E9,A10,41,57,10
12_42_01,all-well,hg38,5095,10553,58413.44,11642,5038,10490,11574,57,63,68,A12,D6,A1,12,42,1
16_59_08,all-well,mm10,4062,10553,58413.44,11613,104,114,120,3958,10439,11493,B4,E11,A8,16,59,8
31_65_14,all-well,hg38,4809,10551,58402.37,11695,4709,10437,11577,100,114,118,C7,F5,B2,31,65,14
26_93_76,all-well,hg38,5028,10544,58363.62,11604,4973,10488,11543,55,56,61,C2,H9,G4,26,93,76
15_53_55,all-well,hg38,4740,10543,58358.09,11574,4694,10495,11523,46,48,51,B3,E5,E7,15,53,55
36_48_22,all-well,hg38,4810,10540,58341.48,11554,4736,10456,11463,74,84,91,C12,D12,B10,36,48,22
42_23_90,all-well,hg38,4677,10538,58330.41,11612,4624,10484,11557,53,54,55,D6,B11,H6,42,23,90
19_32_44,all-well,hg38,4709,10535,58313.80,11630,4645,10469,11563,64,66,67,B7,C8,D8,19,32,44
17_46_33,all-well,hg38,4862,10535,58313.80,11628,4812,10481,11572,50,54,56,B5,D10,C9,17,46,33
25_23_07,all-well,hg38,4864,10532,58297.20,11611,4801,10463,11538,63,69,73,C1,B11,A7,25,23,7
12_19_59,all-well,mm10,4121,10527,58269.52,11537,153,161,169,3968,10366,11368,A12,B7,E11,12,19,59
28_46_51,all-well,hg38,4820,10524,58252.92,11555,4750,10450,11473,70,74,82,C4,D10,E3,28,46,51
19_68_83,all-well,hg38,5014,10523,58247.38,11645,4967,10472,11588,47,51,57,B7,F8,G11,19,68,83
32_22_08,all-well,multiplet,4564,10520,58230.78,11581,883,1201,1327,3681,9319,10254,C8,B10,A8,32,22,8
35_19_59,all-well,hg38,4279,10519,58225.24,11554,4213,10444,11477,66,75,77,C11,B7,E11,35,19,59
17_40_22,all-well,hg38,4731,10510,58175.42,11585,4681,10457,11528,50,53,57,B5,D4,B10,17,40,22
38_41_17,all-well,mm10,4539,10509,58169.89,11537,143,151,160,4396,10358,11377,D2,D5,B5,38,41,17
40_31_81,all-well,mm10,4184,10508,58164.35,11567,160,174,185,4024,10334,11382,D4,C7,G9,40,31,81
44_61_66,all-well,hg38,4836,10505,58147.75,11617,4786,10452,11557,50,53,60,D8,F1,F6,44,61,66
14_75_69,all-well,hg38,4858,10501,58125.61,11600,4796,10434,11530,62,67,70,B2,G3,F9,14,75,69
37_14_78,all-well,hg38,4738,10501,58125.61,11574,4681,10440,11507,57,61,67,D1,B2,G6,37,14,78
43_44_76,all-well,hg38,4939,10496,58097.93,11495,4890,10442,11439,49,54,56,D7,D8,G4,43,44,76
18_26_20,all-well,hg38,4597,10492,58075.79,11596,4556,10449,11551,41,43,45,B6,C2,B8,18,26,20
25_23_28,all-well,hg38,4833,10491,58070.25,11602,4722,10369,11472,111,122,130,C1,B11,C4,25,23,28
04_50_86,all-well,hg38,4610,10488,58053.65,11486,4546,10415,11409,64,73,77,A4,E2,H2,4,50,86
16_17_53,all-well,hg38,4758,10487,58048.11,11549,4694,10418,11477,64,69,72,B4,B5,E5,16,17,53
22_27_24,all-well,hg38,4647,10487,58048.11,11565,4561,10389,11462,86,98,103,B10,C3,B12,22,27,24
23_52_05,all-well,hg38,4696,10486,58042.58,11589,4649,10429,11528,47,57,61,B11,E4,A5,23,52,5
38_74_08,all-well,mm10,4696,10485,58037.04,11538,298,348,383,4398,10137,11155,D2,G2,A8,38,74,8
48_64_39,all-well,hg38,4885,10482,58020.44,11554,4817,10409,11477,68,73,77,D12,F4,D3,48,64,39
43_14_18,all-well,hg38,4924,10480,58009.37,11503,4834,10380,11398,90,100,105,D7,B2,B6,43,14,18
16_67_63,all-well,mm10,3977,10479,58003.83,11559,110,118,121,3867,10361,11438,B4,F7,F3,16,67,63
20_58_07,all-well,hg38,4614,10478,57998.30,11533,4557,10416,11469,57,62,64,B8,E10,A7,20,58,7
05_71_72,all-well,hg38,4623,10476,57987.23,11561,4574,10424,11503,49,52,58,A5,F11,F12,5,71,72
27_36_69,all-well,hg38,4659,10474,57976.15,11550,4614,10422,11495,45,52,55,C3,C12,F9,27,36,69
27_07_05,all-well,hg38,4919,10473,57970.62,11581,4854,10403,11506,65,70,75,C3,A7,A5,27,7,5
32_52_57,all-well,mm10,4295,10468,57942.94,11500,98,107,116,4197,10361,11384,C8,E4,E9,32,52,57
14_13_92,all-well,hg38,4993,10466,57931.87,11560,4903,10371,11461,90,95,99,B2,B1,H8,14,13,92
24_63_77,all-well,mm10,4171,10466,57931.87,11506,89,95,99,4082,10371,11407,B12,F3,G5,24,63,77
32_92_17,all-well,hg38,4776,10463,57915.27,11582,4704,10385,11499,72,78,83,C8,H8,B5,32,92,17
35_48_84,all-well,hg38,5036,10463,57915.27,11596,4978,10399,11525,58,64,71,C11,D12,G12,35,48,84
41_34_62,all-well,hg38,4965,10459,57893.13,11481,4919,10408,11426,46,51,55,D5,C10,F2,41,34,62
10_75_27,all-well,hg38,4774,10458,57887.59,11462,4732,10412,11416,42,46,46,A10,G3,C3,10,75,27
09_31_52,all-well,hg38,4843,10456,57876.52,11564,4787,10394,11501,56,62,63,A9,C7,E4,9,31,52
38_32_34,all-well,hg38,5088,10454,57865.45,11505,4972,10329,11365,116,125,140,D2,C8,C10,38,32,34
16_91_85,all-well,mm10,3928,10453,57859.91,11436,107,107,110,3821,10346,11326,B4,H7,H1,16,91,85
43_67_73,all-well,hg38,4839,10452,57854.38,11533,4777,10388,11460,62,64,73,D7,F7,G1,43,67,73
01_39_85,all-well,hg38,4999,10450,57843.31,11447,4958,10406,11399,41,44,48,A1,D3,H1,1,39,85
48_19_16,all-well,hg38,4901,10450,57843.31,11550,4791,10330,11421,110,120,129,D12,B7,B4,48,19,16
02_64_46,all-well,hg38,4750,10448,57832.24,11501,4697,10390,11438,53,58,63,A2,F4,D10,2,64,46
38_19_49,all-well,hg38,4840,10445,57815.63,11494,4719,10318,11354,121,127,140,D2,B7,E1,38,19,49
23_19_19,all-well,multiplet,5643,10442,57799.03,11485,3182,5692,6276,2461,4750,5209,B11,B7,B7,23,19,19
34_49_53,all-well,hg38,4900,10439,57782.42,11481,4835,10371,11411,65,68,70,C10,E1,E5,34,49,53
12_28_43,all-well,hg38,4857,10434,57754.74,11492,4796,10370,11425,61,64,67,A12,C4,D7,12,28,43
30_63_39,all-well,hg38,4707,10433,57749.21,11507,4631,10348,11412,76,85,95,C6,F3,D3,30,63,39
44_14_68,all-well,mm10,4180,10430,57732.60,11536,68,71,75,4112,10359,11461,D8,B2,F8,44,14,68
28_56_09,all-well,hg38,4607,10419,57671.72,11450,4567,10376,11400,40,43,50,C4,E8,A9,28,56,9
46_07_55,all-well,hg38,4651,10414,57644.04,11439,4575,10328,11349,76,86,90,D10,A7,E7,46,7,55
39_26_96,all-well,hg38,4638,10411,57627.43,11491,4575,10343,11416,63,68,75,D3,C2,H12,39,26,96
15_04_85,all-well,mm10,4279,10409,57616.36,11431,116,120,133,4163,10289,11298,B3,A4,H1,15,4,85
40_11_03,all-well,hg38,4813,10408,57610.83,11428,4747,10334,11348,66,74,80,D4,A11,A3,40,11,3
15_07_39,all-well,hg38,5057,10403,57583.15,11450,4977,10317,11358,80,86,92,B3,A7,D3,15,7,39
16_28_40,all-well,hg38,4697,10402,57577.62,11500,4636,10339,11432,61,63,68,B4,C4,D4,16,28,40
09_39_78,all-well,hg38,4789,10402,57577.62,11453,4733,10335,11382,56,67,71,A9,D3,G6,9,39,78
15_64_28,all-well,hg38,4924,10402,57577.62,11394,4878,10352,11343,46,50,51,B3,F4,C4,15,64,28
38_74_18,all-well,hg38,4901,10399,57561.01,11436,4790,10278,11311,111,121,125,D2,G2,B6,38,74,18
01_46_23,all-well,hg38,4704,10399,57561.01,11480,4658,10352,11432,46,47,48,A1,D10,B11,1,46,23
17_88_63,all-well,hg38,4702,10393,57527.80,11428,4663,10349,11383,39,44,45,B5,H4,F3,17,88,63
43_84_45,all-well,hg38,5084,10392,57522.26,11443,5035,10338,11386,49,54,57,D7,G12,D9,43,84,45
27_28_35,all-well,hg38,4911,10389,57505.66,11530,4843,10319,11455,68,70,75,C3,C4,C11,27,28,35
28_93_10,all-well,hg38,4593,10385,57483.52,11442,4512,10297,11350,81,88,92,C4,H9,A10,28,93,10
39_95_14,all-well,hg38,4916,10384,57477.98,11452,4843,10306,11372,73,78,80,D3,H11,B2,39,95,14
38_40_26,all-well,hg38,5027,10383,57472.45,11455,4975,10322,11391,52,61,64,D2,D4,C2,38,40,26
19_51_94,all-well,hg38,4547,10380,57455.84,11428,4492,10317,11361,55,63,67,B7,E3,H10,19,51,94
20_07_41,all-well,hg38,4716,10379,57450.31,11475,4674,10337,11430,42,42,45,B8,A7,D5,20,7,41
01_56_39,all-well,hg38,4668,10376,57433.70,11439,4624,10327,11388,44,49,51,A1,E8,D3,1,56,39
31_05_53,all-well,hg38,4833,10373,57417.09,11464,4777,10309,11393,56,64,71,C7,A5,E5,31,5,53
15_62_39,all-well,hg38,4817,10369,57394.95,11438,4764,10311,11378,53,58,60,B3,F2,D3,15,62,39
19_19_46,all-well,hg38,4602,10367,57383.88,11442,4563,10327,11400,39,40,42,B7,B7,D10,19,19,46
41_64_39,all-well,mm10,4256,10363,57361.74,11359,80,84,84,4176,10279,11275,D5,F4,D3,41,64,39
13_57_63,all-well,mm10,4180,10355,57317.46,11348,106,107,116,4074,10248,11232,B1,E9,F3,13,57,63
21_03_96,all-well,hg38,4757,10351,57295.32,11375,4722,10312,11332,35,39,43,B9,A3,H12,21,3,96
34_02_78,all-well,hg38,4711,10349,57284.25,11393,4667,10298,11328,44,51,65,C10,A2,G6,34,2,78
12_70_59,all-well,mm10,4205,10345,57262.11,11303,83,86,91,4122,10259,11212,A12,F10,E11,12,70,59
24_82_79,all-well,hg38,4933,10344,57256.57,11324,4890,10298,11276,43,46,48,B12,G10,G7,24,82,79
01_01_21,all-well,mm10,3938,10328,57168.01,11346,84,92,96,3854,10236,11250,A1,A1,B9,1,1,21
25_63_84,all-well,hg38,4788,10326,57156.94,11435,4735,10266,11369,53,60,66,C1,F3,G12,25,63,84
09_56_03,all-well,hg38,4730,10325,57151.40,11344,4672,10256,11270,58,69,74,A9,E8,A3,9,56,3
36_26_10,all-well,mm10,4071,10324,57145.87,11275,100,104,107,3971,10220,11168,C12,C2,A10,36,26,10
47_15_36,all-well,hg38,4687,10320,57123.73,11391,4655,10288,11356,32,32,35,D11,B3,C12,47,15,36
31_18_33,all-well,hg38,4663,10319,57118.19,11383,4610,10263,11321,53,56,62,C7,B6,C9,31,18,33
38_39_26,all-well,hg38,4989,10318,57112.66,11336,4931,10257,11273,58,61,63,D2,D3,C2,38,39,26
27_90_65,all-well,multiplet,5581,10306,57046.23,11377,3371,6229,6895,2210,4077,4482,C3,H6,F5,27,90,65
32_33_28,all-well,mm10,4289,10306,57046.23,11353,99,106,113,4190,10200,11240,C8,C9,C4,32,33,28
25_86_95,all-well,hg38,4828,10305,57040.70,11313,4724,10187,11185,104,118,128,C1,H2,H11,25,86,95
40_76_18,all-well,hg38,5032,10299,57007.49,11361,4961,10220,11277,71,79,84,D4,G4,B6,40,76,18
41_93_33,all-well,hg38,4976,10297,56996.42,11362,4926,10239,11303,50,58,59,D5,H9,C9,41,93,33
06_42_67,all-well,hg38,4715,10294,56979.81,11353,4674,10249,11306,41,45,47,A6,D6,F7,6,42,67
44_05_06,all-well,hg38,4751,10288,56946.60,11328,4697,10231,11266,54,57,62,D8,A5,A6,44,5,6
27_28_28,all-well,hg38,4717,10284,56924.46,11363,4636,10198,11271,81,86,92,C3,C4,C4,27,28,28
02_37_85,all-well,multiplet,5103,10281,56907.85,11329,4280,9183,10122,823,1098,1207,A2,D1,H1,2,37,85
01_79_77,all-well,hg38,4801,10274,56869.11,11280,4760,10229,11233,41,45,47,A1,G7,G5,1,79,77
04_23_90,all-well,hg38,4700,10271,56852.50,11326,4645,10215,11266,55,56,60,A4,B11,H6,4,23,90
01_18_87,all-well,mm10,4279,10270,56846.96,11278,97,99,103,4182,10171,11175,A1,B6,H3,1,18,87
38_62_64,all-well,mm10,4330,10269,56841.43,11242,102,109,114,4228,10160,11128,D2,F2,F4,38,62,64
09_80_69,all-well,mm10,4059,10265,56819.29,11322,102,109,115,3957,10156,11207,A9,G8,F9,9,80,69
36_01_23,all-well,hg38,4905,10264,56813.75,11314,4853,10211,11258,52,53,56,C12,A1,B11,36,1,23
27_75_27,all-well,hg38,4614,10263,56808.22,11318,4556,10199,11249,58,64,69,C3,G3,C3,27,75,27
09_26_11,all-well,mm10,4143,10255,56763.94,11277,95,95,100,4048,10160,11177,A9,C2,A11,9,26,11
07_33_93,all-well,mm10,4210,10249,56730.72,11294,82,86,89,4128,10163,11205,A7,C9,H9,7,33,93
43_58_65,all-well,hg38,4917,10249,56730.72,11195,4863,10189,11133,54,60,62,D7,E10,F5,43,58,65
40_33_43,all-well,mm10,4150,10246,56714.12,11232,147,160,167,4003,10086,11065,D4,C9,D7,40,33,43
44_41_16,all-well,hg38,4699,10244,56703.05,11278,4653,10195,11228,46,49,50,D8,D5,B4,44,41,16
14_56_31,all-well,hg38,4946,10242,56691.98,11353,4882,10174,11284,64,68,69,B2,E8,C7,14,56,31
09_13_38,all-well,hg38,4610,10242,56691.98,11299,4548,10175,11228,62,67,71,A9,B1,D2,9,13,38
16_41_44,all-well,mm10,4142,10240,56680.91,11289,160,168,173,3982,10072,11116,B4,D5,D8,16,41,44
01_56_07,all-well,hg38,4835,10240,56680.91,11263,4789,10188,11211,46,52,52,A1,E8,A7,1,56,7
05_03_21,all-well,hg38,4778,10238,56669.84,11279,4739,10199,11238,39,39,41,A5,A3,B9,5,3,21
43_78_78,all-well,hg38,4911,10230,56625.55,11239,4854,10169,11176,57,61,63,D7,G6,G6,43,78,78
22_54_09,all-well,hg38,4588,10229,56620.02,11296,4531,10165,11227,57,64,69,B10,E6,A9,22,54,9
01_19_30,all-well,hg38,4664,10227,56608.95,11238,4622,10183,11192,42,44,46,A1,B7,C6,1,19,30
13_07_61,all-well,mm10,4180,10226,56603.41,11238,127,143,153,4053,10083,11085,B1,A7,F1,13,7,61
39_33_82,all-well,hg38,4730,10226,56603.41,11238,4680,10173,11177,50,53,61,D3,C9,G10,39,33,82
19_39_43,all-well,hg38,4688,10225,56597.88,11265,4630,10164,11202,58,61,63,B7,D3,D7,19,39,43
38_53_09,all-well,mm10,4322,10209,56509.31,11210,85,89,94,4237,10120,11116,D2,E5,A9,38,53,9
32_40_71,all-well,mm10,4154,10206,56492.71,11154,113,116,125,4041,10090,11029,C8,D4,F11,32,40,71
12_75_09,all-well,hg38,4358,10204,56481.64,11276,4286,10129,11198,72,75,78,A12,G3,A9,12,75,9
35_91_71,all-well,hg38,4874,10203,56476.10,11244,4833,10157,11196,41,46,48,C11,H7,F11,35,91,71
41_48_35,all-well,hg38,4827,10202,56470.57,11247,4764,10131,11170,63,71,77,D5,D12,C11,41,48,35
48_72_44,all-well,hg38,4767,10202,56470.57,11219,4723,10156,11166,44,46,53,D12,F12,D8,48,72,44
22_64_18,all-well,hg38,4597,10201,56465.03,11299,4536,10137,11235,61,64,64,B10,F4,B6,22,64,18
25_60_29,all-well,hg38,4689,10196,56437.36,11271,4631,10137,11210,58,59,61,C1,E12,C5,25,60,29
43_44_41,all-well,hg38,4889,10193,56420.75,11188,4839,10136,11128,50,57,60,D7,D8,D5,43,44,41
19_93_63,all-well,hg38,4572,10182,56359.86,11254,4264,9588,10597,308,594,657,B7,H9,F3,19,93,63
07_62_67,all-well,hg38,4525,10181,56354.33,11263,4469,10116,11194,56,65,69,A7,F2,F7,7,62,67
01_94_68,all-well,hg38,4715,10178,56337.72,11230,4678,10136,11185,37,42,45,A1,H10,F8,1,94,68
32_95_47,all-well,mm10,4243,10175,56321.12,11165,85,92,96,4158,10083,11069,C8,H11,D11,32,95,47
07_92_10,all-well,hg38,4738,10172,56304.51,11216,4682,10115,11156,56,57,60,A7,H8,A10,7,92,10
24_05_41,all-well,hg38,4537,10172,56304.51,11196,4489,10119,11142,48,53,54,B12,A5,D5,24,5,41
41_46_19,all-well,mm10,4219,10167,56276.83,11144,82,88,90,4137,10079,11054,D5,D10,B7,41,46,19
25_08_78,all-well,hg38,4636,10166,56271.30,11192,4584,10113,11135,52,53,57,C1,A8,G6,25,8,78
32_08_49,all-well,hg38,4595,10165,56265.76,11260,4561,10130,11225,34,35,35,C8,A8,E1,32,8,49
30_18_32,all-well,hg38,4554,10162,56249.16,11210,4493,10094,11141,61,68,69,C6,B6,C8,30,18,32
16_76_63,all-well,hg38,4644,10156,56215.95,11147,4590,10093,11083,54,63,64,B4,G4,F3,16,76,63
39_70_11,all-well,mm10,3955,10151,56188.27,11132,110,118,122,3845,10033,11010,D3,F10,A11,39,70,11
32_37_62,all-well,hg38,4661,10145,56155.06,11123,4559,10028,10997,102,117,126,C8,D1,F2,32,37,62
07_40_41,all-well,hg38,4766,10144,56149.52,11150,4716,10093,11093,50,51,57,A7,D4,D5,7,40,41
31_14_57,all-well,hg38,4758,10142,56138.45,11209,4705,10077,11139,53,65,70,C7,B2,E9,31,14,57
10_58_65,all-well,hg38,4738,10138,56116.31,11085,4684,10080,11026,54,58,59,A10,E10,F5,10,58,65
28_86_50,all-well,hg38,4663,10137,56110.78,11107,4571,10041,11003,92,96,104,C4,H2,E2,28,86,50
12_06_83,all-well,mm10,3976,10136,56105.24,11172,86,91,98,3890,10045,11074,A12,A6,G11,12,6,83
22_53_34,all-well,hg38,4586,10132,56083.10,11189,4528,10072,11127,58,60,62,B10,E5,C10,22,53,34
34_52_04,all-well,hg38,4557,10124,56038.82,11199,4499,10063,11136,58,61,63,C10,E4,A4,34,52,4
12_45_17,all-well,mm10,3900,10122,56027.75,11134,90,96,99,3810,10026,11035,A12,D9,B5,12,45,17
15_05_92,all-well,hg38,4822,10121,56022.21,11142,4755,10048,11066,67,73,76,B3,A5,H8,15,5,92
24_15_68,all-well,mm10,4307,10121,56022.21,11129,108,120,128,4199,10001,11001,B12,B3,F8,24,15,68
07_67_80,all-well,hg38,4802,10118,56005.61,11172,4754,10068,11118,48,50,54,A7,F7,G8,7,67,80
22_71_69,all-well,hg38,4707,10117,56000.07,11183,4669,10076,11140,38,41,43,B10,F11,F9,22,71,69
12_48_96,all-well,hg38,4560,10115,55989.00,11137,4488,10039,11057,72,76,80,A12,D12,H12,12,48,96
05_13_45,all-well,hg38,4672,10102,55917.04,11113,4622,10048,11057,50,54,56,A5,B1,D9,5,13,45
15_42_04,all-well,hg38,4969,10099,55900.44,11081,4903,10027,11000,66,72,81,B3,D6,A4,15,42,4
39_29_08,all-well,hg38,4718,10098,55894.90,11076,4660,10034,11010,58,64,66,D3,C5,A8,39,29,8
41_06_43,all-well,hg38,4861,10096,55883.83,11083,4804,10030,11013,57,66,70,D5,A6,D7,41,6,43
01_61_65,all-well,mm10,4286,10096,55883.83,11119,71,76,81,4215,10020,11038,A1,F1,F5,1,61,65
08_69_57,all-well,hg38,4705,10087,55834.01,11115,4653,10020,11048,52,67,67,A8,F9,E9,8,69,57
48_40_68,all-well,hg38,4727,10085,55822.94,11151,4669,10015,11079,58,70,72,D12,D4,F8,48,40,68
38_40_22,all-well,hg38,4946,10084,55817.41,11061,4879,10012,10988,67,72,73,D2,D4,B10,38,40,22
44_68_43,all-well,mm10,4104,10083,55811.87,11119,85,87,95,4019,9996,11024,D8,F8,D7,44,68,43
04_52_04,all-well,hg38,4594,10080,55795.27,11074,4552,10038,11029,42,42,45,A4,E4,A4,4,52,4
24_48_39,all-well,mm10,4067,10077,55778.66,11035,79,84,91,3988,9993,10944,B12,D12,D3,24,48,39
34_65_40,all-well,mm10,4180,10074,55762.06,11000,81,84,88,4099,9990,10912,C10,F5,D4,34,65,40
32_35_69,all-well,mm10,3957,10073,55756.52,11091,87,94,97,3870,9979,10994,C8,C11,F9,32,35,69
14_67_96,all-well,hg38,4851,10073,55756.52,11072,4805,10022,11016,46,51,56,B2,F7,H12,14,67,96
12_49_83,all-well,mm10,4035,10060,55684.56,11028,99,106,112,3936,9954,10916,A12,E1,G11,12,49,83
42_74_61,all-well,hg38,4403,10060,55684.56,11115,4350,10002,11052,53,58,63,D6,G2,F1,42,74,61
41_02_55,all-well,hg38,4824,10058,55673.49,11044,4776,10006,10986,48,52,58,D5,A2,E7,41,2,55
17_75_51,all-well,hg38,4790,10055,55656.89,11054,4751,10015,11011,39,40,43,B5,G3,E3,17,75,51
34_84_36,all-well,mm10,4239,10051,55634.75,11071,84,86,93,4155,9965,10978,C10,G12,C12,34,84,36
22_06_65,all-well,mm10,4031,10047,55612.61,11112,83,94,97,3948,9953,11015,B10,A6,F5,22,6,65
12_75_53,all-well,mm10,4121,10045,55601.53,10996,68,71,73,4053,9974,10923,A12,G3,E5,12,75,53
39_93_52,all-well,hg38,4497,10044,55596.00,11088,4429,9974,11017,68,70,71,D3,H9,E4,39,93,52
01_52_03,all-well,mm10,4034,10042,55584.93,11016,113,118,121,3921,9924,10895,A1,E4,A3,1,52,3
10_02_42,all-well,hg38,4720,10027,55501.90,11091,4679,9984,11044,41,43,47,A10,A2,D6,10,2,42
10_63_66,all-well,hg38,4747,10027,55501.90,11025,4701,9981,10972,46,46,53,A10,F3,F6,10,63,66
44_22_28,all-well,hg38,4714,10023,55479.76,10985,4668,9974,10936,46,49,49,D8,B10,C4,44,22,28
43_86_40,all-well,hg38,4839,10022,55474.22,11000,4796,9976,10952,43,46,48,D7,H2,D4,43,86,40
16_78_35,all-well,hg38,4678,10020,55463.15,10952,4616,9949,10880,62,71,72,B4,G6,C11,16,78,35
32_65_01,all-well,mm10,4133,10017,55446.55,10982,81,86,90,4052,9931,10892,C8,F5,A1,32,65,1
31_27_85,all-well,hg38,4519,10016,55441.01,10998,4476,9973,10955,43,43,43,C7,C3,H1,31,27,85
15_34_52,all-well,mm10,4064,10011,55413.34,11020,88,89,93,3976,9922,10927,B3,C10,E4,15,34,52
06_71_87,all-well,hg38,4442,10011,55413.34,11037,4408,9975,11000,34,36,37,A6,F11,H3,6,71,87
22_61_92,all-well,mm10,4005,10009,55402.27,10997,95,98,103,3910,9911,10894,B10,F1,H8,22,61,92
37_78_42,all-well,hg38,4478,10008,55396.73,11062,4416,9937,10986,62,71,76,D1,G6,D6,37,78,42
43_28_28,all-well,mm10,4226,10007,55391.20,10997,99,107,113,4127,9900,10884,D7,C4,C4,43,28,28
32_23_65,all-well,mm10,4184,10006,55385.66,11082,102,110,117,4082,9896,10965,C8,B11,F5,32,23,65
04_59_68,all-well,hg38,4686,10005,55380.12,11055,4475,9761,10783,211,244,272,A4,E11,F8,4,59,68
40_62_33,all-well,hg38,4489,10002,55363.52,11046,4428,9936,10976,61,66,70,D4,F2,C9,40,62,33
31_48_28,all-well,hg38,4621,10000,55352.45,11032,4571,9947,10977,50,53,55,C7,D12,C4,31,48,28
44_68_78,all-well,hg38,4693,9999,55346.91,10970,4641,9943,10904,52,56,66,D8,F8,G6,44,68,78
41_77_11,all-well,hg38,4269,9994,55319.24,10953,4237,9961,10916,32,33,37,D5,G5,A11,41,77,11
25_41_38,all-well,hg38,4616,9990,55297.10,11010,4506,9868,10876,110,122,134,C1,D5,D2,25,41,38
12_88_15,all-well,hg38,4985,9989,55291.56,11008,4926,9928,10947,59,61,61,A12,H4,B3,12,88,15
38_12_40,all-well,hg38,4869,9989,55291.56,10973,4832,9950,10931,37,39,42,D2,A12,D4,38,12,40
01_41_25,all-well,hg38,4637,9989,55291.56,10961,4589,9938,10907,48,51,54,A1,D5,C1,1,41,25
09_34_37,all-well,hg38,4710,9988,55286.03,11064,4653,9924,10995,57,64,69,A9,C10,D1,9,34,37
12_50_07,all-well,mm10,4066,9986,55274.96,10999,78,86,92,3988,9900,10907,A12,E2,A7,12,50,7
14_46_55,all-well,hg38,4515,9984,55263.88,10985,4461,9929,10923,54,55,62,B2,D10,E7,14,46,55
14_22_60,all-well,hg38,4828,9978,55230.67,10959,4785,9931,10912,43,47,47,B2,B10,E12,14,22,60
32_18_49,all-well,hg38,4828,9977,55225.14,10974,4773,9920,10914,55,57,60,C8,B6,E1,32,18,49
36_70_77,all-well,hg38,4705,9977,55225.14,10928,4644,9909,10851,61,68,77,C12,F10,G5,36,70,77
41_66_45,all-well,hg38,4757,9973,55203.00,10973,4708,9905,10904,49,68,69,D5,F6,D9,41,66,45
35_40_72,all-well,hg38,4633,9971,55191.93,10980,4592,9927,10930,41,44,50,C11,D4,F12,35,40,72
06_06_94,all-well,hg38,4593,9969,55180.86,10940,4532,9906,10876,61,63,64,A6,A6,H10,6,6,94
39_71_10,all-well,hg38,4799,9969,55180.86,11005,4740,9904,10935,59,65,70,D3,F11,A10,39,71,10
38_16_13,all-well,hg38,4854,9965,55158.71,10980,4811,9921,10933,43,44,47,D2,B4,B1,38,16,13
06_06_68,all-well,hg38,4525,9960,55131.04,10964,4489,9923,10926,36,37,38,A6,A6,F8,6,6,68
34_62_49,all-well,hg38,4680,9958,55119.97,10961,4606,9880,10879,74,78,82,C10,F2,E1,34,62,49
07_61_32,all-well,hg38,4485,9956,55108.90,10985,4432,9901,10929,53,55,56,A7,F1,C8,7,61,32
02_46_27,all-well,hg38,4557,9955,55103.36,10968,4515,9910,10919,42,45,49,A2,D10,C3,2,46,27
30_67_37,all-well,hg38,4307,9953,55092.29,10961,4262,9906,10913,45,47,48,C6,F7,D1,30,67,37
36_73_89,all-well,hg38,4544,9947,55059.08,10832,4500,9900,10784,44,47,48,C12,G1,H5,36,73,89
24_84_13,all-well,hg38,4864,9946,55053.55,11001,4820,9898,10949,44,48,52,B12,G12,B1,24,84,13
47_07_93,all-well,hg38,4580,9946,55053.55,10973,4533,9899,10921,47,47,52,D11,A7,H9,47,7,93
12_29_64,all-well,hg38,4602,9945,55048.01,10978,4536,9875,10900,66,70,78,A12,C5,F4,12,29,64
12_02_22,all-well,mm10,4141,9942,55031.40,10903,187,209,224,3954,9733,10679,A12,A2,B10,12,2,22
11_63_01,all-well,hg38,4632,9941,55025.87,10928,4587,9893,10878,45,48,50,A11,F3,A1,11,63,1
34_63_90,all-well,mm10,4218,9935,54992.66,10901,74,75,80,4144,9860,10821,C10,F3,H6,34,63,90
24_27_81,all-well,hg38,4630,9930,54964.98,10964,4579,9878,10909,51,52,55,B12,C3,G9,24,27,81
06_69_50,all-well,hg38,4598,9929,54959.45,11010,4558,9886,10966,40,43,44,A6,F9,E2,6,69,50
39_19_82,all-well,hg38,4655,9927,54948.38,10885,4548,9809,10758,107,118,127,D3,B7,G10,39,19,82
43_73_75,all-well,hg38,4687,9925,54937.31,10923,4640,9872,10867,47,53,56,D7,G1,G3,43,73,75
32_31_45,all-well,mm10,4060,9924,54931.77,10859,103,108,111,3957,9816,10748,C8,C7,D9,32,31,45
30_95_13,all-well,hg38,4596,9922,54920.70,10969,4547,9872,10915,49,50,54,C6,H11,B1,30,95,13
16_80_81,all-well,hg38,4548,9920,54909.63,10968,4457,9820,10864,91,100,104,B4,G8,G9,16,80,81
16_01_85,all-well,mm10,3945,9912,54865.35,10853,91,93,96,3854,9819,10757,B4,A1,H1,16,1,85
32_56_93,all-well,mm10,4118,9911,54859.81,10916,114,126,133,4004,9785,10783,C8,E8,H9,32,56,93
13_04_90,all-well,mm10,3861,9909,54848.74,10869,131,136,143,3730,9773,10726,B1,A4,H6,13,4,90
30_68_61,all-well,hg38,4536,9908,54843.21,10911,4491,9861,10863,45,47,48,C6,F8,F1,30,68,61
15_84_19,all-well,hg38,4487,9907,54837.67,10865,4439,9856,10813,48,51,52,B3,G12,B7,15,84,19
47_72_62,all-well,hg38,4559,9905,54826.60,10913,4515,9860,10867,44,45,46,D11,F12,F2,47,72,62
02_74_43,all-well,hg38,4670,9901,54804.46,10898,4627,9853,10846,43,48,52,A2,G2,D7,2,74,43
43_29_40,all-well,hg38,4633,9899,54793.39,10815,4568,9832,10747,65,67,68,D7,C5,D4,43,29,40
20_01_95,all-well,hg38,4631,9881,54693.75,10916,4578,9826,10858,53,55,58,B8,A1,H11,20,1,95
35_52_17,all-well,hg38,4474,9880,54688.22,10901,4431,9836,10854,43,44,47,C11,E4,B5,35,52,17
13_93_36,all-well,mm10,3900,9879,54682.68,10865,76,81,83,3824,9798,10782,B1,H9,C12,13,93,36
40_90_31,all-well,hg38,4591,9875,54660.54,10834,4507,9784,10737,84,91,97,D4,H6,C7,40,90,31
09_08_03,all-well,hg38,4455,9874,54655.01,10876,4399,9812,10812,56,62,64,A9,A8,A3,9,8,3
31_52_30,all-well,mm10,4127,9873,54649.47,10872,91,96,100,4036,9777,10772,C7,E4,C6,31,52,30
43_06_86,all-well,mm10,4207,9872,54643.94,10825,156,175,192,4051,9697,10633,D7,A6,H2,43,6,86
13_31_78,all-well,hg38,4648,9871,54638.40,10864,4591,9806,10791,57,65,73,B1,C7,G6,13,31,78
39_17_13,all-well,hg38,4556,9866,54610.73,10898,4430,9716,10731,126,150,167,D3,B5,B1,39,17,13
32_28_89,all-well,hg38,4756,9860,54577.51,10832,4678,9778,10746,78,82,86,C8,C4,H5,32,28,89
15_82_60,all-well,hg38,4660,9857,54560.91,10850,4629,9826,10817,31,31,33,B3,G10,E12,15,82,60
35_61_38,all-well,hg38,4581,9853,54538.77,10831,4529,9801,10776,52,52,55,C11,F1,D2,35,61,38
38_90_61,all-well,mm10,4177,9853,54538.77,10771,104,107,112,4073,9746,10659,D2,H6,F1,38,90,61
13_40_59,all-well,hg38,4475,9853,54538.77,10836,4420,9794,10773,55,59,63,B1,D4,E11,13,40,59
16_92_19,all-well,hg38,4496,9852,54533.23,10904,4442,9793,10844,54,59,60,B4,H8,B7,16,92,19
14_07_15,all-well,hg38,4615,9851,54527.70,10861,4565,9801,10811,50,50,50,B2,A7,B3,14,7,15
41_42_23,all-well,hg38,4587,9850,54522.16,10905,4549,9805,10857,38,45,48,D5,D6,B11,41,42,23
44_50_45,all-well,hg38,4669,9845,54494.49,10802,4628,9801,10754,41,44,48,D8,E2,D9,44,50,45
36_75_89,all-well,mm10,3827,9838,54455.74,10824,64,66,66,3763,9772,10758,C12,G3,H5,36,75,89
26_88_96,all-well,hg38,4639,9837,54450.20,10874,4594,9784,10820,45,53,54,C2,H4,H12,26,88,96
39_72_38,all-well,hg38,4650,9836,54444.67,10803,4600,9785,10751,50,51,52,D3,F12,D2,39,72,38
10_02_76,all-well,hg38,4777,9836,54444.67,10810,4731,9789,10761,46,47,49,A10,A2,G4,10,2,76
16_71_31,all-well,hg38,4578,9835,54439.13,10789,4434,9669,10604,144,166,185,B4,F11,C7,16,71,31
10_37_10,all-well,hg38,4741,9834,54433.60,10800,4702,9791,10751,39,43,49,A10,D1,A10,10,37,10
38_76_55,all-well,hg38,4840,9834,54433.60,10800,4781,9772,10736,59,62,64,D2,G4,E7,38,76,55
14_58_72,all-well,mm10,4268,9832,54422.53,10806,80,84,87,4188,9748,10719,B2,E10,F12,14,58,72
18_18_54,all-well,hg38,4631,9827,54394.85,10854,4573,9768,10794,58,59,60,B6,B6,E6,18,18,54
16_84_58,all-well,hg38,4538,9824,54378.25,10823,4485,9766,10762,53,58,61,B4,G12,E10,16,84,58
32_85_33,all-well,mm10,4349,9819,54350.57,10775,96,98,104,4253,9721,10671,C8,H1,C9,32,85,33
08_05_47,all-well,hg38,4485,9819,54350.57,10831,4437,9769,10775,48,50,56,A8,A5,D11,8,5,47
34_87_27,all-well,hg38,4571,9818,54345.03,10753,4525,9769,10699,46,49,54,C10,H3,C3,34,87,27
12_67_43,all-well,mm10,4140,9818,54345.03,10765,96,104,109,4044,9714,10656,A12,F7,D7,12,67,43
25_40_96,all-well,hg38,4434,9815,54328.43,10799,4349,9721,10703,85,94,96,C1,D4,H12,25,40,96
46_51_44,all-well,hg38,4646,9812,54311.82,10802,4601,9765,10752,45,47,50,D10,E3,D8,46,51,44
01_34_38,all-well,hg38,4648,9809,54295.22,10815,4588,9746,10747,60,63,68,A1,C10,D2,1,34,38
24_54_66,all-well,hg38,4715,9801,54250.93,10804,4657,9741,10741,58,60,63,B12,E6,F6,24,54,66
22_25_65,all-well,hg38,4593,9786,54167.91,10843,4534,9724,10777,59,62,66,B10,C1,F5,22,25,65
33_76_70,all-well,hg38,4682,9781,54140.23,10774,4628,9721,10709,54,60,65,C9,G4,F10,33,76,70
31_90_27,all-well,hg38,4569,9779,54129.16,10750,4487,9692,10658,82,87,92,C7,H6,C3,31,90,27
05_61_87,all-well,hg38,4463,9779,54129.16,10800,4419,9731,10750,44,48,50,A5,F1,H3,5,61,87
01_27_58,all-well,hg38,4573,9777,54118.09,10745,4535,9735,10700,38,42,45,A1,C3,E10,1,27,58
33_18_44,all-well,hg38,4737,9775,54107.02,10793,4695,9731,10747,42,44,46,C9,B6,D8,33,18,44
12_17_01,all-well,mm10,3934,9772,54090.41,10675,90,96,103,3844,9676,10572,A12,B5,A1,12,17,1
28_45_40,all-well,hg38,4523,9764,54046.13,10757,4480,9721,10710,43,43,47,C4,D9,D4,28,45,40
36_17_48,all-well,hg38,4463,9763,54040.60,10754,4403,9686,10675,60,77,79,C12,B5,D12,36,17,48
19_05_63,all-well,mm10,4090,9762,54035.06,10825,105,110,121,3985,9652,10704,B7,A5,F3,19,5,63
44_54_36,all-well,hg38,4615,9761,54029.52,10704,4565,9703,10640,50,58,64,D8,E6,C12,44,54,36
12_21_20,all-well,hg38,4390,9752,53979.71,10772,4327,9680,10691,63,72,81,A12,B9,B8,12,21,20
07_63_76,all-well,hg38,4549,9742,53924.36,10731,4477,9665,10649,72,77,82,A7,F3,G4,7,63,76
16_26_54,all-well,hg38,4620,9741,53918.82,10722,4568,9689,10669,52,52,53,B4,C2,E6,16,26,54
05_63_68,all-well,hg38,4590,9739,53907.75,10788,4517,9662,10707,73,77,81,A5,F3,F8,5,63,68
48_75_60,all-well,hg38,4821,9737,53896.68,10751,4764,9671,10685,57,66,66,D12,G3,E12,48,75,60
09_41_34,all-well,hg38,4595,9733,53874.54,10734,4537,9674,10672,58,59,62,A9,D5,C10,9,41,34
41_70_79,all-well,mm10,4092,9733,53874.54,10660,70,73,82,4022,9660,10578,D5,F10,G7,41,70,79
31_04_39,all-well,hg38,4572,9730,53857.93,10718,4525,9679,10664,47,51,54,C7,A4,D3,31,4,39
22_88_22,all-well,hg38,4664,9730,53857.93,10737,4620,9678,10685,44,52,52,B10,H4,B10,22,88,22
32_78_22,all-well,hg38,4337,9727,53841.33,10668,4245,9630,10560,92,97,108,C8,G6,B10,32,78,22
21_01_78,all-well,hg38,4473,9724,53824.72,10710,4426,9677,10661,47,47,49,B9,A1,G6,21,1,78
31_40_90,all-well,mm10,4127,9720,53802.58,10667,111,116,122,4016,9604,10545,C7,D4,H6,31,40,90
34_06_70,all-well,multiplet,5292,9720,53802.58,10716,3671,7263,8011,1621,2457,2705,C10,A6,F10,34,6,70
10_23_23,all-well,hg38,4639,9713,53763.83,10687,4589,9662,10634,50,51,53,A10,B11,B11,10,23,23
43_80_46,all-well,hg38,4616,9713,53763.83,10670,4560,9648,10598,56,65,72,D7,G8,D10,43,80,46
14_36_34,all-well,mm10,4071,9708,53736.16,10627,78,79,83,3993,9629,10544,B2,C12,C10,14,36,34
14_18_83,all-well,hg38,4531,9707,53730.62,10671,4477,9646,10606,54,61,65,B2,B6,G11,14,18,83
37_31_32,all-well,hg38,4604,9707,53730.62,10722,4552,9654,10667,52,53,55,D1,C7,C8,37,31,32
34_35_13,all-well,mm10,4093,9705,53719.55,10652,98,99,105,3995,9606,10547,C10,C11,B1,34,35,13
01_32_29,all-well,mm10,3968,9704,53714.02,10720,68,68,73,3900,9636,10647,A1,C8,C5,1,32,29
14_53_74,all-well,hg38,4662,9701,53697.41,10608,4631,9668,10575,31,33,33,B2,E5,G2,14,53,74
15_05_54,all-well,hg38,4741,9696,53669.73,10686,4688,9641,10627,53,55,59,B3,A5,E6,15,5,54
14_01_45,all-well,hg38,4438,9686,53614.38,10678,4376,9616,10605,62,70,73,B2,A1,D9,14,1,45
09_71_03,all-well,hg38,4598,9683,53597.78,10695,4553,9632,10642,45,51,53,A9,F11,A3,9,71,3
14_01_56,all-well,mm10,4060,9681,53586.71,10622,86,90,95,3974,9591,10527,B2,A1,E8,14,1,56
37_46_65,all-well,hg38,4605,9677,53564.56,10738,4553,9624,10678,52,53,60,D1,D10,F5,37,46,65
35_23_90,all-well,hg38,4569,9676,53559.03,10675,4537,9642,10638,32,34,37,C11,B11,H6,35,23,90
39_13_65,all-well,hg38,4661,9673,53542.42,10655,4612,9622,10598,49,51,57,D3,B1,F5,39,13,65
33_19_20,all-well,hg38,4521,9669,53520.28,10677,4463,9607,10610,58,62,67,C9,B7,B8,33,19,20
43_09_32,all-well,hg38,4646,9669,53520.28,10644,4588,9605,10579,58,64,65,D7,A9,C8,43,9,32
01_94_89,all-well,hg38,4555,9667,53509.21,10676,4520,9630,10636,35,37,40,A1,H10,H5,1,94,89
40_80_63,all-well,hg38,4533,9660,53470.47,10642,4446,9561,10537,87,99,105,D4,G8,F3,40,80,63
32_02_51,all-well,mm10,4032,9659,53464.93,10611,98,101,106,3934,9558,10505,C8,A2,E3,32,2,51
15_24_87,all-well,hg38,4647,9658,53459.39,10678,4597,9607,10624,50,51,54,B3,B12,H3,15,24,87
42_16_28,all-well,hg38,4442,9658,53459.39,10670,4400,9615,10622,42,43,48,D6,B4,C4,42,16,28
43_21_10,all-well,hg38,4699,9658,53459.39,10614,4657,9612,10566,42,46,48,D7,B9,A10,43,21,10
14_60_14,all-well,hg38,4583,9658,53459.39,10682,4521,9591,10608,62,67,74,B2,E12,B2,14,60,14
38_01_78,all-well,hg38,4559,9655,53442.79,10615,4491,9581,10538,68,74,77,D2,A1,G6,38,1,78
34_14_62,all-well,hg38,4368,9652,53426.18,10604,4332,9614,10565,36,38,39,C10,B2,F2,34,14,62
32_49_47,all-well,hg38,4602,9644,53381.90,10597,4549,9588,10541,53,56,56,C8,E1,D11,32,49,47
19_10_21,all-well,hg38,4318,9644,53381.90,10635,4262,9588,10577,56,56,58,B7,A10,B9,19,10,21
08_27_52,all-well,hg38,4655,9640,53359.76,10611,4605,9587,10557,50,53,54,A8,C3,E4,8,27,52
37_93_55,all-well,hg38,4617,9639,53354.23,10586,4570,9590,10533,47,49,53,D1,H9,E7,37,93,55
09_63_87,all-well,mm10,4011,9628,53293.34,10585,93,109,116,3918,9519,10469,A9,F3,H3,9,63,87
01_90_81,all-well,hg38,4411,9627,53287.80,10618,4366,9582,10570,45,45,48,A1,H6,G9,1,90,81
38_74_81,all-well,hg38,4667,9627,53287.80,10590,4614,9561,10520,53,66,70,D2,G2,G9,38,74,81
41_76_42,all-well,mm10,3940,9624,53271.20,10562,120,127,140,3820,9497,10422,D5,G4,D6,41,76,42
39_01_11,all-well,hg38,4563,9624,53271.20,10630,4523,9583,10588,40,41,42,D3,A1,A11,39,1,11
20_86_46,all-well,hg38,4330,9623,53265.66,10578,4278,9565,10517,52,58,61,B8,H2,D10,20,86,46
26_88_71,all-well,hg38,4552,9621,53254.59,10583,4502,9570,10527,50,51,56,C2,H4,F11,26,88,71
14_75_44,all-well,hg38,4588,9621,53254.59,10589,4534,9561,10526,54,60,63,B2,G3,D8,14,75,44
02_46_72,all-well,hg38,4627,9618,53237.98,10671,4576,9564,10613,51,54,58,A2,D10,F12,2,46,72
42_67_40,all-well,mm10,3953,9613,53210.31,10611,73,74,80,3880,9539,10531,D6,F7,D4,42,67,40
13_01_81,all-well,hg38,4672,9613,53210.31,10524,4637,9577,10486,35,36,38,B1,A1,G9,13,1,81
40_49_53,all-well,hg38,4565,9610,53193.70,10556,4495,9535,10477,70,75,79,D4,E1,E5,40,49,53
41_59_36,all-well,hg38,4571,9606,53171.56,10624,4513,9542,10559,58,64,65,D5,E11,C12,41,59,36
30_26_29,all-well,hg38,4569,9605,53166.03,10516,4520,9555,10464,49,50,52,C6,C2,C5,30,26,29
10_78_49,all-well,hg38,4492,9600,53138.35,10594,4448,9553,10542,44,47,52,A10,G6,E1,10,78,49
26_04_80,all-well,hg38,4691,9594,53105.14,10529,4641,9540,10471,50,54,58,C2,A4,G8,26,4,80
41_80_34,all-well,hg38,4526,9591,53088.53,10590,4481,9544,10537,45,47,53,D5,G8,C10,41,80,34
13_07_29,all-well,hg38,4853,9590,53083.00,10517,4791,9523,10448,62,67,69,B1,A7,C5,13,7,29
02_59_20,all-well,hg38,4549,9588,53071.93,10605,4497,9531,10546,52,57,59,A2,E11,B8,2,59,20
16_68_81,all-well,mm10,4059,9588,53071.93,10528,82,88,94,3977,9500,10434,B4,F8,G9,16,68,81
13_62_28,all-well,mm10,4026,9585,53055.32,10567,120,133,137,3906,9452,10430,B1,F2,C4,13,62,28
14_40_94,all-well,mm10,3931,9578,53016.58,10513,73,79,81,3858,9499,10432,B2,D4,H10,14,40,94
39_03_34,all-well,hg38,4712,9578,53016.58,10548,4660,9522,10487,52,56,61,D3,A3,C10,39,3,34
44_64_59,all-well,hg38,4387,9575,52999.97,10583,4338,9521,10527,49,54,56,D8,F4,E11,44,64,59
09_43_21,all-well,mm10,3893,9574,52994.43,10510,90,92,96,3803,9482,10414,A9,D7,B9,9,43,21
05_64_47,all-well,hg38,4680,9570,52972.29,10510,4638,9528,10463,42,42,47,A5,F4,D11,5,64,47
24_16_23,all-well,mm10,3989,9570,52972.29,10597,98,104,110,3891,9466,10487,B12,B4,B11,24,16,23
39_62_30,all-well,hg38,4477,9568,52961.22,10529,4423,9512,10470,54,56,59,D3,F2,C6,39,62,30
40_66_68,all-well,mm10,3897,9567,52955.69,10546,112,126,137,3785,9441,10409,D4,F6,F8,40,66,68
25_66_16,all-well,hg38,4524,9565,52944.62,10521,4464,9502,10453,60,63,68,C1,F6,B4,25,66,16
24_89_11,all-well,hg38,4674,9564,52939.08,10539,4643,9533,10507,31,31,32,B12,H5,A11,24,89,11
44_29_44,all-well,hg38,4645,9559,52911.41,10537,4598,9512,10487,47,47,50,D8,C5,D8,44,29,44
07_13_23,all-well,hg38,4450,9555,52889.26,10573,4381,9480,10495,69,75,78,A7,B1,B11,7,13,23
43_57_23,all-well,mm10,4171,9554,52883.73,10511,106,125,131,4065,9429,10380,D7,E9,B11,43,57,23
39_76_06,all-well,hg38,4510,9554,52883.73,10523,4461,9504,10471,49,50,52,D3,G4,A6,39,76,6
34_28_58,all-well,mm10,3728,9551,52867.12,10495,96,100,106,3632,9451,10389,C10,C4,E10,34,28,58
01_79_35,all-well,mm10,3992,9549,52856.05,10479,86,93,98,3906,9456,10381,A1,G7,C11,1,79,35
30_31_36,all-well,hg38,4624,9546,52839.45,10553,4566,9484,10489,58,62,64,C6,C7,C12,30,31,36
15_06_59,all-well,hg38,4580,9546,52839.45,10537,4492,9449,10430,88,97,107,B3,A6,E11,15,6,59
20_32_15,all-well,hg38,4493,9545,52833.91,10544,4448,9494,10492,45,51,52,B8,C8,B3,20,32,15
15_14_75,all-well,hg38,4557,9539,52800.70,10479,4493,9470,10403,64,69,76,B3,B2,G3,15,14,75
19_75_14,all-well,hg38,4437,9529,52745.35,10518,4381,9471,10455,56,58,63,B7,G3,B2,19,75,14
24_73_55,all-well,mm10,4110,9528,52739.81,10468,106,110,121,4004,9418,10347,B12,G1,E7,24,73,55
14_87_31,all-well,mm10,3990,9526,52728.74,10475,117,126,135,3873,9400,10340,B2,H3,C7,14,87,31
12_44_13,all-well,hg38,4374,9526,52728.74,10490,4316,9465,10425,58,61,65,A12,D8,B1,12,44,13
46_09_59,all-well,hg38,4447,9525,52723.21,10520,4408,9483,10476,39,42,44,D10,A9,E11,46,9,59
27_59_68,all-well,mm10,4047,9525,52723.21,10476,138,147,157,3909,9378,10319,C3,E11,F8,27,59,68
13_13_31,all-well,mm10,3890,9521,52701.07,10423,106,115,118,3784,9406,10305,B1,B1,C7,13,13,31
19_37_95,all-well,hg38,4474,9516,52673.39,10489,4399,9437,10405,75,79,84,B7,D1,H11,19,37,95
14_73_85,all-well,hg38,4532,9516,52673.39,10483,4489,9471,10436,43,45,47,B2,G1,H1,14,73,85
19_56_57,all-well,hg38,4750,9514,52662.32,10531,4693,9452,10468,57,62,63,B7,E8,E9,19,56,57
20_72_21,all-well,mm10,3990,9512,52651.25,10505,92,96,106,3898,9416,10399,B8,F12,B9,20,72,21
28_20_96,all-well,mm10,3818,9512,52651.25,10472,67,69,74,3751,9443,10398,C4,B8,H12,28,20,96
37_65_65,all-well,hg38,4498,9508,52629.11,10516,4448,9458,10463,50,50,53,D1,F5,F5,37,65,65
05_33_33,all-well,mm10,4019,9508,52629.11,10461,75,77,80,3944,9431,10381,A5,C9,C9,5,33,33
36_18_13,all-well,mm10,3883,9508,52629.11,10388,129,145,155,3754,9363,10233,C12,B6,B1,36,18,13
27_69_23,all-well,hg38,4483,9505,52612.50,10444,4415,9431,10365,68,74,79,C3,F9,B11,27,69,23
27_42_59,all-well,mm10,4045,9503,52601.43,10482,79,86,93,3966,9417,10389,C3,D6,E11,27,42,59
45_32_40,all-well,hg38,4874,9502,52595.90,10410,4780,9401,10301,94,101,109,D9,C8,D4,45,32,40
08_23_15,all-well,hg38,4522,9502,52595.90,10491,4443,9417,10402,79,85,89,A8,B11,B3,8,23,15
31_17_01,all-well,hg38,4596,9499,52579.29,10504,4434,9314,10303,162,185,201,C7,B5,A1,31,17,1
05_66_58,all-well,hg38,4451,9497,52568.22,10458,4401,9440,10398,50,57,60,A5,F6,E10,5,66,58
44_80_08,all-well,hg38,4383,9497,52568.22,10446,4327,9438,10385,56,59,61,D8,G8,A8,44,80,8
34_70_74,all-well,hg38,4605,9497,52568.22,10436,4552,9438,10375,53,59,61,C10,F10,G2,34,70,74
17_31_22,all-well,hg38,4583,9495,52557.15,10429,4532,9443,10375,51,52,54,B5,C7,B10,17,31,22
16_22_96,all-well,hg38,4565,9494,52551.61,10465,4528,9450,10419,37,44,46,B4,B10,H12,16,22,96
40_56_49,all-well,hg38,4761,9491,52535.01,10408,4584,9285,10185,177,206,223,D4,E8,E1,40,56,49
15_11_30,all-well,mm10,3964,9490,52529.47,10407,81,83,93,3883,9407,10314,B3,A11,C6,15,11,30
25_17_76,all-well,hg38,4668,9489,52523.94,10398,4621,9438,10344,47,51,54,C1,B5,G4,25,17,76
16_51_05,all-well,hg38,4519,9489,52523.94,10426,4445,9402,10333,74,87,93,B4,E3,A5,16,51,5
06_90_31,all-well,hg38,4343,9487,52512.87,10517,4295,9436,10462,48,51,55,A6,H6,C7,6,90,31
25_34_80,all-well,hg38,4519,9484,52496.26,10499,4384,9333,10337,135,151,162,C1,C10,G8,25,34,80
27_71_33,all-well,hg38,4576,9483,52490.73,10434,4506,9406,10348,70,77,86,C3,F11,C9,27,71,33
14_06_20,all-well,hg38,4472,9482,52485.19,10421,4405,9413,10347,67,69,74,B2,A6,B8,14,6,20
41_16_21,all-well,mm10,4011,9482,52485.19,10395,68,68,71,3943,9414,10324,D5,B4,B9,41,16,21
11_04_90,all-well,hg38,4723,9481,52479.66,10482,4659,9413,10409,64,68,73,A11,A4,H6,11,4,90
25_04_09,all-well,hg38,4552,9479,52468.59,10451,4491,9416,10386,61,63,65,C1,A4,A9,25,4,9
25_58_51,all-well,hg38,4638,9478,52463.05,10405,4379,9177,10075,259,301,330,C1,E10,E3,25,58,51
09_87_15,all-well,hg38,4263,9477,52457.52,10520,4205,9413,10447,58,64,73,A9,H3,B3,9,87,15
28_71_81,all-well,hg38,4443,9474,52440.91,10453,4390,9416,10390,53,58,63,C4,F11,G9,28,71,81
15_33_92,all-well,mm10,3993,9470,52418.77,10391,103,104,116,3890,9366,10275,B3,C9,H8,15,33,92
10_96_86,all-well,hg38,4717,9466,52396.63,10384,4675,9424,10340,42,42,44,A10,H12,H2,10,96,86
38_31_18,all-well,hg38,4825,9465,52391.09,10409,4719,9345,10282,106,120,127,D2,C7,B6,38,31,18
38_34_10,all-well,hg38,4855,9465,52391.09,10454,4792,9398,10384,63,67,70,D2,C10,A10,38,34,10
22_80_36,all-well,hg38,4550,9465,52391.09,10398,4510,9423,10354,40,42,44,B10,G8,C12,22,80,36
27_62_07,all-well,hg38,4342,9463,52380.02,10450,4296,9406,10387,46,57,63,C3,F2,A7,27,62,7
07_40_76,all-well,hg38,4299,9455,52335.74,10401,4250,9400,10339,49,55,62,A7,D4,G4,7,40,76
38_46_67,all-well,hg38,4548,9451,52313.60,10396,4502,9399,10340,46,52,56,D2,D10,F7,38,46,67
04_70_88,all-well,hg38,4508,9450,52308.06,10391,4463,9399,10334,45,51,57,A4,F10,H4,4,70,88
26_91_20,all-well,hg38,4686,9448,52296.99,10352,4629,9382,10276,57,66,76,C2,H7,B8,26,91,20
24_50_61,all-well,hg38,4751,9443,52269.32,10344,4717,9408,10308,34,35,36,B12,E2,F1,24,50,61
32_09_74,all-well,hg38,4673,9440,52252.71,10424,4611,9371,10353,62,69,71,C8,A9,G2,32,9,74
01_43_65,all-well,hg38,4478,9439,52247.18,10468,4427,9385,10411,51,54,57,A1,D7,F5,1,43,65
12_24_56,all-well,hg38,4241,9439,52247.18,10409,4187,9380,10347,54,59,62,A12,B12,E8,12,24,56
34_23_19,all-well,mm10,3985,9433,52213.96,10376,64,68,71,3921,9365,10305,C10,B11,B7,34,23,19
28_47_65,all-well,hg38,4397,9433,52213.96,10366,4325,9356,10288,72,77,78,C4,D11,F5,28,47,65
17_17_25,all-well,hg38,4374,9432,52208.43,10440,4280,9337,10337,94,95,103,B5,B5,C1,17,17,25
27_32_44,all-well,hg38,4524,9432,52208.43,10429,4452,9357,10353,72,75,76,C3,C8,D8,27,32,44
43_45_93,all-well,hg38,4740,9428,52186.29,10421,4692,9376,10366,48,52,55,D7,D9,H9,43,45,93
43_20_04,all-well,mm10,4218,9428,52186.29,10318,85,86,90,4133,9342,10228,D7,B8,A4,43,20,4
31_33_80,all-well,hg38,4339,9427,52180.75,10410,4307,9390,10373,32,37,37,C7,C9,G8,31,33,80
39_94_17,all-well,hg38,4434,9427,52180.75,10417,4386,9375,10360,48,52,57,D3,H10,B5,39,94,17
14_22_34,all-well,hg38,4569,9420,52142.01,10425,4513,9361,10364,56,59,61,B2,B10,C10,14,22,34
05_43_94,all-well,hg38,4498,9419,52136.47,10343,4458,9377,10299,40,42,44,A5,D7,H10,5,43,94
34_07_56,all-well,hg38,4518,9415,52114.33,10371,4477,9372,10327,41,43,44,C10,A7,E8,34,7,56
32_48_44,all-well,hg38,4471,9410,52086.65,10407,4423,9360,10354,48,50,53,C8,D12,D8,32,48,44
19_18_57,all-well,mm10,3946,9409,52081.12,10375,103,108,116,3843,9301,10259,B7,B6,E9,19,18,57
31_91_32,all-well,hg38,4396,9408,52075.58,10359,4347,9352,10298,49,56,61,C7,H7,C8,31,91,32
39_23_16,all-well,hg38,4541,9399,52025.77,10305,4490,9345,10246,51,54,59,D3,B11,B4,39,23,16
14_12_14,all-well,hg38,4354,9395,52003.63,10356,4312,9348,10305,42,47,51,B2,A12,B2,14,12,14
22_69_83,all-well,hg38,4376,9394,51998.09,10362,4338,9353,10320,38,41,42,B10,F9,G11,22,69,83
32_15_83,all-well,hg38,4430,9394,51998.09,10364,4400,9361,10329,30,33,35,C8,B3,G11,32,15,83
05_46_77,all-well,hg38,4254,9393,51992.55,10371,4192,9323,10298,62,70,73,A5,D10,G5,5,46,77
39_91_92,all-well,hg38,4595,9393,51992.55,10314,4551,9346,10263,44,47,51,D3,H7,H8,39,91,92
38_38_85,all-well,hg38,4610,9390,51975.95,10350,4568,9346,10302,42,44,48,D2,D2,H1,38,38,85
16_50_46,all-well,hg38,4573,9387,51959.34,10400,4502,9303,10310,71,84,90,B4,E2,D10,16,50,46
39_73_63,all-well,hg38,4443,9384,51942.74,10374,4390,9326,10313,53,58,61,D3,G1,F3,39,73,63
01_10_30,all-well,hg38,4449,9380,51920.60,10370,4394,9322,10311,55,58,59,A1,A10,C6,1,10,30
39_68_89,all-well,hg38,4478,9379,51915.06,10321,4426,9326,10265,52,53,56,D3,F8,H5,39,68,89
43_17_28,all-well,mm10,3925,9370,51865.24,10262,83,90,92,3842,9280,10170,D7,B5,C4,43,17,28
12_69_24,all-well,hg38,4673,9370,51865.24,10336,4617,9313,10274,56,57,62,A12,F9,B12,12,69,24
24_50_75,all-well,hg38,4453,9367,51848.64,10268,4417,9328,10225,36,39,43,B12,E2,G3,24,50,75
23_57_16,all-well,hg38,4291,9361,51815.43,10319,4238,9305,10262,53,56,57,B11,E9,B4,23,57,16
05_45_35,all-well,hg38,4480,9361,51815.43,10275,4446,9325,10236,34,36,39,A5,D9,C11,5,45,35
13_33_31,all-well,hg38,4327,9357,51793.29,10250,4228,9245,10129,99,112,121,B1,C9,C7,13,33,31
41_10_85,all-well,hg38,4734,9354,51776.68,10256,4690,9306,10207,44,48,49,D5,A10,H1,41,10,85
15_84_73,all-well,mm10,4095,9354,51776.68,10254,84,89,95,4011,9265,10159,B3,G12,G1,15,84,73
14_56_27,all-well,hg38,4474,9350,51754.54,10294,4416,9280,10221,58,70,73,B2,E8,C3,14,56,27
14_65_04,all-well,hg38,4377,9350,51754.54,10328,4319,9289,10260,58,61,68,B2,F5,A4,14,65,4
04_73_46,all-well,hg38,4580,9348,51743.47,10323,4531,9297,10268,49,51,55,A4,G1,D10,4,73,46
27_18_09,all-well,hg38,4526,9348,51743.47,10282,4469,9281,10211,57,67,71,C3,B6,A9,27,18,9
25_79_58,all-well,mm10,3839,9347,51737.93,10275,105,108,111,3734,9239,10164,C1,G7,E10,25,79,58
31_18_14,all-well,hg38,4510,9345,51726.86,10298,4442,9273,10222,68,72,76,C7,B6,B2,31,18,14
28_23_10,all-well,hg38,4538,9343,51715.79,10353,4429,9231,10237,109,112,116,C4,B11,A10,28,23,10
07_21_09,all-well,hg38,4395,9334,51665.98,10264,4364,9302,10229,31,32,35,A7,B9,A9,7,21,9
12_19_06,all-well,multiplet,4939,9330,51643.83,10233,1677,2411,2622,3262,6919,7611,A12,B7,A6,12,19,6
06_27_79,all-well,hg38,4255,9326,51621.69,10273,4210,9276,10220,45,50,53,A6,C3,G7,6,27,79
31_63_16,all-well,mm10,3721,9326,51621.69,10264,63,66,73,3658,9260,10191,C7,F3,B4,31,63,16
39_46_61,all-well,mm10,3732,9324,51610.62,10275,118,126,134,3614,9198,10141,D3,D10,F1,39,46,61
15_02_36,all-well,mm10,4065,9317,51571.88,10204,115,122,130,3950,9195,10074,B3,A2,C12,15,2,36
15_46_63,all-well,mm10,4139,9314,51555.27,10291,248,274,305,3891,9040,9986,B3,D10,F3,15,46,63
39_29_59,all-well,mm10,4081,9312,51544.20,10301,250,264,293,3831,9048,10008,D3,C5,E11,39,29,59
26_90_78,all-well,mm10,3897,9311,51538.66,10223,90,96,102,3807,9215,10121,C2,H6,G6,26,90,78
14_29_88,all-well,mm10,3982,9297,51461.17,10211,89,91,96,3893,9206,10115,B2,C5,H4,14,29,88
29_61_28,all-well,hg38,4479,9297,51461.17,10210,4446,9263,10176,33,34,34,C5,F1,C4,29,61,28
12_21_89,all-well,hg38,4336,9293,51439.03,10227,4283,9235,10166,53,58,61,A12,B9,H5,12,21,89
39_43_04,all-well,hg38,4435,9287,51405.82,10245,4351,9193,10148,84,94,97,D3,D7,A4,39,43,4
40_18_62,all-well,hg38,4585,9285,51394.75,10179,4537,9233,10126,48,52,53,D4,B6,F2,40,18,62
19_90_01,all-well,hg38,4385,9284,51389.21,10172,4343,9240,10126,42,44,46,B7,H6,A1,19,90,1
16_87_84,all-well,hg38,4390,9283,51383.68,10253,4341,9227,10194,49,56,59,B4,H3,G12,16,87,84
16_17_03,all-well,mm10,3897,9282,51378.14,10180,107,115,127,3790,9167,10053,B4,B5,A3,16,17,3
34_42_55,all-well,hg38,4654,9279,51361.54,10238,4607,9231,10189,47,48,49,C10,D6,E7,34,42,55
43_56_12,all-well,hg38,4732,9272,51322.79,10218,4677,9212,10157,55,60,61,D7,E8,A12,43,56,12
40_60_70,all-well,mm10,3730,9271,51317.25,10175,115,119,128,3615,9152,10047,D4,E12,F10,40,60,70
35_16_77,all-well,hg38,4364,9270,51311.72,10198,4322,9224,10151,42,46,47,C11,B4,G5,35,16,77
42_40_58,all-well,mm10,3955,9269,51306.18,10217,123,133,151,3832,9136,10066,D6,D4,E10,42,40,58
37_26_64,all-well,hg38,4510,9266,51289.58,10236,4453,9205,10167,57,61,69,D1,C2,F4,37,26,64
22_02_76,all-well,hg38,4431,9265,51284.04,10228,4293,9112,10061,138,153,167,B10,A2,G4,22,2,76
19_39_59,all-well,hg38,4263,9258,51245.30,10228,4217,9205,10171,46,53,57,B7,D3,E11,19,39,59
43_56_42,all-well,hg38,4625,9258,51245.30,10192,4539,9169,10097,86,89,95,D7,E8,D6,43,56,42
38_15_22,all-well,mm10,4073,9255,51228.69,10153,109,111,118,3964,9144,10035,D2,B3,B10,38,15,22
19_67_22,all-well,hg38,4497,9250,51201.01,10232,4446,9197,10172,51,53,60,B7,F7,B10,19,67,22
11_09_11,all-well,hg38,4443,9250,51201.01,10162,4400,9206,10117,43,44,45,A11,A9,A11,11,9,11
38_58_48,all-well,hg38,4580,9249,51195.48,10094,4518,9185,10030,62,64,64,D2,E10,D12,38,58,48
07_52_08,all-well,hg38,4290,9249,51195.48,10226,4245,9203,10178,45,46,48,A7,E4,A8,7,52,8
34_76_17,all-well,hg38,4361,9248,51189.94,10126,4311,9197,10073,50,51,53,C10,G4,B5,34,76,17
36_41_46,all-well,mm10,3843,9246,51178.87,10131,83,87,89,3760,9159,10042,C12,D5,D10,36,41,46
33_22_10,all-well,hg38,4480,9244,51167.80,10210,4444,9203,10166,36,41,44,C9,B10,A10,33,22,10
39_93_10,all-well,mm10,3956,9242,51156.73,10163,315,349,384,3641,8893,9779,D3,H9,A10,39,93,10
43_26_31,all-well,hg38,4420,9238,51134.59,10152,4370,9188,10101,50,50,51,D7,C2,C7,43,26,31
44_40_12,all-well,hg38,4266,9238,51134.59,10153,4202,9170,10080,64,68,73,D8,D4,A12,44,40,12
48_46_42,all-well,mm10,3914,9233,51106.92,10129,71,75,76,3843,9158,10053,D12,D10,D6,48,46,42
48_05_12,all-well,hg38,4480,9232,51101.38,10168,4427,9178,10109,53,54,59,D12,A5,A12,48,5,12
10_15_22,all-well,hg38,4483,9230,51090.31,10130,4425,9170,10065,58,60,65,A10,B3,B10,10,15,22
40_66_53,all-well,hg38,4547,9229,51084.77,10136,4477,9151,10055,70,78,81,D4,F6,E5,40,66,53
04_05_52,all-well,hg38,4252,9228,51079.24,10199,4196,9169,10138,56,59,61,A4,A5,E4,4,5,52
01_62_21,all-well,mm10,4072,9227,51073.70,10130,81,84,91,3991,9143,10039,A1,F2,B9,1,62,21
42_56_21,all-well,hg38,4477,9226,51068.17,10207,4435,9183,10161,42,43,46,D6,E8,B9,42,56,21
06_88_04,all-well,hg38,4296,9224,51057.10,10151,4247,9153,10076,49,71,75,A6,H4,A4,6,88,4
09_67_83,all-well,hg38,4550,9220,51034.96,10133,4515,9181,10092,35,39,41,A9,F7,G11,9,67,83
27_68_50,all-well,hg38,4458,9219,51029.42,10168,4421,9178,10123,37,41,45,C3,F8,E2,27,68,50
47_74_71,all-well,mm10,3854,9216,51012.82,10143,79,83,86,3775,9133,10057,D11,G2,F11,47,74,71
05_86_92,all-well,hg38,4446,9215,51007.28,10148,4406,9160,10088,40,55,60,A5,H2,H8,5,86,92
27_64_56,all-well,hg38,4516,9212,50990.68,10231,4469,9157,10174,47,55,57,C3,F4,E8,27,64,56
26_75_49,all-well,hg38,4552,9207,50963.00,10095,4514,9168,10056,38,39,39,C2,G3,E1,26,75,49
13_57_05,all-well,hg38,4283,9206,50957.46,10165,4214,9131,10087,69,75,78,B1,E9,A5,13,57,5
41_75_50,all-well,hg38,4377,9205,50951.93,10123,4317,9139,10053,60,66,70,D5,G3,E2,41,75,50
19_16_66,all-well,mm10,3743,9203,50940.86,10108,71,75,81,3672,9128,10027,B7,B4,F6,19,16,66
35_38_92,all-well,hg38,4510,9199,50918.72,10158,4478,9165,10120,32,34,38,C11,D2,H8,35,38,92
07_01_04,all-well,mm10,3908,9199,50918.72,10173,78,81,84,3830,9118,10089,A7,A1,A4,7,1,4
43_33_15,all-well,mm10,4012,9198,50913.18,10074,97,101,104,3915,9097,9970,D7,C9,B3,43,33,15
12_04_85,all-well,hg38,4289,9198,50913.18,10065,4235,9134,9996,54,64,69,A12,A4,H1,12,4,85
19_74_23,all-well,hg38,4328,9197,50907.65,10117,4281,9148,10064,47,49,53,B7,G2,B11,19,74,23
15_94_11,all-well,hg38,4411,9197,50907.65,10161,4369,9153,10113,42,44,48,B3,H10,A11,15,94,11
10_40_69,all-well,hg38,4643,9196,50902.11,10080,4595,9147,10029,48,49,51,A10,D4,F9,10,40,69
40_72_22,all-well,hg38,4339,9195,50896.58,10121,4272,9121,10038,67,74,83,D4,F12,B10,40,72,22
16_05_66,all-well,hg38,4374,9190,50868.90,10136,4322,9129,10070,52,61,66,B4,A5,F6,16,5,66
38_64_86,all-well,hg38,4604,9183,50830.15,10079,4562,9140,10032,42,43,47,D2,F4,H2,38,64,86
26_58_84,all-well,hg38,4458,9178,50802.48,10100,4390,9101,10018,68,77,82,C2,E10,G12,26,58,84
05_41_05,all-well,hg38,4315,9178,50802.48,10103,4263,9126,10049,52,52,54,A5,D5,A5,5,41,5
28_61_11,all-well,mm10,3657,9177,50796.94,10106,77,81,89,3580,9096,10017,C4,F1,A11,28,61,11
25_43_40,all-well,hg38,4520,9175,50785.87,10150,4467,9118,10089,53,57,61,C1,D7,D4,25,43,40
20_88_18,all-well,hg38,4370,9174,50780.34,10089,4325,9126,10037,45,48,52,B8,H4,B6,20,88,18
10_06_27,all-well,mm10,3833,9173,50774.80,10099,76,77,81,3757,9096,10018,A10,A6,C3,10,6,27
38_02_37,all-well,hg38,4599,9172,50769.27,10086,4547,9114,10024,52,58,62,D2,A2,D1,38,2,37
05_06_18,all-well,hg38,4217,9170,50758.20,10035,4139,9083,9940,78,87,95,A5,A6,B6,5,6,18
36_23_53,all-well,hg38,4452,9170,50758.20,10039,4407,9121,9986,45,49,53,C12,B11,E5,36,23,53
04_20_72,all-well,hg38,4439,9166,50736.05,10060,4392,9117,10009,47,49,51,A4,B8,F12,4,20,72
24_46_51,all-well,mm10,3955,9165,50730.52,10078,131,149,161,3824,9016,9917,B12,D10,E3,24,46,51
26_56_60,all-well,hg38,4453,9164,50724.98,10075,4406,9112,10021,47,52,54,C2,E8,E12,26,56,60
10_53_64,all-well,hg38,4460,9156,50680.70,10109,4411,9104,10055,49,52,54,A10,E5,F4,10,53,64
13_77_25,all-well,hg38,4552,9150,50647.49,10074,4494,9088,10007,58,62,67,B1,G5,C1,13,77,25
46_72_64,all-well,hg38,4470,9147,50630.88,10107,4414,9088,10043,56,59,64,D10,F12,F4,46,72,64
13_74_90,all-well,hg38,4447,9146,50625.35,10004,4407,9104,9959,40,42,45,B1,G2,H6,13,74,90
41_02_59,all-well,hg38,4490,9139,50586.60,10042,4439,9081,9980,51,58,62,D5,A2,E11,41,2,59
48_32_10,all-well,hg38,4406,9135,50564.46,10143,4324,9046,10048,82,89,95,D12,C8,A10,48,32,10
31_20_43,all-well,hg38,4504,9132,50547.86,10043,4448,9075,9981,56,57,62,C7,B8,D7,31,20,43
16_74_28,all-well,hg38,4399,9131,50542.32,10101,4337,9055,10017,62,76,84,B4,G2,C4,16,74,28
34_88_04,all-well,hg38,4531,9128,50525.71,9992,4483,9077,9939,48,51,53,C10,H4,A4,34,88,4
34_28_11,all-well,mm10,4064,9128,50525.71,10041,92,98,105,3972,9030,9936,C10,C4,A11,34,28,11
13_48_55,all-well,hg38,4396,9128,50525.71,10053,4351,9082,10005,45,46,48,B1,D12,E7,13,48,55
44_27_22,all-well,hg38,4204,9127,50520.18,10038,4164,9086,9994,40,41,44,D8,C3,B10,44,27,22
29_95_44,all-well,hg38,4404,9126,50514.64,10014,4362,9083,9971,42,43,43,C5,H11,D8,29,95,44
13_49_09,all-well,hg38,4553,9126,50514.64,9980,4411,8961,9806,142,165,174,B1,E1,A9,13,49,9
36_80_59,all-well,hg38,4256,9125,50509.11,9997,4216,9080,9948,40,45,49,C12,G8,E11,36,80,59
43_74_72,all-well,hg38,4575,9124,50503.57,9982,4536,9080,9934,39,44,48,D7,G2,F12,43,74,72
43_95_68,all-well,hg38,4394,9122,50492.50,10014,4306,9020,9909,88,102,105,D7,H11,F8,43,95,68
34_28_41,all-well,mm10,4056,9117,50464.83,9943,134,146,151,3922,8971,9792,C10,C4,D5,34,28,41
41_79_81,all-well,mm10,3970,9115,50453.76,9975,80,84,87,3890,9031,9888,D5,G7,G9,41,79,81
16_75_69,all-well,mm10,3826,9114,50448.22,10010,138,142,147,3688,8972,9863,B4,G3,F9,16,75,69
01_58_92,all-well,hg38,4299,9109,50420.55,10020,4258,9068,9975,41,41,45,A1,E10,H8,1,58,92
30_45_55,all-well,mm10,3829,9108,50415.01,10025,80,81,86,3749,9027,9939,C6,D9,E7,30,45,55
43_49_26,all-well,hg38,4667,9107,50409.47,10060,4616,9047,9999,51,60,61,D7,E1,C2,43,49,26
01_56_66,all-well,hg38,4313,9103,50387.33,10013,4264,9053,9957,49,50,56,A1,E8,F6,1,56,66
34_28_28,all-well,mm10,3813,9101,50376.26,9974,97,103,110,3716,8998,9864,C10,C4,C4,34,28,28
12_94_63,all-well,hg38,4116,9098,50359.66,10009,4064,9043,9951,52,55,58,A12,H10,F3,12,94,63
01_91_21,all-well,hg38,4453,9098,50359.66,9976,4400,9041,9917,53,57,59,A1,H7,B9,1,91,21
22_04_39,all-well,hg38,4373,9095,50343.05,10000,4337,9054,9954,36,41,46,B10,A4,D3,22,4,39
01_66_67,all-well,hg38,4509,9095,50343.05,10027,4460,9041,9972,49,54,55,A1,F6,F7,1,66,67
38_32_65,all-well,mm10,3695,9092,50326.45,9944,101,110,118,3594,8982,9826,D2,C8,F5,38,32,65
44_64_01,all-well,hg38,4388,9090,50315.38,10065,4338,9040,10013,50,50,52,D8,F4,A1,44,64,1
23_41_81,all-well,hg38,4326,9090,50315.38,9965,4248,9004,9874,78,86,91,B11,D5,G9,23,41,81
38_15_64,all-well,hg38,4714,9088,50304.31,10032,4656,9030,9973,58,58,59,D2,B3,F4,38,15,64
16_06_62,all-well,hg38,4323,9088,50304.31,10061,4260,9019,9988,63,69,73,B4,A6,F2,16,6,62
22_95_69,all-well,hg38,4469,9082,50271.09,9970,4404,9014,9898,65,68,72,B10,H11,F9,22,95,69
12_79_69,all-well,hg38,4334,9082,50271.09,9971,4279,9022,9906,55,60,65,A12,G7,F9,12,79,69
07_65_36,all-well,hg38,3954,9079,50254.49,10082,3899,9019,10018,55,60,64,A7,F5,C12,7,65,36
01_89_18,all-well,hg38,4239,9076,50237.88,9960,4203,9040,9922,36,36,38,A1,H5,B6,1,89,18
14_50_14,all-well,hg38,4524,9075,50232.35,10009,4489,9035,9968,35,40,41,B2,E2,B2,14,50,14
32_28_83,all-well,hg38,4413,9074,50226.81,9985,4350,9010,9915,63,64,70,C8,C4,G11,32,28,83
13_37_42,all-well,hg38,3895,9070,50204.67,10012,3828,8989,9930,67,81,82,B1,D1,D6,13,37,42
10_58_84,all-well,mm10,3984,9068,50193.60,9896,77,82,86,3907,8986,9810,A10,E10,G12,10,58,84
16_11_96,all-well,hg38,4333,9066,50182.53,9998,4282,9009,9937,51,57,61,B4,A11,H12,16,11,96
23_34_46,all-well,hg38,4302,9065,50176.99,10058,4255,9016,10005,47,49,53,B11,C10,D10,23,34,46
39_40_83,all-well,hg38,4377,9065,50176.99,10040,4304,8977,9946,73,88,94,D3,D4,G11,39,40,83
27_02_21,all-well,hg38,4329,9055,50121.64,9993,4259,8980,9910,70,75,83,C3,A2,B9,27,2,21
28_43_43,all-well,hg38,4455,9055,50121.64,9973,4389,8988,9902,66,67,71,C4,D7,D7,28,43,43
09_18_42,all-well,mm10,4027,9054,50116.11,10004,83,84,88,3944,8970,9916,A9,B6,D6,9,18,42
20_68_03,all-well,hg38,4216,9052,50105.04,9990,4178,9007,9940,38,45,50,B8,F8,A3,20,68,3
17_49_34,all-well,hg38,4312,9051,50099.50,10017,4267,9005,9971,45,46,46,B5,E1,C10,17,49,34
14_56_47,all-well,hg38,4386,9049,50088.43,9976,4326,8986,9910,60,63,66,B2,E8,D11,14,56,47
09_93_30,all-well,hg38,4293,9047,50077.36,10005,4249,9001,9954,44,46,51,A9,H9,C6,9,93,30
13_46_76,all-well,hg38,4166,9046,50071.82,9976,4101,8980,9907,65,66,69,B1,D10,G4,13,46,76
25_18_14,all-well,hg38,4421,9046,50071.82,9994,4375,8998,9944,46,48,50,C1,B6,B2,25,18,14
23_54_40,all-well,hg38,4408,9040,50038.61,9949,4356,8985,9892,52,55,57,B11,E6,D4,23,54,40
38_59_06,all-well,hg38,4612,9037,50022.01,9872,4555,8978,9811,57,59,61,D2,E11,A6,38,59,6
46_65_13,all-well,hg38,4382,9035,50010.94,9978,4317,8965,9903,65,70,75,D10,F5,B1,46,65,13
09_20_04,all-well,mm10,3938,9031,49988.80,9976,89,91,95,3849,8940,9881,A9,B8,A4,9,20,4
25_48_68,all-well,hg38,4360,9030,49983.26,9958,4295,8962,9884,65,68,74,C1,D12,F8,25,48,68
42_50_23,all-well,hg38,4127,9030,49983.26,9976,4084,8983,9924,43,47,52,D6,E2,B11,42,50,23
11_66_15,all-well,hg38,4263,9029,49977.73,9985,4216,8982,9937,47,47,48,A11,F6,B3,11,66,15
16_20_95,all-well,hg38,4532,9027,49966.66,9911,4480,8974,9856,52,53,55,B4,B8,H11,16,20,95
13_68_79,all-well,hg38,4462,9027,49966.66,9935,4378,8938,9838,84,89,97,B1,F8,G7,13,68,79
44_95_48,all-well,hg38,4520,9026,49961.12,9938,4474,8977,9886,46,49,52,D8,H11,D12,44,95,48
24_12_76,all-well,hg38,4418,9021,49933.44,9873,4375,8976,9828,43,45,45,B12,A12,G4,24,12,76
01_48_92,all-well,hg38,4293,9019,49922.37,9960,4249,8974,9913,44,45,47,A1,D12,H8,1,48,92
05_90_17,all-well,hg38,4279,9018,49916.84,9956,4222,8959,9893,57,59,63,A5,H6,B5,5,90,17
39_50_35,all-well,hg38,4254,9018,49916.84,9917,4199,8961,9859,55,57,58,D3,E2,C11,39,50,35
32_79_67,all-well,hg38,4492,9018,49916.84,9950,4442,8964,9893,50,54,57,C8,G7,F7,32,79,67
08_89_11,all-well,hg38,4180,9015,49900.23,9932,4153,8986,9903,27,29,29,A8,H5,A11,8,89,11
02_76_57,all-well,hg38,4405,9014,49894.70,9941,4354,8962,9885,51,52,56,A2,G4,E9,2,76,57
45_93_45,all-well,hg38,4736,9012,49883.63,9893,4658,8929,9808,78,83,85,D9,H9,D9,45,93,45
17_06_72,all-well,hg38,4251,9010,49872.56,9958,4212,8968,9913,39,42,45,B5,A6,F12,17,6,72
17_01_13,all-well,mm10,3988,9010,49872.56,9903,78,82,86,3910,8928,9817,B5,A1,B1,17,1,13
34_56_94,all-well,mm10,3819,9010,49872.56,9893,106,109,117,3713,8901,9776,C10,E8,H10,34,56,94
12_22_57,all-well,hg38,4307,9004,49839.34,9930,4257,8950,9876,50,54,54,A12,B10,E9,12,22,57
01_87_11,all-well,hg38,4370,9004,49839.34,9955,4325,8955,9903,45,49,52,A1,H3,A11,1,87,11
42_76_69,all-well,hg38,4044,9002,49828.27,9906,4010,8966,9869,34,36,37,D6,G4,F9,42,76,69
42_62_49,all-well,mm10,3845,9001,49822.74,9941,96,100,106,3749,8901,9835,D6,F2,E1,42,62,49
38_08_73,all-well,hg38,4666,9000,49817.20,9896,4616,8945,9839,50,55,57,D2,A8,G1,38,8,73
26_54_64,all-well,hg38,4667,8998,49806.13,9935,4596,8918,9854,71,80,81,C2,E6,F4,26,54,64
47_19_61,all-well,hg38,4337,8996,49795.06,9892,4275,8926,9818,62,70,74,D11,B7,F1,47,19,61
10_37_81,all-well,hg38,4405,8993,49778.46,9900,4355,8941,9847,50,52,53,A10,D1,G9,10,37,81
09_54_96,all-well,hg38,4441,8992,49772.92,9964,4389,8930,9897,52,62,67,A9,E6,H12,9,54,96
10_50_38,all-well,hg38,4297,8988,49750.78,9914,4249,8939,9864,48,49,50,A10,E2,D2,10,50,38
13_72_68,all-well,hg38,4358,8988,49750.78,9905,4315,8944,9859,43,44,46,B1,F12,F8,13,72,68
13_49_94,all-well,hg38,4370,8987,49745.25,9904,4326,8940,9852,44,47,52,B1,E1,H10,13,49,94
11_21_30,all-well,hg38,4359,8984,49728.64,9947,4312,8936,9894,47,48,53,A11,B9,C6,11,21,30
39_56_32,all-well,mm10,3633,8981,49712.03,9867,72,73,77,3561,8908,9790,D3,E8,C8,39,56,32
30_41_18,all-well,hg38,4372,8977,49689.89,9891,4320,8922,9831,52,55,60,C6,D5,B6,30,41,18
31_91_31,all-well,hg38,4410,8975,49678.82,9860,4363,8924,9806,47,51,54,C7,H7,C7,31,91,31
09_18_05,all-well,mm10,3805,8970,49651.15,9875,109,121,138,3696,8849,9737,A9,B6,A5,9,18,5
40_40_59,all-well,hg38,4303,8970,49651.15,9920,4228,8887,9835,75,83,85,D4,D4,E11,40,40,59
14_61_53,all-well,hg38,4638,8967,49634.54,9857,4550,8874,9763,88,93,94,B2,F1,E5,14,61,53
46_23_25,all-well,hg38,4217,8966,49629.01,9957,4169,8911,9900,48,55,57,D10,B11,C1,46,23,25
13_60_42,all-well,hg38,4329,8959,49590.26,9808,4233,8854,9694,96,105,114,B1,E12,D6,13,60,42
17_43_96,all-well,hg38,4238,8959,49590.26,9846,4188,8907,9792,50,52,54,B5,D7,H12,17,43,96
24_87_96,all-well,hg38,4366,8959,49590.26,9861,4298,8887,9785,68,72,76,B12,H3,H12,24,87,96
39_89_40,all-well,hg38,4176,8958,49584.72,9813,4120,8896,9745,56,62,68,D3,H5,D4,39,89,40
39_50_75,all-well,hg38,4172,8958,49584.72,9825,4118,8901,9766,54,57,59,D3,E2,G3,39,50,75
25_10_14,all-well,hg38,4247,8955,49568.12,9896,4195,8903,9837,52,52,59,C1,A10,B2,25,10,14
41_48_80,all-well,hg38,4376,8955,49568.12,9806,4323,8882,9729,53,73,77,D5,D12,G8,41,48,80
36_16_08,all-well,hg38,4416,8952,49551.51,9873,4370,8899,9815,46,53,58,C12,B4,A8,36,16,8
14_81_30,all-well,mm10,3927,8952,49551.51,9837,79,83,89,3848,8869,9748,B2,G9,C6,14,81,30
32_16_62,all-well,hg38,4381,8950,49540.44,9844,4333,8899,9791,48,51,53,C8,B4,F2,32,16,62
10_91_60,all-well,hg38,4252,8950,49540.44,9908,4214,8905,9860,38,45,48,A10,H7,E12,10,91,60
37_02_78,all-well,hg38,4566,8947,49523.84,9850,4516,8890,9793,50,57,57,D1,A2,G6,37,2,78
28_11_77,all-well,hg38,4347,8945,49512.77,9790,4251,8842,9681,96,103,109,C4,A11,G5,28,11,77
35_47_27,all-well,hg38,4451,8943,49501.69,9827,4405,8893,9777,46,50,50,C11,D11,C3,35,47,27
19_96_15,all-well,hg38,4203,8941,49490.62,9814,4128,8858,9728,75,83,86,B7,H12,B3,19,96,15
42_62_21,all-well,mm10,3676,8941,49490.62,9889,83,86,90,3593,8855,9799,D6,F2,B9,42,62,21
40_52_53,all-well,mm10,3930,8936,49462.95,9787,170,184,196,3760,8752,9591,D4,E4,E5,40,52,53
30_41_54,all-well,hg38,4396,8935,49457.41,9858,4340,8879,9799,56,56,59,C6,D5,E6,30,41,54
14_35_49,all-well,hg38,4314,8935,49457.41,9773,4253,8874,9710,61,61,63,B2,C11,E1,14,35,49
40_13_34,all-well,hg38,4235,8934,49451.88,9822,4172,8865,9751,63,69,71,D4,B1,C10,40,13,34
32_91_45,all-well,mm10,3932,8932,49440.81,9824,151,157,175,3781,8775,9649,C8,H7,D9,32,91,45
27_01_40,all-well,hg38,4345,8930,49429.74,9873,4272,8846,9785,73,84,88,C3,A1,D4,27,1,40
34_21_73,all-well,hg38,4560,8930,49429.74,9812,4147,8463,9308,413,467,504,C10,B9,G1,34,21,73
04_72_50,all-well,hg38,4498,8928,49418.67,9802,4440,8866,9739,58,62,63,A4,F12,E2,4,72,50
39_20_89,all-well,hg38,4405,8927,49413.13,9824,4351,8869,9760,54,58,64,D3,B8,H5,39,20,89
03_40_78,all-well,hg38,4609,8926,49407.60,9777,4531,8840,9688,78,86,89,A3,D4,G6,3,40,78
37_78_66,all-well,hg38,4420,8925,49402.06,9832,4369,8870,9773,51,55,59,D1,G6,F6,37,78,66
20_27_09,all-well,hg38,4302,8925,49402.06,9811,4260,8881,9765,42,44,46,B8,C3,A9,20,27,9
24_67_60,all-well,mm10,3910,8924,49396.53,9799,59,61,62,3851,8863,9737,B12,F7,E12,24,67,60
08_62_13,all-well,hg38,4438,8922,49385.45,9918,4394,8877,9867,44,45,51,A8,F2,B1,8,62,13
43_70_16,all-well,hg38,4421,8918,49363.31,9800,4382,8876,9755,39,42,45,D7,F10,B4,43,70,16
44_42_37,all-well,hg38,4333,8917,49357.78,9817,4287,8869,9766,46,48,51,D8,D6,D1,44,42,37
17_62_91,all-well,hg38,4454,8916,49352.24,9812,4402,8862,9755,52,54,57,B5,F2,H7,17,62,91
24_78_83,all-well,hg38,4448,8916,49352.24,9845,4405,8869,9796,43,47,49,B12,G6,G11,24,78,83
32_03_04,all-well,hg38,4232,8913,49335.64,9814,4191,8869,9769,41,44,45,C8,A3,A4,32,3,4
14_60_27,all-well,hg38,4561,8900,49263.68,9794,4493,8823,9714,68,77,80,B2,E12,C3,14,60,27
10_26_48,all-well,hg38,4425,8899,49258.14,9753,4384,8855,9706,41,44,47,A10,C2,D12,10,26,48
01_64_96,all-well,mm10,3949,8895,49236.00,9776,85,88,94,3864,8807,9682,A1,F4,H12,1,64,96
11_88_92,all-well,hg38,4262,8894,49230.47,9738,4208,8837,9675,54,57,63,A11,H4,H8,11,88,92
32_51_91,all-well,mm10,3883,8891,49213.86,9762,94,97,101,3789,8794,9661,C8,E3,H7,32,51,91
10_32_30,all-well,hg38,4303,8888,49197.26,9724,4257,8839,9674,46,49,50,A10,C8,C6,10,32,30
32_42_92,all-well,mm10,3869,8886,49186.19,9782,69,70,73,3800,8816,9709,C8,D6,H8,32,42,92
36_59_62,all-well,mm10,3804,8882,49164.04,9693,95,100,103,3709,8782,9590,C12,E11,F2,36,59,62
07_88_18,all-well,hg38,4181,8877,49136.37,9749,4113,8803,9669,68,74,80,A7,H4,B6,7,88,18
36_70_68,all-well,mm10,3763,8874,49119.76,9817,70,76,83,3693,8798,9734,C12,F10,F8,36,70,68
12_44_19,all-well,hg38,4504,8872,49108.69,9700,4463,8828,9655,41,44,45,A12,D8,B7,12,44,19
38_34_74,all-well,hg38,4553,8872,49108.69,9734,4493,8808,9666,60,64,68,D2,C10,G2,38,34,74
27_61_03,all-well,hg38,4287,8871,49103.16,9785,4225,8799,9702,62,72,83,C3,F1,A3,27,61,3
26_67_20,all-well,hg38,4224,8870,49097.62,9823,4176,8817,9766,48,53,57,C2,F7,B8,26,67,20
27_13_38,all-well,hg38,4409,8868,49086.55,9728,4348,8805,9662,61,63,66,C3,B1,D2,27,13,38
30_88_05,all-well,multiplet,4731,8868,49086.55,9745,2555,4582,5015,2176,4286,4730,C6,H4,A5,30,88,5
14_19_80,all-well,mm10,3889,8867,49081.02,9746,75,79,80,3814,8788,9666,B2,B7,G8,14,19,80
41_01_27,all-well,hg38,4247,8866,49075.48,9744,4196,8803,9677,51,63,67,D5,A1,C3,41,1,27
48_60_55,all-well,hg38,4248,8863,49058.88,9755,4201,8815,9706,47,48,49,D12,E12,E7,48,60,55
32_32_43,all-well,mm10,3840,8862,49053.34,9767,74,79,80,3766,8783,9687,C8,C8,D7,32,32,43
24_84_82,all-well,hg38,4265,8858,49031.20,9707,4200,8789,9630,65,69,77,B12,G12,G10,24,84,82
14_57_80,all-well,mm10,3962,8857,49025.66,9749,72,74,79,3890,8783,9670,B2,E9,G8,14,57,80
24_40_55,all-well,mm10,3828,8855,49014.59,9731,83,84,87,3745,8771,9644,B12,D4,E7,24,40,55
32_47_82,all-well,hg38,4571,8851,48992.45,9757,4224,8455,9324,347,396,433,C8,D11,G10,32,47,82
25_52_65,all-well,hg38,4352,8850,48986.92,9686,4289,8785,9616,63,65,70,C1,E4,F5,25,52,65
46_23_11,all-well,hg38,4209,8850,48986.92,9749,4165,8805,9701,44,45,48,D10,B11,A11,46,23,11
02_58_58,all-well,hg38,4307,8843,48948.17,9738,4266,8796,9684,41,47,54,A2,E10,E10,2,58,58
15_20_71,all-well,hg38,4473,8843,48948.17,9728,4394,8758,9634,79,85,94,B3,B8,F11,15,20,71
17_20_09,all-well,hg38,4279,8840,48931.56,9737,4250,8808,9703,29,32,34,B5,B8,A9,17,20,9
21_37_65,all-well,hg38,4191,8839,48926.03,9776,4155,8801,9734,36,38,42,B9,D1,F5,21,37,65
43_05_95,all-well,hg38,4469,8839,48926.03,9733,4426,8789,9676,43,50,57,D7,A5,H11,43,5,95
09_01_22,all-well,mm10,3900,8838,48920.49,9732,79,86,89,3821,8752,9643,A9,A1,B10,9,1,22
12_13_14,all-well,hg38,4214,8835,48903.89,9732,4164,8783,9677,50,52,55,A12,B1,B2,12,13,14
19_95_24,all-well,hg38,4270,8835,48903.89,9726,4197,8760,9647,73,75,79,B7,H11,B12,19,95,24
22_31_66,all-well,hg38,4200,8831,48881.75,9796,4167,8798,9761,33,33,35,B10,C7,F6,22,31,66
31_77_80,all-well,hg38,4326,8828,48865.14,9720,4291,8790,9680,35,38,40,C7,G5,G8,31,77,80
22_19_81,all-well,hg38,4179,8827,48859.61,9752,4131,8775,9699,48,52,53,B10,B7,G9,22,19,81
39_75_72,all-well,mm10,3801,8825,48848.54,9724,73,78,83,3728,8747,9641,D3,G3,F12,39,75,72
14_01_52,all-well,hg38,4443,8824,48843.00,9717,4402,8781,9672,41,43,45,B2,A1,E4,14,1,52
13_43_75,all-well,hg38,4297,8824,48843.00,9682,4202,8717,9570,95,107,112,B1,D7,G3,13,43,75
08_72_04,all-well,hg38,4270,8824,48843.00,9727,4226,8777,9677,44,47,50,A8,F12,A4,8,72,4
42_18_29,all-well,hg38,3796,8822,48831.93,9718,3735,8756,9648,61,66,70,D6,B6,C5,42,18,29
35_45_43,all-well,mm10,3867,8822,48831.93,9747,82,84,84,3785,8738,9663,C11,D9,D7,35,45,43
24_93_42,all-well,hg38,4339,8821,48826.39,9668,4304,8784,9628,35,37,40,B12,H9,D6,24,93,42
44_63_41,all-well,mm10,3862,8820,48820.86,9707,86,88,93,3776,8732,9614,D8,F3,D5,44,63,41
42_68_54,all-well,hg38,4181,8820,48820.86,9738,4145,8781,9696,36,39,42,D6,F8,E6,42,68,54
06_48_22,all-well,hg38,4200,8817,48804.25,9738,4145,8759,9677,55,58,61,A6,D12,B10,6,48,22
09_41_11,all-well,hg38,4501,8817,48804.25,9761,4450,8760,9702,51,57,59,A9,D5,A11,9,41,11
39_59_24,all-well,hg38,4235,8816,48798.72,9704,4187,8764,9649,48,52,55,D3,E11,B12,39,59,24
40_23_82,all-well,hg38,4236,8816,48798.72,9695,4168,8744,9617,68,72,78,D4,B11,G10,40,23,82
38_04_85,all-well,mm10,4056,8814,48787.65,9664,91,93,96,3965,8721,9568,D2,A4,H1,38,4,85
16_36_34,all-well,hg38,4171,8814,48787.65,9739,4109,8723,9637,62,91,102,B4,C12,C10,16,36,34
34_69_17,all-well,mm10,4001,8811,48771.04,9617,66,71,77,3935,8740,9540,C10,F9,B5,34,69,17
42_96_66,all-well,hg38,4256,8810,48765.51,9726,4220,8770,9682,36,40,44,D6,H12,F6,42,96,66
43_45_11,all-well,mm10,3887,8808,48754.44,9632,56,58,61,3831,8750,9571,D7,D9,A11,43,45,11
14_89_15,all-well,hg38,4357,8805,48737.83,9664,4318,8762,9620,39,43,44,B2,H5,B3,14,89,15
33_80_22,all-well,hg38,4283,8804,48732.30,9706,4232,8749,9644,51,55,62,C9,G8,B10,33,80,22
10_22_11,all-well,hg38,4286,8803,48726.76,9689,4236,8749,9633,50,54,56,A10,B10,A11,10,22,11
08_22_08,all-well,hg38,4300,8803,48726.76,9726,4226,8720,9637,74,83,89,A8,B10,A8,8,22,8
48_09_37,all-well,hg38,4455,8803,48726.76,9673,4404,8750,9617,51,53,56,D12,A9,D1,48,9,37
29_86_73,all-well,hg38,4348,8801,48715.69,9683,4296,8746,9624,52,55,59,C5,H2,G1,29,86,73
15_69_87,all-well,hg38,4153,8801,48715.69,9717,4116,8761,9674,37,40,43,B3,F9,H3,15,69,87
39_67_80,all-well,hg38,4182,8799,48704.62,9743,4143,8759,9700,39,40,43,D3,F7,G8,39,67,80
09_44_08,all-well,hg38,4228,8798,48699.08,9727,4188,8758,9685,40,40,42,A9,D8,A8,9,44,8
14_68_95,all-well,hg38,4448,8793,48671.41,9705,4346,8688,9596,102,105,109,B2,F8,H11,14,68,95
41_33_16,all-well,hg38,4323,8792,48665.87,9657,4281,8747,9611,42,45,46,D5,C9,B4,41,33,16
13_87_17,all-well,hg38,4360,8791,48660.34,9687,4175,8567,9442,185,224,245,B1,H3,B5,13,87,17
12_07_57,all-well,hg38,4359,8788,48643.73,9663,4319,8746,9620,40,42,43,A12,A7,E9,12,7,57
02_11_96,all-well,hg38,4313,8787,48638.20,9691,4276,8746,9650,37,41,41,A2,A11,H12,2,11,96
19_13_06,all-well,hg38,4083,8786,48632.66,9727,4003,8703,9641,80,83,86,B7,B1,A6,19,13,6
32_81_66,all-well,hg38,4281,8785,48627.13,9663,4242,8743,9617,39,42,46,C8,G9,F6,32,81,66
43_34_24,all-well,hg38,4357,8781,48604.99,9671,4315,8733,9622,42,48,49,D7,C10,B12,43,34,24
38_15_47,all-well,mm10,3867,8781,48604.99,9630,96,106,110,3771,8675,9520,D2,B3,D11,38,15,47
16_68_72,all-well,hg38,4142,8781,48604.99,9684,4105,8738,9640,37,43,44,B4,F8,F12,16,68,72
27_76_34,all-well,hg38,4301,8780,48599.45,9628,4266,8741,9589,35,39,39,C3,G4,C10,27,76,34
31_49_37,all-well,hg38,4385,8779,48593.91,9715,4247,8619,9539,138,160,176,C7,E1,D1,31,49,37
15_62_20,all-well,hg38,4225,8779,48593.91,9672,4168,8720,9611,57,59,61,B3,F2,B8,15,62,20
43_79_39,all-well,hg38,4261,8775,48571.77,9692,4203,8708,9623,58,67,69,D7,G7,D3,43,79,39
40_78_34,all-well,hg38,4113,8773,48560.70,9663,4040,8694,9578,73,79,85,D4,G6,C10,40,78,34
36_39_08,all-well,hg38,4187,8771,48549.63,9618,4133,8710,9552,54,61,66,C12,D3,A8,36,39,8
34_20_21,all-well,hg38,4450,8766,48521.96,9634,4399,8709,9573,51,57,61,C10,B8,B9,34,20,21
27_86_22,all-well,hg38,4235,8766,48521.96,9646,4200,8725,9602,35,41,44,C3,H2,B10,27,86,22
42_20_13,all-well,mm10,3771,8765,48516.42,9652,115,120,127,3656,8645,9525,D6,B8,B1,42,20,13
14_27_70,all-well,mm10,3704,8764,48510.89,9640,84,91,97,3620,8673,9543,B2,C3,F10,14,27,70
46_02_14,all-well,hg38,4149,8763,48505.35,9626,4084,8695,9555,65,68,71,D10,A2,B2,46,2,14
16_31_13,all-well,hg38,4252,8762,48499.82,9607,4166,8659,9500,86,103,107,B4,C7,B1,16,31,13
43_22_42,all-well,mm10,3981,8759,48483.21,9603,73,79,80,3908,8680,9523,D7,B10,D6,43,22,42
48_22_05,all-well,mm10,3823,8757,48472.14,9634,106,111,120,3717,8646,9514,D12,B10,A5,48,22,5
44_45_20,all-well,hg38,4413,8753,48450.00,9682,4377,8711,9640,36,42,42,D8,D9,B8,44,45,20
30_62_28,all-well,hg38,4145,8750,48433.39,9644,4088,8680,9572,57,70,72,C6,F2,C4,30,62,28
22_66_96,all-well,hg38,4381,8750,48433.39,9668,4327,8694,9607,54,56,61,B10,F6,H12,22,66,96
34_19_35,all-well,hg38,4560,8743,48394.65,9638,4511,8690,9583,49,53,55,C10,B7,C11,34,19,35
14_66_70,all-well,mm10,3968,8739,48372.50,9573,218,238,258,3750,8501,9315,B2,F6,F10,14,66,70
09_29_13,all-well,hg38,4467,8739,48372.50,9612,4402,8665,9538,65,74,74,A9,C5,B1,9,29,13
27_61_10,all-well,hg38,3514,8739,48372.50,9636,3454,8676,9567,60,63,69,C3,F1,A10,27,61,10
24_82_28,all-well,hg38,4521,8734,48344.83,9583,4465,8675,9519,56,59,64,B12,G10,C4,24,82,28
32_41_61,all-well,hg38,4432,8732,48333.76,9644,4385,8681,9592,47,51,52,C8,D5,F1,32,41,61
41_86_77,all-well,hg38,4432,8732,48333.76,9580,4393,8681,9527,39,51,53,D5,H2,G5,41,86,77
40_75_63,all-well,mm10,3775,8732,48333.76,9583,105,112,119,3670,8620,9464,D4,G3,F3,40,75,63
38_40_21,all-well,mm10,3652,8730,48322.69,9568,103,110,113,3549,8620,9455,D2,D4,B9,38,40,21
27_75_56,all-well,mm10,3747,8730,48322.69,9636,178,196,219,3569,8534,9417,C3,G3,E8,27,75,56
25_84_14,all-well,hg38,4354,8729,48317.15,9608,4305,8679,9557,49,50,51,C1,G12,B2,25,84,14
02_58_34,all-well,hg38,4187,8728,48311.62,9632,4150,8689,9593,37,39,39,A2,E10,C10,2,58,34
42_45_49,all-well,hg38,4098,8726,48300.55,9649,4060,8684,9604,38,42,45,D6,D9,E1,42,45,49
16_86_85,all-well,mm10,3712,8717,48250.73,9558,104,106,110,3608,8611,9448,B4,H2,H1,16,86,85
25_22_89,all-well,hg38,4279,8716,48245.19,9630,4199,8633,9540,80,83,90,C1,B10,H5,25,22,89
30_42_95,all-well,hg38,4351,8713,48228.59,9533,4321,8680,9498,30,33,35,C6,D6,H11,30,42,95
40_64_68,all-well,hg38,4282,8712,48223.05,9651,4144,8557,9488,138,155,163,D4,F4,F8,40,64,68
46_84_59,all-well,mm10,3736,8708,48200.91,9651,87,89,96,3649,8619,9555,D10,G12,E11,46,84,59
38_73_78,all-well,hg38,4511,8708,48200.91,9545,4432,8623,9456,79,85,89,D2,G1,G6,38,73,78
16_89_82,all-well,hg38,4188,8702,48167.70,9584,4124,8632,9511,64,70,73,B4,H5,G10,16,89,82
30_19_73,all-well,hg38,4348,8702,48167.70,9609,4253,8599,9500,95,103,109,C6,B7,G1,30,19,73
01_66_02,all-well,hg38,4424,8701,48162.17,9558,4389,8664,9513,35,37,45,A1,F6,A2,1,66,2
22_20_40,all-well,hg38,4292,8694,48123.42,9614,4247,8647,9562,45,47,52,B10,B8,D4,22,20,40
44_88_94,all-well,mm10,3902,8693,48117.88,9526,286,322,349,3616,8371,9177,D8,H4,H10,44,88,94
39_91_32,all-well,hg38,4275,8692,48112.35,9562,4212,8625,9490,63,67,72,D3,H7,C8,39,91,32
07_59_41,all-well,hg38,4159,8692,48112.35,9644,4113,8641,9589,46,51,55,A7,E11,D5,7,59,41
43_10_52,all-well,hg38,4378,8690,48101.28,9556,4209,8499,9347,169,191,209,D7,A10,E4,43,10,52
07_79_96,all-well,mm10,3845,8690,48101.28,9521,107,111,114,3738,8579,9407,A7,G7,H12,7,79,96
06_61_44,all-well,hg38,3965,8690,48101.28,9625,3916,8636,9567,49,54,58,A6,F1,D8,6,61,44
09_62_83,all-well,hg38,4249,8690,48101.28,9555,4202,8640,9503,47,50,52,A9,F2,G11,9,62,83
18_19_74,all-well,hg38,4342,8687,48084.67,9680,4303,8646,9635,39,41,45,B6,B7,G2,18,19,74
44_46_07,all-well,hg38,4237,8685,48073.60,9556,4184,8629,9495,53,56,61,D8,D10,A7,44,46,7
11_56_59,all-well,hg38,4270,8684,48068.07,9572,4229,8642,9525,41,42,47,A11,E8,E11,11,56,59
38_22_41,all-well,mm10,3975,8683,48062.53,9526,158,167,182,3817,8516,9344,D2,B10,D5,38,22,41
24_16_33,all-well,mm10,4106,8675,48018.25,9494,384,489,541,3722,8186,8953,B12,B4,C9,24,16,33
39_87_31,all-well,mm10,3868,8674,48012.71,9511,166,178,199,3702,8496,9312,D3,H3,C7,39,87,31
34_80_63,all-well,mm10,4070,8672,48001.64,9538,466,541,596,3604,8131,8942,C10,G8,F3,34,80,63
07_96_63,all-well,hg38,4304,8671,47996.11,9564,4258,8623,9512,46,48,52,A7,H12,F3,7,96,63
38_36_45,all-well,mm10,3822,8671,47996.11,9522,117,124,137,3705,8547,9385,D2,C12,D9,38,36,45
34_65_18,all-well,mm10,3885,8669,47985.04,9560,77,81,86,3808,8588,9474,C10,F5,B6,34,65,18
11_63_68,all-well,hg38,4163,8668,47979.50,9558,4110,8614,9502,53,54,56,A11,F3,F8,11,63,68
41_33_65,all-well,hg38,4074,8666,47968.43,9525,4024,8611,9469,50,55,56,D5,C9,F5,41,33,65
36_71_90,all-well,mm10,3530,8665,47962.90,9468,77,78,82,3453,8587,9386,C12,F11,H6,36,71,90
43_91_93,all-well,hg38,4441,8664,47957.36,9530,4411,8632,9497,30,32,33,D7,H7,H9,43,91,93
19_31_86,all-well,hg38,4017,8664,47957.36,9542,3962,8606,9480,55,58,62,B7,C7,H2,19,31,86
10_36_15,all-well,mm10,3908,8663,47951.83,9538,59,62,64,3849,8601,9474,A10,C12,B3,10,36,15
17_45_49,all-well,hg38,4106,8663,47951.83,9530,4066,8619,9484,40,44,46,B5,D9,E1,17,45,49
28_58_13,all-well,hg38,4128,8657,47918.61,9540,4071,8599,9479,57,58,61,C4,E10,B1,28,58,13
16_79_33,all-well,mm10,3854,8652,47890.94,9546,92,94,99,3762,8558,9447,B4,G7,C9,16,79,33
43_17_41,all-well,mm10,3952,8645,47852.19,9495,79,84,86,3873,8561,9409,D7,B5,D5,43,17,41
43_76_46,all-well,mm10,3861,8643,47841.12,9486,64,67,69,3797,8576,9417,D7,G4,D10,43,76,46
09_34_34,all-well,hg38,4096,8643,47841.12,9550,4052,8593,9495,44,50,55,A9,C10,C10,9,34,34
12_87_51,all-well,hg38,4190,8643,47841.12,9529,4148,8599,9483,42,44,46,A12,H3,E3,12,87,51
12_40_59,all-well,mm10,3539,8641,47830.05,9528,111,116,128,3428,8525,9400,A12,D4,E11,12,40,59
01_54_24,all-well,hg38,4132,8638,47813.45,9529,4103,8609,9500,29,29,29,A1,E6,B12,1,54,24
36_16_41,all-well,mm10,3918,8637,47807.91,9512,251,263,286,3667,8374,9226,C12,B4,D5,36,16,41
36_68_73,all-well,hg38,4476,8635,47796.84,9491,4419,8569,9424,57,66,67,C12,F8,G1,36,68,73
17_37_51,all-well,hg38,4169,8630,47769.16,9507,4133,8593,9468,36,37,39,B5,D1,E3,17,37,51
22_33_41,all-well,hg38,4389,8630,47769.16,9522,4346,8585,9474,43,45,48,B10,C9,D5,22,33,41
22_31_88,all-well,hg38,3935,8629,47763.63,9481,3894,8587,9438,41,42,43,B10,C7,H4,22,31,88
40_48_93,all-well,mm10,3795,8628,47758.09,9499,132,135,152,3663,8493,9347,D4,D12,H9,40,48,93
40_64_57,all-well,hg38,4340,8625,47741.49,9495,4278,8562,9428,62,63,67,D4,F4,E9,40,64,57
09_56_61,all-well,mm10,3781,8624,47735.95,9486,76,80,83,3705,8544,9403,A9,E8,F1,9,56,61
34_02_56,all-well,hg38,4263,8622,47724.88,9486,4221,8580,9442,42,42,44,C10,A2,E8,34,2,56
07_31_03,all-well,hg38,4237,8621,47719.35,9507,4193,8575,9460,44,46,47,A7,C7,A3,7,31,3
28_41_32,all-well,hg38,4209,8617,47697.20,9518,4164,8568,9465,45,49,53,C4,D5,C8,28,41,32
31_23_96,all-well,mm10,3762,8614,47680.60,9535,68,73,74,3694,8541,9461,C7,B11,H12,31,23,96
32_75_20,all-well,mm10,3822,8614,47680.60,9397,148,166,173,3674,8448,9224,C8,G3,B8,32,75,20
31_73_78,all-well,hg38,4236,8610,47658.46,9504,4179,8550,9439,57,60,65,C7,G1,G6,31,73,78
38_58_64,all-well,mm10,3730,8607,47641.85,9443,85,90,94,3645,8517,9349,D2,E10,F4,38,58,64
44_63_68,all-well,mm10,3739,8602,47614.18,9470,100,104,118,3639,8498,9352,D8,F3,F8,44,63,68
32_47_32,all-well,hg38,4206,8598,47592.04,9449,4148,8537,9385,58,61,64,C8,D11,C8,32,47,32
05_54_61,all-well,hg38,4181,8598,47592.04,9469,4138,8552,9422,43,46,47,A5,E6,F1,5,54,61
12_94_21,all-well,mm10,3828,8598,47592.04,9365,75,79,85,3753,8519,9280,A12,H10,B9,12,94,21
10_05_58,all-well,hg38,4223,8597,47586.50,9417,4182,8556,9375,41,41,42,A10,A5,E10,10,5,58
46_66_11,all-well,hg38,4099,8596,47580.96,9552,4040,8536,9481,59,60,71,D10,F6,A11,46,66,11
30_26_09,all-well,mm10,3775,8592,47558.82,9439,109,116,124,3666,8476,9315,C6,C2,A9,30,26,9
12_62_87,all-well,mm10,3731,8591,47553.29,9442,96,101,108,3635,8490,9334,A12,F2,H3,12,62,87
46_29_82,all-well,hg38,4266,8590,47547.75,9505,4219,8542,9453,47,48,52,D10,C5,G10,46,29,82
32_22_49,all-well,multiplet,4349,8587,47531.15,9406,907,1091,1186,3442,7496,8220,C8,B10,E1,32,22,49
08_48_45,all-well,hg38,4376,8585,47520.08,9441,4330,8536,9390,46,49,51,A8,D12,D9,8,48,45
13_57_95,all-well,hg38,4028,8579,47486.87,9471,3983,8534,9424,45,45,47,B1,E9,H11,13,57,95
01_39_38,all-well,mm10,3756,8578,47481.33,9381,58,66,71,3698,8512,9310,A1,D3,D2,1,39,38
19_80_91,all-well,hg38,4383,8578,47481.33,9487,4285,8475,9375,98,103,112,B7,G8,H7,19,80,91
10_47_34,all-well,hg38,4355,8573,47453.65,9449,4330,8547,9422,25,26,27,A10,D11,C10,10,47,34
07_52_13,all-well,hg38,4019,8572,47448.12,9410,3969,8515,9349,50,57,61,A7,E4,B1,7,52,13
44_26_86,all-well,hg38,4273,8570,47437.05,9403,4233,8530,9362,40,40,41,D8,C2,H2,44,26,86
44_11_66,all-well,hg38,4332,8569,47431.51,9459,4292,8525,9408,40,44,51,D8,A11,F6,44,11,66
28_36_45,all-well,hg38,4428,8568,47425.98,9440,4381,8517,9387,47,51,53,C4,C12,D9,28,36,45
27_24_10,all-well,multiplet,4812,8568,47425.98,9435,3709,7080,7802,1103,1488,1633,C3,B12,A10,27,24,10
17_71_03,all-well,hg38,4069,8567,47420.44,9361,4034,8532,9326,35,35,35,B5,F11,A3,17,71,3
20_82_31,all-well,hg38,4428,8566,47414.91,9426,4267,8383,9228,161,183,198,B8,G10,C7,20,82,31
26_80_18,all-well,hg38,4443,8566,47414.91,9457,4363,8473,9359,80,93,98,C2,G8,B6,26,80,18
32_18_41,all-well,mm10,3787,8566,47414.91,9397,101,109,116,3686,8457,9281,C8,B6,D5,32,18,41
15_60_49,all-well,mm10,3864,8565,47409.37,9447,86,88,91,3778,8477,9356,B3,E12,E1,15,60,49
10_33_85,all-well,hg38,4295,8565,47409.37,9454,4258,8527,9413,37,38,41,A10,C9,H1,10,33,85
39_46_20,all-well,hg38,4518,8564,47403.84,9442,4190,8178,9029,328,386,413,D3,D10,B8,39,46,20
30_58_10,all-well,hg38,4273,8561,47387.23,9398,4233,8519,9354,40,42,44,C6,E10,A10,30,58,10
26_16_70,all-well,hg38,4310,8561,47387.23,9398,4256,8503,9337,54,58,61,C2,B4,F10,26,16,70
15_63_03,all-well,mm10,3640,8559,47376.16,9381,111,116,120,3529,8443,9261,B3,F3,A3,15,63,3
05_69_66,all-well,hg38,3811,8553,47342.95,9394,3765,8503,9344,46,50,50,A5,F9,F6,5,69,66
19_37_35,all-well,hg38,4395,8551,47331.88,9401,4278,8424,9269,117,127,132,B7,D1,C11,19,37,35
34_96_05,all-well,hg38,4235,8550,47326.34,9429,4190,8502,9379,45,48,50,C10,H12,A5,34,96,5
12_43_06,all-well,mm10,3769,8547,47309.74,9390,83,85,87,3686,8462,9303,A12,D7,A6,12,43,6
40_46_51,all-well,hg38,4243,8545,47298.67,9384,4154,8450,9281,89,95,103,D4,D10,E3,40,46,51
12_21_08,all-well,mm10,3784,8543,47287.60,9372,69,73,75,3715,8470,9297,A12,B9,A8,12,21,8
27_65_27,all-well,mm10,3768,8543,47287.60,9353,79,81,87,3689,8462,9266,C3,F5,C3,27,65,27
19_49_59,all-well,mm10,3785,8543,47287.60,9491,74,79,85,3711,8464,9406,B7,E1,E11,19,49,59
27_82_67,all-well,hg38,4261,8542,47282.06,9410,4224,8504,9372,37,38,38,C3,G10,F7,27,82,67
24_09_86,all-well,hg38,4342,8540,47270.99,9376,4285,8480,9310,57,60,66,B12,A9,H2,24,9,86
41_05_72,all-well,hg38,4437,8539,47265.46,9344,4400,8492,9296,37,47,48,D5,A5,F12,41,5,72
43_52_36,all-well,mm10,3680,8539,47265.46,9386,83,83,87,3597,8456,9299,D7,E4,C12,43,52,36
42_47_03,all-well,hg38,4252,8538,47259.92,9439,4197,8480,9374,55,58,65,D6,D11,A3,42,47,3
12_84_86,all-well,mm10,3811,8537,47254.39,9331,78,80,82,3733,8457,9249,A12,G12,H2,12,84,86
40_37_21,all-well,mm10,3557,8537,47254.39,9407,130,153,169,3427,8384,9238,D4,D1,B9,40,37,21
05_78_93,all-well,hg38,4178,8535,47243.31,9421,4133,8489,9373,45,46,48,A5,G6,H9,5,78,93
34_85_86,all-well,hg38,4299,8534,47237.78,9409,4263,8496,9369,36,38,40,C10,H1,H2,34,85,86
42_76_08,all-well,hg38,4029,8533,47232.24,9400,3984,8486,9351,45,47,49,D6,G4,A8,42,76,8
24_36_67,all-well,mm10,3919,8532,47226.71,9394,68,70,72,3851,8462,9322,B12,C12,F7,24,36,67
12_47_37,all-well,hg38,4227,8531,47221.17,9375,4190,8491,9335,37,40,40,A12,D11,D1,12,47,37
01_94_43,all-well,hg38,4168,8527,47199.03,9405,4133,8488,9362,35,39,43,A1,H10,D7,1,94,43
15_29_39,all-well,hg38,4283,8523,47176.89,9363,4248,8487,9322,35,36,41,B3,C5,D3,15,29,39
17_74_75,all-well,hg38,4153,8522,47171.36,9357,4121,8487,9322,32,35,35,B5,G2,G3,17,74,75
11_65_55,all-well,hg38,4122,8521,47165.82,9382,4095,8493,9352,27,28,30,A11,F5,E7,11,65,55
09_82_66,all-well,hg38,4166,8521,47165.82,9363,4129,8480,9318,37,41,45,A9,G10,F6,9,82,66
41_66_16,all-well,hg38,4335,8519,47154.75,9395,4296,8475,9347,39,44,48,D5,F6,B4,41,66,16
31_78_33,all-well,mm10,3828,8518,47149.22,9389,108,113,118,3720,8405,9271,C7,G6,C9,31,78,33
16_77_83,all-well,hg38,4176,8517,47143.68,9393,4142,8479,9354,34,38,39,B4,G5,G11,16,77,83
01_11_69,all-well,hg38,3906,8514,47127.07,9341,3869,8476,9301,37,38,40,A1,A11,F9,1,11,69
48_87_17,all-well,hg38,4457,8513,47121.54,9398,4405,8460,9338,52,53,60,D12,H3,B5,48,87,17
33_04_49,all-well,hg38,4254,8512,47116.00,9413,4196,8450,9350,58,62,63,C9,A4,E1,33,4,49
31_17_43,all-well,mm10,3715,8511,47110.47,9348,89,90,92,3626,8421,9256,C7,B5,D7,31,17,43
16_20_66,all-well,hg38,4234,8506,47082.79,9342,4131,8390,9216,103,116,126,B4,B8,F6,16,20,66
09_88_88,all-well,hg38,4224,8502,47060.65,9345,4165,8436,9272,59,66,73,A9,H4,H4,9,88,88
31_35_55,all-well,mm10,3632,8502,47060.65,9319,96,104,114,3536,8398,9205,C7,C11,E7,31,35,55
26_86_50,all-well,hg38,4191,8501,47055.12,9387,4131,8435,9314,60,66,73,C2,H2,E2,26,86,50
13_75_61,all-well,mm10,3908,8501,47055.12,9347,369,426,454,3539,8075,8893,B1,G3,F1,13,75,61
38_76_09,all-well,mm10,3660,8499,47044.05,9318,97,102,112,3563,8397,9206,D2,G4,A9,38,76,9
10_32_15,all-well,mm10,3996,8498,47038.51,9333,75,78,82,3921,8420,9251,A10,C8,B3,10,32,15
13_80_81,all-well,mm10,3787,8496,47027.44,9393,106,118,126,3681,8378,9267,B1,G8,G9,13,80,81
12_68_94,all-well,mm10,3729,8495,47021.90,9312,63,65,69,3666,8430,9243,A12,F8,H10,12,68,94
17_26_40,all-well,hg38,4257,8494,47016.37,9320,4219,8455,9278,38,39,42,B5,C2,D4,17,26,40
26_06_72,all-well,hg38,4303,8493,47010.83,9387,4255,8441,9334,48,52,53,C2,A6,F12,26,6,72
19_67_20,all-well,mm10,3790,8490,46994.23,9374,150,160,182,3640,8330,9192,B7,F7,B8,19,67,20
24_75_71,all-well,mm10,3697,8490,46994.23,9282,80,83,92,3617,8407,9190,B12,G3,F11,24,75,71
38_71_32,all-well,hg38,4434,8489,46988.69,9336,4385,8437,9279,49,52,57,D2,F11,C8,38,71,32
14_16_39,all-well,mm10,3845,8488,46983.16,9345,78,79,81,3767,8409,9264,B2,B4,D3,14,16,39
29_90_22,all-well,hg38,4191,8486,46972.09,9329,4143,8436,9274,48,50,55,C5,H6,B10,29,90,22
01_79_03,all-well,mm10,3682,8483,46955.48,9301,85,86,90,3597,8397,9211,A1,G7,A3,1,79,3
40_48_46,all-well,hg38,4292,8482,46949.95,9332,4223,8412,9256,69,70,76,D4,D12,D10,40,48,46
22_05_71,all-well,hg38,4313,8482,46949.95,9425,4272,8441,9383,41,41,42,B10,A5,F11,22,5,71
43_37_35,all-well,mm10,3765,8481,46944.41,9286,374,426,461,3391,8055,8825,D7,D1,C11,43,37,35
39_66_42,all-well,mm10,3869,8480,46938.88,9346,215,237,259,3654,8243,9087,D3,F6,D6,39,66,42
11_74_47,all-well,hg38,4251,8478,46927.81,9344,4214,8439,9304,37,39,40,A11,G2,D11,11,74,47
43_70_93,all-well,hg38,4412,8477,46922.27,9360,4327,8387,9264,85,90,96,D7,F10,H9,43,70,93
01_23_13,all-well,mm10,3833,8473,46900.13,9324,89,94,98,3744,8379,9226,A1,B11,B1,1,23,13
31_33_46,all-well,mm10,4012,8472,46894.59,9322,524,589,647,3488,7883,8675,C7,C9,D10,31,33,46
27_41_14,all-well,hg38,4216,8469,46877.99,9362,4125,8358,9244,91,111,118,C3,D5,B2,27,41,14
41_42_55,all-well,hg38,4297,8467,46866.92,9335,4261,8415,9280,36,52,55,D5,D6,E7,41,42,55
15_47_80,all-well,hg38,4148,8465,46855.85,9289,4090,8400,9221,58,65,68,B3,D11,G8,15,47,80
42_58_79,all-well,hg38,3972,8465,46855.85,9381,3916,8406,9319,56,59,62,D6,E10,G7,42,58,79
11_90_87,all-well,hg38,4218,8462,46839.24,9330,4175,8418,9286,43,44,44,A11,H6,H3,11,90,87
19_64_40,all-well,mm10,3748,8460,46828.17,9313,91,93,102,3657,8367,9211,B7,F4,D4,19,64,40
36_49_84,all-well,hg38,4268,8459,46822.64,9339,4225,8410,9288,43,49,51,C12,E1,G12,36,49,84
12_61_26,all-well,hg38,4116,8459,46822.64,9352,4088,8431,9321,28,28,31,A12,F1,C2,12,61,26
25_63_69,all-well,hg38,4366,8457,46811.57,9303,3848,7840,8617,518,617,686,C1,F3,F9,25,63,69
14_66_83,all-well,mm10,3844,8456,46806.03,9323,61,64,65,3783,8392,9258,B2,F6,G11,14,66,83
12_95_69,all-well,mm10,3604,8454,46794.96,9289,92,95,102,3512,8359,9187,A12,H11,F9,12,95,69
14_63_05,all-well,mm10,3931,8451,46778.35,9294,145,153,169,3786,8298,9125,B2,F3,A5,14,63,5
39_53_96,all-well,mm10,3719,8450,46772.82,9282,84,94,100,3635,8356,9182,D3,E5,H12,39,53,96
16_58_45,all-well,mm10,3947,8448,46761.75,9322,112,114,119,3835,8334,9203,B4,E10,D9,16,58,45
42_73_13,all-well,mm10,3573,8447,46756.21,9247,125,133,145,3448,8314,9102,D6,G1,B1,42,73,13
41_79_22,all-well,hg38,4443,8445,46745.14,9305,4398,8397,9254,45,48,51,D5,G7,B10,41,79,22
15_31_72,all-well,hg38,4098,8445,46745.14,9273,4045,8388,9215,53,57,58,B3,C7,F12,15,31,72
47_02_84,all-well,hg38,4290,8443,46734.07,9286,4239,8389,9231,51,54,55,D11,A2,G12,47,2,84
24_59_42,all-well,mm10,3420,8443,46734.07,9314,91,98,108,3329,8345,9206,B12,E11,D6,24,59,42
21_73_62,all-well,multiplet,5061,8442,46728.54,9288,3014,5106,5623,2047,3336,3665,B9,G1,F2,21,73,62
22_60_35,all-well,mm10,3650,8442,46728.54,9314,103,107,109,3547,8335,9205,B10,E12,C11,22,60,35
28_49_27,all-well,hg38,4221,8442,46728.54,9236,4173,8393,9185,48,49,51,C4,E1,C3,28,49,27
25_88_87,all-well,hg38,4312,8442,46728.54,9284,4261,8388,9224,51,54,60,C1,H4,H3,25,88,87
36_23_10,all-well,mm10,3844,8441,46723.00,9292,90,101,106,3754,8340,9186,C12,B11,A10,36,23,10
34_58_78,all-well,mm10,3722,8440,46717.47,9324,87,99,111,3635,8341,9213,C10,E10,G6,34,58,78
22_91_36,all-well,mm10,3695,8439,46711.93,9293,100,104,111,3595,8335,9182,B10,H7,C12,22,91,36
36_04_41,all-well,mm10,3709,8439,46711.93,9240,54,56,59,3655,8383,9181,C12,A4,D5,36,4,41
19_67_42,all-well,hg38,4282,8439,46711.93,9316,4235,8387,9263,47,52,53,B7,F7,D6,19,67,42
36_64_22,all-well,mm10,3927,8437,46700.86,9278,84,89,94,3843,8348,9184,C12,F4,B10,36,64,22
39_93_59,all-well,mm10,3695,8436,46695.33,9270,77,77,79,3618,8359,9191,D3,H9,E11,39,93,59
17_20_79,all-well,multiplet,5130,8433,46678.72,9256,3238,5515,6068,1892,2918,3188,B5,B8,G7,17,20,79
13_28_14,all-well,hg38,4280,8433,46678.72,9265,4218,8358,9187,62,75,78,B1,C4,B2,13,28,14
17_23_67,all-well,hg38,4036,8429,46656.58,9256,4009,8402,9223,27,27,33,B5,B11,F7,17,23,67
12_95_96,all-well,mm10,3824,8426,46639.97,9232,79,82,89,3745,8344,9143,A12,H11,H12,12,95,96
05_32_75,all-well,hg38,4225,8426,46639.97,9222,4190,8390,9185,35,36,37,A5,C8,G3,5,32,75
26_63_08,all-well,hg38,4233,8425,46634.44,9277,4193,8382,9232,40,43,45,C2,F3,A8,26,63,8
43_36_36,all-well,mm10,3850,8425,46634.44,9235,61,67,71,3789,8358,9164,D7,C12,C12,43,36,36
43_90_49,all-well,hg38,4285,8423,46623.37,9293,4247,8382,9251,38,41,42,D7,H6,E1,43,90,49
09_27_03,all-well,mm10,3720,8421,46612.30,9237,90,92,97,3630,8329,9140,A9,C3,A3,9,27,3
06_29_79,all-well,hg38,4042,8421,46612.30,9265,4007,8386,9230,35,35,35,A6,C5,G7,6,29,79
38_51_17,all-well,hg38,4476,8421,46612.30,9237,4421,8364,9176,55,57,61,D2,E3,B5,38,51,17
41_57_54,all-well,mm10,3778,8419,46601.23,9229,60,60,61,3718,8359,9168,D5,E9,E6,41,57,54
17_13_42,all-well,hg38,4115,8419,46601.23,9218,4037,8330,9122,78,89,96,B5,B1,D6,17,13,42
02_76_79,all-well,hg38,4045,8418,46595.69,9264,4010,8383,9225,35,35,39,A2,G4,G7,2,76,79
09_47_34,all-well,hg38,4119,8418,46595.69,9307,4079,8377,9265,40,41,42,A9,D11,C10,9,47,34
14_69_43,all-well,hg38,4107,8415,46579.09,9297,4067,8373,9251,40,42,46,B2,F9,D7,14,69,43
33_23_11,all-well,hg38,4199,8413,46568.01,9291,4161,8372,9249,38,41,42,C9,B11,A11,33,23,11
35_36_55,all-well,hg38,4227,8410,46551.41,9311,4192,8375,9276,35,35,35,C11,C12,E7,35,36,55
16_41_36,all-well,mm10,3310,8406,46529.27,9253,92,96,104,3218,8310,9149,B4,D5,C12,16,41,36
40_47_05,all-well,hg38,4135,8402,46507.13,9171,4038,8294,9056,97,108,115,D4,D11,A5,40,47,5
16_18_77,all-well,hg38,4135,8402,46507.13,9231,4044,8280,9098,91,122,133,B4,B6,G5,16,18,77
06_37_08,all-well,hg38,4108,8401,46501.59,9284,4079,8372,9253,29,29,31,A6,D1,A8,6,37,8
14_43_44,all-well,multiplet,4896,8401,46501.59,9206,2613,4465,4906,2283,3936,4300,B2,D7,D8,14,43,44
36_61_12,all-well,hg38,4258,8401,46501.59,9257,4221,8358,9210,37,43,47,C12,F1,A12,36,61,12
28_59_93,all-well,mm10,3747,8400,46496.06,9233,78,83,86,3669,8317,9147,C4,E11,H9,28,59,93
24_05_07,all-well,hg38,4302,8399,46490.52,9261,4240,8333,9192,62,66,69,B12,A5,A7,24,5,7
40_28_88,all-well,hg38,3931,8397,46479.45,9200,3792,8239,9026,139,158,174,D4,C4,H4,40,28,88
42_69_40,all-well,mm10,3785,8397,46479.45,9278,103,106,112,3682,8291,9166,D6,F9,D4,42,69,40
06_65_15,all-well,hg38,4019,8394,46462.85,9241,3977,8350,9197,42,44,44,A6,F5,B3,6,65,15
07_92_76,all-well,hg38,4231,8392,46451.77,9268,4199,8359,9231,32,33,37,A7,H8,G4,7,92,76
28_89_70,all-well,hg38,4324,8391,46446.24,9213,4248,8305,9123,76,86,90,C4,H5,F10,28,89,70
48_18_39,all-well,hg38,4299,8391,46446.24,9185,4249,8341,9133,50,50,52,D12,B6,D3,48,18,39
10_01_59,all-well,hg38,3507,8387,46424.10,9287,3437,8311,9205,70,76,82,A10,A1,E11,10,1,59
26_24_81,all-well,mm10,3810,8386,46418.56,9231,87,89,95,3723,8297,9136,C2,B12,G9,26,24,81
19_18_38,all-well,mm10,3441,8386,46418.56,9168,75,76,83,3366,8310,9085,B7,B6,D2,19,18,38
31_02_30,all-well,hg38,4278,8383,46401.96,9254,4230,8334,9204,48,49,50,C7,A2,C6,31,2,30
46_58_12,all-well,hg38,4222,8383,46401.96,9290,4189,8350,9254,33,33,36,D10,E10,A12,46,58,12
12_90_95,all-well,mm10,3491,8382,46396.42,9176,61,65,66,3430,8317,9110,A12,H6,H11,12,90,95
10_57_72,all-well,hg38,4239,8380,46385.35,9219,4189,8326,9165,50,54,54,A10,E9,F12,10,57,72
30_78_73,all-well,hg38,4104,8380,46385.35,9254,4052,8324,9195,52,56,59,C6,G6,G1,30,78,73
04_66_23,all-well,hg38,4037,8377,46368.75,9232,4005,8345,9195,32,32,37,A4,F6,B11,4,66,23
41_68_85,all-well,hg38,4148,8374,46352.14,9222,4107,8322,9167,41,52,55,D5,F8,H1,41,68,85
09_86_06,all-well,hg38,4210,8372,46341.07,9229,4163,8322,9177,47,50,52,A9,H2,A6,9,86,6
27_07_45,all-well,hg38,4241,8371,46335.53,9162,4197,8323,9114,44,48,48,C3,A7,D9,27,7,45
14_64_91,all-well,hg38,4142,8368,46318.93,9219,4098,8321,9170,44,47,49,B2,F4,H7,14,64,91
21_04_04,all-well,hg38,4130,8367,46313.39,9211,4103,8340,9181,27,27,30,B9,A4,A4,21,4,4
26_54_75,all-well,mm10,3598,8366,46307.86,9212,79,80,84,3519,8286,9128,C2,E6,G3,26,54,75
37_20_81,all-well,hg38,4166,8362,46285.72,9250,4119,8313,9197,47,49,53,D1,B8,G9,37,20,81
11_27_46,all-well,hg38,4126,8360,46274.65,9254,4096,8329,9222,30,31,32,A11,C3,D10,11,27,46
27_61_36,all-well,mm10,3733,8360,46274.65,9172,89,93,93,3644,8267,9079,C3,F1,C12,27,61,36
07_44_24,all-well,hg38,4155,8358,46263.58,9251,4108,8309,9197,47,49,54,A7,D8,B12,7,44,24
43_41_70,all-well,hg38,4317,8358,46263.58,9171,4196,8227,9036,121,131,135,D7,D5,F10,43,41,70
12_18_09,all-well,mm10,3574,8357,46258.04,9146,103,108,116,3471,8249,9030,A12,B6,A9,12,18,9
46_33_47,all-well,hg38,4180,8357,46258.04,9223,4095,8269,9129,85,88,94,D10,C9,D11,46,33,47
07_87_54,all-well,hg38,4002,8357,46258.04,9191,3929,8282,9110,73,75,81,A7,H3,E6,7,87,54
14_73_86,all-well,hg38,4172,8354,46241.44,9180,4121,8298,9122,51,56,58,B2,G1,H2,14,73,86
16_82_22,all-well,hg38,4164,8352,46230.36,9180,4088,8258,9081,76,94,99,B4,G10,B10,16,82,22
28_76_58,all-well,mm10,3731,8351,46224.83,9181,88,93,102,3643,8258,9079,C4,G4,E10,28,76,58
43_23_49,all-well,mm10,3799,8351,46224.83,9138,60,66,70,3739,8285,9068,D7,B11,E1,43,23,49
38_04_63,all-well,mm10,3693,8350,46219.29,9181,98,101,105,3595,8249,9076,D2,A4,F3,38,4,63
24_79_81,all-well,mm10,3528,8350,46219.29,9175,71,72,76,3457,8278,9099,B12,G7,G9,24,79,81
08_64_56,all-well,hg38,4098,8348,46208.22,9192,4061,8309,9151,37,39,41,A8,F4,E8,8,64,56
17_66_50,all-well,hg38,4113,8347,46202.69,9244,4076,8306,9202,37,41,42,B5,F6,E2,17,66,50
10_53_36,all-well,hg38,4369,8346,46197.15,9195,4334,8311,9158,35,35,37,A10,E5,C12,10,53,36
45_35_86,all-well,hg38,4213,8346,46197.15,9131,4116,8240,9014,97,106,117,D9,C11,H2,45,35,86
27_33_59,all-well,hg38,4193,8343,46180.55,9191,4134,8273,9112,59,70,79,C3,C9,E11,27,33,59
24_21_81,all-well,hg38,4125,8341,46169.48,9183,3946,8142,8960,179,199,223,B12,B9,G9,24,21,81
39_59_91,all-well,mm10,3873,8339,46158.41,9146,241,265,290,3632,8074,8856,D3,E11,H7,39,59,91
48_32_65,all-well,hg38,4407,8335,46136.27,9205,4355,8278,9147,52,57,58,D12,C8,F5,48,32,65
02_29_42,all-well,mm10,3779,8334,46130.73,9134,54,57,60,3725,8277,9074,A2,C5,D6,2,29,42
08_01_58,all-well,hg38,4264,8334,46130.73,9140,4221,8288,9090,43,46,50,A8,A1,E10,8,1,58
24_28_51,all-well,mm10,3743,8334,46130.73,9231,53,57,64,3690,8277,9167,B12,C4,E3,24,28,51
36_17_67,all-well,mm10,3495,8331,46114.12,9143,61,65,66,3434,8266,9077,C12,B5,F7,36,17,67
10_60_93,all-well,hg38,4209,8331,46114.12,9142,4182,8304,9112,27,27,30,A10,E12,H9,10,60,93
24_20_87,all-well,hg38,4230,8331,46114.12,9190,4196,8296,9154,34,35,36,B12,B8,H3,24,20,87
15_12_29,all-well,hg38,4335,8329,46103.05,9094,4280,8271,9031,55,58,63,B3,A12,C5,15,12,29
05_65_45,all-well,hg38,4088,8329,46103.05,9157,4057,8298,9123,31,31,34,A5,F5,D9,5,65,45
33_37_95,all-well,hg38,4169,8328,46097.52,9104,4108,8266,9037,61,62,67,C9,D1,H11,33,37,95
46_50_47,all-well,hg38,4062,8327,46091.98,9142,4006,8268,9081,56,59,61,D10,E2,D11,46,50,47
22_40_56,all-well,hg38,4110,8326,46086.45,9220,4063,8278,9164,47,48,56,B10,D4,E8,22,40,56
05_93_71,all-well,hg38,4118,8324,46075.38,9239,4081,8286,9195,37,38,44,A5,H9,F11,5,93,71
10_86_22,all-well,hg38,4304,8324,46075.38,9226,4272,8289,9189,32,35,37,A10,H2,B10,10,86,22
38_08_40,all-well,mm10,3869,8323,46069.84,9114,79,82,89,3790,8241,9025,D2,A8,D4,38,8,40
46_49_63,all-well,hg38,4304,8323,46069.84,9205,4186,8196,9069,118,127,136,D10,E1,F3,46,49,63
12_09_64,all-well,hg38,4210,8323,46069.84,9219,4165,8277,9171,45,46,48,A12,A9,F4,12,9,64
21_07_21,all-well,hg38,4273,8320,46053.24,9104,4222,8268,9049,51,52,55,B9,A7,B9,21,7,21
31_57_50,all-well,hg38,4178,8318,46042.17,9160,4116,8249,9087,62,69,73,C7,E9,E2,31,57,50
39_75_87,all-well,mm10,3572,8318,46042.17,9137,83,88,99,3489,8230,9038,D3,G3,H3,39,75,87
43_37_69,all-well,mm10,3844,8315,46025.56,9169,69,71,73,3775,8244,9096,D7,D1,F9,43,37,69
14_32_68,all-well,hg38,4267,8313,46014.49,9181,4203,8244,9109,64,69,72,B2,C8,F8,14,32,68
24_95_77,all-well,hg38,4240,8313,46014.49,9122,4189,8261,9066,51,52,56,B12,H11,G5,24,95,77
41_15_04,all-well,hg38,4187,8312,46008.96,9184,4141,8251,9118,46,61,66,D5,B3,A4,41,15,4
38_39_70,all-well,hg38,4470,8311,46003.42,9132,4422,8258,9079,48,53,53,D2,D3,F10,38,39,70
46_67_76,all-well,hg38,4143,8311,46003.42,9182,4083,8246,9112,60,65,70,D10,F7,G4,46,67,76
01_11_05,all-well,hg38,4368,8310,45997.88,9215,4315,8253,9151,53,57,64,A1,A11,A5,1,11,5
26_59_42,all-well,hg38,4147,8308,45986.81,9127,4092,8246,9060,55,62,67,C2,E11,D6,26,59,42
29_22_18,all-well,hg38,4275,8307,45981.28,9136,4231,8262,9089,44,45,47,C5,B10,B6,29,22,18
32_78_49,all-well,mm10,3771,8303,45959.14,9128,135,149,157,3636,8154,8971,C8,G6,E1,32,78,49
28_73_54,all-well,hg38,3983,8300,45942.53,9126,3941,8258,9077,42,42,49,C4,G1,E6,28,73,54
13_73_43,all-well,hg38,4085,8300,45942.53,9116,3995,8192,8999,90,108,117,B1,G1,D7,13,73,43
01_33_52,all-well,mm10,3886,8300,45942.53,9133,71,73,79,3815,8227,9054,A1,C9,E4,1,33,52
16_87_11,all-well,hg38,3727,8296,45920.39,9160,3632,8179,9032,95,117,128,B4,H3,A11,16,87,11
13_05_58,all-well,mm10,3610,8294,45909.32,9117,111,119,132,3499,8175,8985,B1,A5,E10,13,5,58
07_93_02,all-well,hg38,4071,8294,45909.32,9100,4016,8235,9036,55,59,64,A7,H9,A2,7,93,2
23_58_03,all-well,hg38,4132,8294,45909.32,9147,4067,8226,9074,65,68,73,B11,E10,A3,23,58,3
32_06_94,all-well,mm10,3929,8292,45898.25,9071,322,390,420,3607,7902,8651,C8,A6,H10,32,6,94
40_42_44,all-well,hg38,4206,8291,45892.72,9121,4155,8237,9064,51,54,57,D4,D6,D8,40,42,44
15_10_37,all-well,hg38,4202,8288,45876.11,9168,4150,8234,9107,52,54,61,B3,A10,D1,15,10,37
09_42_45,all-well,hg38,4127,8288,45876.11,9089,4081,8240,9039,46,48,50,A9,D6,D9,9,42,45
46_03_15,all-well,hg38,3897,8287,45870.57,9159,3840,8228,9099,57,59,60,D10,A3,B3,46,3,15
42_61_44,all-well,hg38,3899,8285,45859.50,9056,3834,8214,8981,65,71,75,D6,F1,D8,42,61,44
41_05_08,all-well,mm10,3764,8284,45853.97,9076,65,68,72,3699,8216,9004,D5,A5,A8,41,5,8
32_46_74,all-well,hg38,4211,8282,45842.90,9133,4146,8212,9058,65,70,75,C8,D10,G2,32,46,74
19_56_19,all-well,hg38,4162,8281,45837.36,9132,4106,8224,9073,56,57,59,B7,E8,B7,19,56,19
31_67_22,all-well,hg38,3944,8280,45831.83,9216,3894,8229,9163,50,51,53,C7,F7,B10,31,67,22
01_63_54,all-well,hg38,4101,8278,45820.76,9106,4050,8225,9051,51,53,55,A1,F3,E6,1,63,54
06_42_08,all-well,hg38,4021,8275,45804.15,9151,3989,8238,9111,32,37,40,A6,D6,A8,6,42,8
22_07_10,all-well,hg38,3975,8274,45798.62,9137,3919,8214,9077,56,60,60,B10,A7,A10,22,7,10
04_39_81,all-well,hg38,4196,8271,45782.01,9092,4131,8199,9017,65,72,75,A4,D3,G9,4,39,81
36_52_90,all-well,mm10,3699,8271,45782.01,9088,67,75,76,3632,8196,9012,C12,E4,H6,36,52,90
18_94_01,all-well,mm10,3685,8271,45782.01,9106,75,80,83,3610,8191,9023,B6,H10,A1,18,94,1
07_90_02,all-well,hg38,4229,8269,45770.94,9095,4169,8206,9031,60,63,64,A7,H6,A2,7,90,2
36_40_57,all-well,hg38,4282,8269,45770.94,9113,4234,8215,9057,48,54,56,C12,D4,E9,36,40,57
13_85_10,all-well,hg38,4073,8267,45759.87,9091,4013,8202,9024,60,65,67,B1,H1,A10,13,85,10
32_76_85,all-well,mm10,3475,8266,45754.33,9098,78,80,83,3397,8186,9015,C8,G4,H1,32,76,85
34_61_45,all-well,hg38,3976,8264,45743.26,9111,3944,8232,9078,32,32,33,C10,F1,D9,34,61,45
13_91_64,all-well,mm10,3635,8261,45726.66,9091,70,81,87,3565,8180,9004,B1,H7,F4,13,91,64
38_45_82,all-well,hg38,4212,8261,45726.66,9052,4146,8192,8981,66,69,71,D2,D9,G10,38,45,82
18_17_30,all-well,hg38,3917,8260,45721.12,9110,3884,8223,9071,33,37,39,B6,B5,C6,18,17,30
19_89_16,all-well,hg38,4160,8260,45721.12,9103,4113,8210,9048,47,50,55,B7,H5,B4,19,89,16
38_50_58,all-well,mm10,3648,8259,45715.59,9063,86,89,97,3562,8170,8966,D2,E2,E10,38,50,58
19_21_44,all-well,mm10,3801,8257,45704.52,9081,70,72,73,3731,8185,9008,B7,B9,D8,19,21,44
09_19_66,all-well,hg38,4183,8256,45698.98,9128,4135,8202,9068,48,54,60,A9,B7,F6,9,19,66
40_14_12,all-well,hg38,3960,8255,45693.45,9095,3912,8204,9041,48,51,54,D4,B2,A12,40,14,12
48_36_39,all-well,hg38,4152,8253,45682.38,9035,4103,8202,8976,49,51,59,D12,C12,D3,48,36,39
40_27_58,all-well,hg38,4168,8251,45671.31,9129,4109,8188,9060,59,63,69,D4,C3,E10,40,27,58
46_48_15,all-well,hg38,4112,8250,45665.77,9137,4062,8195,9079,50,55,58,D10,D12,B3,46,48,15
40_42_71,all-well,mm10,3667,8249,45660.23,9082,165,171,187,3502,8078,8895,D4,D6,F11,40,42,71
34_69_96,all-well,mm10,3669,8248,45654.70,9091,79,82,92,3590,8166,8999,C10,F9,H12,34,69,96
41_72_34,all-well,hg38,4198,8247,45649.16,9123,4160,8204,9076,38,43,47,D5,F12,C10,41,72,34
01_92_43,all-well,mm10,3659,8247,45649.16,9041,48,53,57,3611,8194,8984,A1,H8,D7,1,92,43
38_50_81,all-well,hg38,4314,8246,45643.63,8996,4238,8167,8909,76,79,87,D2,E2,G9,38,50,81
13_36_05,all-well,hg38,3636,8244,45632.56,9025,3575,8180,8957,61,64,68,B1,C12,A5,13,36,5
30_13_28,all-well,mm10,3800,8242,45621.49,9034,89,92,95,3711,8150,8939,C6,B1,C4,30,13,28
30_93_90,all-well,hg38,4134,8235,45582.74,9126,4095,8193,9082,39,42,44,C6,H9,H6,30,93,90
16_93_13,all-well,hg38,4186,8234,45577.21,9091,4116,8153,9003,70,81,88,B4,H9,B1,16,93,13
22_18_64,all-well,hg38,4100,8232,45566.14,9118,4052,8182,9064,48,50,54,B10,B6,F4,22,18,64
10_59_30,all-well,mm10,3732,8232,45566.14,9029,84,84,87,3648,8148,8942,A10,E11,C6,10,59,30
08_59_83,all-well,mm10,3314,8231,45560.60,9039,82,84,89,3232,8147,8950,A8,E11,G11,8,59,83
24_51_60,all-well,hg38,4257,8230,45555.07,9042,4205,8174,8983,52,56,59,B12,E3,E12,24,51,60
13_90_84,all-well,mm10,3684,8230,45555.07,9062,75,77,84,3609,8153,8978,B1,H6,G12,13,90,84
26_86_79,all-well,mm10,3553,8230,45555.07,9018,74,81,83,3479,8149,8935,C2,H2,G7,26,86,79
16_15_67,all-well,mm10,3605,8230,45555.07,9052,105,110,114,3500,8120,8938,B4,B3,F7,16,15,67
18_86_35,all-well,multiplet,4859,8227,45538.46,9046,2366,3790,4172,2493,4437,4874,B6,H2,C11,18,86,35
09_07_63,all-well,mm10,3527,8227,45538.46,9104,74,77,86,3453,8150,9018,A9,A7,F3,9,7,63
48_27_02,all-well,mm10,3892,8227,45538.46,9043,76,77,80,3816,8150,8963,D12,C3,A2,48,27,2
16_92_11,all-well,hg38,4154,8226,45532.92,9052,4109,8173,8999,45,53,53,B4,H8,A11,16,92,11
37_26_90,all-well,hg38,4069,8224,45521.85,9060,4015,8163,8994,54,61,66,D1,C2,H6,37,26,90
39_13_01,all-well,hg38,4190,8223,45516.32,9062,4142,8164,8997,48,59,65,D3,B1,A1,39,13,1
44_24_21,all-well,hg38,4283,8223,45516.32,9029,4242,8179,8985,41,44,44,D8,B12,B9,44,24,21
35_49_56,all-well,multiplet,4872,8223,45516.32,9085,2819,4784,5318,2053,3439,3767,C11,E1,E8,35,49,56
13_27_36,all-well,hg38,4127,8222,45510.78,9058,4087,8179,9012,40,43,46,B1,C3,C12,13,27,36
25_61_43,all-well,hg38,3592,8221,45505.25,9012,3525,8149,8938,67,72,74,C1,F1,D7,25,61,43
23_14_90,all-well,hg38,3963,8221,45505.25,9003,3919,8173,8954,44,48,49,B11,B2,H6,23,14,90
26_01_52,all-well,hg38,4286,8218,45488.64,9076,4246,8175,9033,40,43,43,C2,A1,E4,26,1,52
39_78_43,all-well,hg38,4130,8216,45477.57,9075,4083,8167,9022,47,49,53,D3,G6,D7,39,78,43
12_51_34,all-well,mm10,3604,8215,45472.04,9025,74,78,82,3530,8137,8943,A12,E3,C10,12,51,34
04_19_70,all-well,hg38,4210,8214,45466.50,9076,4160,8163,9022,50,51,54,A4,B7,F10,4,19,70
34_15_48,all-well,hg38,4270,8213,45460.97,9014,4231,8173,8974,39,40,40,C10,B3,D12,34,15,48
28_16_47,all-well,hg38,4040,8211,45449.90,9054,3989,8159,8999,51,52,55,C4,B4,D11,28,16,47
19_26_33,all-well,hg38,4022,8210,45444.36,9009,3976,8159,8956,46,51,53,B7,C2,C9,19,26,33
19_72_11,all-well,hg38,4145,8204,45411.15,9075,4101,8158,9024,44,46,51,B7,F12,A11,19,72,11
17_91_62,all-well,hg38,4000,8204,45411.15,9044,3970,8171,9008,30,33,36,B5,H7,F2,17,91,62
26_41_81,all-well,mm10,3768,8203,45405.61,9004,134,141,149,3634,8062,8855,C2,D5,G9,26,41,81
01_79_69,all-well,hg38,3937,8202,45400.08,8983,3870,8133,8909,67,69,74,A1,G7,F9,1,79,69
07_75_13,all-well,hg38,4050,8200,45389.01,9041,4000,8150,8990,50,50,51,A7,G3,B1,7,75,13
32_11_21,all-well,mm10,3677,8196,45366.87,9006,69,73,79,3608,8123,8927,C8,A11,B9,32,11,21
41_36_82,all-well,mm10,3753,8194,45355.80,9036,61,64,67,3692,8130,8969,D5,C12,G10,41,36,82
47_40_58,all-well,hg38,4220,8192,45344.73,9024,4169,8138,8968,51,54,56,D11,D4,E10,47,40,58
25_06_77,all-well,hg38,4094,8191,45339.19,9060,4050,8142,9009,44,49,51,C1,A6,G5,25,6,77
44_39_78,all-well,hg38,4021,8191,45339.19,8987,3972,8139,8933,49,52,54,D8,D3,G6,44,39,78
02_19_31,all-well,mm10,3647,8189,45328.12,9002,90,92,99,3557,8097,8903,A2,B7,C7,2,19,31
40_32_55,all-well,hg38,4040,8189,45328.12,9037,3973,8115,8962,67,74,75,D4,C8,E7,40,32,55
10_70_86,all-well,hg38,4163,8187,45317.05,8972,4124,8146,8929,39,41,43,A10,F10,H2,10,70,86
22_26_78,all-well,mm10,3748,8187,45317.05,8980,105,109,117,3643,8078,8863,B10,C2,G6,22,26,78
43_66_46,all-well,mm10,3889,8186,45311.51,9002,136,145,157,3753,8041,8845,D7,F6,D10,43,66,46
21_46_46,all-well,mm10,3754,8186,45311.51,8978,55,63,66,3699,8123,8912,B9,D10,D10,21,46,46
43_42_71,all-well,hg38,4352,8185,45305.98,9038,4294,8123,8971,58,62,67,D7,D6,F11,43,42,71
47_92_18,all-well,hg38,4176,8182,45289.37,9000,4120,8122,8937,56,60,63,D11,H8,B6,47,92,18
24_61_11,all-well,mm10,3447,8182,45289.37,9005,89,95,102,3358,8087,8903,B12,F1,A11,24,61,11
48_09_74,all-well,hg38,4352,8181,45283.84,9046,4311,8137,8999,41,44,47,D12,A9,G2,48,9,74
13_10_21,all-well,hg38,4312,8179,45272.77,9012,4264,8128,8957,48,51,55,B1,A10,B9,13,10,21
32_05_88,all-well,hg38,4097,8177,45261.70,8979,4051,8131,8933,46,46,46,C8,A5,H4,32,5,88
19_42_75,all-well,mm10,3705,8177,45261.70,8989,73,76,84,3632,8101,8905,B7,D6,G3,19,42,75
36_07_60,all-well,mm10,3638,8175,45250.63,8923,97,104,112,3541,8071,8811,C12,A7,E12,36,7,60
17_76_09,all-well,hg38,4183,8174,45245.09,8990,4147,8135,8949,36,39,41,B5,G4,A9,17,76,9
38_01_56,all-well,mm10,3764,8173,45239.56,8971,93,97,101,3671,8076,8870,D2,A1,E8,38,1,56
26_94_15,all-well,hg38,4136,8170,45222.95,9036,4084,8115,8979,52,55,57,C2,H10,B3,26,94,15
41_52_45,all-well,mm10,3488,8170,45222.95,8963,56,61,65,3432,8109,8898,D5,E4,D9,41,52,45
15_06_21,all-well,mm10,3695,8162,45178.67,8962,66,72,78,3629,8090,8884,B3,A6,B9,15,6,21
43_77_05,all-well,hg38,4292,8162,45178.67,8962,4252,8119,8916,40,43,46,D7,G5,A5,43,77,5
31_80_76,all-well,hg38,4192,8162,45178.67,9022,4142,8106,8959,50,56,63,C7,G8,G4,31,80,76
32_72_03,all-well,mm10,3657,8159,45162.06,9011,83,93,101,3574,8066,8910,C8,F12,A3,32,72,3
12_79_32,all-well,hg38,3940,8158,45156.53,8957,3896,8112,8906,44,46,51,A12,G7,C8,12,79,32
09_14_67,all-well,hg38,4091,8156,45145.46,8942,4046,8100,8882,45,56,60,A9,B2,F7,9,14,67
24_03_03,all-well,hg38,4265,8156,45145.46,8966,4213,8099,8903,52,57,63,B12,A3,A3,24,3,3
40_89_79,all-well,hg38,4077,8155,45139.92,8972,4008,8082,8899,69,73,73,D4,H5,G7,40,89,79
48_79_48,all-well,hg38,4226,8155,45139.92,8971,4183,8108,8921,43,47,50,D12,G7,D12,48,79,48
21_60_77,all-well,multiplet,4583,8153,45128.85,8979,3533,6706,7393,1050,1447,1586,B9,E12,G5,21,60,77
38_90_76,all-well,hg38,4367,8152,45123.32,8939,4309,8090,8875,58,62,64,D2,H6,G4,38,90,76
15_45_27,all-well,hg38,4124,8151,45117.78,8960,4092,8116,8924,32,35,36,B3,D9,C3,15,45,27
25_41_85,all-well,mm10,3752,8151,45117.78,8997,85,86,91,3667,8065,8906,C1,D5,H1,25,41,85
02_48_29,all-well,hg38,4139,8147,45095.64,8976,4101,8106,8933,38,41,43,A2,D12,C5,2,48,29
09_10_90,all-well,hg38,3979,8146,45090.10,8960,3938,8100,8910,41,46,50,A9,A10,H6,9,10,90
15_73_79,all-well,mm10,4065,8143,45073.50,8971,64,65,67,4001,8078,8904,B3,G1,G7,15,73,79
33_93_67,all-well,hg38,4249,8139,45051.36,8922,4206,8095,8876,43,44,46,C9,H9,F7,33,93,67
03_28_90,all-well,hg38,4496,8136,45034.75,8936,4413,8044,8839,83,92,97,A3,C4,H6,3,28,90
11_35_59,all-well,hg38,4178,8134,45023.68,8992,4128,8084,8941,50,50,51,A11,C11,E11,11,35,59
12_75_74,all-well,mm10,3561,8132,45012.61,8948,89,91,98,3472,8041,8850,A12,G3,G2,12,75,74
43_03_37,all-well,mm10,3781,8132,45012.61,8960,57,58,61,3724,8074,8899,D7,A3,D1,43,3,37
26_59_96,all-well,mm10,3632,8129,44996.01,8967,86,90,95,3546,8039,8872,C2,E11,H12,26,59,96
40_23_66,all-well,hg38,4087,8128,44990.47,8963,3940,7945,8761,147,183,202,D4,B11,F6,40,23,66
14_74_08,all-well,hg38,4069,8127,44984.93,8897,3986,8039,8801,83,88,96,B2,G2,A8,14,74,8
39_57_67,all-well,mm10,3515,8125,44973.86,8924,68,73,75,3447,8052,8849,D3,E9,F7,39,57,67
20_39_31,all-well,mm10,3678,8125,44973.86,8950,74,83,85,3604,8042,8865,B8,D3,C7,20,39,31
42_67_22,all-well,hg38,4019,8122,44957.26,8918,3978,8076,8868,41,46,50,D6,F7,B10,42,67,22
25_32_04,all-well,mm10,3802,8121,44951.72,8959,157,170,185,3645,7951,8774,C1,C8,A4,25,32,4
09_87_31,all-well,hg38,4088,8121,44951.72,8936,4031,8060,8869,57,61,67,A9,H3,C7,9,87,31
29_88_59,all-well,hg38,4130,8121,44951.72,8941,4093,8078,8897,37,43,44,C5,H4,E11,29,88,59
29_46_61,all-well,mm10,3570,8119,44940.65,8927,59,60,62,3511,8059,8865,C5,D10,F1,29,46,61
12_71_50,all-well,hg38,4140,8117,44929.58,8905,4089,8064,8849,51,53,56,A12,F11,E2,12,71,50
14_41_78,all-well,hg38,4128,8114,44912.98,8934,4084,8067,8880,44,47,54,B2,D5,G6,14,41,78
04_57_94,all-well,hg38,4095,8113,44907.44,8930,4050,8064,8876,45,49,54,A4,E9,H10,4,57,94
26_22_16,all-well,hg38,4078,8113,44907.44,8991,4030,8060,8938,48,53,53,C2,B10,B4,26,22,16
07_88_95,all-well,hg38,4215,8109,44885.30,8944,4156,8047,8872,59,62,72,A7,H4,H11,7,88,95
04_85_39,all-well,multiplet,4191,8108,44879.77,8910,3374,7020,7728,817,1088,1182,A4,H1,D3,4,85,39
06_53_51,all-well,hg38,3880,8108,44879.77,8912,3835,8062,8863,45,46,49,A6,E5,E3,6,53,51
02_24_66,all-well,hg38,4062,8107,44874.23,8996,4010,8053,8938,52,54,58,A2,B12,F6,2,24,66
38_29_19,all-well,hg38,4296,8107,44874.23,8859,4219,8022,8764,77,85,95,D2,C5,B7,38,29,19
48_31_90,all-well,mm10,3642,8106,44868.69,8894,57,61,62,3585,8045,8832,D12,C7,H6,48,31,90
26_94_78,all-well,mm10,3595,8106,44868.69,8937,77,82,88,3518,8024,8849,C2,H10,G6,26,94,78
42_32_81,all-well,hg38,3864,8103,44852.09,9003,3798,8031,8926,66,72,77,D6,C8,G9,42,32,81
24_66_86,all-well,mm10,3651,8102,44846.55,8840,68,71,73,3583,8031,8767,B12,F6,H2,24,66,86
22_20_23,all-well,hg38,4006,8099,44829.95,8906,3954,8042,8845,52,57,61,B10,B8,B11,22,20,23
20_84_80,all-well,hg38,3910,8098,44824.41,8924,3874,8061,8884,36,37,40,B8,G12,G8,20,84,80
19_70_08,all-well,hg38,3970,8096,44813.34,8917,3927,8047,8864,43,49,53,B7,F10,A8,19,70,8
08_08_20,all-well,hg38,3990,8095,44807.81,8912,3904,7985,8798,86,110,114,A8,A8,B8,8,8,20
06_33_21,all-well,hg38,3968,8095,44807.81,8922,3916,8040,8863,52,55,59,A6,C9,B9,6,33,21
40_46_14,all-well,mm10,3789,8094,44802.27,8908,134,142,153,3655,7952,8755,D4,D10,B2,40,46,14
27_87_73,all-well,mm10,3581,8094,44802.27,8935,65,70,74,3516,8024,8861,C3,H3,G1,27,87,73
04_93_03,all-well,hg38,3972,8093,44796.74,8935,3938,8054,8894,34,39,41,A4,H9,A3,4,93,3
36_14_10,all-well,hg38,3898,8092,44791.20,8948,3845,8032,8884,53,60,64,C12,B2,A10,36,14,10
34_74_40,all-well,hg38,4135,8092,44791.20,8917,4079,8035,8855,56,57,62,C10,G2,D4,34,74,40
24_31_81,all-well,mm10,3479,8089,44774.60,8937,101,112,120,3378,7977,8817,B12,C7,G9,24,31,81
36_54_10,all-well,mm10,3528,8087,44763.53,8869,73,77,81,3455,8010,8788,C12,E6,A10,36,54,10
28_94_42,all-well,hg38,4008,8081,44730.31,8897,3961,8028,8843,47,53,54,C4,H10,D6,28,94,42
36_90_95,all-well,mm10,3609,8079,44719.24,8884,52,53,55,3557,8026,8829,C12,H6,H11,36,90,95
14_78_57,all-well,mm10,3551,8079,44719.24,8900,70,71,75,3481,8008,8825,B2,G6,E9,14,78,57
02_28_89,all-well,hg38,3975,8075,44697.10,8911,3938,8035,8869,37,40,42,A2,C4,H5,2,28,89
33_46_93,all-well,mm10,3770,8073,44686.03,8907,95,101,106,3675,7972,8801,C9,D10,H9,33,46,93
31_75_61,all-well,hg38,3997,8070,44669.43,8876,3921,7990,8787,76,80,89,C7,G3,F1,31,75,61
39_91_01,all-well,mm10,3742,8067,44652.82,8874,219,249,265,3523,7818,8609,D3,H7,A1,39,91,1
31_64_03,all-well,mm10,3519,8065,44641.75,8873,71,78,89,3448,7987,8784,C7,F4,A3,31,64,3
30_27_67,all-well,mm10,3253,8064,44636.21,8824,80,82,83,3173,7982,8741,C6,C3,F7,30,27,67
41_32_51,all-well,mm10,3659,8061,44619.61,8822,58,59,60,3601,8002,8762,D5,C8,E3,41,32,51
16_68_10,all-well,mm10,3608,8058,44603.00,8887,114,134,144,3494,7924,8743,B4,F8,A10,16,68,10
11_40_09,all-well,mm10,3647,8056,44591.93,8899,69,70,75,3578,7986,8824,A11,D4,A9,11,40,9
42_92_78,all-well,hg38,4026,8055,44586.40,8923,3966,7990,8853,60,65,70,D6,H8,G6,42,92,78
29_78_18,all-well,hg38,3883,8054,44580.86,8875,3833,8001,8820,50,53,55,C5,G6,B6,29,78,18
13_74_33,all-well,hg38,3754,8053,44575.33,8830,3718,8015,8790,36,38,40,B1,G2,C9,13,74,33
48_27_61,all-well,hg38,3917,8049,44553.19,8852,3870,8001,8803,47,48,49,D12,C3,F1,48,27,61
05_11_95,all-well,hg38,4045,8047,44542.12,8909,4008,8009,8868,37,38,41,A5,A11,H11,5,11,95
42_50_94,all-well,mm10,3510,8046,44536.58,8885,76,78,83,3434,7968,8802,D6,E2,H10,42,50,94
13_67_73,all-well,hg38,3914,8046,44536.58,8857,3835,7957,8763,79,89,94,B1,F7,G1,13,67,73
20_43_15,all-well,hg38,3972,8043,44519.97,8886,3926,7997,8836,46,46,50,B8,D7,B3,20,43,15
48_63_88,all-well,hg38,4028,8042,44514.44,8892,3992,8005,8854,36,37,38,D12,F3,H4,48,63,88
34_65_39,all-well,mm10,3570,8041,44508.90,8821,64,69,73,3506,7972,8748,C10,F5,D3,34,65,39
25_05_65,all-well,mm10,3553,8041,44508.90,8831,94,99,105,3459,7942,8726,C1,A5,F5,25,5,65
43_11_17,all-well,mm10,3670,8040,44503.37,8813,77,89,95,3593,7951,8718,D7,A11,B5,43,11,17
34_42_88,all-well,hg38,4272,8037,44486.76,8847,4228,7990,8797,44,47,50,C10,D6,H4,34,42,88
01_64_15,all-well,hg38,3937,8036,44481.23,8871,3874,7970,8801,63,66,70,A1,F4,B3,1,64,15
01_84_77,all-well,hg38,4129,8036,44481.23,8874,4089,7994,8830,40,42,44,A1,G12,G5,1,84,77
16_75_20,all-well,mm10,3612,8035,44475.69,8809,127,134,144,3485,7901,8665,B4,G3,B8,16,75,20
48_80_95,all-well,hg38,4044,8034,44470.16,8881,4008,7996,8843,36,38,38,D12,G8,H11,48,80,95
27_12_73,all-well,hg38,4087,8033,44464.62,8819,4049,7993,8775,38,40,44,C3,A12,G1,27,12,73
15_84_83,all-well,hg38,4157,8033,44464.62,8841,4116,7992,8798,41,41,43,B3,G12,G11,15,84,83
37_79_68,all-well,hg38,4055,8032,44459.09,8804,4016,7993,8761,39,39,43,D1,G7,F8,37,79,68
08_39_25,all-well,hg38,4183,8031,44453.55,8829,4098,7940,8729,85,91,100,A8,D3,C1,8,39,25
29_38_70,all-well,hg38,4188,8029,44442.48,8832,4146,7986,8786,42,43,46,C5,D2,F10,29,38,70
14_54_60,all-well,hg38,4141,8028,44436.95,8846,4106,7988,8802,35,40,44,B2,E6,E12,14,54,60
17_80_95,all-well,hg38,4177,8028,44436.95,8832,4149,7999,8801,28,29,31,B5,G8,H11,17,80,95
27_75_91,all-well,hg38,4016,8028,44436.95,8852,3977,7987,8809,39,41,43,C3,G3,H7,27,75,91
43_56_46,all-well,hg38,4050,8027,44431.41,8813,4018,7993,8778,32,34,35,D7,E8,D10,43,56,46
46_76_88,all-well,hg38,4092,8021,44398.20,8812,4052,7981,8770,40,40,42,D10,G4,H4,46,76,88
16_07_74,all-well,hg38,3989,8021,44398.20,8814,3945,7975,8764,44,46,50,B4,A7,G2,16,7,74
10_22_93,all-well,mm10,3717,8020,44392.66,8804,66,69,70,3651,7951,8734,A10,B10,H9,10,22,93
32_39_63,all-well,mm10,3751,8019,44387.13,8811,148,156,158,3603,7863,8653,C8,D3,F3,32,39,63
06_40_16,all-well,hg38,3947,8017,44376.06,8885,3912,7980,8847,35,37,38,A6,D4,B4,6,40,16
13_89_78,all-well,hg38,4052,8015,44364.99,8807,3884,7822,8593,168,193,214,B1,H5,G6,13,89,78
31_94_68,all-well,hg38,3912,8015,44364.99,8815,3858,7955,8753,54,60,62,C7,H10,F8,31,94,68
17_72_77,all-well,hg38,3992,8015,44364.99,8829,3956,7977,8791,36,38,38,B5,F12,G5,17,72,77
41_03_67,all-well,mm10,3691,8014,44359.45,8790,58,60,63,3633,7954,8727,D5,A3,F7,41,3,67
09_70_17,all-well,hg38,4302,8013,44353.92,8791,4260,7966,8742,42,47,49,A9,F10,B5,9,70,17
46_20_15,all-well,hg38,3967,8013,44353.92,8850,3921,7966,8800,46,47,50,D10,B8,B3,46,20,15
16_27_44,all-well,mm10,3443,8013,44353.92,8773,76,81,88,3367,7932,8685,B4,C3,D8,16,27,44
40_70_69,all-well,hg38,4173,8012,44348.38,8834,4126,7963,8781,47,49,53,D4,F10,F9,40,70,69
27_58_31,all-well,mm10,3671,8011,44342.85,8787,95,100,103,3576,7911,8684,C3,E10,C7,27,58,31
31_54_23,all-well,mm10,3630,8007,44320.71,8832,94,98,105,3536,7909,8727,C7,E6,B11,31,54,23
42_15_34,all-well,hg38,3957,8005,44309.64,8787,3904,7948,8728,53,57,59,D6,B3,C10,42,15,34
38_50_09,all-well,mm10,3826,8004,44304.10,8804,92,94,99,3734,7910,8705,D2,E2,A9,38,50,9
48_19_60,all-well,hg38,4304,8002,44293.03,8829,4262,7955,8781,42,47,48,D12,B7,E12,48,19,60
12_24_42,all-well,mm10,3515,8002,44293.03,8789,67,71,77,3448,7931,8712,A12,B12,D6,12,24,42
28_91_08,all-well,hg38,4029,8001,44287.49,8870,4005,7976,8844,24,25,26,C4,H7,A8,28,91,8
08_31_13,all-well,hg38,4060,7995,44254.28,8877,3996,7927,8806,64,68,71,A8,C7,B1,8,31,13
08_29_55,all-well,hg38,4007,7994,44248.75,8861,3962,7943,8808,45,51,53,A8,C5,E7,8,29,55
34_95_68,all-well,hg38,4132,7994,44248.75,8802,4079,7939,8747,53,55,55,C10,H11,F8,34,95,68
25_63_74,all-well,mm10,3660,7993,44243.21,8777,108,111,123,3552,7882,8654,C1,F3,G2,25,63,74
06_48_23,all-well,hg38,3808,7990,44226.61,8818,3761,7942,8767,47,48,51,A6,D12,B11,6,48,23
20_19_29,all-well,hg38,3882,7989,44221.07,8811,3855,7962,8784,27,27,27,B8,B7,C5,20,19,29
12_87_83,all-well,hg38,3859,7988,44215.54,8805,3826,7952,8767,33,36,38,A12,H3,G11,12,87,83
01_86_66,all-well,hg38,3944,7986,44204.47,8772,3904,7946,8729,40,40,43,A1,H2,F6,1,86,66
39_88_78,all-well,mm10,3749,7986,44204.47,8765,158,163,174,3591,7823,8591,D3,H4,G6,39,88,78
01_92_83,all-well,hg38,3987,7986,44204.47,8825,3921,7916,8750,66,70,75,A1,H8,G11,1,92,83
32_67_46,all-well,hg38,3901,7985,44198.93,8818,3865,7946,8779,36,39,39,C8,F7,D10,32,67,46
27_59_02,all-well,hg38,3897,7985,44198.93,8821,3859,7944,8776,38,41,45,C3,E11,A2,27,59,2
12_34_68,all-well,hg38,4037,7984,44193.39,8771,3993,7937,8724,44,47,47,A12,C10,F8,12,34,68
14_46_02,all-well,mm10,3742,7982,44182.32,8789,101,106,112,3641,7876,8677,B2,D10,A2,14,46,2
24_33_02,all-well,hg38,4338,7981,44176.79,8776,4301,7941,8735,37,40,41,B12,C9,A2,24,33,2
39_14_59,all-well,mm10,3586,7976,44149.11,8769,160,168,179,3426,7808,8590,D3,B2,E11,39,14,59
03_56_65,all-well,mm10,3634,7975,44143.58,8737,105,111,116,3529,7864,8621,A3,E8,F5,3,56,65
30_68_93,all-well,hg38,3725,7972,44126.97,8786,3663,7903,8709,62,69,77,C6,F8,H9,30,68,93
26_87_49,all-well,mm10,3523,7972,44126.97,8750,65,67,69,3458,7905,8681,C2,H3,E1,26,87,49
25_45_63,all-well,mm10,3595,7970,44115.90,8804,63,67,68,3532,7903,8736,C1,D9,F3,25,45,63
42_95_58,all-well,hg38,4082,7969,44110.37,8748,4044,7926,8705,38,43,43,D6,H11,E10,42,95,58
17_64_68,all-well,mm10,3793,7967,44099.30,8800,205,245,269,3588,7722,8531,B5,F4,F8,17,64,68
12_57_18,all-well,mm10,3606,7967,44099.30,8754,96,99,108,3510,7868,8646,A12,E9,B6,12,57,18
25_31_62,all-well,hg38,3955,7967,44099.30,8822,3910,7920,8766,45,47,56,C1,C7,F2,25,31,62
08_59_92,all-well,hg38,4010,7966,44093.76,8818,3977,7929,8778,33,37,40,A8,E11,H8,8,59,92
04_51_43,all-well,hg38,4346,7961,44066.08,8737,4281,7886,8658,65,75,79,A4,E3,D7,4,51,43
19_58_60,all-well,hg38,3981,7960,44060.55,8768,3932,7904,8705,49,56,63,B7,E10,E12,19,58,60
02_49_90,all-well,hg38,4146,7957,44043.94,8768,4110,7920,8731,36,37,37,A2,E1,H6,2,49,90
38_27_93,all-well,mm10,3642,7956,44038.41,8745,52,54,58,3590,7902,8687,D2,C3,H9,38,27,93
24_70_83,all-well,mm10,3450,7955,44032.87,8729,52,52,55,3398,7903,8674,B12,F10,G11,24,70,83
44_10_29,all-well,hg38,4054,7954,44027.34,8767,4020,7919,8727,34,35,40,D8,A10,C5,44,10,29
18_14_79,all-well,hg38,4036,7953,44021.80,8766,4006,7921,8732,30,32,34,B6,B2,G7,18,14,79
16_03_74,all-well,hg38,4011,7949,43999.66,8760,3973,7908,8717,38,41,43,B4,A3,G2,16,3,74
19_89_90,all-well,hg38,4018,7948,43994.13,8739,3983,7912,8698,35,36,41,B7,H5,H6,19,89,90
12_34_77,all-well,mm10,3525,7947,43988.59,8706,106,115,126,3419,7832,8580,A12,C10,G5,12,34,77
38_82_68,all-well,mm10,3648,7945,43977.52,8695,82,84,86,3566,7861,8609,D2,G10,F8,38,82,68
27_47_44,all-well,hg38,3888,7943,43966.45,8750,3839,7893,8699,49,50,51,C3,D11,D8,27,47,44
27_41_52,all-well,mm10,3660,7943,43966.45,8692,127,134,147,3533,7809,8545,C3,D5,E4,27,41,52
16_59_18,all-well,hg38,3925,7943,43966.45,8772,3835,7847,8668,90,96,104,B4,E11,B6,16,59,18
20_52_35,all-well,hg38,3945,7942,43960.91,8753,3893,7889,8698,52,53,55,B8,E4,C11,20,52,35
34_90_38,all-well,hg38,4201,7941,43955.38,8715,4169,7902,8675,32,39,40,C10,H6,D2,34,90,38
46_14_31,all-well,hg38,4067,7941,43955.38,8735,4000,7869,8660,67,72,75,D10,B2,C7,46,14,31
27_02_22,all-well,mm10,3659,7940,43949.84,8734,85,87,90,3574,7853,8644,C3,A2,B10,27,2,22
03_67_47,all-well,mm10,3996,7938,43938.77,8720,573,692,769,3423,7246,7951,A3,F7,D11,3,67,47
26_09_11,all-well,hg38,4117,7938,43938.77,8761,4069,7889,8711,48,49,50,C2,A9,A11,26,9,11
29_58_13,all-well,hg38,3828,7937,43933.24,8771,3790,7899,8733,38,38,38,C5,E10,B1,29,58,13
20_62_84,all-well,mm10,3540,7937,43933.24,8763,95,126,131,3445,7811,8632,B8,F2,G12,20,62,84
27_46_64,all-well,hg38,4091,7936,43927.70,8788,4046,7889,8735,45,47,53,C3,D10,F4,27,46,64
18_22_73,all-well,hg38,4070,7933,43911.10,8786,4033,7894,8747,37,39,39,B6,B10,G1,18,22,73
41_18_69,all-well,mm10,3559,7933,43911.10,8719,64,69,79,3495,7864,8640,D5,B6,F9,41,18,69
23_53_11,all-well,hg38,3950,7932,43905.56,8718,3902,7880,8661,48,52,57,B11,E5,A11,23,53,11
42_20_60,all-well,hg38,4136,7932,43905.56,8799,4050,7836,8696,86,96,103,D6,B8,E12,42,20,60
06_39_65,all-well,hg38,4103,7929,43888.96,8749,4042,7861,8671,61,68,78,A6,D3,F5,6,39,65
34_25_43,all-well,hg38,4160,7928,43883.42,8728,4121,7888,8685,39,40,43,C10,C1,D7,34,25,43
11_22_06,all-well,hg38,4231,7927,43877.89,8722,4199,7895,8688,32,32,34,A11,B10,A6,11,22,6
12_62_29,all-well,mm10,3687,7927,43877.89,8712,70,72,75,3617,7855,8637,A12,F2,C5,12,62,29
05_40_28,all-well,hg38,4030,7925,43866.82,8720,3957,7845,8635,73,80,85,A5,D4,C4,5,40,28
37_27_43,all-well,mm10,3536,7925,43866.82,8729,82,83,89,3454,7842,8640,D1,C3,D7,37,27,43
20_16_15,all-well,hg38,3943,7924,43861.28,8808,3902,7882,8763,41,42,45,B8,B4,B3,20,16,15
15_49_46,all-well,hg38,3982,7921,43844.67,8691,3944,7875,8643,38,46,48,B3,E1,D10,15,49,46
48_22_88,all-well,hg38,4197,7921,43844.67,8711,4159,7882,8671,38,39,40,D12,B10,H4,48,22,88
42_28_95,all-well,hg38,3951,7920,43839.14,8747,3900,7867,8692,51,53,55,D6,C4,H11,42,28,95
28_14_07,all-well,mm10,3701,7920,43839.14,8667,230,256,278,3471,7664,8389,C4,B2,A7,28,14,7
32_41_50,all-well,hg38,4218,7917,43822.53,8723,4172,7865,8664,46,52,59,C8,D5,E2,32,41,50
01_69_03,all-well,hg38,3926,7917,43822.53,8700,3885,7875,8658,41,42,42,A1,F9,A3,1,69,3
36_67_15,all-well,hg38,3829,7915,43811.46,8756,3796,7879,8717,33,36,39,C12,F7,B3,36,67,15
12_40_84,all-well,hg38,3915,7914,43805.93,8673,3843,7836,8589,72,78,84,A12,D4,G12,12,40,84
40_04_36,all-well,hg38,4118,7914,43805.93,8685,4075,7867,8636,43,47,49,D4,A4,C12,40,4,36
07_91_45,all-well,hg38,3757,7912,43794.86,8730,3707,7858,8670,50,54,60,A7,H7,D9,7,91,45
19_64_52,all-well,mm10,3425,7910,43783.79,8693,73,77,81,3352,7833,8612,B7,F4,E4,19,64,52
20_40_38,all-well,hg38,3835,7907,43767.18,8753,3799,7871,8714,36,36,39,B8,D4,D2,20,40,38
16_55_53,all-well,multiplet,4622,7906,43761.65,8713,3106,5642,6218,1516,2264,2495,B4,E7,E5,16,55,53
32_34_04,all-well,mm10,3326,7905,43756.11,8665,73,78,82,3253,7827,8583,C8,C10,A4,32,34,4
07_58_20,all-well,hg38,4059,7903,43745.04,8687,4014,7855,8638,45,48,49,A7,E10,B8,7,58,20
37_75_61,all-well,hg38,4097,7903,43745.04,8692,4001,7803,8582,96,100,110,D1,G3,F1,37,75,61
16_45_20,all-well,hg38,3994,7903,43745.04,8711,3947,7852,8657,47,51,54,B4,D9,B8,16,45,20
28_64_89,all-well,hg38,3946,7902,43739.50,8706,3883,7837,8633,63,65,73,C4,F4,H5,28,64,89
32_25_63,all-well,mm10,3383,7902,43739.50,8676,110,123,132,3273,7779,8544,C8,C1,F3,32,25,63
38_06_95,all-well,hg38,4133,7901,43733.97,8675,4094,7858,8628,39,43,47,D2,A6,H11,38,6,95
25_16_36,all-well,hg38,4009,7901,43733.97,8694,3944,7831,8620,65,70,74,C1,B4,C12,25,16,36
19_04_46,all-well,mm10,3623,7898,43717.36,8681,48,50,54,3575,7848,8627,B7,A4,D10,19,4,46
32_45_27,all-well,hg38,4130,7898,43717.36,8646,4090,7856,8601,40,42,45,C8,D9,C3,32,45,27
25_56_15,all-well,mm10,3723,7896,43706.29,8687,117,126,141,3606,7770,8546,C1,E8,B3,25,56,15
26_56_54,all-well,mm10,3478,7895,43700.76,8712,100,110,115,3378,7785,8597,C2,E8,E6,26,56,54
36_88_83,all-well,mm10,3552,7892,43684.15,8624,91,102,106,3461,7790,8518,C12,H4,G11,36,88,83
34_87_42,all-well,hg38,3911,7889,43667.55,8581,3863,7839,8528,48,50,53,C10,H3,D6,34,87,42
16_82_91,all-well,hg38,4028,7888,43662.01,8681,3982,7835,8623,46,53,58,B4,G10,H7,16,82,91
07_69_10,all-well,mm10,3522,7888,43662.01,8689,73,75,76,3449,7813,8613,A7,F9,A10,7,69,10
42_63_74,all-well,mm10,3571,7884,43639.87,8716,92,97,100,3479,7787,8616,D6,F3,G2,42,63,74
23_09_58,all-well,multiplet,4633,7883,43634.34,8699,2914,5106,5641,1719,2777,3058,B11,A9,E10,23,9,58
26_58_68,all-well,hg38,4062,7882,43628.80,8701,4020,7830,8648,42,52,53,C2,E10,F8,26,58,68
44_36_13,all-well,mm10,3467,7880,43617.73,8659,95,98,104,3372,7782,8555,D8,C12,B1,44,36,13
32_94_86,all-well,hg38,4082,7879,43612.19,8692,4037,7832,8640,45,47,52,C8,H10,H2,32,94,86
05_17_66,all-well,hg38,4037,7870,43562.38,8660,3960,7784,8567,77,86,93,A5,B5,F6,5,17,66
31_71_68,all-well,hg38,4081,7870,43562.38,8737,3992,7773,8631,89,97,106,C7,F11,F8,31,71,68
14_60_85,all-well,hg38,4009,7867,43545.77,8671,3972,7825,8624,37,42,47,B2,E12,H1,14,60,85
34_28_31,all-well,hg38,4072,7866,43540.24,8644,4005,7793,8567,67,73,77,C10,C4,C7,34,28,31
22_76_14,all-well,hg38,4080,7865,43534.70,8683,4036,7815,8631,44,50,52,B10,G4,B2,22,76,14
38_60_86,all-well,hg38,4246,7865,43534.70,8642,4157,7774,8541,89,91,101,D2,E12,H2,38,60,86
35_62_73,all-well,hg38,4041,7863,43523.63,8700,3997,7818,8654,44,45,46,C11,F2,G1,35,62,73
40_43_11,all-well,mm10,3427,7861,43512.56,8645,94,101,106,3333,7760,8539,D4,D7,A11,40,43,11
22_82_46,all-well,hg38,4038,7861,43512.56,8615,3990,7806,8558,48,55,57,B10,G10,D10,22,82,46
28_81_22,all-well,mm10,3518,7859,43501.49,8658,95,97,105,3423,7762,8553,C4,G9,B10,28,81,22
24_90_90,all-well,hg38,4238,7853,43468.28,8631,4203,7817,8590,35,36,41,B12,H6,H6,24,90,90
10_24_46,all-well,hg38,4092,7853,43468.28,8629,4056,7815,8588,36,38,41,A10,B12,D10,10,24,46
29_54_73,all-well,mm10,3600,7853,43468.28,8601,78,80,82,3522,7773,8519,C5,E6,G1,29,54,73
27_90_69,all-well,hg38,4021,7846,43429.53,8642,3986,7808,8604,35,38,38,C3,H6,F9,27,90,69
39_66_40,all-well,hg38,3906,7844,43418.46,8634,3858,7794,8583,48,50,51,D3,F6,D4,39,66,40
13_33_44,all-well,hg38,3701,7843,43412.93,8651,3647,7781,8586,54,62,65,B1,C9,D8,13,33,44
14_48_81,all-well,mm10,3637,7841,43401.85,8650,64,67,72,3573,7774,8578,B2,D12,G9,14,48,81
34_04_84,all-well,mm10,3545,7839,43390.78,8611,51,52,52,3494,7787,8559,C10,A4,G12,34,4,84
06_72_04,all-well,hg38,3616,7838,43385.25,8646,3581,7801,8609,35,37,37,A6,F12,A4,6,72,4
31_47_96,all-well,hg38,4145,7837,43379.71,8622,4099,7787,8568,46,50,54,C7,D11,H12,31,47,96
35_63_42,all-well,hg38,3945,7836,43374.18,8594,3902,7789,8545,43,47,49,C11,F3,D6,35,63,42
48_88_35,all-well,mm10,3683,7835,43368.64,8583,52,54,56,3631,7781,8527,D12,H4,C11,48,88,35
31_44_21,all-well,hg38,4017,7831,43346.50,8649,3967,7777,8591,50,54,58,C7,D8,B9,31,44,21
20_28_33,all-well,hg38,3908,7831,43346.50,8672,3863,7784,8620,45,47,52,B8,C4,C9,20,28,33
26_76_81,all-well,hg38,4151,7829,43335.43,8636,4109,7784,8587,42,45,49,C2,G4,G9,26,76,81
25_45_21,all-well,hg38,3981,7829,43335.43,8613,3924,7771,8552,57,58,61,C1,D9,B9,25,45,21
12_72_64,all-well,mm10,3731,7828,43329.90,8543,95,104,110,3636,7724,8433,A12,F12,F4,12,72,64
09_13_62,all-well,mm10,3334,7826,43318.83,8598,89,94,99,3245,7732,8499,A9,B1,F2,9,13,62
38_71_41,all-well,hg38,3986,7826,43318.83,8612,3937,7777,8559,49,49,53,D2,F11,D5,38,71,41
06_76_51,all-well,hg38,3871,7825,43313.29,8624,3843,7795,8592,28,30,32,A6,G4,E3,6,76,51
26_05_94,all-well,mm10,3524,7824,43307.76,8617,56,60,66,3468,7764,8551,C2,A5,H10,26,5,94
38_51_30,all-well,mm10,3630,7823,43302.22,8499,70,74,80,3560,7749,8419,D2,E3,C6,38,51,30
47_50_83,all-well,hg38,3988,7821,43291.15,8651,3876,7698,8519,112,123,132,D11,E2,G11,47,50,83
43_34_81,all-well,mm10,3614,7818,43274.54,8588,72,72,74,3542,7746,8514,D7,C10,G9,43,34,81
15_09_81,all-well,hg38,4080,7818,43274.54,8585,4043,7780,8546,37,38,39,B3,A9,G9,15,9,81
16_90_80,all-well,mm10,3543,7818,43274.54,8582,84,89,93,3459,7729,8489,B4,H6,G8,16,90,80
22_48_80,all-well,hg38,3989,7816,43263.47,8607,3944,7769,8557,45,47,50,B10,D12,G8,22,48,80
32_79_96,all-well,mm10,3543,7816,43263.47,8593,131,148,157,3412,7668,8436,C8,G7,H12,32,79,96
17_68_13,all-well,hg38,3735,7812,43241.33,8577,3689,7766,8530,46,46,47,B5,F8,B1,17,68,13
09_33_79,all-well,hg38,3807,7812,43241.33,8604,3679,7656,8429,128,156,175,A9,C9,G7,9,33,79
10_79_67,all-well,hg38,4016,7811,43235.80,8619,3980,7775,8581,36,36,38,A10,G7,F7,10,79,67
26_66_70,all-well,hg38,4017,7810,43230.26,8615,3895,7673,8472,122,137,143,C2,F6,F10,26,66,70
43_32_58,all-well,mm10,3686,7808,43219.19,8617,105,111,115,3581,7697,8502,D7,C8,E10,43,32,58
27_70_78,all-well,hg38,4195,7806,43208.12,8630,4143,7751,8573,52,55,57,C3,F10,G6,27,70,78
01_61_44,all-well,mm10,3545,7806,43208.12,8506,80,92,101,3465,7714,8405,A1,F1,D8,1,61,44
22_35_54,all-well,mm10,3512,7805,43202.59,8602,73,74,76,3439,7731,8526,B10,C11,E6,22,35,54
32_31_18,all-well,mm10,3546,7805,43202.59,8547,114,122,125,3432,7683,8422,C8,C7,B6,32,31,18
07_01_33,all-well,hg38,3811,7804,43197.05,8598,3759,7746,8535,52,58,63,A7,A1,C9,7,1,33
28_47_63,all-well,hg38,3972,7804,43197.05,8608,3931,7763,8566,41,41,42,C4,D11,F3,28,47,63
24_09_20,all-well,mm10,3508,7803,43191.52,8594,82,84,86,3426,7719,8508,B12,A9,B8,24,9,20
25_05_07,all-well,mm10,3635,7801,43180.45,8598,101,106,118,3534,7695,8480,C1,A5,A7,25,5,7
40_55_01,all-well,hg38,3867,7800,43174.91,8588,3822,7740,8523,45,60,65,D4,E7,A1,40,55,1
34_72_79,all-well,mm10,3613,7800,43174.91,8545,79,84,86,3534,7716,8459,C10,F12,G7,34,72,79
29_86_84,all-well,hg38,4041,7799,43169.37,8605,4005,7760,8565,36,39,40,C5,H2,G12,29,86,84
38_40_53,all-well,mm10,3492,7798,43163.84,8546,68,70,79,3424,7728,8467,D2,D4,E5,38,40,53
14_53_25,all-well,mm10,3574,7797,43158.30,8585,74,76,85,3500,7721,8500,B2,E5,C1,14,53,25
05_73_27,all-well,hg38,3983,7797,43158.30,8603,3943,7754,8552,40,43,51,A5,G1,C3,5,73,27
09_64_79,all-well,mm10,3500,7797,43158.30,8619,52,54,59,3448,7743,8560,A9,F4,G7,9,64,79
43_43_06,all-well,hg38,4217,7795,43147.23,8562,4134,7703,8464,83,92,98,D7,D7,A6,43,43,6
36_68_47,all-well,mm10,3240,7793,43136.16,8557,76,78,87,3164,7715,8470,C12,F8,D11,36,68,47
10_50_03,all-well,mm10,3614,7792,43130.63,8612,58,58,60,3556,7734,8552,A10,E2,A3,10,50,3
08_56_78,all-well,hg38,4020,7790,43119.56,8609,3985,7747,8566,35,43,43,A8,E8,G6,8,56,78
46_62_23,all-well,hg38,3994,7789,43114.02,8552,3936,7728,8489,58,61,63,D10,F2,B11,46,62,23
14_81_53,all-well,hg38,4242,7789,43114.02,8599,4196,7742,8544,46,47,55,B2,G9,E5,14,81,53
39_49_76,all-well,mm10,3528,7787,43102.95,8553,114,125,131,3414,7662,8422,D3,E1,G4,39,49,76
29_34_16,all-well,hg38,4042,7787,43102.95,8594,3987,7729,8532,55,58,62,C5,C10,B4,29,34,16
41_56_93,all-well,hg38,4134,7785,43091.88,8567,4087,7735,8513,47,50,54,D5,E8,H9,41,56,93
25_31_35,all-well,hg38,4004,7785,43091.88,8580,3959,7738,8529,45,47,51,C1,C7,C11,25,31,35
02_74_21,all-well,hg38,4076,7783,43080.81,8629,4030,7736,8579,46,47,50,A2,G2,B9,2,74,21
24_41_87,all-well,mm10,3490,7783,43080.81,8508,70,78,82,3420,7705,8426,B12,D5,H3,24,41,87
27_68_10,all-well,mm10,3674,7781,43069.74,8560,90,90,94,3584,7691,8466,C3,F8,A10,27,68,10
12_79_34,all-well,mm10,3600,7779,43058.67,8555,87,89,94,3513,7690,8461,A12,G7,C10,12,79,34
19_29_41,all-well,mm10,3475,7778,43053.13,8515,70,71,78,3405,7707,8437,B7,C5,D5,19,29,41
12_84_42,all-well,mm10,3603,7778,43053.13,8524,66,69,71,3537,7709,8453,A12,G12,D6,12,84,42
38_70_22,all-well,hg38,4006,7775,43036.53,8545,3960,7727,8496,46,48,49,D2,F10,B10,38,70,22
26_86_80,all-well,mm10,3608,7774,43030.99,8500,86,88,92,3522,7686,8408,C2,H2,G8,26,86,80
48_09_11,all-well,hg38,3993,7774,43030.99,8600,3940,7719,8541,53,55,59,D12,A9,A11,48,9,11
22_69_09,all-well,mm10,3707,7774,43030.99,8543,257,299,332,3450,7475,8211,B10,F9,A9,22,69,9
09_80_10,all-well,hg38,3977,7771,43014.39,8541,3933,7720,8488,44,51,53,A9,G8,A10,9,80,10
43_61_69,all-well,mm10,3467,7765,42981.18,8508,133,151,160,3334,7614,8348,D7,F1,F9,43,61,69
05_72_45,all-well,hg38,3973,7764,42975.64,8572,3948,7737,8544,25,27,28,A5,F12,D9,5,72,45
12_81_09,all-well,mm10,3348,7761,42959.04,8500,62,62,67,3286,7699,8433,A12,G9,A9,12,81,9
02_15_13,all-well,hg38,3700,7761,42959.04,8588,3657,7715,8541,43,46,47,A2,B3,B1,2,15,13
27_94_36,all-well,hg38,4168,7760,42953.50,8515,4078,7645,8393,90,115,122,C3,H10,C12,27,94,36
13_88_46,all-well,mm10,3615,7759,42947.96,8531,57,60,63,3558,7699,8468,B1,H4,D10,13,88,46
16_33_61,all-well,mm10,3604,7759,42947.96,8472,226,239,258,3378,7520,8214,B4,C9,F1,16,33,61
23_17_70,all-well,hg38,3890,7757,42936.89,8572,3846,7710,8523,44,47,49,B11,B5,F10,23,17,70
19_14_60,all-well,mm10,3590,7755,42925.82,8547,142,152,163,3448,7603,8384,B7,B2,E12,19,14,60
34_21_18,all-well,mm10,3653,7754,42920.29,8503,66,76,78,3587,7678,8425,C10,B9,B6,34,21,18
14_61_06,all-well,hg38,3948,7748,42887.08,8524,3908,7700,8473,40,48,51,B2,F1,A6,14,61,6
02_72_42,all-well,hg38,3759,7745,42870.47,8565,3725,7711,8528,34,34,37,A2,F12,D6,2,72,42
28_17_93,all-well,hg38,3734,7745,42870.47,8546,3687,7696,8496,47,49,50,C4,B5,H9,28,17,93
12_54_03,all-well,mm10,3719,7743,42859.40,8560,70,74,78,3649,7669,8482,A12,E6,A3,12,54,3
05_04_28,all-well,hg38,4092,7739,42837.26,8535,4040,7685,8479,52,54,56,A5,A4,C4,5,4,28
28_86_44,all-well,hg38,3833,7738,42831.72,8448,3780,7684,8392,53,54,56,C4,H2,D8,28,86,44
32_89_60,all-well,hg38,4028,7737,42826.19,8494,3991,7700,8453,37,37,41,C8,H5,E12,32,89,60
01_46_33,all-well,hg38,3888,7737,42826.19,8527,3852,7700,8487,36,37,40,A1,D10,C9,1,46,33
29_24_51,all-well,hg38,4061,7735,42815.12,8477,4015,7688,8429,46,47,48,C5,B12,E3,29,24,51
15_47_52,all-well,hg38,3926,7734,42809.58,8487,3888,7692,8443,38,42,44,B3,D11,E4,15,47,52
38_21_44,all-well,mm10,3560,7729,42781.91,8448,59,62,65,3501,7667,8383,D2,B9,D8,38,21,44
43_65_57,all-well,hg38,4259,7728,42776.37,8499,4220,7684,8454,39,44,45,D7,F5,E9,43,65,57
34_25_54,all-well,hg38,4022,7728,42776.37,8517,3974,7678,8464,48,50,53,C10,C1,E6,34,25,54
43_59_09,all-well,mm10,3697,7721,42737.63,8439,182,198,206,3515,7523,8233,D7,E11,A9,43,59,9
40_64_78,all-well,hg38,3920,7720,42732.09,8532,3861,7658,8467,59,62,65,D4,F4,G6,40,64,78
27_44_95,all-well,hg38,3882,7717,42715.48,8495,3839,7669,8444,43,48,51,C3,D8,H11,27,44,95
02_01_19,all-well,mm10,3709,7716,42709.95,8496,57,57,59,3652,7659,8437,A2,A1,B7,2,1,19
15_79_27,all-well,hg38,4011,7715,42704.41,8508,3907,7602,8391,104,113,117,B3,G7,C3,15,79,27
19_04_16,all-well,hg38,3841,7714,42698.88,8525,3807,7677,8485,34,37,40,B7,A4,B4,19,4,16
34_20_12,all-well,hg38,3932,7714,42698.88,8522,3892,7673,8481,40,41,41,C10,B8,A12,34,20,12
27_08_13,all-well,hg38,3898,7713,42693.34,8494,3867,7681,8461,31,32,33,C3,A8,B1,27,8,13
39_48_12,all-well,hg38,4049,7712,42687.81,8518,3965,7623,8423,84,89,95,D3,D12,A12,39,48,12
01_01_39,all-well,hg38,3923,7712,42687.81,8544,3877,7659,8490,46,53,54,A1,A1,D3,1,1,39
48_17_27,all-well,mm10,3515,7712,42687.81,8494,61,66,71,3454,7646,8423,D12,B5,C3,48,17,27
23_72_10,all-well,hg38,3957,7710,42676.74,8526,3915,7662,8473,42,48,53,B11,F12,A10,23,72,10
06_40_40,all-well,hg38,3701,7709,42671.20,8481,3618,7610,8375,83,99,106,A6,D4,D4,6,40,40
26_84_73,all-well,mm10,3409,7709,42671.20,8456,73,75,80,3336,7634,8376,C2,G12,G1,26,84,73
07_76_42,all-well,hg38,3817,7708,42665.67,8477,3734,7611,8376,83,97,101,A7,G4,D6,7,76,42
01_89_15,all-well,hg38,3961,7707,42660.13,8453,3924,7668,8410,37,39,43,A1,H5,B3,1,89,15
09_29_10,all-well,hg38,4080,7704,42643.53,8537,4022,7643,8470,58,61,67,A9,C5,A10,9,29,10
40_03_75,all-well,hg38,3956,7700,42621.39,8466,3906,7645,8408,50,55,58,D4,A3,G3,40,3,75
05_79_14,all-well,hg38,4035,7700,42621.39,8538,4006,7671,8505,29,29,33,A5,G7,B2,5,79,14
07_68_33,all-well,hg38,3877,7699,42615.85,8510,3837,7658,8468,40,41,42,A7,F8,C9,7,68,33
13_39_19,all-well,mm10,3657,7698,42610.31,8422,105,113,124,3552,7585,8298,B1,D3,B7,13,39,19
44_11_23,all-well,hg38,4062,7698,42610.31,8530,4024,7659,8488,38,39,42,D8,A11,B11,44,11,23
48_52_29,all-well,mm10,3670,7694,42588.17,8473,84,92,97,3586,7602,8376,D12,E4,C5,48,52,29
21_39_91,all-well,hg38,3891,7693,42582.64,8466,3855,7655,8424,36,38,42,B9,D3,H7,21,39,91
21_60_68,all-well,hg38,3783,7693,42582.64,8510,3746,7654,8469,37,39,41,B9,E12,F8,21,60,68
42_82_21,all-well,hg38,3992,7692,42577.10,8468,3958,7657,8433,34,35,35,D6,G10,B9,42,82,21
11_95_53,all-well,hg38,3884,7691,42571.57,8444,3840,7646,8398,44,45,46,A11,H11,E5,11,95,53
12_42_33,all-well,mm10,3594,7691,42571.57,8403,66,67,72,3528,7624,8331,A12,D6,C9,12,42,33
05_75_46,all-well,mm10,3585,7689,42560.50,8495,90,95,97,3495,7594,8398,A5,G3,D10,5,75,46
33_85_70,all-well,hg38,4118,7688,42554.96,8433,4063,7629,8373,55,59,60,C9,H1,F10,33,85,70
13_60_09,all-well,mm10,3495,7688,42554.96,8465,85,85,88,3410,7603,8377,B1,E12,A9,13,60,9
40_91_89,all-well,mm10,3488,7687,42549.43,8427,100,105,110,3388,7582,8317,D4,H7,H5,40,91,89
25_33_50,all-well,mm10,3507,7687,42549.43,8459,75,81,88,3432,7606,8371,C1,C9,E2,25,33,50
04_17_81,all-well,hg38,4070,7685,42538.36,8485,4037,7650,8446,33,35,39,A4,B5,G9,4,17,81
38_69_11,all-well,mm10,3556,7685,42538.36,8419,138,160,173,3418,7525,8246,D2,F9,A11,38,69,11
43_12_65,all-well,hg38,4229,7685,42538.36,8431,4189,7643,8382,40,42,49,D7,A12,F5,43,12,65
38_95_21,all-well,hg38,4337,7684,42532.82,8479,4287,7632,8424,50,52,55,D2,H11,B9,38,95,21
14_59_91,all-well,hg38,4039,7679,42505.15,8431,3961,7597,8347,78,82,84,B2,E11,H7,14,59,91
12_34_13,all-well,mm10,3514,7679,42505.15,8434,100,110,118,3414,7569,8316,A12,C10,B1,12,34,13
11_56_05,all-well,mm10,3573,7678,42499.61,8549,79,81,86,3494,7597,8463,A11,E8,A5,11,56,5
37_36_14,all-well,hg38,3995,7677,42494.07,8451,3953,7631,8403,42,46,48,D1,C12,B2,37,36,14
12_80_58,all-well,mm10,3495,7677,42494.07,8368,66,67,69,3429,7610,8299,A12,G8,E10,12,80,58
22_62_94,all-well,hg38,3924,7676,42488.54,8465,3881,7628,8414,43,48,51,B10,F2,H10,22,62,94
26_69_29,all-well,mm10,3568,7676,42488.54,8407,84,88,95,3484,7588,8312,C2,F9,C5,26,69,29
15_63_77,all-well,hg38,4121,7674,42477.47,8430,4070,7621,8371,51,53,59,B3,F3,G5,15,63,77
42_29_33,all-well,hg38,4019,7674,42477.47,8422,3976,7631,8375,43,43,47,D6,C5,C9,42,29,33
28_39_39,all-well,hg38,3762,7674,42477.47,8435,3705,7614,8372,57,60,63,C4,D3,D3,28,39,39
27_46_20,all-well,mm10,3540,7671,42460.86,8405,198,214,233,3342,7457,8172,C3,D10,B8,27,46,20
13_37_53,all-well,hg38,3825,7670,42455.33,8435,3795,7639,8404,30,31,31,B1,D1,E5,13,37,53
07_92_94,all-well,multiplet,4186,7670,42455.33,8439,3346,6526,7166,840,1144,1273,A7,H8,H10,7,92,94
27_33_54,all-well,hg38,3992,7669,42449.79,8449,3925,7597,8376,67,72,73,C3,C9,E6,27,33,54
29_73_07,all-well,hg38,3935,7668,42444.26,8442,3893,7625,8398,42,43,44,C5,G1,A7,29,73,7
12_59_82,all-well,mm10,3426,7668,42444.26,8363,75,79,86,3351,7589,8277,A12,E11,G10,12,59,82
16_75_38,all-well,mm10,3258,7668,42444.26,8439,84,88,99,3174,7580,8340,B4,G3,D2,16,75,38
28_54_27,all-well,mm10,3555,7667,42438.72,8435,121,131,145,3434,7536,8290,C4,E6,C3,28,54,27
15_79_52,all-well,mm10,3584,7664,42422.12,8430,157,167,177,3427,7497,8253,B3,G7,E4,15,79,52
06_87_15,all-well,hg38,3801,7664,42422.12,8440,3699,7550,8315,102,114,125,A6,H3,B3,6,87,15
24_02_25,all-well,mm10,3537,7661,42405.51,8431,88,93,100,3449,7568,8331,B12,A2,C1,24,2,25
07_46_94,all-well,hg38,3893,7660,42399.98,8431,3850,7612,8379,43,48,52,A7,D10,H10,7,46,94
13_16_56,all-well,hg38,4008,7659,42394.44,8470,3966,7614,8423,42,45,47,B1,B4,E8,13,16,56
42_95_13,all-well,hg38,4012,7657,42383.37,8430,3963,7602,8370,49,55,60,D6,H11,B1,42,95,13
21_66_71,all-well,hg38,3837,7657,42383.37,8431,3806,7625,8398,31,32,33,B9,F6,F11,21,66,71
46_34_46,all-well,hg38,3971,7656,42377.83,8425,3930,7614,8380,41,42,45,D10,C10,D10,46,34,46
16_21_94,all-well,mm10,3591,7656,42377.83,8411,81,84,88,3510,7572,8323,B4,B9,H10,16,21,94
28_35_40,all-well,mm10,3460,7655,42372.30,8417,83,86,89,3377,7569,8328,C4,C11,D4,28,35,40
31_37_43,all-well,mm10,3524,7651,42350.16,8421,69,70,71,3455,7581,8350,C7,D1,D7,31,37,43
12_44_64,all-well,mm10,3445,7651,42350.16,8408,59,63,64,3386,7588,8344,A12,D8,F4,12,44,64
25_54_30,all-well,hg38,3941,7649,42339.09,8405,3891,7596,8344,50,53,61,C1,E6,C6,25,54,30
19_66_50,all-well,hg38,4063,7646,42322.48,8459,4038,7619,8431,25,27,28,B7,F6,E2,19,66,50
41_54_27,all-well,mm10,3524,7645,42316.95,8407,60,62,66,3464,7583,8341,D5,E6,C3,41,54,27
06_27_37,all-well,hg38,3706,7645,42316.95,8432,3655,7587,8371,51,58,61,A6,C3,D1,6,27,37
07_66_49,all-well,hg38,3781,7645,42316.95,8472,3749,7613,8438,32,32,34,A7,F6,E1,7,66,49
25_74_94,all-well,mm10,3652,7644,42311.41,8449,91,94,106,3561,7550,8343,C1,G2,H10,25,74,94
15_43_88,all-well,mm10,3358,7643,42305.88,8421,55,58,58,3303,7585,8363,B3,D7,H4,15,43,88
48_86_13,all-well,mm10,3572,7643,42305.88,8398,85,93,98,3487,7550,8300,D12,H2,B1,48,86,13
29_14_19,all-well,hg38,3945,7640,42289.27,8441,3907,7602,8399,38,38,42,C5,B2,B7,29,14,19
05_37_75,all-well,hg38,3897,7640,42289.27,8440,3869,7609,8408,28,31,32,A5,D1,G3,5,37,75
31_11_20,all-well,hg38,4038,7640,42289.27,8421,3997,7594,8372,41,46,49,C7,A11,B8,31,11,20
24_07_36,all-well,mm10,3602,7639,42283.74,8434,109,121,128,3493,7518,8306,B12,A7,C12,24,7,36
24_27_15,all-well,mm10,3565,7638,42278.20,8428,259,284,316,3306,7354,8112,B12,C3,B3,24,27,15
06_67_04,all-well,mm10,3407,7637,42272.66,8405,76,80,85,3331,7557,8320,A6,F7,A4,6,67,4
27_79_96,all-well,hg38,3935,7637,42272.66,8486,3870,7567,8411,65,70,75,C3,G7,H12,27,79,96
08_38_20,all-well,hg38,3866,7637,42272.66,8446,3837,7608,8416,29,29,30,A8,D2,B8,8,38,20
48_78_39,all-well,hg38,4134,7636,42267.13,8378,4086,7584,8325,48,52,53,D12,G6,D3,48,78,39
34_79_69,all-well,hg38,4095,7634,42256.06,8381,4040,7577,8319,55,57,62,C10,G7,F9,34,79,69
15_46_68,all-well,mm10,3307,7634,42256.06,8473,68,68,75,3239,7566,8398,B3,D10,F8,15,46,68
17_15_58,all-well,hg38,4080,7634,42256.06,8394,4036,7590,8346,44,44,48,B5,B3,E10,17,15,58
38_56_89,all-well,mm10,3550,7634,42256.06,8366,90,94,99,3460,7540,8267,D2,E8,H5,38,56,89
42_43_51,all-well,hg38,3650,7633,42250.52,8427,3622,7605,8395,28,28,32,D6,D7,E3,42,43,51
32_47_39,all-well,mm10,3572,7632,42244.99,8423,101,111,117,3471,7521,8306,C8,D11,D3,32,47,39
23_35_43,all-well,hg38,3921,7631,42239.45,8441,3878,7586,8390,43,45,51,B11,C11,D7,23,35,43
23_72_87,all-well,hg38,3833,7631,42239.45,8411,3804,7597,8375,29,34,36,B11,F12,H3,23,72,87
16_15_79,all-well,mm10,3426,7630,42233.92,8415,69,71,74,3357,7559,8341,B4,B3,G7,16,15,79
26_64_11,all-well,mm10,3564,7628,42222.85,8400,81,84,88,3483,7544,8312,C2,F4,A11,26,64,11
08_27_19,all-well,hg38,3968,7627,42217.31,8407,3933,7591,8366,35,36,41,A8,C3,B7,8,27,19
16_34_54,all-well,hg38,3959,7627,42217.31,8410,3877,7531,8307,82,96,103,B4,C10,E6,16,34,54
46_06_10,all-well,hg38,3848,7625,42206.24,8455,3771,7545,8368,77,80,87,D10,A6,A10,46,6,10
26_71_88,all-well,hg38,4011,7625,42206.24,8427,3961,7568,8369,50,57,58,C2,F11,H4,26,71,88
12_13_89,all-well,hg38,3968,7623,42195.17,8355,3907,7556,8284,61,67,71,A12,B1,H5,12,13,89
09_28_58,all-well,mm10,3487,7620,42178.57,8381,81,82,91,3406,7538,8290,A9,C4,E10,9,28,58
15_91_71,all-well,hg38,3758,7620,42178.57,8398,3719,7576,8350,39,44,48,B3,H7,F11,15,91,71
45_70_78,all-well,hg38,4228,7620,42178.57,8378,4118,7490,8239,110,130,139,D9,F10,G6,45,70,78
16_16_55,all-well,hg38,3879,7619,42173.03,8451,3821,7560,8392,58,59,59,B4,B4,E7,16,16,55
14_26_94,all-well,hg38,3903,7617,42161.96,8372,3858,7569,8319,45,48,53,B2,C2,H10,14,26,94
09_08_14,all-well,hg38,3997,7617,42161.96,8397,3954,7572,8351,43,45,46,A9,A8,B2,9,8,14
09_84_38,all-well,mm10,3381,7616,42156.42,8404,62,63,66,3319,7553,8338,A9,G12,D2,9,84,38
39_80_40,all-well,mm10,3550,7615,42150.89,8360,56,59,64,3494,7556,8296,D3,G8,D4,39,80,40
27_92_65,all-well,hg38,3935,7613,42139.82,8367,3901,7575,8327,34,38,40,C3,H8,F5,27,92,65
17_18_41,all-well,mm10,3150,7610,42123.21,8352,68,72,77,3082,7538,8275,B5,B6,D5,17,18,41
44_64_85,all-well,mm10,3593,7608,42112.14,8319,69,71,73,3524,7537,8246,D8,F4,H1,44,64,85
09_44_85,all-well,hg38,4089,7608,42112.14,8394,3928,7421,8194,161,187,200,A9,D8,H1,9,44,85
07_23_22,all-well,mm10,3398,7606,42101.07,8423,96,104,111,3302,7502,8312,A7,B11,B10,7,23,22
25_66_43,all-well,mm10,3538,7605,42095.54,8338,70,72,75,3468,7533,8263,C1,F6,D7,25,66,43
31_78_80,all-well,hg38,3844,7605,42095.54,8394,3773,7526,8310,71,79,84,C7,G6,G8,31,78,80
14_11_10,all-well,mm10,3590,7601,42073.40,8408,70,73,81,3520,7528,8327,B2,A11,A10,14,11,10
17_40_37,all-well,hg38,3967,7601,42073.40,8411,3934,7565,8373,33,36,38,B5,D4,D1,17,40,37
39_67_76,all-well,mm10,3610,7599,42062.33,8410,86,91,99,3524,7508,8311,D3,F7,G4,39,67,76
31_20_77,all-well,hg38,3794,7598,42056.79,8391,3762,7561,8353,32,37,38,C7,B8,G5,31,20,77
39_29_56,all-well,mm10,3440,7597,42051.26,8350,77,78,84,3363,7519,8266,D3,C5,E8,39,29,56
28_76_13,all-well,hg38,3793,7597,42051.26,8427,3733,7533,8360,60,64,67,C4,G4,B1,28,76,13
26_95_29,all-well,hg38,4197,7596,42045.72,8429,4155,7551,8382,42,45,47,C2,H11,C5,26,95,29
05_70_89,all-well,hg38,3916,7594,42034.65,8388,3867,7542,8332,49,52,56,A5,F10,H5,5,70,89
30_13_46,all-well,hg38,4176,7593,42029.11,8372,4120,7534,8311,56,59,61,C6,B1,D10,30,13,46
42_23_68,all-well,mm10,3114,7593,42029.11,8397,68,81,86,3046,7512,8311,D6,B11,F8,42,23,68
32_27_72,all-well,mm10,3360,7592,42023.58,8361,46,47,47,3314,7545,8314,C8,C3,F12,32,27,72
44_42_61,all-well,hg38,3778,7591,42018.04,8332,3733,7541,8281,45,50,51,D8,D6,F1,44,42,61
05_75_91,all-well,hg38,4004,7591,42018.04,8370,3968,7551,8329,36,40,41,A5,G3,H7,5,75,91
18_48_68,all-well,hg38,3935,7590,42012.51,8387,3897,7550,8345,38,40,42,B6,D12,F8,18,48,68
28_58_60,all-well,hg38,3629,7589,42006.97,8409,3586,7543,8361,43,46,48,C4,E10,E12,28,58,60
01_01_40,all-well,mm10,3520,7589,42006.97,8394,76,82,88,3444,7507,8306,A1,A1,D4,1,1,40
01_19_37,all-well,hg38,3842,7588,42001.44,8335,3790,7536,8278,52,52,57,A1,B7,D1,1,19,37
26_89_36,all-well,hg38,3986,7586,41990.37,8324,3949,7548,8285,37,38,39,C2,H5,C12,26,89,36
37_60_20,all-well,hg38,4010,7583,41973.76,8377,3957,7530,8321,53,53,56,D1,E12,B8,37,60,20
36_04_67,all-well,mm10,3377,7583,41973.76,8337,58,62,67,3319,7521,8270,C12,A4,F7,36,4,67
26_27_83,all-well,hg38,4005,7582,41968.23,8357,3961,7535,8307,44,47,50,C2,C3,G11,26,27,83
16_38_82,all-well,mm10,3537,7582,41968.23,8321,115,122,125,3422,7460,8196,B4,D2,G10,16,38,82
14_24_45,all-well,hg38,4026,7580,41957.16,8284,3992,7545,8249,34,35,35,B2,B12,D9,14,24,45
08_23_59,all-well,hg38,3843,7580,41957.16,8346,3805,7541,8306,38,39,40,A8,B11,E11,8,23,59
25_27_83,all-well,hg38,3833,7578,41946.09,8312,3781,7517,8249,52,61,63,C1,C3,G11,25,27,83
09_73_35,all-well,mm10,3552,7577,41940.55,8374,64,66,72,3488,7511,8302,A9,G1,C11,9,73,35
31_51_11,all-well,hg38,3928,7574,41923.94,8329,3868,7511,8263,60,63,66,C7,E3,A11,31,51,11
16_34_20,all-well,mm10,3452,7573,41918.41,8293,109,109,119,3343,7464,8174,B4,C10,B8,16,34,20
22_27_35,all-well,mm10,3534,7572,41912.87,8311,93,94,94,3441,7478,8217,B10,C3,C11,22,27,35
24_91_67,all-well,mm10,3566,7572,41912.87,8348,71,75,83,3495,7497,8265,B12,H7,F7,24,91,67
09_19_63,all-well,hg38,3987,7571,41907.34,8327,3954,7528,8282,33,43,45,A9,B7,F3,9,19,63
39_66_70,all-well,hg38,3816,7571,41907.34,8343,3725,7474,8236,91,97,107,D3,F6,F10,39,66,70
40_68_52,all-well,mm10,3639,7571,41907.34,8311,81,83,86,3558,7488,8225,D4,F8,E4,40,68,52
21_42_93,all-well,hg38,3914,7570,41901.80,8290,3875,7530,8246,39,40,44,B9,D6,H9,21,42,93
24_02_80,all-well,hg38,3970,7568,41890.73,8323,3924,7517,8270,46,51,53,B12,A2,G8,24,2,80
06_74_52,all-well,hg38,3724,7568,41890.73,8308,3685,7528,8265,39,40,43,A6,G2,E4,6,74,52
43_54_27,all-well,hg38,4210,7565,41874.13,8312,4056,7400,8136,154,165,176,D7,E6,C3,43,54,27
32_92_06,all-well,mm10,3579,7563,41863.06,8294,64,67,71,3515,7496,8223,C8,H8,A6,32,92,6
15_31_96,all-well,hg38,3678,7561,41851.99,8332,3590,7458,8222,88,103,110,B3,C7,H12,15,31,96
22_06_30,all-well,mm10,3553,7560,41846.45,8321,78,81,86,3475,7479,8235,B10,A6,C6,22,6,30
31_72_24,all-well,hg38,3836,7560,41846.45,8283,3806,7527,8247,30,33,36,C7,F12,B12,31,72,24
25_72_85,all-well,mm10,3505,7559,41840.92,8273,86,97,105,3419,7462,8168,C1,F12,H1,25,72,85
28_29_59,all-well,mm10,3697,7558,41835.38,8342,308,357,389,3389,7201,7953,C4,C5,E11,28,29,59
22_88_08,all-well,mm10,3570,7557,41829.85,8304,111,117,125,3459,7440,8179,B10,H4,A8,22,88,8
17_68_27,all-well,mm10,3581,7555,41818.77,8288,58,58,62,3523,7497,8226,B5,F8,C3,17,68,27
40_02_94,all-well,hg38,3847,7555,41818.77,8347,3789,7495,8284,58,60,63,D4,A2,H10,40,2,94
15_67_63,all-well,mm10,3450,7552,41802.17,8314,88,88,96,3362,7464,8218,B3,F7,F3,15,67,63
37_80_07,all-well,hg38,3879,7552,41802.17,8342,3837,7506,8292,42,46,50,D1,G8,A7,37,80,7
05_48_73,all-well,hg38,3868,7550,41791.10,8324,3832,7514,8284,36,36,40,A5,D12,G1,5,48,73
38_82_23,all-well,hg38,4024,7549,41785.56,8261,3978,7499,8209,46,50,52,D2,G10,B11,38,82,23
10_71_74,all-well,hg38,3992,7548,41780.03,8304,3961,7517,8271,31,31,33,A10,F11,G2,10,71,74
41_05_88,all-well,hg38,4080,7548,41780.03,8294,4050,7508,8252,30,40,42,D5,A5,H4,41,5,88
20_18_70,all-well,mm10,3490,7548,41780.03,8273,83,98,103,3407,7450,8170,B8,B6,F10,20,18,70
11_21_81,all-well,mm10,3269,7547,41774.49,8332,75,77,82,3194,7470,8250,A11,B9,G9,11,21,81
22_43_15,all-well,mm10,3380,7547,41774.49,8291,77,81,88,3303,7466,8203,B10,D7,B3,22,43,15
26_65_11,all-well,mm10,3478,7546,41768.96,8345,59,63,69,3419,7483,8276,C2,F5,A11,26,65,11
24_96_48,all-well,hg38,4032,7545,41763.42,8296,3993,7505,8254,39,40,42,B12,H12,D12,24,96,48
21_69_68,all-well,hg38,3831,7545,41763.42,8250,3799,7512,8215,32,33,35,B9,F9,F8,21,69,68
13_77_09,all-well,hg38,3813,7544,41757.89,8232,3766,7494,8180,47,50,52,B1,G5,A9,13,77,9
09_49_72,all-well,hg38,3964,7543,41752.35,8306,3913,7484,8246,51,59,60,A9,E1,F12,9,49,72
35_02_22,all-well,hg38,3932,7543,41752.35,8260,3868,7471,8184,64,72,76,C11,A2,B10,35,2,22
19_06_53,all-well,hg38,3841,7541,41741.28,8324,3795,7490,8269,46,51,55,B7,A6,E5,19,6,53
19_80_27,all-well,hg38,3930,7536,41713.61,8312,3860,7460,8227,70,76,85,B7,G8,C3,19,80,27
32_62_46,all-well,mm10,3451,7535,41708.07,8314,287,361,381,3164,7174,7933,C8,F2,D10,32,62,46
01_82_58,all-well,hg38,3929,7532,41691.46,8324,3881,7478,8266,48,54,58,A1,G10,E10,1,82,58
12_88_43,all-well,mm10,3433,7527,41663.79,8238,80,83,87,3353,7444,8151,A12,H4,D7,12,88,43
28_38_64,all-well,hg38,3827,7525,41652.72,8319,3796,7491,8284,31,34,35,C4,D2,F4,28,38,64
39_71_14,all-well,hg38,4061,7524,41647.18,8293,4027,7489,8256,34,35,37,D3,F11,B2,39,71,14
15_61_80,all-well,mm10,3704,7524,41647.18,8288,77,84,90,3627,7440,8198,B3,F1,G8,15,61,80
27_57_32,all-well,hg38,3856,7521,41630.58,8321,3811,7467,8262,45,54,59,C3,E9,C8,27,57,32
32_85_23,all-well,mm10,3596,7521,41630.58,8265,62,62,65,3534,7459,8200,C8,H1,B11,32,85,23
34_69_11,all-well,mm10,3313,7520,41625.04,8196,125,137,151,3188,7383,8045,C10,F9,A11,34,69,11
08_90_33,all-well,hg38,3426,7519,41619.51,8288,3381,7466,8233,45,53,55,A8,H6,C9,8,90,33
14_37_43,all-well,mm10,3580,7518,41613.97,8301,52,54,57,3528,7464,8244,B2,D1,D7,14,37,43
38_49_36,all-well,hg38,4260,7517,41608.44,8256,4205,7454,8190,55,63,66,D2,E1,C12,38,49,36
21_56_61,all-well,mm10,3517,7517,41608.44,8253,76,76,80,3441,7441,8173,B9,E8,F1,21,56,61
05_84_40,all-well,hg38,3826,7516,41602.90,8325,3794,7483,8290,32,33,35,A5,G12,D4,5,84,40
25_80_20,all-well,hg38,3801,7516,41602.90,8238,3755,7467,8185,46,49,53,C1,G8,B8,25,80,20
39_36_76,all-well,hg38,3949,7515,41597.37,8298,3865,7424,8199,84,91,99,D3,C12,G4,39,36,76
04_09_10,all-well,hg38,3854,7514,41591.83,8238,3811,7469,8191,43,45,47,A4,A9,A10,4,9,10
41_33_10,all-well,hg38,3874,7514,41591.83,8258,3842,7472,8216,32,42,42,D5,C9,A10,41,33,10
27_50_68,all-well,mm10,3345,7511,41575.22,8223,76,78,83,3269,7433,8140,C3,E2,F8,27,50,68
23_29_05,all-well,hg38,3798,7510,41569.69,8286,3743,7453,8227,55,57,59,B11,C5,A5,23,29,5
16_95_47,all-well,mm10,3263,7509,41564.15,8268,90,99,101,3173,7410,8167,B4,H11,D11,16,95,47
12_24_40,all-well,mm10,3529,7509,41564.15,8292,72,75,81,3457,7434,8211,A12,B12,D4,12,24,40
20_28_68,all-well,hg38,3903,7509,41564.15,8284,3814,7417,8185,89,92,99,B8,C4,F8,20,28,68
14_53_08,all-well,mm10,3553,7508,41558.62,8203,67,71,73,3486,7437,8130,B2,E5,A8,14,53,8
22_25_19,all-well,mm10,3415,7508,41558.62,8247,76,78,80,3339,7430,8167,B10,C1,B7,22,25,19
05_69_63,all-well,multiplet,4488,7507,41553.08,8294,2889,5082,5617,1599,2425,2677,A5,F9,F3,5,69,63
38_57_03,all-well,mm10,3483,7506,41547.55,8255,164,191,200,3319,7315,8055,D2,E9,A3,38,57,3
34_22_49,all-well,mm10,3447,7505,41542.01,8291,129,135,143,3318,7370,8148,C10,B10,E1,34,22,49
38_36_36,all-well,mm10,3426,7505,41542.01,8254,69,73,76,3357,7432,8178,D2,C12,C12,38,36,36
48_90_46,all-well,hg38,3970,7505,41542.01,8256,3916,7451,8197,54,54,59,D12,H6,D10,48,90,46
48_51_45,all-well,mm10,3402,7502,41525.41,8245,50,50,51,3352,7452,8194,D12,E3,D9,48,51,45
01_26_30,all-well,mm10,3564,7501,41519.87,8253,208,230,251,3356,7271,8002,A1,C2,C6,1,26,30
10_65_66,all-well,hg38,3744,7496,41492.20,8256,3699,7448,8203,45,48,53,A10,F5,F6,10,65,66
08_62_46,all-well,hg38,3677,7496,41492.20,8305,3631,7447,8254,46,49,51,A8,F2,D10,8,62,46
37_06_19,all-well,hg38,3803,7495,41486.66,8281,3751,7441,8222,52,54,59,D1,A6,B7,37,6,19
30_52_14,all-well,hg38,3821,7494,41481.12,8255,3779,7449,8205,42,45,50,C6,E4,B2,30,52,14
02_89_17,all-well,multiplet,4544,7494,41481.12,8255,2210,3473,3829,2334,4021,4426,A2,H5,B5,2,89,17
36_24_10,all-well,hg38,4097,7493,41475.59,8223,4034,7425,8151,63,68,72,C12,B12,A10,36,24,10
32_62_24,all-well,hg38,3731,7493,41475.59,8248,3697,7457,8211,34,36,37,C8,F2,B12,32,62,24
16_44_69,all-well,hg38,3782,7491,41464.52,8219,3741,7445,8172,41,46,47,B4,D8,F9,16,44,69
03_69_12,all-well,hg38,4179,7490,41458.98,8234,4088,7379,8117,91,111,117,A3,F9,A12,3,69,12
24_07_85,all-well,hg38,3927,7490,41458.98,8214,3891,7452,8175,36,38,39,B12,A7,H1,24,7,85
07_79_46,all-well,hg38,3779,7489,41453.45,8250,3743,7452,8213,36,37,37,A7,G7,D10,7,79,46
39_71_32,all-well,hg38,4068,7489,41453.45,8197,4018,7437,8141,50,52,56,D3,F11,C8,39,71,32
17_62_51,all-well,hg38,3786,7489,41453.45,8298,3756,7455,8262,30,34,36,B5,F2,E3,17,62,51
46_20_33,all-well,hg38,3819,7489,41453.45,8262,3781,7451,8222,38,38,40,D10,B8,C9,46,20,33
42_26_90,all-well,mm10,3557,7487,41442.38,8265,99,109,119,3458,7378,8146,D6,C2,H6,42,26,90
02_69_73,all-well,mm10,3462,7487,41442.38,8272,67,69,70,3395,7418,8202,A2,F9,G1,2,69,73
17_80_91,all-well,hg38,3832,7483,41420.24,8266,3784,7432,8211,48,51,55,B5,G8,H7,17,80,91
02_34_85,all-well,mm10,3636,7482,41414.70,8277,67,71,76,3569,7411,8201,A2,C10,H1,2,34,85
34_95_23,all-well,hg38,3895,7481,41409.17,8257,3853,7437,8213,42,44,44,C10,H11,B11,34,95,23
27_13_37,all-well,hg38,3954,7481,41409.17,8220,3919,7442,8179,35,39,41,C3,B1,D1,27,13,37
32_25_74,all-well,hg38,4045,7480,41403.63,8261,3991,7423,8201,54,57,60,C8,C1,G2,32,25,74
02_14_34,all-well,hg38,3824,7470,41348.28,8185,3784,7425,8140,40,45,45,A2,B2,C10,2,14,34
25_29_58,all-well,hg38,3976,7469,41342.74,8223,3928,7420,8170,48,49,53,C1,C5,E10,25,29,58
05_27_46,all-well,hg38,3857,7468,41337.21,8209,3819,7429,8169,38,39,40,A5,C3,D10,5,27,46
40_88_73,all-well,mm10,3193,7467,41331.67,8173,97,103,108,3096,7364,8065,D4,H4,G1,40,88,73
04_67_42,all-well,hg38,3847,7467,41331.67,8201,3813,7431,8163,34,36,38,A4,F7,D6,4,67,42
23_90_52,all-well,hg38,3769,7465,41320.60,8251,3716,7406,8186,53,59,65,B11,H6,E4,23,90,52
42_75_66,all-well,mm10,3521,7464,41315.07,8204,87,93,99,3434,7371,8105,D6,G3,F6,42,75,66
27_40_08,all-well,mm10,3511,7464,41315.07,8170,83,85,96,3428,7379,8074,C3,D4,A8,27,40,8
27_11_45,all-well,mm10,3479,7461,41298.46,8170,100,105,108,3379,7356,8062,C3,A11,D9,27,11,45
22_73_81,all-well,hg38,3841,7460,41292.93,8232,3794,7411,8182,47,49,50,B10,G1,G9,22,73,81
05_63_03,all-well,mm10,3414,7459,41287.39,8258,79,87,93,3335,7372,8165,A5,F3,A3,5,63,3
25_95_41,all-well,hg38,3920,7458,41281.86,8196,3878,7413,8150,42,45,46,C1,H11,D5,25,95,41
32_07_30,all-well,hg38,3797,7458,41281.86,8202,3736,7394,8134,61,64,68,C8,A7,C6,32,7,30
24_18_77,all-well,hg38,4019,7457,41276.32,8216,3953,7388,8143,66,69,73,B12,B6,G5,24,18,77
16_71_27,all-well,mm10,3463,7457,41276.32,8188,102,104,115,3361,7353,8073,B4,F11,C3,16,71,27
38_48_62,all-well,hg38,4136,7457,41276.32,8188,4095,7412,8141,41,45,47,D2,D12,F2,38,48,62
21_13_44,all-well,hg38,3716,7453,41254.18,8241,3660,7395,8180,56,58,61,B9,B1,D8,21,13,44
36_51_86,all-well,mm10,3312,7453,41254.18,8162,65,68,68,3247,7385,8094,C12,E3,H2,36,51,86
08_95_90,all-well,hg38,3814,7452,41248.64,8246,3776,7405,8196,38,47,50,A8,H11,H6,8,95,90
29_18_27,all-well,hg38,3905,7451,41243.11,8224,3850,7395,8166,55,56,58,C5,B6,C3,29,18,27
11_27_86,all-well,hg38,3823,7449,41232.04,8243,3786,7410,8203,37,39,40,A11,C3,H2,11,27,86
14_39_07,all-well,hg38,3887,7449,41232.04,8200,3843,7403,8152,44,46,48,B2,D3,A7,14,39,7
23_75_93,all-well,mm10,3277,7449,41232.04,8188,64,67,70,3213,7382,8118,B11,G3,H9,23,75,93
06_14_21,all-well,hg38,3677,7448,41226.50,8202,3617,7385,8133,60,63,69,A6,B2,B9,6,14,21
30_53_76,all-well,mm10,3441,7447,41220.97,8160,61,63,66,3380,7384,8094,C6,E5,G4,30,53,76
07_12_94,all-well,hg38,3866,7446,41215.43,8204,3825,7403,8161,41,43,43,A7,A12,H10,7,12,94
48_41_47,all-well,mm10,3458,7445,41209.90,8146,56,56,58,3402,7389,8088,D12,D5,D11,48,41,47
48_75_32,all-well,mm10,3563,7445,41209.90,8176,86,88,92,3477,7357,8084,D12,G3,C8,48,75,32
16_29_94,all-well,hg38,3830,7444,41204.36,8216,3797,7409,8180,33,35,36,B4,C5,H10,16,29,94
25_21_92,all-well,hg38,3809,7441,41187.76,8150,3738,7367,8070,71,74,80,C1,B9,H8,25,21,92
27_05_35,all-well,mm10,3439,7441,41187.76,8204,101,103,113,3338,7338,8091,C3,A5,C11,27,5,35
47_26_08,all-well,hg38,3872,7440,41182.22,8235,3818,7384,8179,54,56,56,D11,C2,A8,47,26,8
32_15_14,all-well,hg38,3991,7438,41171.15,8168,3959,7406,8135,32,32,33,C8,B3,B2,32,15,14
30_06_79,all-well,hg38,3836,7438,41171.15,8207,3796,7395,8161,40,43,46,C6,A6,G7,30,6,79
47_76_78,all-well,mm10,3513,7436,41160.08,8234,70,73,75,3443,7363,8159,D11,G4,G6,47,76,78
17_79_74,all-well,hg38,3942,7436,41160.08,8268,3920,7414,8245,22,22,23,B5,G7,G2,17,79,74
45_07_11,all-well,hg38,4117,7436,41160.08,8151,4007,7314,8019,110,122,132,D9,A7,A11,45,7,11
01_43_30,all-well,mm10,3607,7435,41154.55,8233,103,107,113,3504,7328,8120,A1,D7,C6,1,43,30
11_65_34,all-well,hg38,3843,7434,41149.01,8099,3806,7397,8062,37,37,37,A11,F5,C10,11,65,34
15_10_84,all-well,hg38,3901,7432,41137.94,8162,3829,7355,8077,72,77,85,B3,A10,G12,15,10,84
06_69_52,all-well,hg38,3694,7429,41121.33,8193,3664,7399,8162,30,30,31,A6,F9,E4,6,69,52
09_41_30,all-well,hg38,3968,7427,41110.26,8179,3905,7351,8099,63,76,80,A9,D5,C6,9,41,30
38_47_21,all-well,hg38,4199,7426,41104.73,8149,4126,7349,8064,73,77,85,D2,D11,B9,38,47,21
26_87_20,all-well,mm10,3348,7426,41104.73,8133,73,76,83,3275,7350,8050,C2,H3,B8,26,87,20
37_64_54,all-well,hg38,3893,7425,41099.19,8181,3856,7384,8140,37,41,41,D1,F4,E6,37,64,54
19_38_43,all-well,mm10,3312,7424,41093.66,8173,73,77,82,3239,7347,8091,B7,D2,D7,19,38,43
42_34_89,all-well,hg38,3744,7423,41088.12,8227,3686,7357,8157,58,66,70,D6,C10,H5,42,34,89
15_82_66,all-well,hg38,3794,7422,41082.59,8119,3760,7388,8084,34,34,35,B3,G10,F6,15,82,66
17_81_35,all-well,mm10,3588,7421,41077.05,8104,56,58,59,3532,7363,8045,B5,G9,C11,17,81,35
10_15_21,all-well,hg38,4095,7420,41071.52,8216,4062,7384,8180,33,36,36,A10,B3,B9,10,15,21
05_17_34,all-well,mm10,3400,7420,41071.52,8173,51,54,57,3349,7366,8116,A5,B5,C10,5,17,34
22_09_73,all-well,hg38,3758,7419,41065.98,8150,3706,7365,8087,52,54,63,B10,A9,G1,22,9,73
17_58_62,all-well,hg38,3803,7419,41065.98,8206,3774,7390,8176,29,29,30,B5,E10,F2,17,58,62
48_96_81,all-well,hg38,3841,7412,41027.23,8162,3802,7371,8119,39,41,43,D12,H12,G9,48,96,81
17_88_91,all-well,hg38,3869,7412,41027.23,8124,3833,7372,8083,36,40,41,B5,H4,H7,17,88,91
39_24_73,all-well,hg38,3896,7411,41021.70,8221,3798,7297,8102,98,114,119,D3,B12,G1,39,24,73
28_21_61,all-well,hg38,3693,7409,41010.63,8219,3657,7371,8178,36,38,41,C4,B9,F1,28,21,61
19_91_11,all-well,hg38,3806,7407,40999.56,8186,3694,7280,8046,112,127,140,B7,H7,A11,19,91,11
09_89_66,all-well,hg38,3753,7407,40999.56,8187,3709,7360,8139,44,47,48,A9,H5,F6,9,89,66
36_62_08,all-well,mm10,3269,7407,40999.56,8114,71,77,81,3198,7330,8033,C12,F2,A8,36,62,8
31_95_66,all-well,hg38,4022,7406,40994.02,8189,3983,7366,8146,39,40,43,C7,H11,F6,31,95,66
23_65_66,all-well,hg38,3791,7406,40994.02,8191,3751,7365,8148,40,41,43,B11,F5,F6,23,65,66
26_46_71,all-well,hg38,3861,7403,40977.42,8160,3806,7345,8102,55,58,58,C2,D10,F11,26,46,71
34_45_30,all-well,hg38,4113,7401,40966.35,8198,4085,7370,8166,28,31,32,C10,D9,C6,34,45,30
12_59_06,all-well,mm10,3448,7400,40960.81,8145,69,72,75,3379,7328,8070,A12,E11,A6,12,59,6
13_58_25,all-well,mm10,3396,7399,40955.28,8114,77,81,89,3319,7318,8025,B1,E10,C1,13,58,25
42_66_04,all-well,hg38,3874,7398,40949.74,8159,3821,7343,8100,53,55,59,D6,F6,A4,42,66,4
44_19_73,all-well,mm10,3493,7398,40949.74,8167,60,61,66,3433,7337,8101,D8,B7,G1,44,19,73
15_55_05,all-well,hg38,4010,7396,40938.67,8121,3967,7350,8074,43,46,47,B3,E7,A5,15,55,5
12_43_17,all-well,mm10,3458,7396,40938.67,8091,71,73,78,3387,7323,8013,A12,D7,B5,12,43,17
41_77_34,all-well,hg38,4137,7395,40933.14,8134,4097,7349,8087,40,46,47,D5,G5,C10,41,77,34
37_61_25,all-well,hg38,3877,7395,40933.14,8112,3826,7331,8043,51,64,69,D1,F1,C1,37,61,25
26_76_70,all-well,hg38,3867,7394,40927.60,8129,3817,7339,8073,50,55,56,C2,G4,F10,26,76,70
31_57_72,all-well,mm10,3434,7392,40916.53,8128,123,133,144,3311,7259,7984,C7,E9,F12,31,57,72
31_58_41,all-well,hg38,3765,7392,40916.53,8165,3718,7342,8107,47,50,58,C7,E10,D5,31,58,41
38_68_46,all-well,mm10,3545,7391,40910.99,8072,299,359,389,3246,7032,7683,D2,F8,D10,38,68,46
21_70_96,all-well,hg38,3862,7390,40905.46,8114,3824,7351,8072,38,39,42,B9,F10,H12,21,70,96
14_68_32,all-well,mm10,3517,7390,40905.46,8150,93,97,101,3424,7293,8049,B2,F8,C8,14,68,32
11_11_33,all-well,hg38,3740,7388,40894.39,8171,3708,7354,8135,32,34,36,A11,A11,C9,11,11,33
13_86_06,all-well,mm10,3387,7387,40888.85,8069,77,80,82,3310,7307,7987,B1,H2,A6,13,86,6
44_65_69,all-well,hg38,3947,7386,40883.32,8152,3913,7350,8112,34,36,40,D8,F5,F9,44,65,69
40_42_82,all-well,hg38,3825,7385,40877.78,8137,3775,7330,8079,50,55,58,D4,D6,G10,40,42,82
43_85_30,all-well,hg38,3844,7385,40877.78,8089,3804,7342,8043,40,43,46,D7,H1,C6,43,85,30
30_58_30,all-well,hg38,3524,7385,40877.78,8157,3459,7313,8084,65,72,73,C6,E10,C6,30,58,30
12_50_38,all-well,mm10,3555,7382,40861.18,8097,96,102,109,3459,7280,7988,A12,E2,D2,12,50,38
32_95_81,all-well,hg38,3993,7382,40861.18,8137,3897,7271,8011,96,111,126,C8,H11,G9,32,95,81
31_58_27,all-well,mm10,3141,7379,40844.57,8140,70,79,85,3071,7300,8055,C7,E10,C3,31,58,27
30_64_35,all-well,hg38,3843,7378,40839.04,8196,3798,7330,8146,45,48,50,C6,F4,C11,30,64,35
48_89_36,all-well,hg38,3810,7375,40822.43,8067,3776,7340,8029,34,35,38,D12,H5,C12,48,89,36
20_91_19,all-well,hg38,3859,7374,40816.90,8166,3825,7340,8131,34,34,35,B8,H7,B7,20,91,19
28_52_93,all-well,hg38,3705,7373,40811.36,8168,3654,7321,8108,51,52,60,C4,E4,H9,28,52,93
44_05_81,all-well,hg38,3913,7370,40794.75,8111,3876,7328,8069,37,42,42,D8,A5,G9,44,5,81
31_61_52,all-well,hg38,3876,7370,40794.75,8151,3837,7325,8101,39,45,50,C7,F1,E4,31,61,52
26_63_69,all-well,mm10,3547,7370,40794.75,8130,105,113,119,3442,7257,8011,C2,F3,F9,26,63,69
19_52_72,all-well,mm10,3300,7370,40794.75,8125,98,100,107,3202,7270,8018,B7,E4,F12,19,52,72
21_18_40,all-well,hg38,3718,7369,40789.22,8109,3676,7325,8064,42,44,45,B9,B6,D4,21,18,40
36_28_63,all-well,hg38,3833,7368,40783.68,8079,3783,7309,8016,50,59,63,C12,C4,F3,36,28,63
27_69_86,all-well,hg38,3902,7366,40772.61,8116,3858,7318,8067,44,48,49,C3,F9,H2,27,69,86
43_39_23,all-well,hg38,4106,7366,40772.61,8072,3812,7048,7726,294,318,346,D7,D3,B11,43,39,23
10_28_75,all-well,mm10,3511,7361,40744.94,8064,55,59,65,3456,7302,7999,A10,C4,G3,10,28,75
18_78_28,all-well,hg38,3797,7360,40739.40,8160,3770,7332,8132,27,28,28,B6,G6,C4,18,78,28
37_36_04,all-well,mm10,3451,7360,40739.40,8065,70,74,77,3381,7286,7988,D1,C12,A4,37,36,4
32_86_62,all-well,mm10,3589,7356,40717.26,8060,52,54,56,3537,7302,8004,C8,H2,F2,32,86,62
36_64_84,all-well,hg38,3891,7354,40706.19,8059,3863,7319,8021,28,35,38,C12,F4,G12,36,64,84
37_69_95,all-well,mm10,3342,7354,40706.19,8082,117,122,133,3225,7232,7949,D1,F9,H11,37,69,95
05_05_10,all-well,hg38,3878,7353,40700.66,8129,3840,7312,8085,38,41,44,A5,A5,A10,5,5,10
38_44_81,all-well,hg38,3963,7353,40700.66,8066,3915,7304,8015,48,49,51,D2,D8,G9,38,44,81
30_63_91,all-well,mm10,3405,7353,40700.66,8071,107,114,118,3298,7239,7953,C6,F3,H7,30,63,91
19_42_82,all-well,hg38,3920,7353,40700.66,8114,3840,7269,8022,80,84,92,B7,D6,G10,19,42,82
09_32_49,all-well,hg38,3836,7349,40678.51,8082,3797,7308,8040,39,41,42,A9,C8,E1,9,32,49
07_87_86,all-well,mm10,3445,7349,40678.51,8064,75,83,89,3370,7266,7975,A7,H3,H2,7,87,86
09_08_63,all-well,mm10,3296,7349,40678.51,8068,56,56,59,3240,7293,8009,A9,A8,F3,9,8,63
11_74_13,all-well,hg38,3841,7348,40672.98,8135,3800,7303,8088,41,45,47,A11,G2,B1,11,74,13
36_46_20,all-well,mm10,3172,7347,40667.44,8039,67,77,83,3105,7270,7956,C12,D10,B8,36,46,20
39_64_41,all-well,hg38,3880,7347,40667.44,8107,3845,7306,8065,35,41,42,D3,F4,D5,39,64,41
19_86_45,all-well,hg38,3710,7347,40667.44,8144,3657,7293,8089,53,54,55,B7,H2,D9,19,86,45
17_56_89,all-well,hg38,4074,7346,40661.91,8032,4027,7294,7977,47,52,55,B5,E8,H5,17,56,89
29_05_66,all-well,hg38,3921,7345,40656.37,8094,3880,7304,8051,41,41,43,C5,A5,F6,29,5,66
01_91_87,all-well,hg38,3764,7345,40656.37,8057,3731,7312,8021,33,33,36,A1,H7,H3,1,91,87
19_54_46,all-well,mm10,3427,7336,40606.56,8064,433,484,532,2994,6852,7532,B7,E6,D10,19,54,46
44_06_82,all-well,hg38,3786,7334,40595.49,8097,3747,7294,8055,39,40,42,D8,A6,G10,44,6,82
24_45_55,all-well,hg38,4094,7334,40595.49,8090,3986,7223,7973,108,111,117,B12,D9,E7,24,45,55
11_13_31,all-well,hg38,3701,7333,40589.95,8088,3665,7294,8045,36,39,43,A11,B1,C7,11,13,31
38_56_76,all-well,hg38,3726,7333,40589.95,8043,3678,7281,7989,48,52,54,D2,E8,G4,38,56,76
10_80_20,all-well,hg38,4017,7332,40584.42,8090,3975,7290,8046,42,42,44,A10,G8,B8,10,80,20
35_93_76,all-well,hg38,3840,7330,40573.34,8094,3790,7278,8041,50,52,53,C11,H9,G4,35,93,76
13_19_90,all-well,mm10,3250,7329,40567.81,8050,54,58,58,3196,7271,7992,B1,B7,H6,13,19,90
25_23_15,all-well,mm10,3284,7328,40562.27,8028,156,179,191,3128,7149,7837,C1,B11,B3,25,23,15
06_15_71,all-well,hg38,3691,7328,40562.27,8084,3647,7282,8034,44,46,50,A6,B3,F11,6,15,71
07_09_58,all-well,mm10,3377,7328,40562.27,8053,65,67,69,3312,7261,7984,A7,A9,E10,7,9,58
40_52_93,all-well,hg38,3779,7327,40556.74,8030,3730,7269,7971,49,58,59,D4,E4,H9,40,52,93
28_75_08,all-well,hg38,3622,7327,40556.74,8073,3601,7306,8051,21,21,22,C4,G3,A8,28,75,8
16_54_63,all-well,hg38,3799,7326,40551.20,8035,3749,7271,7977,50,55,58,B4,E6,F3,16,54,63
22_68_27,all-well,mm10,3443,7326,40551.20,8088,70,70,72,3373,7256,8016,B10,F8,C3,22,68,27
38_48_31,all-well,mm10,3357,7326,40551.20,8041,72,78,81,3285,7248,7960,D2,D12,C7,38,48,31
13_35_22,all-well,mm10,3408,7326,40551.20,8011,67,67,71,3341,7259,7940,B1,C11,B10,13,35,22
36_37_54,all-well,hg38,3994,7325,40545.67,8087,3959,7281,8041,35,44,46,C12,D1,E6,36,37,54
12_78_53,all-well,hg38,3628,7324,40540.13,8077,3590,7283,8035,38,41,42,A12,G6,E5,12,78,53
10_74_93,all-well,mm10,3561,7322,40529.06,8091,49,49,51,3512,7273,8040,A10,G2,H9,10,74,93
32_28_51,all-well,mm10,3380,7321,40523.53,8054,87,94,98,3293,7227,7956,C8,C4,E3,32,28,51
38_35_01,all-well,hg38,3946,7321,40523.53,8052,3885,7255,7981,61,66,71,D2,C11,A1,38,35,1
01_31_75,all-well,hg38,3702,7321,40523.53,8065,3667,7284,8025,35,37,40,A1,C7,G3,1,31,75
04_50_20,all-well,hg38,3697,7319,40512.46,8071,3654,7274,8021,43,45,50,A4,E2,B8,4,50,20
15_90_31,all-well,hg38,3827,7317,40501.39,8078,3765,7255,8014,62,62,64,B3,H6,C7,15,90,31
04_84_88,all-well,hg38,3544,7317,40501.39,8009,3503,7270,7960,41,47,49,A4,G12,H4,4,84,88
18_56_20,all-well,hg38,3828,7314,40484.78,8068,3806,7292,8046,22,22,22,B6,E8,B8,18,56,20
37_31_81,all-well,hg38,3970,7312,40473.71,8073,3867,7191,7945,103,121,128,D1,C7,G9,37,31,81
24_88_94,all-well,mm10,3477,7312,40473.71,8040,107,116,131,3370,7196,7909,B12,H4,H10,24,88,94
16_07_14,all-well,mm10,3211,7310,40462.64,8016,100,102,109,3111,7208,7907,B4,A7,B2,16,7,14
12_56_12,all-well,mm10,3458,7310,40462.64,8008,75,81,86,3383,7229,7922,A12,E8,A12,12,56,12
35_90_09,all-well,hg38,3781,7308,40451.57,8025,3722,7248,7960,59,60,65,C11,H6,A9,35,90,9
17_40_15,all-well,hg38,3864,7308,40451.57,8066,3830,7271,8029,34,37,37,B5,D4,B3,17,40,15
25_62_81,all-well,hg38,4090,7308,40451.57,8041,3918,7114,7827,172,194,214,C1,F2,G9,25,62,81
36_29_87,all-well,mm10,3492,7307,40446.03,8049,146,157,170,3346,7150,7879,C12,C5,H3,36,29,87
41_02_20,all-well,hg38,3989,7304,40429.43,8018,3946,7253,7963,43,51,55,D5,A2,B8,41,2,20
30_13_95,all-well,hg38,4038,7303,40423.89,8035,3996,7259,7985,42,44,50,C6,B1,H11,30,13,95
27_57_22,all-well,mm10,3437,7303,40423.89,8057,82,85,89,3355,7218,7968,C3,E9,B10,27,57,22
34_57_82,all-well,mm10,3415,7300,40407.29,8055,83,92,97,3332,7208,7958,C10,E9,G10,34,57,82
38_37_92,all-well,mm10,3565,7299,40401.75,8014,90,93,98,3475,7206,7916,D2,D1,H8,38,37,92
06_70_92,all-well,mm10,3320,7299,40401.75,8019,73,79,89,3247,7220,7930,A6,F10,H8,6,70,92
09_86_54,all-well,mm10,3347,7298,40396.22,8022,94,96,101,3253,7202,7921,A9,H2,E6,9,86,54
13_45_43,all-well,mm10,3377,7298,40396.22,7960,84,87,92,3293,7211,7868,B1,D9,D7,13,45,43
39_55_42,all-well,hg38,3871,7298,40396.22,8051,3829,7251,8002,42,47,49,D3,E7,D6,39,55,42
43_39_04,all-well,mm10,3653,7297,40390.68,7952,135,154,162,3518,7143,7790,D7,D3,A4,43,39,4
08_60_93,all-well,hg38,3739,7296,40385.15,8027,3711,7267,7996,28,29,31,A8,E12,H9,8,60,93
16_79_67,all-well,hg38,3564,7295,40379.61,8057,3526,7255,8012,38,40,45,B4,G7,F7,16,79,67
34_72_70,all-well,hg38,3768,7294,40374.08,8032,3722,7244,7976,46,50,56,C10,F12,F10,34,72,70
12_30_73,all-well,hg38,3874,7292,40363.01,8016,3828,7246,7968,46,46,48,A12,C6,G1,12,30,73
34_10_35,all-well,hg38,3854,7291,40357.47,8022,3821,7255,7984,33,36,38,C10,A10,C11,34,10,35
14_03_14,all-well,hg38,3892,7291,40357.47,8061,3854,7251,8017,38,40,44,B2,A3,B2,14,3,14
27_26_23,all-well,hg38,3756,7289,40346.40,8056,3704,7233,7997,52,56,59,C3,C2,B11,27,26,23
10_75_19,all-well,hg38,3867,7289,40346.40,8035,3837,7256,7999,30,33,36,A10,G3,B7,10,75,19
14_59_70,all-well,mm10,3166,7287,40335.33,8039,67,69,74,3099,7218,7965,B2,E11,F10,14,59,70
43_56_82,all-well,mm10,3390,7287,40335.33,8000,66,67,74,3324,7220,7926,D7,E8,G10,43,56,82
26_47_15,all-well,hg38,3963,7287,40335.33,8053,3913,7232,7993,50,55,60,C2,D11,B3,26,47,15
16_63_41,all-well,mm10,3278,7286,40329.79,8074,75,77,80,3203,7209,7994,B4,F3,D5,16,63,41
43_53_65,all-well,hg38,3705,7285,40324.26,8043,3650,7227,7983,55,58,60,D7,E5,F5,43,53,65
44_07_70,all-well,hg38,3696,7284,40318.72,7994,3653,7241,7949,43,43,45,D8,A7,F10,44,7,70
09_23_35,all-well,hg38,3707,7284,40318.72,8055,3667,7236,8003,40,48,52,A9,B11,C11,9,23,35
46_11_91,all-well,hg38,3751,7284,40318.72,8063,3712,7241,8018,39,43,45,D10,A11,H7,46,11,91
15_39_73,all-well,mm10,3431,7283,40313.19,7987,64,67,74,3367,7216,7913,B3,D3,G1,15,39,73
47_78_21,all-well,mm10,3325,7282,40307.65,8067,79,86,89,3246,7196,7978,D11,G6,B9,47,78,21
09_24_52,all-well,hg38,3937,7281,40302.12,8039,3907,7249,8001,30,32,38,A9,B12,E4,9,24,52
28_89_85,all-well,hg38,3568,7281,40302.12,8009,3521,7233,7959,47,48,50,C4,H5,H1,28,89,85
27_96_36,all-well,hg38,3877,7281,40302.12,8045,3801,7198,7960,76,83,85,C3,H12,C12,27,96,36
19_41_15,all-well,mm10,3469,7280,40296.58,7989,73,78,81,3396,7202,7908,B7,D5,B3,19,41,15
14_72_01,all-well,mm10,3460,7275,40268.91,8029,126,139,150,3334,7136,7879,B2,F12,A1,14,72,1
18_79_10,all-well,hg38,3560,7275,40268.91,8003,3530,7245,7973,30,30,30,B6,G7,A10,18,79,10
35_41_87,all-well,hg38,3831,7274,40263.37,7986,3800,7242,7954,31,32,32,C11,D5,H3,35,41,87
39_88_59,all-well,hg38,3876,7274,40263.37,7990,3831,7224,7939,45,50,51,D3,H4,E11,39,88,59
44_87_43,all-well,hg38,3811,7273,40257.84,7942,3760,7216,7883,51,57,59,D8,H3,D7,44,87,43
01_36_65,all-well,hg38,3978,7271,40246.77,8086,3943,7236,8051,35,35,35,A1,C12,F5,1,36,65
33_14_73,all-well,hg38,3864,7268,40230.16,7995,3833,7237,7963,31,31,32,C9,B2,G1,33,14,73
01_46_85,all-well,mm10,3447,7268,40230.16,8032,72,76,84,3375,7192,7948,A1,D10,H1,1,46,85
48_87_90,all-well,mm10,3536,7267,40224.62,7981,74,78,82,3462,7189,7899,D12,H3,H6,48,87,90
21_94_83,all-well,multiplet,4368,7267,40224.62,8002,2297,3847,4240,2071,3420,3762,B9,H10,G11,21,94,83
42_77_04,all-well,hg38,3790,7265,40213.55,8007,3767,7242,7984,23,23,23,D6,G5,A4,42,77,4
28_81_29,all-well,hg38,3682,7265,40213.55,8022,3642,7223,7975,40,42,47,C4,G9,C5,28,81,29
32_61_05,all-well,mm10,3325,7262,40196.95,7961,95,99,107,3230,7163,7854,C8,F1,A5,32,61,5
24_11_06,all-well,mm10,3362,7262,40196.95,7968,48,49,50,3314,7213,7918,B12,A11,A6,24,11,6
16_39_95,all-well,mm10,3515,7261,40191.41,7968,82,85,88,3433,7176,7880,B4,D3,H11,16,39,95
23_42_13,all-well,hg38,3630,7260,40185.88,8063,3585,7212,8013,45,48,50,B11,D6,B1,23,42,13
07_42_32,all-well,hg38,3721,7259,40180.34,8008,3651,7181,7927,70,78,81,A7,D6,C8,7,42,32
42_49_70,all-well,hg38,3768,7259,40180.34,8019,3698,7185,7938,70,74,81,D6,E1,F10,42,49,70
33_26_20,all-well,hg38,3790,7258,40174.81,8033,3761,7228,8001,29,30,32,C9,C2,B8,33,26,20
28_64_36,all-well,mm10,3350,7256,40163.74,7998,67,69,74,3283,7187,7924,C4,F4,C12,28,64,36
16_40_95,all-well,mm10,3392,7254,40152.67,8003,87,88,92,3305,7166,7911,B4,D4,H11,16,40,95
04_68_57,all-well,hg38,3758,7254,40152.67,8015,3725,7221,7974,33,33,41,A4,F8,E9,4,68,57
38_30_43,all-well,multiplet,4552,7251,40136.06,7934,3252,5321,5833,1300,1930,2101,D2,C6,D7,38,30,43
45_13_15,all-well,hg38,4288,7248,40119.45,7952,4190,7130,7825,98,118,127,D9,B1,B3,45,13,15
10_35_39,all-well,hg38,3952,7248,40119.45,7918,3915,7209,7876,37,39,42,A10,C11,D3,10,35,39
44_59_25,all-well,hg38,3843,7246,40108.38,7986,3790,7188,7924,53,58,62,D8,E11,C1,44,59,25
40_33_15,all-well,hg38,3881,7244,40097.31,7916,3805,7159,7829,76,85,87,D4,C9,B3,40,33,15
15_74_45,all-well,mm10,3698,7242,40086.24,7944,586,674,738,3112,6568,7206,B3,G2,D9,15,74,45
22_57_40,all-well,hg38,3718,7242,40086.24,8032,3669,7193,7981,49,49,51,B10,E9,D4,22,57,40
24_55_96,all-well,hg38,3899,7241,40080.71,7973,3850,7191,7919,49,50,54,B12,E7,H12,24,55,96
01_28_65,all-well,hg38,3893,7240,40075.17,7967,3858,7202,7922,35,38,45,A1,C4,F5,1,28,65
36_69_89,all-well,mm10,3428,7239,40069.64,7921,84,90,95,3344,7149,7826,C12,F9,H5,36,69,89
43_87_57,all-well,mm10,3234,7233,40036.43,7961,65,67,69,3169,7166,7892,D7,H3,E9,43,87,57
13_42_33,all-well,mm10,3405,7232,40030.89,7945,61,64,70,3344,7168,7875,B1,D6,C9,13,42,33
41_22_81,all-well,hg38,3925,7232,40030.89,7976,3878,7177,7918,47,55,58,D5,B10,G9,41,22,81
41_58_03,all-well,mm10,3368,7230,40019.82,7999,85,88,96,3283,7142,7903,D5,E10,A3,41,58,3
12_56_14,all-well,hg38,3815,7229,40014.29,7971,3782,7194,7935,33,35,36,A12,E8,B2,12,56,14
13_02_41,all-well,mm10,3376,7229,40014.29,7971,80,82,86,3296,7147,7885,B1,A2,D5,13,2,41
10_39_09,all-well,hg38,3659,7229,40014.29,7992,3626,7192,7952,33,37,40,A10,D3,A9,10,39,9
44_49_03,all-well,hg38,3908,7224,39986.61,7912,3858,7172,7859,50,52,53,D8,E1,A3,44,49,3
34_53_03,all-well,mm10,3324,7224,39986.61,7898,57,60,62,3267,7164,7836,C10,E5,A3,34,53,3
24_51_48,all-well,hg38,3957,7222,39975.54,7926,3917,7178,7879,40,44,47,B12,E3,D12,24,51,48
28_54_15,all-well,mm10,3352,7222,39975.54,7992,64,64,69,3288,7158,7923,C4,E6,B3,28,54,15
48_02_29,all-well,mm10,3372,7222,39975.54,7947,76,77,78,3296,7145,7869,D12,A2,C5,48,2,29
48_87_48,all-well,hg38,3943,7220,39964.47,7927,3901,7176,7879,42,44,48,D12,H3,D12,48,87,48
43_20_76,all-well,hg38,3880,7220,39964.47,7909,3788,7124,7801,92,96,108,D7,B8,G4,43,20,76
42_29_19,all-well,mm10,3155,7218,39953.40,7940,78,83,88,3077,7135,7852,D6,C5,B7,42,29,19
14_14_96,all-well,mm10,3316,7218,39953.40,7882,47,48,50,3269,7170,7832,B2,B2,H12,14,14,96
44_05_62,all-well,hg38,3690,7213,39925.72,7923,3659,7181,7888,31,32,35,D8,A5,F2,44,5,62
41_36_38,all-well,mm10,3452,7212,39920.19,7914,43,44,48,3409,7168,7866,D5,C12,D2,41,36,38
29_75_03,all-well,hg38,3941,7210,39909.12,8003,3885,7151,7942,56,59,61,C5,G3,A3,29,75,3
38_05_82,all-well,mm10,3475,7209,39903.58,7927,65,67,74,3410,7142,7853,D2,A5,G10,38,5,82
09_72_10,all-well,hg38,3838,7205,39881.44,7954,3785,7143,7887,53,62,67,A9,F12,A10,9,72,10
01_31_87,all-well,mm10,3550,7202,39864.83,7915,58,59,60,3492,7143,7855,A1,C7,H3,1,31,87
31_56_71,all-well,mm10,3231,7200,39853.76,7919,64,70,75,3167,7130,7844,C7,E8,F11,31,56,71
18_17_58,all-well,hg38,3887,7199,39848.23,7883,3840,7151,7831,47,48,52,B6,B5,E10,18,17,58
19_69_44,all-well,mm10,3240,7196,39831.62,7910,50,50,53,3190,7146,7857,B7,F9,D8,19,69,44
43_01_49,all-well,mm10,3467,7194,39820.55,7915,54,54,55,3413,7140,7860,D7,A1,E1,43,1,49
10_71_68,all-well,hg38,3910,7194,39820.55,7926,3873,7156,7886,37,38,40,A10,F11,F8,10,71,68
39_89_53,all-well,hg38,3793,7192,39809.48,7904,3755,7152,7861,38,40,43,D3,H5,E5,39,89,53
22_02_87,all-well,mm10,3333,7192,39809.48,7884,104,108,117,3229,7084,7767,B10,A2,H3,22,2,87
47_14_60,all-well,hg38,3829,7192,39809.48,7964,3786,7143,7911,43,49,53,D11,B2,E12,47,14,60
29_69_81,all-well,mm10,3383,7190,39798.41,7870,57,58,62,3326,7132,7808,C5,F9,G9,29,69,81
13_63_96,all-well,mm10,3415,7189,39792.88,7875,99,102,116,3316,7087,7759,B1,F3,H12,13,63,96
16_56_67,all-well,hg38,3818,7189,39792.88,7902,3780,7148,7858,38,41,44,B4,E8,F7,16,56,67
27_63_63,all-well,mm10,3416,7187,39781.80,7909,71,73,79,3345,7114,7830,C3,F3,F3,27,63,63
04_22_68,all-well,hg38,3787,7186,39776.27,7920,3743,7132,7863,44,54,57,A4,B10,F8,4,22,68
12_96_51,all-well,hg38,3844,7185,39770.73,7935,3804,7142,7891,40,43,44,A12,H12,E3,12,96,51
16_13_59,all-well,mm10,3030,7184,39765.20,7880,81,82,90,2949,7102,7790,B4,B1,E11,16,13,59
24_54_27,all-well,mm10,3510,7181,39748.59,7869,81,82,86,3429,7099,7783,B12,E6,C3,24,54,27
30_62_04,all-well,mm10,3532,7181,39748.59,7901,88,92,98,3444,7089,7803,C6,F2,A4,30,62,4
14_47_88,all-well,hg38,3771,7180,39743.06,7847,3718,7121,7786,53,59,61,B2,D11,H4,14,47,88
48_53_94,all-well,mm10,3407,7180,39743.06,7899,63,64,68,3344,7116,7831,D12,E5,H10,48,53,94
36_74_68,all-well,mm10,3396,7180,39743.06,7831,71,76,78,3325,7104,7753,C12,G2,F8,36,74,68
25_56_68,all-well,mm10,3141,7179,39737.52,7940,68,73,78,3073,7106,7862,C1,E8,F8,25,56,68
23_05_35,all-well,hg38,3683,7178,39731.99,7952,3641,7130,7902,42,48,50,B11,A5,C11,23,5,35
31_29_68,all-well,hg38,3575,7177,39726.45,7907,3495,7090,7809,80,87,98,C7,C5,F8,31,29,68
26_23_13,all-well,mm10,3459,7176,39720.92,7885,118,126,132,3341,7050,7753,C2,B11,B1,26,23,13
36_51_85,all-well,hg38,3953,7175,39715.38,7908,3908,7122,7852,45,53,56,C12,E3,H1,36,51,85
20_42_84,all-well,hg38,3647,7175,39715.38,7876,3602,7127,7825,45,48,51,B8,D6,G12,20,42,84
35_62_62,all-well,hg38,3729,7175,39715.38,7895,3692,7136,7854,37,39,41,C11,F2,F2,35,62,62
42_70_05,all-well,mm10,3277,7174,39709.85,7901,75,83,88,3202,7091,7813,D6,F10,A5,42,70,5
32_33_96,all-well,mm10,3432,7174,39709.85,7887,58,60,62,3374,7114,7825,C8,C9,H12,32,33,96
13_18_83,all-well,mm10,3301,7172,39698.78,7828,103,105,112,3198,7067,7716,B1,B6,G11,13,18,83
09_28_91,all-well,mm10,3389,7172,39698.78,7889,66,66,67,3323,7106,7822,A9,C4,H7,9,28,91
15_76_44,all-well,hg38,3541,7170,39687.71,7953,3511,7140,7921,30,30,32,B3,G4,D8,15,76,44
19_49_56,all-well,mm10,3445,7170,39687.71,7908,101,105,115,3344,7065,7793,B7,E1,E8,19,49,56
41_46_68,all-well,mm10,3438,7169,39682.17,7908,52,56,61,3386,7113,7847,D5,D10,F8,41,46,68
22_50_38,all-well,hg38,3745,7168,39676.64,7917,3692,7112,7857,53,56,60,B10,E2,D2,22,50,38
42_73_41,all-well,mm10,3329,7164,39654.49,7842,56,58,60,3273,7106,7782,D6,G1,D5,42,73,41
16_10_48,all-well,hg38,3729,7160,39632.35,7905,3684,7109,7853,45,51,52,B4,A10,D12,16,10,48
13_86_12,all-well,hg38,3873,7158,39621.28,7881,3818,7100,7822,55,58,59,B1,H2,A12,13,86,12
48_89_96,all-well,hg38,3796,7158,39621.28,7853,3761,7120,7815,35,38,38,D12,H5,H12,48,89,96
32_34_15,all-well,mm10,3315,7157,39615.75,7902,82,85,94,3233,7072,7808,C8,C10,B3,32,34,15
02_27_31,all-well,hg38,3876,7155,39604.68,7900,3826,7104,7848,50,51,52,A2,C3,C7,2,27,31
15_46_74,all-well,mm10,3216,7155,39604.68,7836,80,81,92,3136,7074,7744,B3,D10,G2,15,46,74
27_49_15,all-well,hg38,3648,7153,39593.61,7884,3590,7080,7806,58,73,78,C3,E1,B3,27,49,15
03_42_19,all-well,hg38,4021,7150,39577.00,7861,3957,7081,7790,64,69,71,A3,D6,B7,3,42,19
21_56_60,all-well,hg38,3638,7149,39571.47,7896,3605,7111,7851,33,38,45,B9,E8,E12,21,56,60
28_57_66,all-well,mm10,3419,7148,39565.93,7844,68,68,69,3351,7080,7775,C4,E9,F6,28,57,66
48_02_62,all-well,mm10,3353,7147,39560.39,7819,54,55,59,3299,7092,7760,D12,A2,F2,48,2,62
26_26_04,all-well,hg38,3783,7146,39554.86,7862,3747,7106,7820,36,40,42,C2,C2,A4,26,26,4
14_62_14,all-well,hg38,3850,7143,39538.25,7918,3813,7100,7872,37,43,46,B2,F2,B2,14,62,14
19_44_74,all-well,hg38,3810,7142,39532.72,7849,3770,7097,7799,40,45,50,B7,D8,G2,19,44,74
37_14_69,all-well,hg38,3672,7141,39527.18,7846,3638,7103,7808,34,38,38,D1,B2,F9,37,14,69
31_09_38,all-well,hg38,3575,7140,39521.65,7867,3513,7054,7774,62,86,93,C7,A9,D2,31,9,38
26_11_81,all-well,hg38,3891,7140,39521.65,7870,3858,7107,7834,33,33,36,C2,A11,G9,26,11,81
12_38_62,all-well,hg38,3693,7135,39493.97,7889,3671,7113,7865,22,22,24,A12,D2,F2,12,38,62
17_73_56,all-well,mm10,3116,7135,39493.97,7824,70,75,78,3046,7060,7746,B5,G1,E8,17,73,56
32_22_64,all-well,mm10,3395,7133,39482.90,7837,69,69,74,3326,7064,7763,C8,B10,F4,32,22,64
08_37_38,all-well,hg38,3621,7132,39477.37,7906,3577,7086,7857,44,46,49,A8,D1,D2,8,37,38
36_11_59,all-well,hg38,3615,7132,39477.37,7832,3557,7065,7760,58,67,72,C12,A11,E11,36,11,59
10_11_68,all-well,mm10,3391,7132,39477.37,7850,65,65,70,3326,7067,7780,A10,A11,F8,10,11,68
32_18_40,all-well,hg38,3740,7132,39477.37,7829,3690,7080,7774,50,52,55,C8,B6,D4,32,18,40
25_66_11,all-well,mm10,3475,7130,39466.30,7898,142,160,174,3333,6970,7724,C1,F6,A11,25,66,11
20_82_14,all-well,mm10,3509,7130,39466.30,7821,77,83,87,3432,7047,7734,B8,G10,B2,20,82,14
21_56_62,all-well,mm10,3357,7126,39444.15,7803,58,60,62,3299,7066,7741,B9,E8,F2,21,56,62
12_07_04,all-well,mm10,3260,7125,39438.62,7834,61,67,73,3199,7058,7761,A12,A7,A4,12,7,4
19_06_72,all-well,hg38,3629,7125,39438.62,7838,3582,7077,7785,47,48,53,B7,A6,F12,19,6,72
30_74_56,all-well,mm10,3375,7123,39427.55,7838,74,74,77,3301,7049,7761,C6,G2,E8,30,74,56
08_50_37,all-well,hg38,3836,7122,39422.01,7851,3802,7083,7810,34,39,41,A8,E2,D1,8,50,37
43_71_59,all-well,mm10,3397,7121,39416.48,7798,85,94,103,3312,7027,7695,D7,F11,E11,43,71,59
01_37_61,all-well,mm10,3404,7120,39410.94,7845,66,71,74,3338,7049,7771,A1,D1,F1,1,37,61
16_17_15,all-well,hg38,3725,7120,39410.94,7893,3658,7047,7812,67,73,81,B4,B5,B3,16,17,15
43_92_59,all-well,hg38,3593,7120,39410.94,7784,3545,7068,7726,48,52,58,D7,H8,E11,43,92,59
30_66_48,all-well,hg38,3757,7119,39405.41,7831,3718,7077,7786,39,42,45,C6,F6,D12,30,66,48
34_34_89,all-well,mm10,3408,7119,39405.41,7805,64,64,69,3344,7055,7736,C10,C10,H5,34,34,89
11_18_54,all-well,mm10,3245,7118,39399.87,7833,60,63,64,3185,7055,7769,A11,B6,E6,11,18,54
07_53_20,all-well,mm10,3355,7117,39394.34,7818,61,65,70,3294,7052,7748,A7,E5,B8,7,53,20
42_35_83,all-well,hg38,3705,7116,39388.80,7841,3645,7051,7770,60,65,71,D6,C11,G11,42,35,83
38_83_40,all-well,hg38,4019,7115,39383.27,7864,3986,7079,7827,33,36,37,D2,G11,D4,38,83,40
38_28_23,all-well,mm10,3472,7114,39377.73,7822,135,150,161,3337,6964,7661,D2,C4,B11,38,28,23
36_78_49,all-well,mm10,3382,7114,39377.73,7804,77,87,93,3305,7027,7711,C12,G6,E1,36,78,49
16_34_36,all-well,hg38,3701,7113,39372.20,7866,3644,7048,7798,57,65,68,B4,C10,C12,16,34,36
24_21_10,all-well,hg38,3757,7111,39361.13,7805,3730,7083,7775,27,28,30,B12,B9,A10,24,21,10
15_41_92,all-well,mm10,3340,7110,39355.59,7821,44,48,51,3296,7062,7770,B3,D5,H8,15,41,92
26_52_49,all-well,mm10,3327,7109,39350.06,7836,56,58,62,3271,7051,7774,C2,E4,E1,26,52,49
39_22_86,all-well,hg38,3878,7108,39344.52,7804,3837,7065,7756,41,43,48,D3,B10,H2,39,22,86
41_94_05,all-well,mm10,3496,7108,39344.52,7803,61,65,65,3435,7043,7738,D5,H10,A5,41,94,5
07_33_27,all-well,mm10,3374,7103,39316.84,7807,66,69,70,3308,7034,7737,A7,C9,C3,7,33,27
23_37_58,all-well,hg38,3671,7102,39311.31,7811,3618,7046,7754,53,56,57,B11,D1,E10,23,37,58
43_58_08,all-well,hg38,4009,7101,39305.77,7777,3950,7039,7711,59,62,66,D7,E10,A8,43,58,8
09_86_70,all-well,hg38,3851,7101,39305.77,7807,3812,7061,7766,39,40,41,A9,H2,F10,9,86,70
41_10_31,all-well,mm10,3382,7100,39300.24,7789,49,52,56,3333,7048,7733,D5,A10,C7,41,10,31
19_27_49,all-well,mm10,3415,7100,39300.24,7818,67,69,75,3348,7031,7743,B7,C3,E1,19,27,49
48_51_70,all-well,hg38,3729,7100,39300.24,7820,3669,7036,7753,60,64,67,D12,E3,F10,48,51,70
36_56_75,all-well,mm10,3244,7099,39294.70,7839,50,54,57,3194,7045,7782,C12,E8,G3,36,56,75
16_57_85,all-well,mm10,3362,7096,39278.10,7727,79,81,89,3283,7015,7638,B4,E9,H1,16,57,85
14_34_87,all-well,hg38,3903,7095,39272.56,7820,3874,7063,7785,29,32,35,B2,C10,H3,14,34,87
17_02_35,all-well,hg38,3823,7094,39267.03,7884,3787,7055,7843,36,39,41,B5,A2,C11,17,2,35
47_26_35,all-well,hg38,3732,7094,39267.03,7806,3697,7059,7769,35,35,37,D11,C2,C11,47,26,35
19_81_31,all-well,hg38,3508,7093,39261.49,7819,3432,7010,7731,76,83,88,B7,G9,C7,19,81,31
15_70_38,all-well,mm10,3302,7093,39261.49,7806,64,65,70,3238,7028,7736,B3,F10,D2,15,70,38
28_51_10,all-well,hg38,3800,7092,39255.96,7828,3699,6985,7714,101,107,114,C4,E3,A10,28,51,10
09_88_54,all-well,mm10,3309,7088,39233.82,7810,79,81,90,3230,7007,7720,A9,H4,E6,9,88,54
38_26_29,all-well,hg38,3746,7087,39228.28,7774,3706,7044,7727,40,43,47,D2,C2,C5,38,26,29
21_50_22,all-well,hg38,3631,7086,39222.75,7761,3584,7036,7708,47,50,53,B9,E2,B10,21,50,22
13_75_16,all-well,mm10,3320,7085,39217.21,7772,99,104,111,3221,6981,7661,B1,G3,B4,13,75,16
17_46_01,all-well,mm10,3321,7084,39211.67,7815,72,73,79,3249,7011,7736,B5,D10,A1,17,46,1
02_66_22,all-well,mm10,3364,7084,39211.67,7783,65,67,72,3299,7017,7711,A2,F6,B10,2,66,22
09_60_59,all-well,hg38,3695,7084,39211.67,7790,3654,7038,7742,41,46,48,A9,E12,E11,9,60,59
15_95_22,all-well,mm10,3499,7084,39211.67,7834,131,140,148,3368,6944,7686,B3,H11,B10,15,95,22
07_34_84,all-well,hg38,3589,7080,39189.53,7767,3551,7040,7724,38,40,43,A7,C10,G12,7,34,84
15_04_94,all-well,mm10,3585,7078,39178.46,7754,346,374,409,3239,6704,7345,B3,A4,H10,15,4,94
15_63_34,all-well,hg38,3759,7077,39172.93,7818,3712,7028,7764,47,49,54,B3,F3,C10,15,63,34
24_49_12,all-well,mm10,3334,7073,39150.79,7748,59,66,69,3275,7007,7679,B12,E1,A12,24,49,12
12_72_74,all-well,hg38,3265,7061,39084.36,7779,3210,7001,7717,55,60,62,A12,F12,G2,12,72,74
38_86_86,all-well,mm10,3500,7060,39078.83,7701,65,67,69,3435,6993,7632,D2,H2,H2,38,86,86
17_59_65,all-well,hg38,3687,7060,39078.83,7781,3652,7022,7741,35,38,40,B5,E11,F5,17,59,65
34_07_71,all-well,mm10,3457,7056,39056.69,7748,48,49,50,3409,7007,7698,C10,A7,F11,34,7,71
39_76_76,all-well,mm10,3234,7056,39056.69,7760,66,79,84,3168,6977,7676,D3,G4,G4,39,76,76
26_54_47,all-well,mm10,3203,7053,39040.08,7773,88,94,98,3115,6959,7675,C2,E6,D11,26,54,47
17_72_71,all-well,hg38,3751,7051,39029.01,7740,3707,7006,7694,44,45,46,B5,F12,F11,17,72,71
25_26_30,all-well,hg38,3770,7051,39029.01,7747,3583,6837,7512,187,214,235,C1,C2,C6,25,26,30
36_43_80,all-well,hg38,3666,7049,39017.94,7754,3638,7020,7721,28,29,33,C12,D7,G8,36,43,80
36_19_16,all-well,mm10,3501,7049,39017.94,7810,265,296,325,3236,6753,7485,C12,B7,B4,36,19,16
13_11_57,all-well,hg38,3915,7048,39012.41,7784,3859,6990,7722,56,58,62,B1,A11,E9,13,11,57
46_19_65,all-well,mm10,3349,7048,39012.41,7781,60,63,65,3289,6985,7716,D10,B7,F5,46,19,65
20_18_58,all-well,hg38,3527,7048,39012.41,7783,3489,7010,7744,38,38,39,B8,B6,E10,20,18,58
36_96_89,all-well,hg38,3850,7047,39006.87,7733,3817,7009,7691,33,38,42,C12,H12,H5,36,96,89
21_66_50,all-well,hg38,3534,7042,38979.19,7780,3504,7012,7748,30,30,32,B9,F6,E2,21,66,50
24_40_33,all-well,mm10,3291,7042,38979.19,7741,72,78,85,3219,6964,7656,B12,D4,C9,24,40,33
14_57_26,all-well,mm10,3366,7041,38973.66,7769,74,80,85,3292,6961,7684,B2,E9,C2,14,57,26
07_14_27,all-well,mm10,3410,7040,38968.12,7768,73,79,83,3337,6961,7685,A7,B2,C3,7,14,27
41_13_38,all-well,mm10,3491,7037,38951.52,7767,87,88,90,3404,6949,7677,D5,B1,D2,41,13,38
05_72_35,all-well,hg38,3659,7037,38951.52,7776,3623,6998,7732,36,39,44,A5,F12,C11,5,72,35
41_28_20,all-well,mm10,3149,7034,38934.91,7725,65,69,72,3084,6965,7653,D5,C4,B8,41,28,20
25_59_46,all-well,mm10,3465,7034,38934.91,7704,77,83,86,3388,6951,7618,C1,E11,D10,25,59,46
22_10_21,all-well,hg38,3683,7033,38929.38,7765,3644,6992,7724,39,41,41,B10,A10,B9,22,10,21
01_75_28,all-well,hg38,3724,7033,38929.38,7703,3687,6995,7662,37,38,41,A1,G3,C4,1,75,28
29_38_45,all-well,hg38,3689,7033,38929.38,7779,3651,6992,7737,38,41,42,C5,D2,D9,29,38,45
25_21_48,all-well,hg38,3656,7032,38923.84,7699,3590,6962,7625,66,70,74,C1,B9,D12,25,21,48
24_21_38,all-well,mm10,3281,7030,38912.77,7738,53,56,58,3228,6974,7680,B12,B9,D2,24,21,38
25_57_10,all-well,mm10,3190,7030,38912.77,7680,92,98,105,3098,6932,7575,C1,E9,A10,25,57,10
15_19_72,all-well,hg38,3647,7030,38912.77,7745,3605,6986,7698,42,44,47,B3,B7,F12,15,19,72
32_53_04,all-well,hg38,3773,7028,38901.70,7732,3724,6978,7681,49,50,51,C8,E5,A4,32,53,4
45_13_22,all-well,multiplet,4189,7025,38885.10,7734,3131,5266,5814,1058,1759,1920,D9,B1,B10,45,13,22
16_69_76,all-well,mm10,3212,7024,38879.56,7659,77,80,87,3135,6944,7572,B4,F9,G4,16,69,76
16_69_12,all-well,mm10,3393,7024,38879.56,7765,104,106,115,3289,6918,7650,B4,F9,A12,16,69,12
31_06_33,all-well,hg38,3784,7023,38874.02,7736,3692,6924,7627,92,99,109,C7,A6,C9,31,6,33
04_15_80,all-well,hg38,3736,7022,38868.49,7763,3705,6989,7726,31,33,37,A4,B3,G8,4,15,80
26_80_30,all-well,mm10,3300,7018,38846.35,7709,92,98,103,3208,6920,7606,C2,G8,C6,26,80,30
25_48_12,all-well,hg38,3717,7017,38840.81,7725,3630,6923,7619,87,94,106,C1,D12,A12,25,48,12
19_43_63,all-well,hg38,3756,7016,38835.28,7709,3720,6978,7670,36,38,39,B7,D7,F3,19,43,63
28_79_89,all-well,hg38,3700,7015,38829.74,7715,3672,6987,7685,28,28,30,C4,G7,H5,28,79,89
22_67_22,all-well,hg38,3355,7013,38818.67,7757,3276,6917,7654,79,96,103,B10,F7,B10,22,67,22
13_72_81,all-well,hg38,3686,7013,38818.67,7709,3651,6978,7673,35,35,36,B1,F12,G9,13,72,81
11_09_08,all-well,hg38,3637,7011,38807.60,7724,3592,6962,7673,45,49,51,A11,A9,A8,11,9,8
13_85_19,all-well,hg38,3232,7010,38802.07,7731,3204,6982,7703,28,28,28,B1,H1,B7,13,85,19
10_33_17,all-well,hg38,3826,7010,38802.07,7739,3770,6949,7674,56,61,65,A10,C9,B5,10,33,17
24_19_55,all-well,hg38,3811,7008,38791.00,7721,3765,6959,7667,46,49,54,B12,B7,E7,24,19,55
40_02_10,all-well,mm10,3361,7008,38791.00,7733,87,92,95,3274,6916,7638,D4,A2,A10,40,2,10
36_71_05,all-well,mm10,3204,7006,38779.93,7709,70,75,79,3134,6931,7630,C12,F11,A5,36,71,5
44_76_92,all-well,hg38,3694,7005,38774.39,7722,3657,6967,7682,37,38,40,D8,G4,H8,44,76,92
19_50_01,all-well,mm10,3340,7005,38774.39,7740,62,64,65,3278,6941,7675,B7,E2,A1,19,50,1
04_33_23,all-well,hg38,3850,7002,38757.78,7688,3807,6957,7641,43,45,47,A4,C9,B11,4,33,23
23_35_21,all-well,hg38,3774,7002,38757.78,7720,3728,6953,7670,46,49,50,B11,C11,B9,23,35,21
16_66_87,all-well,mm10,3291,7001,38752.25,7704,110,114,126,3181,6887,7578,B4,F6,H3,16,66,87
20_43_60,all-well,mm10,3204,6999,38741.18,7736,66,69,73,3138,6930,7663,B8,D7,E12,20,43,60
27_60_29,all-well,hg38,3797,6998,38735.64,7742,3756,6955,7696,41,43,46,C3,E12,C5,27,60,29
09_59_87,all-well,mm10,3248,6998,38735.64,7674,65,67,71,3183,6931,7603,A9,E11,H3,9,59,87
03_11_43,all-well,hg38,4014,6997,38730.11,7683,3953,6928,7607,61,69,76,A3,A11,D7,3,11,43
19_22_94,all-well,mm10,3471,6997,38730.11,7645,168,178,190,3303,6819,7455,B7,B10,H10,19,22,94
22_95_91,all-well,hg38,3717,6997,38730.11,7715,3664,6941,7655,53,56,60,B10,H11,H7,22,95,91
13_95_86,all-well,hg38,3780,6996,38724.57,7692,3731,6945,7637,49,51,55,B1,H11,H2,13,95,86
31_46_63,all-well,hg38,3507,6992,38702.43,7759,3447,6932,7695,60,60,64,C7,D10,F3,31,46,63
40_07_75,all-well,hg38,3713,6992,38702.43,7694,3654,6928,7624,59,64,70,D4,A7,G3,40,7,75
34_88_39,all-well,hg38,3731,6991,38696.90,7647,3674,6933,7588,57,58,59,C10,H4,D3,34,88,39
22_38_78,all-well,mm10,3277,6991,38696.90,7734,72,74,80,3205,6917,7654,B10,D2,G6,22,38,78
23_57_61,all-well,mm10,3049,6990,38691.36,7712,69,72,82,2980,6918,7630,B11,E9,F1,23,57,61
04_27_24,all-well,mm10,3159,6990,38691.36,7727,69,70,74,3090,6920,7653,A4,C3,B12,4,27,24
23_62_28,all-well,hg38,3595,6990,38691.36,7675,3560,6955,7635,35,35,40,B11,F2,C4,23,62,28
09_90_07,all-well,hg38,3726,6990,38691.36,7719,3688,6950,7679,38,40,40,A9,H6,A7,9,90,7
16_44_82,all-well,hg38,3847,6990,38691.36,7713,3780,6911,7629,67,79,84,B4,D8,G10,16,44,82
02_33_21,all-well,mm10,3271,6988,38680.29,7678,76,81,89,3195,6907,7589,A2,C9,B9,2,33,21
24_12_11,all-well,hg38,3817,6988,38680.29,7684,3788,6958,7654,29,30,30,B12,A12,A11,24,12,11
24_92_64,all-well,mm10,3405,6988,38680.29,7688,59,62,65,3346,6926,7623,B12,H8,F4,24,92,64
10_73_13,all-well,hg38,3696,6986,38669.22,7695,3659,6949,7657,37,37,38,A10,G1,B1,10,73,13
35_80_33,all-well,hg38,3880,6986,38669.22,7712,3839,6944,7669,41,42,43,C11,G8,C9,35,80,33
21_74_59,all-well,hg38,3577,6985,38663.69,7658,3548,6954,7626,29,31,32,B9,G2,E11,21,74,59
05_66_92,all-well,hg38,3738,6984,38658.15,7709,3685,6925,7644,53,59,65,A5,F6,H8,5,66,92
48_74_88,all-well,hg38,3743,6982,38647.08,7686,3695,6933,7637,48,49,49,D12,G2,H4,48,74,88
17_04_33,all-well,mm10,3331,6980,38636.01,7652,45,47,50,3286,6933,7602,B5,A4,C9,17,4,33
05_80_49,all-well,hg38,3820,6979,38630.47,7681,3789,6948,7649,31,31,32,A5,G8,E1,5,80,49
41_90_72,all-well,mm10,3328,6978,38624.94,7731,66,69,78,3262,6909,7653,D5,H6,F12,41,90,72
31_17_40,all-well,hg38,3747,6975,38608.33,7645,3699,6920,7587,48,55,58,C7,B5,D4,31,17,40
09_43_14,all-well,hg38,3971,6974,38602.80,7703,3911,6912,7637,60,62,66,A9,D7,B2,9,43,14
48_19_82,all-well,hg38,3969,6974,38602.80,7676,3918,6917,7616,51,57,60,D12,B7,G10,48,19,82
34_28_16,all-well,hg38,3888,6972,38591.73,7724,3832,6915,7660,56,57,64,C10,C4,B4,34,28,16
21_29_11,all-well,hg38,3583,6972,38591.73,7667,3558,6947,7641,25,25,26,B9,C5,A11,21,29,11
25_75_45,all-well,mm10,3184,6971,38586.19,7632,125,139,146,3059,6832,7486,C1,G3,D9,25,75,45
13_39_48,all-well,hg38,3656,6970,38580.66,7657,3612,6924,7608,44,46,49,B1,D3,D12,13,39,48
25_15_46,all-well,hg38,3860,6970,38580.66,7666,3790,6895,7584,70,75,82,C1,B3,D10,25,15,46
43_85_81,all-well,mm10,3398,6970,38580.66,7670,67,72,80,3331,6898,7590,D7,H1,G9,43,85,81
01_22_81,all-well,hg38,3757,6966,38558.52,7681,3707,6913,7627,50,53,54,A1,B10,G9,1,22,81
39_19_73,all-well,mm10,3255,6965,38552.98,7691,107,114,125,3148,6851,7566,D3,B7,G1,39,19,73
39_19_21,all-well,hg38,3701,6965,38552.98,7674,3660,6924,7625,41,41,49,D3,B7,B9,39,19,21
46_87_35,all-well,mm10,3296,6964,38547.45,7650,79,81,88,3217,6883,7562,D10,H3,C11,46,87,35
06_75_81,all-well,hg38,3502,6963,38541.91,7693,3458,6914,7642,44,49,51,A6,G3,G9,6,75,81
48_80_47,all-well,hg38,3697,6963,38541.91,7683,3668,6933,7650,29,30,33,D12,G8,D11,48,80,47
15_82_03,all-well,mm10,3478,6963,38541.91,7641,78,80,83,3400,6883,7558,B3,G10,A3,15,82,3
28_86_23,all-well,mm10,3286,6962,38536.37,7672,70,71,75,3216,6891,7597,C4,H2,B11,28,86,23
16_11_64,all-well,mm10,3393,6961,38530.84,7618,110,114,117,3283,6847,7501,B4,A11,F4,16,11,64
36_38_40,all-well,mm10,3325,6960,38525.30,7604,43,46,50,3282,6914,7554,C12,D2,D4,36,38,40
42_37_54,all-well,hg38,3739,6958,38514.23,7696,3700,6916,7649,39,42,47,D6,D1,E6,42,37,54
14_14_54,all-well,mm10,3257,6958,38514.23,7669,53,63,69,3204,6895,7600,B2,B2,E6,14,14,54
03_32_46,all-well,hg38,3977,6957,38508.70,7605,3881,6851,7492,96,106,113,A3,C8,D10,3,32,46
39_62_47,all-well,mm10,3339,6956,38503.16,7627,76,77,83,3263,6879,7544,D3,F2,D11,39,62,47
02_84_32,all-well,hg38,3499,6954,38492.09,7682,3458,6912,7640,41,42,42,A2,G12,C8,2,84,32
40_36_37,all-well,hg38,3699,6954,38492.09,7630,3659,6912,7585,40,42,45,D4,C12,D1,40,36,37
22_30_75,all-well,hg38,3630,6952,38481.02,7690,3576,6895,7630,54,57,60,B10,C6,G3,22,30,75
35_37_46,all-well,hg38,3735,6951,38475.49,7672,3705,6920,7641,30,31,31,C11,D1,D10,35,37,46
26_46_14,all-well,hg38,3874,6950,38469.95,7642,3810,6873,7555,64,77,87,C2,D10,B2,26,46,14
10_46_83,all-well,hg38,3691,6947,38453.35,7644,3657,6910,7606,34,37,38,A10,D10,G11,10,46,83
20_14_41,all-well,hg38,3607,6946,38447.81,7706,3570,6907,7665,37,39,41,B8,B2,D5,20,14,41
19_08_41,all-well,mm10,3366,6946,38447.81,7688,51,51,52,3315,6895,7636,B7,A8,D5,19,8,41
13_05_09,all-well,mm10,3119,6946,38447.81,7603,93,97,103,3026,6849,7500,B1,A5,A9,13,5,9
30_40_06,all-well,mm10,3171,6945,38442.28,7678,49,49,53,3122,6896,7625,C6,D4,A6,30,40,6
36_47_09,all-well,hg38,3705,6943,38431.20,7632,3654,6885,7569,51,58,63,C12,D11,A9,36,47,9
12_45_90,all-well,hg38,3603,6942,38425.67,7720,3563,6900,7676,40,42,44,A12,D9,H6,12,45,90
17_36_15,all-well,hg38,3532,6941,38420.13,7646,3491,6899,7603,41,42,43,B5,C12,B3,17,36,15
36_28_31,all-well,hg38,3862,6941,38420.13,7621,3827,6904,7584,35,37,37,C12,C4,C7,36,28,31
31_01_26,all-well,hg38,3641,6941,38420.13,7637,3563,6861,7551,78,80,86,C7,A1,C2,31,1,26
46_07_62,all-well,hg38,3708,6940,38414.60,7661,3661,6887,7604,47,53,57,D10,A7,F2,46,7,62
28_12_90,all-well,hg38,3630,6940,38414.60,7669,3598,6907,7634,32,33,35,C4,A12,H6,28,12,90
39_07_96,all-well,mm10,3187,6939,38409.06,7613,63,82,89,3124,6857,7524,D3,A7,H12,39,7,96
29_64_05,all-well,mm10,3318,6938,38403.53,7591,133,143,156,3185,6795,7435,C5,F4,A5,29,64,5
34_89_40,all-well,mm10,3417,6937,38397.99,7594,101,114,121,3316,6823,7473,C10,H5,D4,34,89,40
19_16_69,all-well,hg38,3547,6937,38397.99,7660,3508,6893,7612,39,44,48,B7,B4,F9,19,16,69
09_53_28,all-well,hg38,3626,6932,38370.32,7671,3584,6889,7626,42,43,45,A9,E5,C4,9,53,28
34_44_44,all-well,hg38,3770,6931,38364.78,7631,3699,6857,7554,71,74,77,C10,D8,D8,34,44,44
43_01_27,all-well,mm10,3430,6931,38364.78,7576,85,89,95,3345,6842,7481,D7,A1,C3,43,1,27
41_57_47,all-well,mm10,3337,6931,38364.78,7572,55,59,61,3282,6872,7511,D5,E9,D11,41,57,47
43_31_39,all-well,mm10,3328,6930,38359.25,7579,73,75,79,3255,6855,7500,D7,C7,D3,43,31,39
22_87_11,all-well,hg38,3777,6929,38353.71,7627,3720,6868,7560,57,61,67,B10,H3,A11,22,87,11
43_31_45,all-well,mm10,3406,6929,38353.71,7575,57,58,59,3349,6871,7516,D7,C7,D9,43,31,45
15_11_84,all-well,hg38,3829,6928,38348.18,7668,3789,6884,7623,40,44,45,B3,A11,G12,15,11,84
37_21_08,all-well,mm10,3261,6924,38326.04,7591,78,79,85,3183,6845,7506,D1,B9,A8,37,21,8
14_84_04,all-well,mm10,3372,6923,38320.50,7642,54,54,58,3318,6869,7584,B2,G12,A4,14,84,4
31_50_49,all-well,hg38,3682,6923,38320.50,7639,3631,6869,7583,51,54,56,C7,E2,E1,31,50,49
24_32_71,all-well,mm10,3271,6921,38309.43,7630,63,67,70,3208,6854,7560,B12,C8,F11,24,32,71
34_24_84,all-well,mm10,3435,6919,38298.36,7611,54,57,61,3381,6862,7550,C10,B12,G12,34,24,84
16_77_19,all-well,hg38,3650,6918,38292.82,7579,3609,6875,7534,41,43,45,B4,G5,B7,16,77,19
31_01_32,all-well,hg38,3671,6918,38292.82,7643,3605,6845,7566,66,73,77,C7,A1,C8,31,1,32
24_35_83,all-well,mm10,3251,6918,38292.82,7569,76,79,84,3175,6839,7485,B12,C11,G11,24,35,83
13_04_92,all-well,hg38,3861,6917,38287.29,7648,3809,6865,7593,52,52,55,B1,A4,H8,13,4,92
30_05_81,all-well,mm10,3333,6913,38265.15,7630,83,89,94,3250,6824,7536,C6,A5,G9,30,5,81
08_28_35,all-well,hg38,3508,6913,38265.15,7653,3463,6867,7605,45,46,48,A8,C4,C11,8,28,35
21_56_57,all-well,hg38,3670,6911,38254.08,7640,3628,6867,7588,42,44,52,B9,E8,E9,21,56,57
30_45_56,all-well,hg38,3536,6910,38248.54,7585,3495,6869,7544,41,41,41,C6,D9,E8,30,45,56
46_72_73,all-well,hg38,3671,6910,38248.54,7633,3641,6878,7601,30,32,32,D10,F12,G1,46,72,73
11_06_43,all-well,mm10,3253,6908,38237.47,7584,68,71,75,3185,6837,7509,A11,A6,D7,11,6,43
47_41_26,all-well,hg38,3769,6907,38231.94,7616,3738,6876,7585,31,31,31,D11,D5,C2,47,41,26
12_49_57,all-well,mm10,3213,6907,38231.94,7590,66,68,75,3147,6839,7515,A12,E1,E9,12,49,57
39_53_92,all-well,hg38,3605,6906,38226.40,7638,3544,6840,7567,61,66,71,D3,E5,H8,39,53,92
04_34_35,all-well,hg38,3610,6903,38209.80,7562,3583,6875,7534,27,28,28,A4,C10,C11,4,34,35
34_58_33,all-well,mm10,3376,6902,38204.26,7632,81,83,85,3295,6819,7547,C10,E10,C9,34,58,33
32_44_45,all-well,mm10,3357,6901,38198.72,7564,126,139,148,3231,6762,7416,C8,D8,D9,32,44,45
21_37_88,all-well,hg38,3625,6899,38187.65,7616,3603,6877,7592,22,22,24,B9,D1,H4,21,37,88
06_26_78,all-well,hg38,3593,6899,38187.65,7624,3533,6835,7558,60,64,66,A6,C2,G6,6,26,78
25_01_64,all-well,hg38,3818,6896,38171.05,7615,3774,6850,7568,44,46,47,C1,A1,F4,25,1,64
34_76_47,all-well,mm10,3271,6894,38159.98,7577,45,49,52,3226,6845,7525,C10,G4,D11,34,76,47
30_93_04,all-well,mm10,3078,6892,38148.91,7620,61,63,65,3017,6829,7555,C6,H9,A4,30,93,4
12_24_20,all-well,mm10,3268,6892,38148.91,7601,78,81,84,3190,6811,7517,A12,B12,B8,12,24,20
17_15_43,all-well,hg38,3675,6892,38148.91,7608,3638,6854,7566,37,38,42,B5,B3,D7,17,15,43
40_49_18,all-well,mm10,3191,6890,38137.84,7517,87,90,92,3104,6800,7425,D4,E1,B6,40,49,18
27_47_20,all-well,mm10,3311,6888,38126.77,7576,61,64,66,3250,6824,7510,C3,D11,B8,27,47,20
15_52_49,all-well,mm10,3234,6885,38110.16,7589,73,77,85,3161,6808,7504,B3,E4,E1,15,52,49
24_04_09,all-well,mm10,3448,6885,38110.16,7521,69,73,77,3379,6812,7444,B12,A4,A9,24,4,9
17_53_59,all-well,hg38,3584,6884,38104.63,7578,3555,6853,7545,29,31,33,B5,E5,E11,17,53,59
25_20_45,all-well,hg38,3741,6883,38099.09,7610,3546,6669,7380,195,214,230,C1,B8,D9,25,20,45
18_81_68,all-well,hg38,3693,6883,38099.09,7585,3531,6706,7387,162,177,198,B6,G9,F8,18,81,68
24_88_13,all-well,hg38,3894,6883,38099.09,7532,3832,6820,7468,62,63,64,B12,H4,B1,24,88,13
20_29_59,all-well,hg38,3752,6883,38099.09,7637,3690,6817,7567,62,66,70,B8,C5,E11,20,29,59
25_56_24,all-well,hg38,3415,6882,38093.56,7556,3306,6763,7429,109,119,127,C1,E8,B12,25,56,24
12_11_96,all-well,mm10,3184,6882,38093.56,7556,82,85,90,3102,6797,7466,A12,A11,H12,12,11,96
11_48_40,all-well,hg38,3784,6877,38065.88,7619,3750,6840,7579,34,37,40,A11,D12,D4,11,48,40
05_34_04,all-well,multiplet,4184,6877,38065.88,7598,1540,2224,2470,2644,4653,5128,A5,C10,A4,5,34,4
03_87_78,all-well,hg38,3970,6876,38060.34,7534,3903,6803,7456,67,73,78,A3,H3,G6,3,87,78
13_05_84,all-well,hg38,3598,6876,38060.34,7536,3560,6836,7491,38,40,45,B1,A5,G12,13,5,84
40_61_08,all-well,mm10,3249,6875,38054.81,7548,76,83,85,3173,6792,7463,D4,F1,A8,40,61,8
10_28_68,all-well,mm10,3399,6872,38038.20,7551,71,74,82,3328,6798,7469,A10,C4,F8,10,28,68
25_45_84,all-well,hg38,3588,6869,38021.60,7571,3550,6830,7530,38,39,41,C1,D9,G12,25,45,84
14_23_77,all-well,mm10,3311,6867,38010.53,7550,47,50,56,3264,6817,7494,B2,B11,G5,14,23,77
04_02_94,all-well,hg38,3775,6865,37999.46,7575,3744,6833,7538,31,32,37,A4,A2,H10,4,2,94
02_86_61,all-well,multiplet,4222,6863,37988.39,7558,2168,3199,3502,2054,3664,4056,A2,H2,F1,2,86,61
39_15_44,all-well,hg38,3577,6863,37988.39,7555,3501,6766,7454,76,97,101,D3,B3,D8,39,15,44
17_01_45,all-well,hg38,3800,6861,37977.31,7593,3766,6822,7553,34,39,40,B5,A1,D9,17,1,45
26_57_30,all-well,hg38,3552,6861,37977.31,7581,3492,6786,7501,60,75,80,C2,E9,C6,26,57,30
09_49_50,all-well,hg38,3745,6861,37977.31,7567,3715,6825,7530,30,36,37,A9,E1,E2,9,49,50
35_36_04,all-well,mm10,3361,6861,37977.31,7538,65,67,68,3296,6794,7470,C11,C12,A4,35,36,4
06_31_69,all-well,hg38,3425,6861,37977.31,7568,3392,6826,7532,33,35,36,A6,C7,F9,6,31,69
13_32_50,all-well,hg38,3873,6860,37971.78,7501,3790,6774,7411,83,86,90,B1,C8,E2,13,32,50
25_02_69,all-well,mm10,3372,6860,37971.78,7622,78,80,82,3294,6780,7540,C1,A2,F9,25,2,69
26_61_22,all-well,mm10,3450,6857,37955.17,7544,68,69,72,3382,6788,7472,C2,F1,B10,26,61,22
25_21_75,all-well,hg38,3454,6856,37949.64,7521,3420,6819,7483,34,37,38,C1,B9,G3,25,21,75
32_10_48,all-well,hg38,3833,6856,37949.64,7545,3794,6815,7502,39,41,43,C8,A10,D12,32,10,48
25_24_44,all-well,hg38,3642,6853,37933.03,7577,3591,6800,7519,51,53,58,C1,B12,D8,25,24,44
36_43_56,all-well,hg38,3601,6852,37927.50,7521,3554,6802,7469,47,50,52,C12,D7,E8,36,43,56
13_24_31,all-well,hg38,3668,6852,37927.50,7538,3619,6799,7483,49,53,55,B1,B12,C7,13,24,31
36_18_45,all-well,hg38,3219,6848,37905.36,7542,3178,6804,7497,41,44,45,C12,B6,D9,36,18,45
09_26_45,all-well,mm10,3378,6847,37899.82,7522,56,58,62,3322,6789,7460,A9,C2,D9,9,26,45
40_35_86,all-well,hg38,3663,6845,37888.75,7497,3618,6797,7445,45,48,52,D4,C11,H2,40,35,86
24_15_55,all-well,mm10,3357,6845,37888.75,7509,58,60,63,3299,6785,7446,B12,B3,E7,24,15,55
26_07_80,all-well,hg38,3696,6844,37883.22,7552,3655,6801,7507,41,43,45,C2,A7,G8,26,7,80
39_28_91,all-well,mm10,3244,6844,37883.22,7497,56,56,59,3188,6788,7438,D3,C4,H7,39,28,91
25_54_76,all-well,hg38,3697,6844,37883.22,7555,3650,6793,7500,47,51,55,C1,E6,G4,25,54,76
44_54_28,all-well,hg38,3565,6844,37883.22,7553,3517,6793,7496,48,51,57,D8,E6,C4,44,54,28
41_13_12,all-well,hg38,3695,6843,37877.68,7561,3648,6788,7502,47,55,59,D5,B1,A12,41,13,12
32_08_79,all-well,hg38,3767,6842,37872.15,7534,3739,6814,7505,28,28,29,C8,A8,G7,32,8,79
27_93_53,all-well,hg38,3729,6839,37855.54,7536,3699,6805,7498,30,34,38,C3,H9,E5,27,93,53
48_23_84,all-well,mm10,3262,6838,37850.00,7540,62,65,70,3200,6773,7470,D12,B11,G12,48,23,84
25_43_14,all-well,hg38,3757,6838,37850.00,7572,3705,6785,7517,52,53,55,C1,D7,B2,25,43,14
09_07_47,all-well,mm10,3101,6836,37838.93,7558,91,94,98,3010,6742,7460,A9,A7,D11,9,7,47
44_58_33,all-well,mm10,3197,6836,37838.93,7536,66,66,70,3131,6770,7466,D8,E10,C9,44,58,33
48_74_86,all-well,hg38,3657,6835,37833.40,7521,3628,6805,7490,29,30,31,D12,G2,H2,48,74,86
22_94_38,all-well,hg38,3701,6834,37827.86,7583,3662,6792,7539,39,42,44,B10,H10,D2,22,94,38
14_68_49,all-well,hg38,3724,6832,37816.79,7513,3679,6784,7461,45,48,52,B2,F8,E1,14,68,49
29_74_01,all-well,hg38,3665,6832,37816.79,7520,3638,6804,7491,27,28,29,C5,G2,A1,29,74,1
39_54_20,all-well,mm10,3174,6831,37811.26,7521,72,73,77,3102,6758,7444,D3,E6,B8,39,54,20
35_70_79,all-well,mm10,3269,6831,37811.26,7557,66,69,74,3203,6762,7483,C11,F10,G7,35,70,79
38_19_27,all-well,mm10,3490,6831,37811.26,7473,64,66,70,3426,6765,7403,D2,B7,C3,38,19,27
14_24_68,all-well,mm10,3338,6830,37805.72,7511,74,77,82,3264,6753,7429,B2,B12,F8,14,24,68
06_17_35,all-well,mm10,3328,6830,37805.72,7550,107,112,119,3221,6718,7431,A6,B5,C11,6,17,35
22_52_69,all-well,hg38,3507,6829,37800.19,7522,3479,6801,7490,28,28,32,B10,E4,F9,22,52,69
37_88_33,all-well,mm10,3255,6829,37800.19,7530,67,71,79,3188,6758,7451,D1,H4,C9,37,88,33
34_77_32,all-well,hg38,3951,6829,37800.19,7483,3892,6765,7418,59,64,65,C10,G5,C8,34,77,32
26_93_64,all-well,hg38,3797,6828,37794.65,7570,3759,6787,7523,38,41,47,C2,H9,F4,26,93,64
14_61_33,all-well,mm10,3340,6826,37783.58,7517,69,70,76,3271,6756,7441,B2,F1,C9,14,61,33
43_61_04,all-well,hg38,3749,6826,37783.58,7472,3703,6777,7421,46,49,51,D7,F1,A4,43,61,4
02_86_21,all-well,mm10,3176,6826,37783.58,7501,86,87,98,3090,6739,7403,A2,H2,B9,2,86,21
40_40_50,all-well,mm10,3298,6826,37783.58,7461,147,152,169,3151,6674,7292,D4,D4,E2,40,40,50
43_56_34,all-well,mm10,3149,6826,37783.58,7526,68,70,75,3081,6756,7451,D7,E8,C10,43,56,34
46_05_71,all-well,hg38,3842,6825,37778.05,7509,3793,6772,7453,49,53,56,D10,A5,F11,46,5,71
47_63_58,all-well,mm10,3328,6825,37778.05,7528,76,77,81,3252,6748,7447,D11,F3,E10,47,63,58
11_21_34,all-well,mm10,3175,6824,37772.51,7520,61,63,65,3114,6761,7455,A11,B9,C10,11,21,34
13_03_18,all-well,hg38,3690,6823,37766.98,7479,3654,6786,7439,36,37,40,B1,A3,B6,13,3,18
41_69_45,all-well,mm10,3249,6823,37766.98,7527,43,45,46,3206,6778,7481,D5,F9,D9,41,69,45
22_62_52,all-well,hg38,3815,6822,37761.44,7468,3525,6506,7118,290,316,350,B10,F2,E4,22,62,52
15_21_20,all-well,mm10,3420,6822,37761.44,7516,164,173,187,3256,6649,7329,B3,B9,B8,15,21,20
46_42_51,all-well,hg38,3572,6821,37755.91,7558,3528,6775,7508,44,46,50,D10,D6,E3,46,42,51
13_19_31,all-well,hg38,3800,6821,37755.91,7508,3652,6656,7327,148,165,181,B1,B7,C7,13,19,31
04_28_72,all-well,hg38,3668,6821,37755.91,7552,3632,6782,7511,36,39,41,A4,C4,F12,4,28,72
14_39_81,all-well,mm10,3424,6819,37744.83,7475,82,83,91,3342,6736,7384,B2,D3,G9,14,39,81
35_36_50,all-well,hg38,3714,6818,37739.30,7515,3679,6782,7476,35,36,39,C11,C12,E2,35,36,50
38_01_16,all-well,hg38,3996,6817,37733.76,7485,3935,6752,7416,61,65,69,D2,A1,B4,38,1,16
23_70_66,all-well,mm10,3171,6817,37733.76,7518,50,54,56,3121,6763,7462,B11,F10,F6,23,70,66
34_43_28,all-well,mm10,3283,6816,37728.23,7516,63,70,73,3220,6746,7443,C10,D7,C4,34,43,28
30_19_46,all-well,hg38,3648,6816,37728.23,7519,3600,6765,7463,48,51,56,C6,B7,D10,30,19,46
01_43_90,all-well,hg38,3709,6813,37711.62,7494,3680,6782,7463,29,31,31,A1,D7,H6,1,43,90
27_87_27,all-well,mm10,3356,6813,37711.62,7465,70,73,79,3286,6740,7386,C3,H3,C3,27,87,27
42_41_35,all-well,mm10,2903,6812,37706.09,7542,54,55,61,2849,6757,7481,D6,D5,C11,42,41,35
17_57_19,all-well,hg38,3524,6812,37706.09,7539,3491,6778,7502,33,34,37,B5,E9,B7,17,57,19
06_82_33,all-well,hg38,3813,6811,37700.55,7495,3751,6743,7424,62,68,71,A6,G10,C9,6,82,33
32_71_77,all-well,hg38,3788,6811,37700.55,7447,3731,6748,7379,57,63,68,C8,F11,G5,32,71,77
25_33_51,all-well,hg38,3826,6811,37700.55,7515,3722,6702,7397,104,109,118,C1,C9,E3,25,33,51
09_07_19,all-well,mm10,3291,6811,37700.55,7428,44,44,45,3247,6767,7383,A9,A7,B7,9,7,19
09_39_54,all-well,hg38,3867,6808,37683.95,7533,3829,6767,7490,38,41,43,A9,D3,E6,9,39,54
13_54_43,all-well,mm10,3225,6807,37678.41,7447,66,68,73,3159,6739,7374,B1,E6,D7,13,54,43
28_58_08,all-well,hg38,3669,6807,37678.41,7501,3612,6747,7435,57,60,66,C4,E10,A8,28,58,8
36_15_79,all-well,mm10,3362,6807,37678.41,7485,68,74,80,3294,6733,7405,C12,B3,G7,36,15,79
06_47_10,all-well,mm10,3280,6806,37672.88,7519,79,81,86,3201,6725,7433,A6,D11,A10,6,47,10
21_65_68,all-well,mm10,3265,6806,37672.88,7467,53,55,56,3212,6751,7411,B9,F5,F8,21,65,68
27_35_05,all-well,mm10,3240,6805,37667.34,7489,77,82,87,3163,6723,7402,C3,C11,A5,27,35,5
24_44_72,all-well,hg38,3775,6804,37661.81,7512,3750,6779,7487,25,25,25,B12,D8,F12,24,44,72
44_12_46,all-well,hg38,3692,6802,37650.74,7481,3663,6772,7450,29,30,31,D8,A12,D10,44,12,46
12_80_38,all-well,mm10,3432,6801,37645.20,7449,64,65,69,3368,6736,7380,A12,G8,D2,12,80,38
41_12_80,all-well,mm10,3176,6800,37639.66,7495,54,56,58,3122,6744,7437,D5,A12,G8,41,12,80
19_51_75,all-well,mm10,3276,6800,37639.66,7458,92,95,103,3184,6705,7355,B7,E3,G3,19,51,75
29_04_49,all-well,hg38,3566,6799,37634.13,7438,3539,6771,7408,27,28,30,C5,A4,E1,29,4,49
39_74_32,all-well,hg38,3839,6799,37634.13,7511,3804,6763,7473,35,36,38,D3,G2,C8,39,74,32
48_08_89,all-well,hg38,3737,6797,37623.06,7468,3712,6772,7443,25,25,25,D12,A8,H5,48,8,89
21_06_44,all-well,hg38,3697,6796,37617.52,7536,3667,6762,7497,30,34,39,B9,A6,D8,21,6,44
15_68_85,all-well,mm10,3369,6796,37617.52,7457,122,127,143,3247,6669,7314,B3,F8,H1,15,68,85
41_87_71,all-well,mm10,3179,6795,37611.99,7412,47,47,49,3132,6748,7363,D5,H3,F11,41,87,71
36_18_93,all-well,hg38,3471,6794,37606.45,7508,3415,6733,7444,56,61,64,C12,B6,H9,36,18,93
04_70_49,all-well,hg38,3649,6794,37606.45,7537,3597,6736,7478,52,58,59,A4,F10,E1,4,70,49
35_14_21,all-well,mm10,3292,6794,37606.45,7475,65,68,74,3227,6726,7401,C11,B2,B9,35,14,21
30_33_16,all-well,hg38,3692,6792,37595.38,7471,3650,6749,7426,42,43,45,C6,C9,B4,30,33,16
38_75_82,all-well,mm10,3118,6792,37595.38,7510,55,56,58,3063,6736,7452,D2,G3,G10,38,75,82
18_16_16,all-well,hg38,3788,6791,37589.85,7496,3766,6768,7472,22,23,24,B6,B4,B4,18,16,16
16_38_03,all-well,mm10,3317,6791,37589.85,7465,71,73,77,3246,6718,7388,B4,D2,A3,16,38,3
10_13_08,all-well,mm10,3344,6787,37567.71,7469,98,103,108,3246,6684,7361,A10,B1,A8,10,13,8
32_03_73,all-well,mm10,3080,6786,37562.17,7505,67,68,70,3013,6718,7435,C8,A3,G1,32,3,73
34_54_91,all-well,mm10,3311,6785,37556.64,7473,52,55,61,3259,6730,7412,C10,E6,H7,34,54,91
12_17_30,all-well,mm10,3458,6784,37551.10,7413,88,100,109,3370,6684,7304,A12,B5,C6,12,17,30
04_65_05,all-well,hg38,3743,6784,37551.10,7498,3710,6751,7464,33,33,34,A4,F5,A5,4,65,5
31_06_37,all-well,mm10,3234,6783,37545.57,7491,61,63,65,3173,6720,7426,C7,A6,D1,31,6,37
22_84_31,all-well,mm10,3309,6781,37534.50,7414,57,60,64,3252,6721,7350,B10,G12,C7,22,84,31
22_02_59,all-well,mm10,3328,6781,37534.50,7479,124,131,136,3204,6650,7343,B10,A2,E11,22,2,59
11_87_68,all-well,hg38,3623,6780,37528.96,7529,3522,6668,7403,101,112,126,A11,H3,F8,11,87,68
42_90_09,all-well,mm10,3150,6779,37523.42,7547,157,178,198,2993,6601,7349,D6,H6,A9,42,90,9
38_44_62,all-well,hg38,3663,6778,37517.89,7411,3597,6709,7336,66,69,75,D2,D8,F2,38,44,62
17_33_42,all-well,mm10,3302,6777,37512.35,7468,53,54,54,3249,6723,7414,B5,C9,D6,17,33,42
12_76_06,all-well,mm10,3374,6777,37512.35,7437,104,104,109,3270,6673,7328,A12,G4,A6,12,76,6
19_73_27,all-well,mm10,3261,6777,37512.35,7461,97,99,108,3164,6678,7353,B7,G1,C3,19,73,27
11_01_61,all-well,hg38,3615,6775,37501.28,7476,3589,6748,7448,26,27,28,A11,A1,F1,11,1,61
34_53_69,all-well,mm10,3578,6773,37490.21,7381,51,54,57,3527,6719,7324,C10,E5,F9,34,53,69
41_16_45,all-well,hg38,3851,6773,37490.21,7427,3815,6731,7383,36,42,44,D5,B4,D9,41,16,45
07_45_43,all-well,hg38,3546,6773,37490.21,7498,3490,6709,7432,56,64,66,A7,D9,D7,7,45,43
12_13_92,all-well,mm10,3348,6772,37484.68,7413,103,105,109,3245,6667,7304,A12,B1,H8,12,13,92
30_16_32,all-well,hg38,3708,6770,37473.61,7503,3661,6715,7445,47,55,58,C6,B4,C8,30,16,32
43_94_13,all-well,mm10,3419,6769,37468.07,7465,82,83,86,3337,6686,7379,D7,H10,B1,43,94,13
01_19_83,all-well,hg38,3550,6768,37462.54,7471,3524,6742,7445,26,26,26,A1,B7,G11,1,19,83
23_33_17,all-well,mm10,3119,6767,37457.00,7457,99,113,122,3020,6654,7335,B11,C9,B5,23,33,17
01_37_39,all-well,hg38,3642,6767,37457.00,7448,3604,6723,7402,38,44,46,A1,D1,D3,1,37,39
23_08_05,all-well,hg38,3555,6766,37451.47,7500,3522,6725,7453,33,41,47,B11,A8,A5,23,8,5
31_03_93,all-well,hg38,3528,6766,37451.47,7463,3498,6734,7431,30,32,32,C7,A3,H9,31,3,93
20_20_45,all-well,hg38,3547,6765,37445.93,7478,3500,6718,7428,47,47,50,B8,B8,D9,20,20,45
17_44_90,all-well,hg38,3509,6763,37434.86,7462,3472,6725,7421,37,38,41,B5,D8,H6,17,44,90
16_57_25,all-well,hg38,3751,6760,37418.26,7432,3698,6707,7376,53,53,56,B4,E9,C1,16,57,25
16_45_38,all-well,hg38,3818,6760,37418.26,7479,3776,6714,7430,42,46,49,B4,D9,D2,16,45,38
31_04_24,all-well,hg38,3651,6758,37407.18,7437,3613,6718,7396,38,40,41,C7,A4,B12,31,4,24
26_51_53,all-well,mm10,3283,6754,37385.04,7362,67,69,72,3216,6685,7290,C2,E3,E5,26,51,53
16_05_80,all-well,mm10,3220,6754,37385.04,7472,145,151,161,3075,6603,7311,B4,A5,G8,16,5,80
35_67_91,all-well,hg38,3775,6753,37379.51,7446,3745,6721,7411,30,32,35,C11,F7,H7,35,67,91
36_23_25,all-well,hg38,3772,6752,37373.97,7394,3730,6706,7348,42,46,46,C12,B11,C1,36,23,25
01_37_59,all-well,hg38,3683,6751,37368.44,7406,3644,6710,7363,39,41,43,A1,D1,E11,1,37,59
10_29_18,all-well,mm10,3212,6749,37357.37,7465,66,68,70,3146,6681,7395,A10,C5,B6,10,29,18
24_70_28,all-well,hg38,3487,6749,37357.37,7400,3450,6711,7362,37,38,38,B12,F10,C4,24,70,28
48_27_20,all-well,mm10,3501,6747,37346.30,7414,360,390,423,3141,6357,6991,D12,C3,B8,48,27,20
19_56_85,all-well,mm10,2977,6746,37340.76,7418,50,52,57,2927,6694,7361,B7,E8,H1,19,56,85
43_72_44,all-well,hg38,3608,6744,37329.69,7381,3571,6706,7342,37,38,39,D7,F12,D8,43,72,44
07_60_43,all-well,hg38,3684,6744,37329.69,7439,3627,6682,7373,57,62,66,A7,E12,D7,7,60,43
16_79_77,all-well,hg38,3715,6744,37329.69,7457,3668,6696,7406,47,48,51,B4,G7,G5,16,79,77
42_16_40,all-well,mm10,3238,6740,37307.55,7420,58,60,60,3180,6680,7360,D6,B4,D4,42,16,40
39_47_31,all-well,mm10,3153,6739,37302.02,7413,55,56,58,3098,6683,7355,D3,D11,C7,39,47,31
19_90_24,all-well,hg38,3546,6738,37296.48,7441,3506,6696,7395,40,42,46,B7,H6,B12,19,90,24
25_57_79,all-well,hg38,3679,6737,37290.94,7400,3629,6682,7339,50,55,61,C1,E9,G7,25,57,79
43_53_45,all-well,hg38,3690,6737,37290.94,7411,3638,6684,7352,52,53,59,D7,E5,D9,43,53,45
15_08_04,all-well,hg38,3644,6737,37290.94,7427,3585,6677,7362,59,60,65,B3,A8,A4,15,8,4
27_11_64,all-well,hg38,3730,6737,37290.94,7436,3677,6674,7367,53,63,69,C3,A11,F4,27,11,64
18_45_76,all-well,hg38,3497,6735,37279.87,7388,3464,6699,7350,33,36,38,B6,D9,G4,18,45,76
40_23_92,all-well,mm10,3278,6734,37274.34,7420,92,96,101,3186,6638,7319,D4,B11,H8,40,23,92
34_56_45,all-well,mm10,3414,6734,37274.34,7381,43,46,54,3371,6688,7327,C10,E8,D9,34,56,45
14_81_27,all-well,mm10,3356,6734,37274.34,7376,153,161,173,3203,6573,7203,B2,G9,C3,14,81,27
13_14_16,all-well,hg38,3673,6733,37268.80,7447,3578,6636,7341,95,97,106,B1,B2,B4,13,14,16
41_69_46,all-well,mm10,3213,6733,37268.80,7355,79,84,86,3134,6649,7269,D5,F9,D10,41,69,46
22_48_12,all-well,mm10,3173,6732,37263.27,7393,104,106,109,3069,6626,7284,B10,D12,A12,22,48,12
15_96_30,all-well,mm10,3316,6731,37257.73,7394,70,74,79,3246,6657,7315,B3,H12,C6,15,96,30
18_68_77,all-well,multiplet,4443,6731,37257.73,7379,2697,4043,4401,1746,2688,2978,B6,F8,G5,18,68,77
05_65_93,all-well,mm10,3286,6731,37257.73,7420,60,63,68,3226,6668,7352,A5,F5,H9,5,65,93
36_85_13,all-well,hg38,3594,6730,37252.20,7398,3548,6683,7346,46,47,52,C12,H1,B1,36,85,13
33_74_38,all-well,hg38,3645,6729,37246.66,7390,3619,6703,7363,26,26,27,C9,G2,D2,33,74,38
07_46_50,all-well,mm10,3219,6728,37241.13,7397,81,90,95,3138,6638,7302,A7,D10,E2,7,46,50
44_13_04,all-well,mm10,3033,6727,37235.59,7373,70,74,83,2963,6653,7290,D8,B1,A4,44,13,4
21_28_23,all-well,hg38,3487,6726,37230.06,7368,3445,6683,7322,42,43,46,B9,C4,B11,21,28,23
18_18_07,all-well,mm10,3375,6726,37230.06,7357,68,68,73,3307,6658,7284,B6,B6,A7,18,18,7
48_48_84,all-well,mm10,3306,6726,37230.06,7429,81,85,97,3225,6641,7332,D12,D12,G12,48,48,84
36_46_24,all-well,mm10,3148,6721,37202.38,7370,49,54,56,3099,6667,7314,C12,D10,B12,36,46,24
17_56_21,all-well,hg38,3457,6720,37196.85,7418,3423,6682,7378,34,38,40,B5,E8,B9,17,56,21
38_50_55,all-well,mm10,3549,6720,37196.85,7373,76,78,83,3473,6642,7290,D2,E2,E7,38,50,55
29_79_54,all-well,hg38,3717,6720,37196.85,7369,3675,6677,7325,42,43,44,C5,G7,E6,29,79,54
24_15_95,all-well,hg38,3611,6720,37196.85,7434,3547,6648,7350,64,72,84,B12,B3,H11,24,15,95
26_02_49,all-well,hg38,3755,6719,37191.31,7351,3687,6651,7279,68,68,72,C2,A2,E1,26,2,49
39_71_17,all-well,hg38,3622,6717,37180.24,7369,3581,6675,7326,41,42,43,D3,F11,B5,39,71,17
12_76_94,all-well,hg38,3592,6717,37180.24,7404,3542,6665,7348,50,52,56,A12,G4,H10,12,76,94
47_93_01,all-well,mm10,3245,6717,37180.24,7404,52,52,56,3193,6665,7348,D11,H9,A1,47,93,1
15_22_46,all-well,mm10,3270,6717,37180.24,7372,84,92,96,3186,6625,7276,B3,B10,D10,15,22,46
22_57_88,all-well,mm10,3185,6717,37180.24,7433,61,63,71,3124,6654,7362,B10,E9,H4,22,57,88
48_07_20,all-well,mm10,3252,6717,37180.24,7371,85,88,94,3167,6629,7277,D12,A7,B8,48,7,20
31_31_40,all-well,mm10,3310,6716,37174.70,7404,116,121,137,3194,6595,7267,C7,C7,D4,31,31,40
43_12_16,all-well,hg38,3645,6716,37174.70,7391,3603,6671,7343,42,45,48,D7,A12,B4,43,12,16
06_88_25,all-well,hg38,3649,6715,37169.17,7327,3606,6656,7265,43,59,62,A6,H4,C1,6,88,25
32_83_22,all-well,hg38,3640,6715,37169.17,7453,3387,6430,7144,253,285,309,C8,G11,B10,32,83,22
15_60_53,all-well,mm10,3464,6713,37158.10,7402,87,92,96,3377,6621,7306,B3,E12,E5,15,60,53
39_16_93,all-well,hg38,3797,6713,37158.10,7392,3702,6602,7270,95,111,122,D3,B4,H9,39,16,93
03_28_41,all-well,hg38,3749,6711,37147.03,7384,3674,6628,7297,75,83,87,A3,C4,D5,3,28,41
16_53_32,all-well,mm10,3215,6710,37141.49,7350,72,74,80,3143,6636,7270,B4,E5,C8,16,53,32
36_54_19,all-well,hg38,3762,6709,37135.96,7430,3725,6666,7384,37,43,46,C12,E6,B7,36,54,19
17_69_90,all-well,mm10,3245,6706,37119.35,7324,57,60,65,3188,6646,7259,B5,F9,H6,17,69,90
01_43_36,all-well,hg38,3548,6705,37113.82,7383,3498,6652,7329,50,53,54,A1,D7,C12,1,43,36
48_35_42,all-well,hg38,3739,6702,37097.21,7399,3680,6640,7333,59,62,66,D12,C11,D6,48,35,42
12_50_23,all-well,mm10,3164,6702,37097.21,7372,68,72,78,3096,6630,7294,A12,E2,B11,12,50,23
17_20_92,all-well,hg38,3513,6701,37091.68,7324,3477,6665,7282,36,36,42,B5,B8,H8,17,20,92
41_90_03,all-well,hg38,3649,6701,37091.68,7397,3602,6653,7347,47,48,50,D5,H6,A3,41,90,3
41_44_30,all-well,mm10,3325,6700,37086.14,7376,40,42,44,3285,6658,7332,D5,D8,C6,41,44,30
27_95_38,all-well,hg38,3613,6697,37069.53,7455,3556,6631,7387,57,66,68,C3,H11,D2,27,95,38
26_21_15,all-well,hg38,3793,6696,37064.00,7414,3750,6647,7365,43,49,49,C2,B9,B3,26,21,15
13_04_74,all-well,mm10,3197,6696,37064.00,7331,64,66,68,3133,6630,7263,B1,A4,G2,13,4,74
30_39_01,all-well,mm10,3321,6695,37058.46,7349,54,55,56,3267,6640,7293,C6,D3,A1,30,39,1
31_85_33,all-well,mm10,3284,6695,37058.46,7343,66,68,68,3218,6627,7275,C7,H1,C9,31,85,33
13_93_11,all-well,hg38,3719,6694,37052.93,7399,3683,6655,7358,36,39,41,B1,H9,A11,13,93,11
16_21_14,all-well,mm10,3188,6690,37030.79,7382,72,73,80,3116,6617,7302,B4,B9,B2,16,21,14
38_79_32,all-well,mm10,3380,6690,37030.79,7342,81,82,87,3299,6608,7255,D2,G7,C8,38,79,32
09_05_50,all-well,mm10,3270,6689,37025.25,7399,59,59,62,3211,6630,7337,A9,A5,E2,9,5,50
04_16_95,all-well,hg38,3722,6689,37025.25,7339,3695,6660,7308,27,29,31,A4,B4,H11,4,16,95
34_37_67,all-well,mm10,3388,6688,37019.72,7335,60,63,66,3328,6625,7269,C10,D1,F7,34,37,67
27_33_06,all-well,hg38,3519,6687,37014.18,7366,3480,6645,7316,39,42,50,C3,C9,A6,27,33,6
35_69_40,all-well,hg38,3558,6687,37014.18,7321,3512,6640,7272,46,47,49,C11,F9,D4,35,69,40
35_84_41,all-well,mm10,3196,6686,37008.65,7331,46,47,51,3150,6639,7280,C11,G12,D5,35,84,41
14_12_23,all-well,hg38,3638,6685,37003.11,7417,3607,6648,7379,31,37,38,B2,A12,B11,14,12,23
46_82_73,all-well,hg38,3376,6684,36997.58,7385,3339,6645,7344,37,39,41,D10,G10,G1,46,82,73
39_39_37,all-well,mm10,3278,6684,36997.58,7384,72,72,79,3206,6612,7305,D3,D3,D1,39,39,37
19_19_22,all-well,mm10,3153,6683,36992.04,7319,67,69,73,3086,6614,7246,B7,B7,B10,19,19,22
12_74_19,all-well,mm10,3254,6683,36992.04,7341,47,48,50,3207,6635,7291,A12,G2,B7,12,74,19
12_49_38,all-well,hg38,3583,6683,36992.04,7348,3551,6649,7313,32,34,35,A12,E1,D2,12,49,38
28_53_94,all-well,hg38,3316,6682,36986.51,7380,3230,6588,7282,86,94,98,C4,E5,H10,28,53,94
26_93_24,all-well,hg38,3621,6680,36975.44,7353,3589,6648,7318,32,32,35,C2,H9,B12,26,93,24
33_36_59,all-well,hg38,3882,6680,36975.44,7358,3845,6642,7319,37,38,39,C9,C12,E11,33,36,59
16_26_09,all-well,hg38,3681,6678,36964.37,7374,3601,6591,7278,80,87,96,B4,C2,A9,16,26,9
25_38_15,all-well,mm10,3363,6677,36958.83,7353,131,134,144,3232,6543,7209,C1,D2,B3,25,38,15
48_56_69,all-well,mm10,3194,6677,36958.83,7325,75,81,88,3119,6596,7237,D12,E8,F9,48,56,69
26_26_84,all-well,hg38,3637,6677,36958.83,7370,3603,6639,7329,34,38,41,C2,C2,G12,26,26,84
25_74_91,all-well,hg38,3660,6675,36947.76,7293,3617,6631,7246,43,44,47,C1,G2,H7,25,74,91
41_43_49,all-well,hg38,3808,6675,36947.76,7310,3762,6619,7250,46,56,60,D5,D7,E1,41,43,49
29_29_76,all-well,mm10,3242,6674,36942.22,7312,56,58,67,3186,6616,7245,C5,C5,G4,29,29,76
47_69_85,all-well,hg38,3625,6673,36936.69,7315,3591,6639,7280,34,34,35,D11,F9,H1,47,69,85
17_02_21,all-well,mm10,3258,6673,36936.69,7332,69,69,72,3189,6604,7260,B5,A2,B9,17,2,21
40_09_15,all-well,hg38,3705,6671,36925.62,7322,3651,6611,7258,54,60,64,D4,A9,B3,40,9,15
06_67_83,all-well,hg38,3472,6671,36925.62,7362,3437,6632,7321,35,39,41,A6,F7,G11,6,67,83
30_18_38,all-well,mm10,3280,6668,36909.01,7335,81,84,87,3199,6584,7248,C6,B6,D2,30,18,38
10_93_29,all-well,mm10,3388,6668,36909.01,7318,54,56,62,3334,6612,7256,A10,H9,C5,10,93,29
44_04_78,all-well,hg38,3531,6667,36903.48,7381,3496,6632,7344,35,35,37,D8,A4,G6,44,4,78
33_60_34,all-well,hg38,3538,6666,36897.94,7397,3506,6630,7359,32,36,38,C9,E12,C10,33,60,34
16_09_50,all-well,hg38,3544,6665,36892.41,7347,3449,6547,7220,95,118,127,B4,A9,E2,16,9,50
44_01_41,all-well,mm10,3255,6664,36886.87,7336,73,75,81,3182,6589,7255,D8,A1,D5,44,1,41
07_51_88,all-well,hg38,3719,6664,36886.87,7353,3679,6618,7305,40,46,48,A7,E3,H4,7,51,88
35_26_47,all-well,hg38,3648,6664,36886.87,7371,3585,6599,7299,63,65,72,C11,C2,D11,35,26,47
17_87_58,all-well,mm10,3259,6661,36870.27,7326,55,55,59,3204,6606,7267,B5,H3,E10,17,87,58
14_65_51,all-well,hg38,3614,6661,36870.27,7410,3571,6618,7366,43,43,44,B2,F5,E3,14,65,51
29_89_40,all-well,multiplet,3861,6661,36870.27,7291,3290,5928,6491,571,733,800,C5,H5,D4,29,89,40
24_95_04,all-well,hg38,3750,6661,36870.27,7313,3724,6635,7287,26,26,26,B12,H11,A4,24,95,4
20_29_80,all-well,hg38,3460,6660,36864.73,7343,3428,6624,7303,32,36,40,B8,C5,G8,20,29,80
35_36_80,all-well,hg38,3643,6660,36864.73,7333,3606,6623,7294,37,37,39,C11,C12,G8,35,36,80
24_44_93,all-well,hg38,3791,6659,36859.20,7302,3755,6621,7263,36,38,39,B12,D8,H9,24,44,93
10_75_45,all-well,hg38,3610,6658,36853.66,7326,3561,6607,7272,49,51,54,A10,G3,D9,10,75,45
06_15_83,all-well,hg38,3509,6657,36848.12,7354,3477,6624,7320,32,33,34,A6,B3,G11,6,15,83
20_09_39,all-well,hg38,3646,6656,36842.59,7317,3619,6627,7287,27,29,30,B8,A9,D3,20,9,39
41_21_24,all-well,hg38,3626,6655,36837.05,7283,3591,6617,7245,35,38,38,D5,B9,B12,41,21,24
24_25_61,all-well,hg38,3830,6652,36820.45,7329,3793,6610,7282,37,42,47,B12,C1,F1,24,25,61
13_06_33,all-well,mm10,3159,6652,36820.45,7249,104,104,114,3055,6548,7135,B1,A6,C9,13,6,33
06_56_49,all-well,mm10,3196,6651,36814.91,7325,80,85,87,3116,6566,7238,A6,E8,E1,6,56,49
07_62_23,all-well,hg38,3678,6650,36809.38,7364,3640,6612,7325,38,38,39,A7,F2,B11,7,62,23
28_23_18,all-well,mm10,3202,6650,36809.38,7320,78,82,87,3124,6568,7233,C4,B11,B6,28,23,18
42_66_33,all-well,mm10,3205,6650,36809.38,7318,67,72,77,3138,6578,7241,D6,F6,C9,42,66,33
21_52_31,all-well,hg38,3519,6649,36803.84,7312,3495,6625,7288,24,24,24,B9,E4,C7,21,52,31
01_41_45,all-well,hg38,3596,6648,36798.31,7325,3553,6599,7269,43,49,56,A1,D5,D9,1,41,45
34_72_73,all-well,hg38,3677,6647,36792.77,7315,3634,6603,7269,43,44,46,C10,F12,G1,34,72,73
07_63_63,all-well,mm10,3220,6647,36792.77,7284,108,111,115,3112,6536,7169,A7,F3,F3,7,63,63
16_87_36,all-well,mm10,3086,6647,36792.77,7308,86,90,94,3000,6557,7214,B4,H3,C12,16,87,36
01_35_47,all-well,hg38,3321,6646,36787.24,7290,3274,6599,7241,47,47,49,A1,C11,D11,1,35,47
02_48_67,all-well,hg38,3645,6645,36781.70,7326,3601,6599,7274,44,46,52,A2,D12,F7,2,48,67
31_73_31,all-well,mm10,3210,6644,36776.17,7320,93,101,108,3117,6543,7212,C7,G1,C7,31,73,31
12_14_53,all-well,mm10,3260,6643,36770.63,7313,41,42,46,3219,6601,7267,A12,B2,E5,12,14,53
16_54_89,all-well,mm10,3218,6643,36770.63,7294,106,110,116,3112,6533,7178,B4,E6,H5,16,54,89
44_91_49,all-well,mm10,3273,6641,36759.56,7312,48,48,49,3225,6593,7263,D8,H7,E1,44,91,49
22_60_11,all-well,hg38,3478,6640,36754.03,7382,3431,6591,7328,47,49,54,B10,E12,A11,22,60,11
15_61_72,all-well,hg38,3736,6639,36748.49,7334,3636,6532,7224,100,107,110,B3,F1,F12,15,61,72
02_70_11,all-well,mm10,3204,6639,36748.49,7297,63,63,65,3141,6576,7232,A2,F10,A11,2,70,11
48_36_08,all-well,hg38,3878,6637,36737.42,7315,3842,6599,7274,36,38,41,D12,C12,A8,48,36,8
14_82_84,all-well,hg38,3698,6637,36737.42,7307,3662,6600,7269,36,37,38,B2,G10,G12,14,82,84
16_22_73,all-well,mm10,3244,6637,36737.42,7320,102,106,112,3142,6531,7208,B4,B10,G1,16,22,73
28_18_24,all-well,hg38,3505,6635,36726.35,7323,3459,6584,7271,46,51,52,C4,B6,B12,28,18,24
44_45_59,all-well,mm10,3287,6634,36720.81,7252,222,236,257,3065,6398,6995,D8,D9,E11,44,45,59
29_54_44,all-well,hg38,3708,6630,36698.67,7310,3672,6591,7266,36,39,44,C5,E6,D8,29,54,44
41_90_52,all-well,mm10,3263,6630,36698.67,7295,62,65,67,3201,6565,7228,D5,H6,E4,41,90,52
48_15_86,all-well,mm10,3268,6630,36698.67,7275,71,74,75,3197,6556,7200,D12,B3,H2,48,15,86
19_62_01,all-well,hg38,3566,6630,36698.67,7296,3523,6587,7250,43,43,46,B7,F2,A1,19,62,1
19_61_53,all-well,mm10,3210,6629,36693.14,7263,72,77,85,3138,6552,7178,B7,F1,E5,19,61,53
38_45_86,all-well,mm10,3384,6627,36682.07,7260,55,58,63,3329,6569,7197,D2,D9,H2,38,45,86
41_15_43,all-well,hg38,3515,6627,36682.07,7321,3467,6577,7265,48,50,56,D5,B3,D7,41,15,43
28_63_32,all-well,mm10,3209,6626,36676.53,7311,92,97,105,3117,6529,7206,C4,F3,C8,28,63,32
01_81_12,all-well,hg38,3452,6626,36676.53,7280,3431,6602,7255,21,24,25,A1,G9,A12,1,81,12
39_86_07,all-well,hg38,3482,6625,36671.00,7262,3449,6587,7221,33,38,41,D3,H2,A7,39,86,7
48_61_50,all-well,hg38,3612,6624,36665.46,7308,3566,6575,7257,46,49,51,D12,F1,E2,48,61,50
25_79_55,all-well,hg38,3562,6623,36659.93,7289,3518,6578,7240,44,45,49,C1,G7,E7,25,79,55
15_78_66,all-well,hg38,3749,6622,36654.39,7257,3706,6577,7210,43,45,47,B3,G6,F6,15,78,66
19_05_14,all-well,mm10,3185,6622,36654.39,7311,111,116,126,3074,6506,7185,B7,A5,B2,19,5,14
36_02_03,all-well,mm10,3089,6621,36648.86,7230,47,49,51,3042,6572,7179,C12,A2,A3,36,2,3
04_70_21,all-well,hg38,3570,6621,36648.86,7342,3532,6574,7294,38,47,48,A4,F10,B9,4,70,21
10_71_24,all-well,hg38,3658,6620,36643.32,7292,3627,6589,7259,31,31,33,A10,F11,B12,10,71,24
13_23_73,all-well,mm10,3160,6618,36632.25,7264,68,70,75,3092,6548,7189,B1,B11,G1,13,23,73
02_63_22,all-well,hg38,3672,6618,36632.25,7273,3630,6574,7229,42,44,44,A2,F3,B10,2,63,22
40_44_51,all-well,hg38,3773,6618,36632.25,7292,3736,6579,7251,37,39,41,D4,D8,E3,40,44,51
31_94_54,all-well,mm10,3155,6616,36621.18,7261,62,69,75,3093,6547,7186,C7,H10,E6,31,94,54
03_01_35,all-well,hg38,3282,6614,36610.11,7274,3223,6543,7201,59,71,73,A3,A1,C11,3,1,35
19_76_94,all-well,mm10,3267,6614,36610.11,7282,112,117,129,3155,6497,7153,B7,G4,H10,19,76,94
35_59_21,all-well,mm10,3376,6613,36604.57,7278,322,349,390,3054,6264,6888,C11,E11,B9,35,59,21
24_19_18,all-well,hg38,3424,6613,36604.57,7234,3382,6570,7186,42,43,48,B12,B7,B6,24,19,18
09_39_46,all-well,mm10,3219,6612,36599.04,7266,53,55,56,3166,6557,7210,A9,D3,D10,9,39,46
43_79_62,all-well,mm10,3327,6612,36599.04,7226,46,48,51,3281,6564,7175,D7,G7,F2,43,79,62
35_66_24,all-well,hg38,3633,6611,36593.50,7238,3605,6582,7208,28,29,30,C11,F6,B12,35,66,24
09_30_63,all-well,mm10,3026,6611,36593.50,7289,69,70,74,2957,6541,7215,A9,C6,F3,9,30,63
10_66_68,all-well,mm10,3312,6608,36576.90,7324,53,54,56,3259,6554,7268,A10,F6,F8,10,66,68
09_29_52,all-well,mm10,3286,6608,36576.90,7268,71,71,77,3215,6537,7191,A9,C5,E4,9,29,52
29_50_36,all-well,hg38,3527,6608,36576.90,7255,3493,6574,7221,34,34,34,C5,E2,C12,29,50,36
32_04_50,all-well,mm10,3033,6607,36571.36,7230,76,77,83,2957,6530,7147,C8,A4,E2,32,4,50
24_91_88,all-well,hg38,3432,6606,36565.83,7224,3355,6527,7141,77,79,83,B12,H7,H4,24,91,88
40_80_89,all-well,hg38,3505,6605,36560.29,7246,3469,6563,7201,36,42,45,D4,G8,H5,40,80,89
41_04_12,all-well,hg38,3661,6602,36543.69,7243,3624,6556,7195,37,46,48,D5,A4,A12,41,4,12
05_46_23,all-well,hg38,3561,6600,36532.62,7295,3520,6555,7248,41,45,47,A5,D10,B11,5,46,23
03_69_20,all-well,hg38,3845,6596,36510.48,7223,3788,6531,7154,57,65,69,A3,F9,B8,3,69,20
10_20_85,all-well,hg38,3682,6592,36488.33,7233,3644,6552,7190,38,40,43,A10,B8,H1,10,20,85
10_59_36,all-well,mm10,2975,6592,36488.33,7229,73,74,79,2902,6518,7150,A10,E11,C12,10,59,36
25_26_51,all-well,mm10,3193,6589,36471.73,7245,155,169,182,3038,6420,7063,C1,C2,E3,25,26,51
27_20_60,all-well,hg38,3579,6588,36466.19,7275,3524,6528,7211,55,60,64,C3,B8,E12,27,20,60
19_39_15,all-well,hg38,3616,6588,36466.19,7293,3564,6532,7235,52,56,58,B7,D3,B3,19,39,15
01_35_20,all-well,mm10,3265,6588,36466.19,7240,54,58,61,3211,6530,7179,A1,C11,B8,1,35,20
30_19_44,all-well,hg38,3666,6587,36460.66,7269,3626,6546,7224,40,41,45,C6,B7,D8,30,19,44
01_63_59,all-well,hg38,3525,6585,36449.59,7259,3469,6523,7190,56,62,69,A1,F3,E11,1,63,59
12_60_44,all-well,hg38,3419,6583,36438.52,7186,3368,6530,7130,51,53,56,A12,E12,D8,12,60,44
43_89_51,all-well,mm10,3223,6583,36438.52,7240,51,54,56,3172,6529,7184,D7,H5,E3,43,89,51
12_57_32,all-well,mm10,3123,6581,36427.45,7232,68,71,74,3055,6510,7158,A12,E9,C8,12,57,32
29_18_05,all-well,hg38,3718,6579,36416.38,7255,3664,6521,7192,54,58,63,C5,B6,A5,29,18,5
20_72_93,all-well,hg38,3611,6577,36405.31,7249,3575,6541,7210,36,36,39,B8,F12,H9,20,72,93
10_91_88,all-well,mm10,3263,6577,36405.31,7240,44,47,51,3219,6530,7189,A10,H7,H4,10,91,88
10_64_94,all-well,hg38,3560,6576,36399.77,7223,3529,6543,7187,31,33,36,A10,F4,H10,10,64,94
40_56_56,all-well,hg38,3518,6575,36394.23,7240,3463,6515,7178,55,60,62,D4,E8,E8,40,56,56
39_62_18,all-well,mm10,3236,6573,36383.16,7214,87,89,94,3149,6484,7120,D3,F2,B6,39,62,18
09_94_13,all-well,hg38,3524,6571,36372.09,7217,3478,6523,7166,46,48,51,A9,H10,B1,9,94,13
16_16_61,all-well,hg38,3343,6571,36372.09,7251,3279,6493,7172,64,78,79,B4,B4,F1,16,16,61
43_50_46,all-well,mm10,3349,6571,36372.09,7188,91,92,100,3258,6479,7088,D7,E2,D10,43,50,46
28_22_55,all-well,hg38,3403,6570,36366.56,7192,3376,6542,7160,27,28,32,C4,B10,E7,28,22,55
05_18_37,all-well,hg38,3577,6569,36361.02,7235,3515,6505,7170,62,64,65,A5,B6,D1,5,18,37
13_75_45,all-well,mm10,3104,6568,36355.49,7235,115,121,130,2989,6447,7105,B1,G3,D9,13,75,45
04_34_54,all-well,hg38,3663,6566,36344.42,7226,3611,6511,7169,52,55,57,A4,C10,E6,4,34,54
31_84_95,all-well,mm10,3245,6565,36338.88,7215,70,72,76,3175,6493,7139,C7,G12,H11,31,84,95
40_38_66,all-well,hg38,3542,6565,36338.88,7199,3502,6524,7153,40,41,46,D4,D2,F6,40,38,66
48_05_80,all-well,mm10,3376,6565,36338.88,7206,117,118,123,3259,6447,7083,D12,A5,G8,48,5,80
42_02_65,all-well,hg38,3490,6561,36316.74,7264,3452,6519,7218,38,42,46,D6,A2,F5,42,2,65
28_33_57,all-well,mm10,3133,6560,36311.21,7254,100,115,123,3033,6445,7131,C4,C9,E9,28,33,57
14_18_93,all-well,mm10,3358,6559,36305.67,7253,123,131,151,3235,6428,7102,B2,B6,H9,14,18,93
17_46_28,all-well,hg38,3523,6558,36300.14,7239,3485,6514,7191,38,44,48,B5,D10,C4,17,46,28
29_62_27,all-well,hg38,3691,6558,36300.14,7225,3666,6531,7197,25,27,28,C5,F2,C3,29,62,27
18_84_33,all-well,hg38,3652,6556,36289.07,7203,3611,6513,7156,41,43,47,B6,G12,C9,18,84,33
23_35_53,all-well,hg38,3500,6555,36283.53,7276,3465,6517,7237,35,38,39,B11,C11,E5,23,35,53
10_19_16,all-well,mm10,3233,6554,36277.99,7180,48,50,51,3185,6504,7129,A10,B7,B4,10,19,16
05_15_31,all-well,hg38,3732,6554,36277.99,7296,3690,6509,7250,42,45,46,A5,B3,C7,5,15,31
05_41_17,all-well,hg38,3678,6552,36266.92,7207,3625,6495,7144,53,57,63,A5,D5,B5,5,41,17
23_87_68,all-well,mm10,3112,6550,36255.85,7202,125,140,154,2987,6410,7048,B11,H3,F8,23,87,68
11_69_61,all-well,hg38,3550,6546,36233.71,7229,3521,6517,7199,29,29,30,A11,F9,F1,11,69,61
08_61_54,all-well,hg38,3624,6546,36233.71,7267,3594,6516,7234,30,30,33,A8,F1,E6,8,61,54
27_40_96,all-well,hg38,3692,6545,36228.18,7250,3648,6496,7199,44,49,51,C3,D4,H12,27,40,96
48_80_86,all-well,hg38,3532,6545,36228.18,7161,3504,6517,7131,28,28,30,D12,G8,H2,48,80,86
30_92_07,all-well,hg38,3518,6544,36222.64,7229,3484,6508,7193,34,36,36,C6,H8,A7,30,92,7
46_40_60,all-well,hg38,3434,6541,36206.04,7214,3409,6516,7189,25,25,25,D10,D4,E12,46,40,60
32_02_80,all-well,mm10,3119,6541,36206.04,7214,89,95,99,3030,6446,7115,C8,A2,G8,32,2,80
48_34_13,all-well,mm10,3112,6540,36200.50,7223,53,56,61,3059,6484,7162,D12,C10,B1,48,34,13
06_56_67,all-well,hg38,3426,6539,36194.97,7160,3395,6506,7121,31,33,39,A6,E8,F7,6,56,67
35_04_69,all-well,hg38,3629,6539,36194.97,7168,3604,6513,7139,25,26,29,C11,A4,F9,35,4,69
25_13_42,all-well,hg38,3644,6539,36194.97,7181,3565,6451,7086,79,88,95,C1,B1,D6,25,13,42
48_78_84,all-well,hg38,3583,6538,36189.43,7231,3555,6509,7200,28,29,31,D12,G6,G12,48,78,84
29_71_79,all-well,hg38,3746,6538,36189.43,7213,3705,6496,7169,41,42,44,C5,F11,G7,29,71,79
09_46_55,all-well,hg38,3653,6538,36189.43,7208,3608,6493,7163,45,45,45,A9,D10,E7,9,46,55
11_73_95,all-well,hg38,3406,6537,36183.90,7194,3375,6503,7156,31,34,38,A11,G1,H11,11,73,95
41_43_70,all-well,hg38,3348,6537,36183.90,7134,3304,6483,7080,44,54,54,D5,D7,F10,41,43,70
09_88_82,all-well,multiplet,3389,6536,36178.36,7209,591,896,980,2798,5640,6229,A9,H4,G10,9,88,82
14_75_38,all-well,mm10,3202,6534,36167.29,7166,56,57,61,3146,6477,7105,B2,G3,D2,14,75,38
30_34_17,all-well,hg38,3383,6532,36156.22,7170,3348,6496,7134,35,36,36,C6,C10,B5,30,34,17
02_88_08,all-well,hg38,3505,6532,36156.22,7209,3464,6490,7166,41,42,43,A2,H4,A8,2,88,8
13_43_56,all-well,mm10,3115,6531,36150.68,7214,77,82,87,3038,6449,7127,B1,D7,E8,13,43,56
19_42_08,all-well,hg38,3391,6530,36145.15,7189,3310,6440,7090,81,90,99,B7,D6,A8,19,42,8
19_17_44,all-well,mm10,3246,6529,36139.61,7195,209,226,252,3037,6303,6943,B7,B5,D8,19,17,44
01_29_55,all-well,mm10,3112,6529,36139.61,7198,86,93,100,3026,6436,7098,A1,C5,E7,1,29,55
33_72_88,all-well,hg38,3580,6528,36134.08,7172,3552,6500,7142,28,28,30,C9,F12,H4,33,72,88
41_02_40,all-well,mm10,3314,6528,36134.08,7141,63,64,65,3251,6464,7076,D5,A2,D4,41,2,40
15_60_45,all-well,hg38,3461,6528,36134.08,7188,3423,6487,7144,38,41,44,B3,E12,D9,15,60,45
04_87_31,all-well,hg38,3533,6527,36128.54,7232,3476,6468,7172,57,59,60,A4,H3,C7,4,87,31
24_12_56,all-well,hg38,3563,6526,36123.01,7203,3519,6480,7155,44,46,48,B12,A12,E8,24,12,56
30_31_65,all-well,hg38,3532,6525,36117.47,7151,3504,6493,7118,28,32,33,C6,C7,F5,30,31,65
40_96_24,all-well,hg38,3637,6524,36111.94,7227,3593,6475,7176,44,49,51,D4,H12,B12,40,96,24
31_72_64,all-well,hg38,3656,6523,36106.40,7170,3599,6463,7106,57,60,64,C7,F12,F4,31,72,64
35_43_36,all-well,hg38,3565,6522,36100.87,7192,3535,6492,7161,30,30,31,C11,D7,C12,35,43,36
01_94_55,all-well,hg38,3443,6522,36100.87,7174,3416,6495,7147,27,27,27,A1,H10,E7,1,94,55
13_49_14,all-well,hg38,3662,6522,36100.87,7167,3622,6482,7126,40,40,41,B1,E1,B2,13,49,14
19_53_83,all-well,mm10,3015,6522,36100.87,7200,42,43,46,2973,6479,7154,B7,E5,G11,19,53,83
19_39_36,all-well,mm10,3272,6513,36051.05,7159,77,79,82,3195,6434,7077,B7,D3,C12,19,39,36
12_07_86,all-well,mm10,3241,6513,36051.05,7137,63,67,69,3178,6446,7068,A12,A7,H2,12,7,86
04_35_20,all-well,mm10,3052,6512,36045.51,7146,55,55,60,2997,6457,7086,A4,C11,B8,4,35,20
40_78_71,all-well,mm10,3110,6512,36045.51,7147,68,73,83,3042,6439,7064,D4,G6,F11,40,78,71
25_04_87,all-well,hg38,3560,6510,36034.44,7164,3532,6481,7134,28,29,30,C1,A4,H3,25,4,87
25_60_87,all-well,hg38,3481,6510,36034.44,7181,3419,6444,7105,62,66,76,C1,E12,H3,25,60,87
44_87_12,all-well,hg38,3563,6510,36034.44,7137,3524,6470,7093,39,40,44,D8,H3,A12,44,87,12
35_61_30,all-well,hg38,3553,6507,36017.84,7144,3517,6471,7107,36,36,37,C11,F1,C6,35,61,30
33_82_53,all-well,multiplet,4237,6504,36001.23,7104,1961,2658,2912,2276,3846,4192,C9,G10,E5,33,82,53
26_82_54,all-well,hg38,3754,6504,36001.23,7194,3717,6463,7152,37,41,42,C2,G10,E6,26,82,54
23_45_85,all-well,hg38,3479,6504,36001.23,7249,3453,6473,7216,26,31,33,B11,D9,H1,23,45,85
04_95_33,all-well,hg38,3394,6504,36001.23,7143,3358,6467,7104,36,37,39,A4,H11,C9,4,95,33
38_01_25,all-well,mm10,3314,6504,36001.23,7141,138,152,163,3176,6352,6978,D2,A1,C1,38,1,25
29_43_12,all-well,mm10,3224,6503,35995.70,7177,63,64,69,3161,6439,7108,C5,D7,A12,29,43,12
39_24_46,all-well,hg38,3649,6503,35995.70,7177,3602,6453,7125,47,50,52,D3,B12,D10,39,24,46
09_85_15,all-well,mm10,3000,6500,35979.09,7144,128,135,152,2872,6365,6992,A9,H1,B3,9,85,15
19_95_60,all-well,hg38,3422,6499,35973.56,7175,3346,6413,7083,76,86,92,B7,H11,E12,19,95,60
27_04_69,all-well,hg38,3443,6498,35968.02,7189,3413,6462,7150,30,36,39,C3,A4,F9,27,4,69
19_24_86,all-well,hg38,3567,6497,35962.49,7174,3455,6372,7041,112,125,133,B7,B12,H2,19,24,86
41_17_58,all-well,mm10,2910,6496,35956.95,7171,64,65,68,2846,6431,7103,D5,B5,E10,41,17,58
06_24_58,all-well,hg38,3552,6496,35956.95,7171,3525,6466,7138,27,30,33,A6,B12,E10,6,24,58
06_10_51,all-well,hg38,3480,6496,35956.95,7134,3446,6461,7098,34,35,36,A6,A10,E3,6,10,51
30_37_20,all-well,hg38,3583,6495,35951.42,7159,3552,6462,7125,31,33,34,C6,D1,B8,30,37,20
16_69_37,all-well,mm10,3153,6493,35940.34,7109,130,133,138,3023,6360,6971,B4,F9,D1,16,69,37
10_15_52,all-well,hg38,3652,6492,35934.81,7144,3626,6465,7116,26,27,28,A10,B3,E4,10,15,52
12_64_40,all-well,mm10,3163,6492,35934.81,7138,64,68,77,3099,6424,7061,A12,F4,D4,12,64,40
05_93_21,all-well,hg38,3454,6492,35934.81,7212,3414,6448,7167,40,44,45,A5,H9,B9,5,93,21
15_42_39,all-well,hg38,3626,6491,35929.27,7118,3599,6461,7081,27,30,37,B3,D6,D3,15,42,39
20_54_21,all-well,mm10,3183,6491,35929.27,7137,63,68,72,3120,6423,7065,B8,E6,B9,20,54,21
14_80_83,all-well,mm10,3295,6489,35918.20,7141,50,53,55,3245,6436,7086,B2,G8,G11,14,80,83
26_89_14,all-well,hg38,3683,6489,35918.20,7199,3643,6442,7149,40,47,50,C2,H5,B2,26,89,14
28_07_60,all-well,hg38,3597,6489,35918.20,7129,3535,6425,7060,62,64,69,C4,A7,E12,28,7,60
16_10_55,all-well,hg38,3515,6489,35918.20,7129,3485,6455,7093,30,34,36,B4,A10,E7,16,10,55
10_29_04,all-well,hg38,3759,6488,35912.67,7188,3718,6444,7140,41,44,48,A10,C5,A4,10,29,4
39_42_28,all-well,hg38,3422,6488,35912.67,7126,3386,6451,7087,36,37,39,D3,D6,C4,39,42,28
36_31_48,all-well,mm10,3032,6486,35901.60,7113,54,57,58,2978,6429,7055,C12,C7,D12,36,31,48
25_01_10,all-well,mm10,3307,6485,35896.06,7155,168,175,195,3139,6310,6960,C1,A1,A10,25,1,10
43_75_56,all-well,mm10,3048,6485,35896.06,7129,84,88,97,2964,6397,7032,D7,G3,E8,43,75,56
48_52_73,all-well,hg38,3496,6485,35896.06,7143,3470,6458,7114,26,27,29,D12,E4,G1,48,52,73
32_25_88,all-well,mm10,3146,6481,35873.92,7146,61,71,75,3085,6410,7071,C8,C1,H4,32,25,88
24_80_26,all-well,hg38,3672,6481,35873.92,7155,3634,6438,7110,38,43,45,B12,G8,C2,24,80,26
07_11_85,all-well,hg38,3377,6479,35862.85,7196,3352,6453,7169,25,26,27,A7,A11,H1,7,11,85
10_67_81,all-well,mm10,3205,6479,35862.85,7110,53,53,57,3152,6426,7053,A10,F7,G9,10,67,81
25_89_42,all-well,hg38,3487,6478,35857.32,7123,3420,6406,7047,67,72,76,C1,H5,D6,25,89,42
46_42_01,all-well,hg38,3520,6477,35851.78,7100,3481,6438,7059,39,39,41,D10,D6,A1,46,42,1
01_64_42,all-well,mm10,3079,6475,35840.71,7121,92,97,102,2987,6378,7019,A1,F4,D6,1,64,42
25_75_53,all-well,mm10,3102,6475,35840.71,7143,72,76,79,3030,6399,7064,C1,G3,E5,25,75,53
27_61_38,all-well,hg38,3573,6473,35829.64,7136,3540,6435,7098,33,38,38,C3,F1,D2,27,61,38
29_20_25,all-well,hg38,3594,6472,35824.10,7180,3554,6432,7139,40,40,41,C5,B8,C1,29,20,25
18_54_58,all-well,hg38,3557,6471,35818.57,7141,3529,6443,7111,28,28,30,B6,E6,E10,18,54,58
07_03_70,all-well,hg38,3404,6471,35818.57,7169,3372,6438,7135,32,33,34,A7,A3,F10,7,3,70
01_53_45,all-well,hg38,3481,6470,35813.03,7098,3443,6430,7058,38,40,40,A1,E5,D9,1,53,45
31_47_73,all-well,mm10,3103,6468,35801.96,7118,107,111,121,2996,6357,6997,C7,D11,G1,31,47,73
13_38_84,all-well,hg38,3463,6468,35801.96,7108,3408,6409,7044,55,59,64,B1,D2,G12,13,38,84
04_17_68,all-well,hg38,3602,6467,35796.43,7126,3555,6419,7075,47,48,51,A4,B5,F8,4,17,68
34_92_84,all-well,mm10,3229,6466,35790.89,7100,52,52,53,3177,6414,7047,C10,H8,G12,34,92,84
28_56_72,all-well,mm10,3070,6465,35785.36,7089,53,55,59,3017,6410,7030,C4,E8,F12,28,56,72
10_73_56,all-well,hg38,3624,6465,35785.36,7089,3582,6422,7044,42,43,45,A10,G1,E8,10,73,56
39_56_80,all-well,mm10,2871,6465,35785.36,7097,60,61,67,2811,6404,7030,D3,E8,G8,39,56,80
32_35_60,all-well,hg38,3534,6463,35774.29,7158,3492,6419,7112,42,44,46,C8,C11,E12,32,35,60
21_04_01,all-well,hg38,3243,6462,35768.75,7123,3214,6432,7089,29,30,34,B9,A4,A1,21,4,1
10_74_36,all-well,hg38,3560,6461,35763.22,7135,3529,6430,7102,31,31,33,A10,G2,C12,10,74,36
36_05_92,all-well,mm10,2968,6461,35763.22,7032,69,71,74,2899,6390,6958,C12,A5,H8,36,5,92
01_76_64,all-well,hg38,3383,6461,35763.22,7110,3333,6407,7052,50,54,58,A1,G4,F4,1,76,64
24_32_80,all-well,mm10,3150,6459,35752.15,7073,61,61,63,3089,6398,7010,B12,C8,G8,24,32,80
06_56_96,all-well,mm10,3131,6458,35746.61,7129,50,52,55,3081,6406,7074,A6,E8,H12,6,56,96
36_10_27,all-well,mm10,3202,6457,35741.08,7064,49,50,52,3153,6407,7012,C12,A10,C3,36,10,27
44_72_14,all-well,hg38,3647,6456,35735.54,7071,3612,6418,7029,35,38,42,D8,F12,B2,44,72,14
37_33_59,all-well,hg38,3494,6456,35735.54,7108,3452,6411,7062,42,45,46,D1,C9,E11,37,33,59
48_84_75,all-well,mm10,3286,6456,35735.54,7121,61,63,69,3225,6393,7052,D12,G12,G3,48,84,75
30_10_04,all-well,hg38,3566,6456,35735.54,7117,3519,6407,7064,47,49,53,C6,A10,A4,30,10,4
24_26_68,all-well,hg38,3611,6454,35724.47,7072,3581,6420,7036,30,34,36,B12,C2,F8,24,26,68
42_48_65,all-well,mm10,3124,6454,35724.47,7115,137,139,153,2987,6315,6962,D6,D12,F5,42,48,65
38_45_38,all-well,mm10,3234,6454,35724.47,7056,73,78,86,3161,6376,6970,D2,D9,D2,38,45,38
07_31_89,all-well,hg38,3482,6453,35718.94,7128,3431,6399,7069,51,54,59,A7,C7,H5,7,31,89
32_95_49,all-well,mm10,3143,6452,35713.40,7093,82,88,96,3061,6364,6997,C8,H11,E1,32,95,49
22_15_67,all-well,mm10,3146,6451,35707.86,7072,64,65,68,3082,6386,7004,B10,B3,F7,22,15,67
38_07_62,all-well,mm10,3297,6451,35707.86,7108,99,109,123,3198,6342,6985,D2,A7,F2,38,7,62
31_25_62,all-well,hg38,3423,6449,35696.79,7098,3386,6410,7056,37,39,42,C7,C1,F2,31,25,62
29_75_24,all-well,hg38,3605,6448,35691.26,7043,3576,6417,7011,29,31,32,C5,G3,B12,29,75,24
15_48_56,all-well,hg38,3511,6447,35685.72,7099,3480,6414,7065,31,33,34,B3,D12,E8,15,48,56
13_04_01,all-well,mm10,3218,6447,35685.72,7096,95,96,109,3123,6351,6987,B1,A4,A1,13,4,1
28_80_27,all-well,mm10,3148,6447,35685.72,7086,75,75,79,3073,6372,7007,C4,G8,C3,28,80,27
28_26_56,all-well,hg38,3530,6446,35680.19,7050,3469,6383,6981,61,63,69,C4,C2,E8,28,26,56
30_54_46,all-well,hg38,3596,6444,35669.12,7092,3545,6391,7038,51,53,54,C6,E6,D10,30,54,46
13_81_51,all-well,hg38,3481,6444,35669.12,7115,3450,6410,7081,31,34,34,B1,G9,E3,13,81,51
35_89_15,all-well,hg38,3369,6443,35663.58,7053,3331,6403,7013,38,40,40,C11,H5,B3,35,89,15
30_84_62,all-well,hg38,3589,6443,35663.58,7083,3560,6413,7052,29,30,31,C6,G12,F2,30,84,62
28_13_60,all-well,hg38,3405,6443,35663.58,7080,3312,6343,6972,93,100,108,C4,B1,E12,28,13,60
17_63_91,all-well,hg38,3528,6441,35652.51,7079,3464,6374,7008,64,67,71,B5,F3,H7,17,63,91
36_33_54,all-well,mm10,3227,6441,35652.51,7066,70,74,79,3157,6367,6987,C12,C9,E6,36,33,54
36_63_17,all-well,mm10,3120,6441,35652.51,7082,51,57,61,3069,6384,7021,C12,F3,B5,36,63,17
39_50_70,all-well,mm10,3245,6440,35646.98,7072,83,84,87,3162,6356,6985,D3,E2,F10,39,50,70
30_40_44,all-well,mm10,3030,6436,35624.84,7100,51,53,57,2979,6383,7043,C6,D4,D8,30,40,44
30_41_34,all-well,hg38,3368,6434,35613.77,7124,3331,6392,7079,37,42,45,C6,D5,C10,30,41,34
19_10_90,all-well,hg38,3443,6434,35613.77,7123,3419,6410,7099,24,24,24,B7,A10,H6,19,10,90
12_11_57,all-well,hg38,3855,6430,35591.62,7098,3541,6059,6699,314,371,399,A12,A11,E9,12,11,57
40_20_66,all-well,mm10,3146,6429,35586.09,7053,294,317,354,2852,6112,6699,D4,B8,F6,40,20,66
13_64_38,all-well,mm10,2891,6429,35586.09,7041,105,111,121,2786,6318,6920,B1,F4,D2,13,64,38
02_81_85,all-well,hg38,3388,6427,35575.02,7096,3357,6395,7062,31,32,34,A2,G9,H1,2,81,85
04_70_06,all-well,hg38,3628,6426,35569.48,7084,3590,6386,7044,38,40,40,A4,F10,A6,4,70,6
12_55_94,all-well,mm10,3130,6426,35569.48,7073,49,50,53,3081,6376,7020,A12,E7,H10,12,55,94
42_35_58,all-well,mm10,3055,6426,35569.48,7067,66,72,76,2989,6354,6991,D6,C11,E10,42,35,58
09_37_71,all-well,hg38,3580,6425,35563.95,7046,3547,6389,7008,33,36,38,A9,D1,F11,9,37,71
01_60_84,all-well,hg38,3516,6424,35558.41,7055,3491,6397,7028,25,27,27,A1,E12,G12,1,60,84
39_64_76,all-well,mm10,3117,6424,35558.41,7061,89,90,95,3028,6334,6966,D3,F4,G4,39,64,76
14_74_71,all-well,mm10,3145,6424,35558.41,7079,46,48,52,3099,6376,7027,B2,G2,F11,14,74,71
25_69_78,all-well,mm10,2977,6424,35558.41,7024,60,60,64,2917,6364,6960,C1,F9,G6,25,69,78
12_42_30,all-well,hg38,3430,6423,35552.88,7047,3380,6371,6995,50,52,52,A12,D6,C6,12,42,30
07_71_85,all-well,hg38,3426,6423,35552.88,7074,3392,6388,7037,34,35,37,A7,F11,H1,7,71,85
48_35_16,all-well,hg38,3434,6423,35552.88,7061,3393,6380,7016,41,43,45,D12,C11,B4,48,35,16
43_68_50,all-well,hg38,3532,6422,35547.34,7096,3504,6392,7065,28,30,31,D7,F8,E2,43,68,50
39_63_02,all-well,mm10,2963,6420,35536.27,7084,54,54,59,2909,6366,7025,D3,F3,A2,39,63,2
17_33_61,all-well,hg38,3551,6419,35530.74,7085,3483,6348,7008,68,71,77,B5,C9,F1,17,33,61
19_71_68,all-well,hg38,3320,6417,35519.67,7138,3255,6349,7067,65,68,71,B7,F11,F8,19,71,68
44_20_08,all-well,hg38,3575,6417,35519.67,7040,3537,6378,6997,38,39,43,D8,B8,A8,44,20,8
41_74_17,all-well,hg38,3606,6417,35519.67,7077,3571,6377,7036,35,40,41,D5,G2,B5,41,74,17
25_39_51,all-well,hg38,3547,6417,35519.67,6990,3512,6382,6950,35,35,40,C1,D3,E3,25,39,51
34_21_92,all-well,mm10,3276,6413,35497.53,7005,54,57,57,3222,6356,6948,C10,B9,H8,34,21,92
09_90_45,all-well,mm10,3058,6412,35491.99,7020,58,59,62,3000,6353,6958,A9,H6,D9,9,90,45
33_28_41,all-well,hg38,3522,6410,35480.92,7055,3461,6347,6987,61,63,68,C9,C4,D5,33,28,41
39_44_53,all-well,mm10,3144,6408,35469.85,7044,53,55,58,3091,6353,6986,D3,D8,E5,39,44,53
46_41_27,all-well,hg38,3372,6408,35469.85,7100,3343,6377,7069,29,31,31,D10,D5,C3,46,41,27
17_01_92,all-well,mm10,3199,6407,35464.31,7030,56,59,67,3143,6348,6963,B5,A1,H8,17,1,92
03_06_08,all-well,hg38,3736,6405,35453.24,7019,3662,6322,6934,74,83,85,A3,A6,A8,3,6,8
39_27_31,all-well,mm10,3119,6404,35447.71,7032,231,248,275,2888,6156,6757,D3,C3,C7,39,27,31
25_26_04,all-well,hg38,3712,6403,35442.17,7092,3612,6290,6969,100,113,123,C1,C2,A4,25,26,4
07_49_45,all-well,hg38,3084,6403,35442.17,7084,3063,6381,7060,21,22,24,A7,E1,D9,7,49,45
43_57_37,all-well,mm10,3159,6403,35442.17,6939,45,47,49,3114,6356,6890,D7,E9,D1,43,57,37
27_23_40,all-well,mm10,3030,6402,35436.64,7057,52,53,57,2978,6349,7000,C3,B11,D4,27,23,40
38_50_62,all-well,mm10,3395,6402,35436.64,7047,41,43,45,3354,6359,7002,D2,E2,F2,38,50,62
24_65_14,all-well,mm10,3018,6401,35431.10,7064,94,98,105,2924,6303,6959,B12,F5,B2,24,65,14
04_21_63,all-well,mm10,3021,6401,35431.10,7006,35,35,39,2986,6366,6967,A4,B9,F3,4,21,63
14_70_16,all-well,hg38,3715,6401,35431.10,7062,3666,6348,7003,49,53,59,B2,F10,B4,14,70,16
27_56_17,all-well,mm10,3246,6401,35431.10,7009,65,66,70,3181,6335,6939,C3,E8,B5,27,56,17
39_61_89,all-well,hg38,3380,6399,35420.03,7037,3336,6353,6986,44,46,51,D3,F1,H5,39,61,89
06_05_69,all-well,mm10,3097,6398,35414.50,7043,56,58,63,3041,6340,6980,A6,A5,F9,6,5,69
25_35_65,all-well,mm10,3212,6398,35414.50,6975,81,85,88,3131,6313,6887,C1,C11,F5,25,35,65
15_62_57,all-well,mm10,3176,6398,35414.50,7045,67,70,75,3109,6328,6970,B3,F2,E9,15,62,57
26_28_09,all-well,mm10,3181,6397,35408.96,7034,80,85,97,3101,6312,6937,C2,C4,A9,26,28,9
40_29_31,all-well,mm10,3128,6397,35408.96,7013,102,109,116,3026,6288,6897,D4,C5,C7,40,29,31
11_87_54,all-well,hg38,3451,6397,35408.96,7074,3415,6360,7033,36,37,41,A11,H3,E6,11,87,54
28_37_82,all-well,hg38,3550,6396,35403.43,7031,3512,6353,6987,38,43,44,C4,D1,G10,28,37,82
34_34_55,all-well,hg38,3500,6396,35403.43,7035,3454,6348,6985,46,48,50,C10,C10,E7,34,34,55
01_03_93,all-well,hg38,3439,6395,35397.89,7032,3409,6360,6995,30,35,37,A1,A3,H9,1,3,93
46_14_60,all-well,hg38,3405,6394,35392.36,7002,3343,6324,6925,62,70,77,D10,B2,E12,46,14,60
12_86_54,all-well,hg38,3461,6394,35392.36,7052,3404,6331,6980,57,63,72,A12,H2,E6,12,86,54
05_19_49,all-well,mm10,3223,6393,35386.82,7022,76,79,82,3147,6314,6940,A5,B7,E1,5,19,49
15_92_14,all-well,hg38,3503,6393,35386.82,7023,3454,6337,6965,49,56,58,B3,H8,B2,15,92,14
34_20_27,all-well,hg38,3358,6388,35359.14,6991,3306,6335,6938,52,53,53,C10,B8,C3,34,20,27
23_73_86,all-well,mm10,2971,6388,35359.14,7025,67,68,71,2904,6320,6954,B11,G1,H2,23,73,86
07_41_81,all-well,mm10,3133,6387,35353.61,7065,209,230,256,2924,6157,6809,A7,D5,G9,7,41,81
34_42_31,all-well,mm10,3159,6387,35353.61,6969,88,94,97,3071,6293,6872,C10,D6,C7,34,42,31
22_69_28,all-well,mm10,3142,6387,35353.61,7083,80,84,94,3062,6303,6989,B10,F9,C4,22,69,28
17_49_44,all-well,hg38,3396,6387,35353.61,7034,3323,6312,6952,73,75,82,B5,E1,D8,17,49,44
04_94_21,all-well,mm10,2987,6387,35353.61,7045,46,48,52,2941,6339,6993,A4,H10,B9,4,94,21
31_61_87,all-well,hg38,3398,6386,35348.07,7075,3368,6355,7042,30,31,33,C7,F1,H3,31,61,87
15_20_61,all-well,mm10,3187,6386,35348.07,6948,56,57,58,3131,6329,6890,B3,B8,F1,15,20,61
48_40_01,all-well,mm10,3086,6385,35342.54,7026,48,48,49,3038,6337,6977,D12,D4,A1,48,40,1
06_05_10,all-well,hg38,3383,6383,35331.47,7016,3347,6342,6972,36,41,44,A6,A5,A10,6,5,10
05_22_54,all-well,hg38,3505,6383,35331.47,7068,3474,6351,7036,31,32,32,A5,B10,E6,5,22,54
27_74_45,all-well,hg38,3456,6383,35331.47,7064,3367,6288,6957,89,95,107,C3,G2,D9,27,74,45
05_75_85,all-well,hg38,3506,6383,35331.47,7049,3462,6332,6994,44,51,55,A5,G3,H1,5,75,85
42_61_13,all-well,hg38,3478,6382,35325.93,7026,3441,6344,6987,37,38,39,D6,F1,B1,42,61,13
22_96_46,all-well,multiplet,3996,6381,35320.40,7016,2818,4652,5130,1178,1729,1886,B10,H12,D10,22,96,46
12_85_45,all-well,mm10,3200,6380,35314.86,7018,54,61,70,3146,6319,6948,A12,H1,D9,12,85,45
29_70_80,all-well,hg38,3437,6379,35309.33,7034,3403,6344,6997,34,35,37,C5,F10,G8,29,70,80
37_87_12,all-well,hg38,3454,6376,35292.72,7002,3408,6329,6949,46,47,53,D1,H3,A12,37,87,12
29_68_35,all-well,hg38,3768,6375,35287.19,6986,3727,6333,6942,41,42,44,C5,F8,C11,29,68,35
11_45_51,all-well,hg38,3463,6375,35287.19,7053,3438,6346,7023,25,29,30,A11,D9,E3,11,45,51
25_43_08,all-well,hg38,3561,6375,35287.19,7023,3511,6322,6968,50,53,55,C1,D7,A8,25,43,8
35_20_05,all-well,hg38,3616,6372,35270.58,6961,3586,6342,6927,30,30,34,C11,B8,A5,35,20,5
39_48_15,all-well,mm10,3082,6372,35270.58,6986,102,108,115,2980,6264,6871,D3,D12,B3,39,48,15
15_86_48,all-well,mm10,3056,6368,35248.44,7017,61,61,64,2995,6307,6953,B3,H2,D12,15,86,48
26_15_68,all-well,hg38,3552,6365,35231.83,7030,3507,6318,6982,45,47,48,C2,B3,F8,26,15,68
33_58_45,all-well,mm10,3094,6365,35231.83,7015,59,61,65,3035,6304,6950,C9,E10,D9,33,58,45
26_44_46,all-well,mm10,2990,6364,35226.30,6987,50,52,56,2940,6312,6931,C2,D8,D10,26,44,46
38_30_57,all-well,hg38,3616,6363,35220.76,7037,3564,6311,6981,52,52,56,D2,C6,E9,38,30,57
27_45_80,all-well,hg38,3512,6362,35215.23,7011,3480,6330,6975,32,32,36,C3,D9,G8,27,45,80
06_86_82,all-well,hg38,3355,6361,35209.69,7019,3319,6325,6980,36,36,39,A6,H2,G10,6,86,82
30_87_15,all-well,mm10,3216,6360,35204.16,6972,259,279,304,2957,6081,6668,C6,H3,B3,30,87,15
10_06_86,all-well,hg38,3515,6360,35204.16,6971,3468,6308,6917,47,52,54,A10,A6,H2,10,6,86
13_13_22,all-well,mm10,3384,6360,35204.16,6949,99,103,109,3285,6257,6840,B1,B1,B10,13,13,22
22_45_74,all-well,hg38,3454,6360,35204.16,6993,3419,6325,6957,35,35,36,B10,D9,G2,22,45,74
22_43_65,all-well,mm10,3110,6359,35198.62,7030,77,81,94,3033,6278,6936,B10,D7,F5,22,43,65
32_39_51,all-well,hg38,3350,6357,35187.55,7019,3321,6324,6981,29,33,38,C8,D3,E3,32,39,51
23_37_80,all-well,hg38,3315,6357,35187.55,6996,3286,6325,6961,29,32,35,B11,D1,G8,23,37,80
16_79_79,all-well,mm10,2913,6355,35176.48,6986,72,72,74,2841,6283,6912,B4,G7,G7,16,79,79
48_74_01,all-well,mm10,3237,6354,35170.95,6934,92,93,100,3145,6261,6834,D12,G2,A1,48,74,1
15_53_73,all-well,hg38,3493,6354,35170.95,6979,3368,6219,6836,125,135,143,B3,E5,G1,15,53,73
27_62_22,all-well,mm10,3164,6354,35170.95,6980,127,136,150,3037,6218,6830,C3,F2,B10,27,62,22
22_64_17,all-well,mm10,2970,6353,35165.41,7058,61,65,69,2909,6288,6989,B10,F4,B5,22,64,17
12_02_73,all-well,mm10,3199,6353,35165.41,6943,68,69,75,3131,6284,6868,A12,A2,G1,12,2,73
07_57_13,all-well,mm10,3132,6352,35159.88,7028,92,102,110,3040,6250,6918,A7,E9,B1,7,57,13
41_47_85,all-well,mm10,3203,6352,35159.88,7030,56,57,63,3147,6295,6967,D5,D11,H1,41,47,85
27_87_69,all-well,hg38,3728,6351,35154.34,6983,3675,6297,6924,53,54,59,C3,H3,F9,27,87,69
38_38_06,all-well,mm10,3194,6348,35137.73,6943,72,76,79,3122,6272,6864,D2,D2,A6,38,38,6
39_22_08,all-well,mm10,3231,6347,35132.20,6963,214,238,268,3017,6109,6695,D3,B10,A8,39,22,8
46_87_89,all-well,hg38,3435,6344,35115.59,6993,3406,6315,6960,29,29,33,D10,H3,H5,46,87,89
19_13_45,all-well,mm10,2898,6344,35115.59,6997,109,116,127,2789,6228,6870,B7,B1,D9,19,13,45
46_76_32,all-well,mm10,3194,6343,35110.06,7000,52,54,63,3142,6289,6937,D10,G4,C8,46,76,32
09_67_39,all-well,hg38,3410,6343,35110.06,7003,3383,6313,6973,27,30,30,A9,F7,D3,9,67,39
43_39_18,all-well,mm10,3058,6341,35098.99,6909,80,84,90,2978,6257,6819,D7,D3,B6,43,39,18
30_26_59,all-well,hg38,3483,6340,35093.45,6985,3440,6295,6936,43,45,49,C6,C2,E11,30,26,59
14_24_02,all-well,hg38,3639,6340,35093.45,6961,3614,6312,6932,25,28,29,B2,B12,A2,14,24,2
42_73_74,all-well,hg38,3396,6339,35087.92,6983,3360,6301,6942,36,38,41,D6,G1,G2,42,73,74
43_87_50,all-well,hg38,3675,6339,35087.92,6984,3632,6292,6934,43,47,50,D7,H3,E2,43,87,50
16_82_83,all-well,hg38,3419,6338,35082.38,6941,3385,6298,6898,34,40,43,B4,G10,G11,16,82,83
41_15_27,all-well,mm10,3086,6338,35082.38,6913,58,59,64,3028,6279,6849,D5,B3,C3,41,15,27
04_27_01,all-well,hg38,3423,6337,35076.85,6959,3387,6299,6920,36,38,39,A4,C3,A1,4,27,1
47_70_67,all-well,mm10,3112,6337,35076.85,6983,49,49,49,3063,6288,6934,D11,F10,F7,47,70,67
39_02_71,all-well,mm10,3186,6336,35071.31,6942,49,53,55,3137,6283,6887,D3,A2,F11,39,2,71
16_29_36,all-well,hg38,3365,6336,35071.31,6937,3320,6290,6889,45,46,48,B4,C5,C12,16,29,36
21_74_73,all-well,hg38,3287,6335,35065.78,6993,3255,6303,6960,32,32,33,B9,G2,G1,21,74,73
36_20_39,all-well,mm10,3110,6334,35060.24,6960,53,60,64,3057,6274,6896,C12,B8,D3,36,20,39
43_65_61,all-well,mm10,3130,6333,35054.71,6970,45,45,45,3085,6288,6925,D7,F5,F1,43,65,61
27_36_50,all-well,hg38,3395,6332,35049.17,6991,3299,6224,6874,96,108,117,C3,C12,E2,27,36,50
41_73_59,all-well,mm10,3104,6332,35049.17,6915,46,49,49,3058,6283,6866,D5,G1,E11,41,73,59
14_15_59,all-well,hg38,3543,6332,35049.17,6960,3501,6290,6915,42,42,45,B2,B3,E11,14,15,59
19_38_33,all-well,hg38,3470,6331,35043.64,6964,3419,6278,6907,51,53,57,B7,D2,C9,19,38,33
26_82_29,all-well,hg38,3582,6331,35043.64,6938,3551,6294,6900,31,37,38,C2,G10,C5,26,82,29
04_78_06,all-well,hg38,3551,6331,35043.64,6982,3510,6286,6935,41,45,47,A4,G6,A6,4,78,6
18_58_44,all-well,hg38,3453,6330,35038.10,6960,3422,6297,6924,31,33,36,B6,E10,D8,18,58,44
15_64_07,all-well,mm10,3167,6330,35038.10,6947,122,128,142,3045,6202,6805,B3,F4,A7,15,64,7
04_95_45,all-well,hg38,3474,6328,35027.03,6991,3442,6293,6956,32,35,35,A4,H11,D9,4,95,45
39_39_09,all-well,hg38,3307,6327,35021.49,6975,3268,6288,6934,39,39,41,D3,D3,A9,39,39,9
46_62_76,all-well,hg38,3307,6324,35004.89,6976,3278,6295,6944,29,29,32,D10,F2,G4,46,62,76
13_62_74,all-well,hg38,3564,6323,34999.35,6927,3456,6206,6792,108,117,135,B1,F2,G2,13,62,74
36_37_49,all-well,mm10,3083,6321,34988.28,6902,58,63,65,3025,6258,6837,C12,D1,E1,36,37,49
10_63_91,all-well,mm10,3262,6320,34982.75,6967,58,60,64,3204,6260,6903,A10,F3,H7,10,63,91
01_65_06,all-well,hg38,3483,6320,34982.75,6982,3441,6270,6932,42,50,50,A1,F5,A6,1,65,6
14_10_05,all-well,hg38,3458,6319,34977.21,6974,3434,6293,6947,24,26,27,B2,A10,A5,14,10,5
04_59_52,all-well,hg38,3450,6317,34966.14,6951,3421,6288,6919,29,29,32,A4,E11,E4,4,59,52
12_55_04,all-well,mm10,3162,6316,34960.61,6921,48,48,49,3114,6268,6872,A12,E7,A4,12,55,4
11_62_74,all-well,hg38,3481,6316,34960.61,6984,3449,6284,6951,32,32,33,A11,F2,G2,11,62,74
41_60_62,all-well,hg38,3396,6314,34949.54,7000,3356,6265,6950,40,49,50,D5,E12,F2,41,60,62
42_19_96,all-well,mm10,3226,6313,34944.00,6982,348,412,445,2878,5901,6537,D6,B7,H12,42,19,96
35_90_76,all-well,mm10,3170,6312,34938.47,7015,63,69,76,3107,6243,6939,C11,H6,G4,35,90,76
03_73_03,all-well,hg38,3606,6312,34938.47,6965,3548,6250,6895,58,62,70,A3,G1,A3,3,73,3
20_28_06,all-well,mm10,3097,6311,34932.93,6959,57,66,70,3040,6245,6889,B8,C4,A6,20,28,6
14_09_11,all-well,hg38,3109,6311,34932.93,7025,3058,6258,6967,51,53,58,B2,A9,A11,14,9,11
28_66_01,all-well,mm10,3170,6310,34927.40,6937,68,69,70,3102,6241,6867,C4,F6,A1,28,66,1
05_06_89,all-well,hg38,3462,6309,34921.86,6967,3426,6273,6929,36,36,38,A5,A6,H5,5,6,89
48_29_62,all-well,mm10,3134,6308,34916.32,7001,50,50,55,3084,6258,6946,D12,C5,F2,48,29,62
45_19_61,all-well,hg38,3743,6306,34905.25,6945,3662,6215,6845,81,91,100,D9,B7,F1,45,19,61
36_11_02,all-well,mm10,2875,6304,34894.18,6908,72,74,77,2803,6230,6831,C12,A11,A2,36,11,2
15_41_25,all-well,hg38,3539,6304,34894.18,6913,3478,6236,6838,61,68,75,B3,D5,C1,15,41,25
26_51_75,all-well,hg38,3441,6304,34894.18,6983,3385,6247,6922,56,57,61,C2,E3,G3,26,51,75
11_31_09,all-well,hg38,3395,6303,34888.65,6970,3359,6267,6933,36,36,37,A11,C7,A9,11,31,9
18_02_06,all-well,hg38,3412,6303,34888.65,6922,3385,6276,6893,27,27,29,B6,A2,A6,18,2,6
13_76_11,all-well,hg38,3564,6302,34883.11,6944,3516,6254,6894,48,48,50,B1,G4,A11,13,76,11
15_40_24,all-well,mm10,3130,6300,34872.04,6890,49,50,55,3081,6250,6835,B3,D4,B12,15,40,24
48_05_70,all-well,mm10,3167,6300,34872.04,6936,49,50,53,3118,6250,6883,D12,A5,F10,48,5,70
36_49_83,all-well,mm10,2985,6298,34860.97,6884,64,64,68,2921,6234,6816,C12,E1,G11,36,49,83
26_10_58,all-well,mm10,3059,6298,34860.97,6912,75,76,78,2984,6222,6834,C2,A10,E10,26,10,58
07_01_08,all-well,mm10,2964,6298,34860.97,6923,72,78,82,2892,6220,6841,A7,A1,A8,7,1,8
01_94_22,all-well,hg38,3472,6296,34849.90,6959,3429,6252,6915,43,44,44,A1,H10,B10,1,94,22
10_10_16,all-well,hg38,3484,6296,34849.90,6937,3446,6258,6897,38,38,40,A10,A10,B4,10,10,16
23_14_82,all-well,hg38,3429,6296,34849.90,6937,3396,6262,6897,33,34,40,B11,B2,G10,23,14,82
42_78_50,all-well,hg38,3575,6296,34849.90,7008,3559,6279,6990,16,17,18,D6,G6,E2,42,78,50
47_63_47,all-well,hg38,3527,6295,34844.37,6951,3427,6178,6823,100,117,128,D11,F3,D11,47,63,47
32_62_67,all-well,hg38,3730,6295,34844.37,6946,3682,6243,6891,48,52,55,C8,F2,F7,32,62,67
39_17_88,all-well,mm10,3127,6293,34833.30,6921,77,77,85,3050,6216,6836,D3,B5,H4,39,17,88
19_33_07,all-well,mm10,3147,6292,34827.76,6916,63,64,66,3084,6228,6850,B7,C9,A7,19,33,7
47_13_89,all-well,hg38,3533,6292,34827.76,6924,3494,6247,6878,39,45,46,D11,B1,H5,47,13,89
13_05_60,all-well,hg38,3502,6291,34822.23,6888,3456,6245,6836,46,46,52,B1,A5,E12,13,5,60
46_13_93,all-well,hg38,3416,6290,34816.69,6910,3361,6233,6845,55,57,65,D10,B1,H9,46,13,93
12_41_83,all-well,mm10,2960,6290,34816.69,6941,44,46,52,2916,6244,6889,A12,D5,G11,12,41,83
28_62_55,all-well,hg38,3290,6289,34811.15,6892,3251,6249,6850,39,40,42,C4,F2,E7,28,62,55
13_88_63,all-well,hg38,3557,6285,34789.01,6903,3505,6231,6847,52,54,56,B1,H4,F3,13,88,63
41_31_04,all-well,mm10,3146,6284,34783.48,6924,56,58,62,3090,6226,6862,D5,C7,A4,41,31,4
04_07_59,all-well,hg38,3444,6284,34783.48,6933,3398,6231,6877,46,53,56,A4,A7,E11,4,7,59
32_30_81,all-well,hg38,3443,6283,34777.94,6866,3411,6251,6832,32,32,34,C8,C6,G9,32,30,81
07_66_48,all-well,hg38,3484,6283,34777.94,6866,3454,6250,6832,30,33,34,A7,F6,D12,7,66,48
13_75_84,all-well,hg38,3450,6282,34772.41,6893,3383,6213,6812,67,69,81,B1,G3,G12,13,75,84
02_14_18,all-well,hg38,3465,6282,34772.41,6949,3407,6224,6890,58,58,59,A2,B2,B6,2,14,18
29_73_43,all-well,mm10,3202,6280,34761.34,6955,88,95,107,3114,6185,6848,C5,G1,D7,29,73,43
47_76_36,all-well,hg38,3455,6280,34761.34,6953,3407,6225,6898,48,55,55,D11,G4,C12,47,76,36
30_28_87,all-well,mm10,3180,6274,34728.13,6904,58,60,64,3122,6214,6840,C6,C4,H3,30,28,87
18_31_47,all-well,mm10,3116,6273,34722.59,6870,54,55,59,3062,6218,6811,B6,C7,D11,18,31,47
40_09_84,all-well,hg38,3437,6273,34722.59,6933,3389,6219,6873,48,54,60,D4,A9,G12,40,9,84
22_57_24,all-well,hg38,3527,6272,34717.06,6891,3478,6222,6840,49,50,51,B10,E9,B12,22,57,24
28_12_76,all-well,hg38,3414,6270,34705.99,6881,3360,6216,6826,54,54,55,C4,A12,G4,28,12,76
02_75_95,all-well,hg38,3612,6269,34700.45,6947,3582,6238,6916,30,31,31,A2,G3,H11,2,75,95
36_64_88,all-well,hg38,3421,6267,34689.38,6931,3392,6236,6899,29,31,32,C12,F4,H4,36,64,88
19_16_88,all-well,hg38,3288,6266,34683.84,6920,3259,6236,6887,29,30,33,B7,B4,H4,19,16,88
02_63_53,all-well,hg38,3461,6265,34678.31,6915,3417,6220,6865,44,45,50,A2,F3,E5,2,63,53
12_91_34,all-well,mm10,2981,6264,34672.77,6899,53,55,58,2928,6209,6841,A12,H7,C10,12,91,34
38_10_80,all-well,mm10,3175,6263,34667.24,6889,68,70,77,3107,6193,6812,D2,A10,G8,38,10,80
25_48_32,all-well,mm10,3204,6262,34661.70,6890,200,222,250,3004,6040,6640,C1,D12,C8,25,48,32
23_71_37,all-well,hg38,3488,6261,34656.17,6908,3436,6209,6856,52,52,52,B11,F11,D1,23,71,37
01_43_58,all-well,mm10,3177,6261,34656.17,6865,73,76,85,3104,6185,6780,A1,D7,E10,1,43,58
40_64_49,all-well,mm10,3135,6260,34650.63,6877,86,89,95,3049,6171,6782,D4,F4,E1,40,64,49
19_26_93,all-well,hg38,3438,6260,34650.63,6877,3354,6170,6776,84,90,101,B7,C2,H9,19,26,93
22_61_24,all-well,hg38,3347,6259,34645.10,6919,3306,6218,6877,41,41,42,B10,F1,B12,22,61,24
34_32_34,all-well,mm10,3250,6259,34645.10,6838,70,76,79,3180,6183,6759,C10,C8,C10,34,32,34
34_84_78,all-well,hg38,3414,6258,34639.56,6922,3358,6200,6860,56,58,62,C10,G12,G6,34,84,78
09_75_20,all-well,mm10,3060,6258,34639.56,6918,78,79,86,2982,6179,6832,A9,G3,B8,9,75,20
48_71_17,all-well,mm10,3189,6256,34628.49,6860,74,79,82,3115,6177,6778,D12,F11,B5,48,71,17
08_44_76,all-well,hg38,3400,6255,34622.96,6881,3368,6220,6845,32,35,36,A8,D8,G4,8,44,76
25_13_62,all-well,hg38,3517,6254,34617.42,6916,3403,6131,6776,114,123,140,C1,B1,F2,25,13,62
07_50_47,all-well,hg38,3416,6254,34617.42,6955,3373,6208,6906,43,46,49,A7,E2,D11,7,50,47
24_77_64,all-well,mm10,3218,6253,34611.89,6887,37,41,48,3181,6212,6839,B12,G5,F4,24,77,64
19_70_94,all-well,mm10,3233,6249,34589.75,6900,120,127,135,3113,6122,6765,B7,F10,H10,19,70,94
45_90_63,all-well,hg38,3712,6249,34589.75,6830,3627,6149,6726,85,100,104,D9,H6,F3,45,90,63
47_91_08,all-well,hg38,3426,6248,34584.21,6902,3387,6205,6857,39,43,45,D11,H7,A8,47,91,8
20_92_04,all-well,hg38,3319,6248,34584.21,6847,3287,6212,6808,32,36,39,B8,H8,A4,20,92,4
01_30_19,all-well,hg38,3579,6247,34578.67,6865,3547,6215,6833,32,32,32,A1,C6,B7,1,30,19
40_62_17,all-well,hg38,3529,6247,34578.67,6883,3490,6207,6837,39,40,46,D4,F2,B5,40,62,17
39_87_67,all-well,mm10,3098,6246,34573.14,6918,199,214,233,2899,6032,6685,D3,H3,F7,39,87,67
21_91_50,all-well,hg38,3306,6245,34567.60,6920,3285,6224,6897,21,21,23,B9,H7,E2,21,91,50
10_59_10,all-well,hg38,3566,6245,34567.60,6951,3523,6200,6904,43,45,47,A10,E11,A10,10,59,10
07_28_02,all-well,mm10,2984,6244,34562.07,6893,77,81,83,2907,6163,6810,A7,C4,A2,7,28,2
31_26_20,all-well,hg38,3458,6243,34556.53,6888,3411,6195,6837,47,48,51,C7,C2,B8,31,26,20
29_39_53,all-well,hg38,3600,6241,34545.46,6848,3579,6219,6826,21,22,22,C5,D3,E5,29,39,53
19_70_58,all-well,mm10,3159,6240,34539.93,6842,56,58,63,3103,6182,6779,B7,F10,E10,19,70,58
42_15_39,all-well,mm10,3176,6240,34539.93,6831,59,65,70,3117,6175,6761,D6,B3,D3,42,15,39
03_13_44,all-well,hg38,3673,6240,34539.93,6860,3612,6173,6792,61,67,68,A3,B1,D8,3,13,44
33_20_45,all-well,hg38,3510,6239,34534.39,6890,3455,6182,6833,55,57,57,C9,B8,D9,33,20,45
23_78_33,all-well,hg38,3476,6239,34534.39,6908,3437,6196,6862,39,43,46,B11,G6,C9,23,78,33
37_59_58,all-well,mm10,2903,6238,34528.86,6873,62,64,70,2841,6174,6803,D1,E11,E10,37,59,58
36_39_25,all-well,mm10,3027,6238,34528.86,6832,56,73,74,2971,6165,6758,C12,D3,C1,36,39,25
07_07_25,all-well,mm10,3109,6238,34528.86,6840,85,89,93,3024,6149,6747,A7,A7,C1,7,7,25
16_81_62,all-well,hg38,3365,6237,34523.32,6868,3331,6202,6830,34,35,38,B4,G9,F2,16,81,62
02_39_45,all-well,hg38,3346,6236,34517.79,6892,3305,6192,6844,41,44,48,A2,D3,D9,2,39,45
43_19_08,all-well,mm10,3344,6235,34512.25,6871,358,416,460,2986,5819,6411,D7,B7,A8,43,19,8
29_33_74,all-well,hg38,3358,6234,34506.72,6850,3334,6209,6825,24,25,25,C5,C9,G2,29,33,74
27_11_66,all-well,hg38,3506,6234,34506.72,6862,3461,6184,6810,45,50,52,C3,A11,F6,27,11,66
34_50_91,all-well,mm10,3157,6233,34501.18,6869,86,93,100,3071,6140,6769,C10,E2,H7,34,50,91
12_61_49,all-well,mm10,3061,6233,34501.18,6836,49,51,53,3012,6182,6783,A12,F1,E1,12,61,49
40_21_47,all-well,hg38,3570,6232,34495.65,6861,3529,6188,6817,41,44,44,D4,B9,D11,40,21,47
06_26_33,all-well,hg38,3463,6232,34495.65,6841,3426,6192,6799,37,40,42,A6,C2,C9,6,26,33
31_04_19,all-well,mm10,2754,6232,34495.65,6884,54,56,60,2700,6176,6824,C7,A4,B7,31,4,19
22_23_08,all-well,hg38,3471,6231,34490.11,6845,3406,6150,6757,65,81,88,B10,B11,A8,22,23,8
04_48_95,all-well,hg38,3530,6230,34484.58,6856,3488,6185,6810,42,45,46,A4,D12,H11,4,48,95
29_02_04,all-well,hg38,3376,6230,34484.58,6901,3348,6200,6870,28,30,31,C5,A2,A4,29,2,4
33_40_03,all-well,hg38,3508,6229,34479.04,6883,3478,6199,6851,30,30,32,C9,D4,A3,33,40,3
02_15_88,all-well,hg38,3402,6229,34479.04,6870,3378,6205,6844,24,24,26,A2,B3,H4,2,15,88
02_50_90,all-well,hg38,3445,6228,34473.50,6877,3409,6190,6837,36,38,40,A2,E2,H6,2,50,90
41_88_65,all-well,mm10,3058,6228,34473.50,6832,60,62,63,2998,6166,6769,D5,H4,F5,41,88,65
18_45_18,all-well,hg38,3551,6227,34467.97,6865,3516,6188,6825,35,39,40,B6,D9,B6,18,45,18
28_36_70,all-well,mm10,3189,6224,34451.36,6863,59,59,66,3130,6165,6797,C4,C12,F10,28,36,70
07_01_15,all-well,mm10,3074,6224,34451.36,6833,66,68,72,3008,6156,6761,A7,A1,B3,7,1,15
16_43_23,all-well,mm10,2989,6224,34451.36,6831,64,70,73,2925,6154,6758,B4,D7,B11,16,43,23
09_95_09,all-well,mm10,3059,6223,34445.83,6828,74,82,86,2985,6141,6742,A9,H11,A9,9,95,9
39_63_68,all-well,mm10,3282,6223,34445.83,6888,177,190,206,3105,6033,6682,D3,F3,F8,39,63,68
44_43_10,all-well,mm10,3114,6222,34440.29,6859,69,72,77,3045,6150,6782,D8,D7,A10,44,43,10
01_09_50,all-well,mm10,3003,6222,34440.29,6841,57,59,62,2946,6163,6779,A1,A9,E2,1,9,50
10_60_11,all-well,hg38,3549,6222,34440.29,6864,3521,6192,6832,28,30,32,A10,E12,A11,10,60,11
07_13_15,all-well,mm10,3187,6220,34429.22,6861,133,142,147,3054,6078,6714,A7,B1,B3,7,13,15
19_69_11,all-well,mm10,3137,6220,34429.22,6821,110,118,128,3027,6102,6693,B7,F9,A11,19,69,11
15_96_95,all-well,hg38,3315,6220,34429.22,6839,3291,6195,6814,24,25,25,B3,H12,H11,15,96,95
34_41_71,all-well,mm10,3070,6217,34412.62,6811,52,53,57,3018,6164,6754,C10,D5,F11,34,41,71
02_37_17,all-well,hg38,3391,6216,34407.08,6872,3365,6188,6843,26,28,29,A2,D1,B5,2,37,17
01_17_31,all-well,hg38,3464,6215,34401.55,6825,3413,6163,6769,51,52,56,A1,B5,C7,1,17,31
19_72_59,all-well,mm10,3098,6215,34401.55,6867,72,73,76,3026,6142,6791,B7,F12,E11,19,72,59
04_78_84,all-well,hg38,3454,6214,34396.01,6849,3429,6184,6816,25,30,33,A4,G6,G12,4,78,84
32_32_50,all-well,mm10,3104,6212,34384.94,6814,103,110,119,3001,6102,6695,C8,C8,E2,32,32,50
19_17_01,all-well,mm10,3149,6210,34373.87,6862,175,192,207,2974,6018,6655,B7,B5,A1,19,17,1
10_04_58,all-well,mm10,3158,6210,34373.87,6812,50,51,51,3108,6159,6761,A10,A4,E10,10,4,58
29_42_29,all-well,mm10,3061,6209,34368.34,6848,50,51,56,3011,6158,6792,C5,D6,C5,29,42,29
44_19_58,all-well,mm10,3086,6208,34362.80,6823,61,62,64,3025,6146,6759,D8,B7,E10,44,19,58
36_18_48,all-well,mm10,3023,6208,34362.80,6818,64,70,76,2959,6138,6742,C12,B6,D12,36,18,48
15_28_63,all-well,hg38,3215,6208,34362.80,6821,3149,6136,6742,66,72,79,B3,C4,F3,15,28,63
16_28_89,all-well,mm10,3031,6207,34357.26,6803,162,169,177,2869,6038,6626,B4,C4,H5,16,28,89
08_13_82,all-well,mm10,2887,6206,34351.73,6834,46,47,48,2841,6159,6786,A8,B1,G10,8,13,82
46_79_49,all-well,mm10,3074,6206,34351.73,6834,70,75,76,3004,6131,6758,D10,G7,E1,46,79,49
34_06_67,all-well,mm10,3007,6205,34346.19,6805,49,51,54,2958,6154,6751,C10,A6,F7,34,6,67
21_74_70,all-well,hg38,3358,6205,34346.19,6813,3328,6174,6780,30,31,33,B9,G2,F10,21,74,70
19_29_54,all-well,mm10,3102,6205,34346.19,6880,110,119,135,2992,6086,6745,B7,C5,E6,19,29,54
11_45_81,all-well,hg38,3400,6205,34346.19,6867,3372,6176,6838,28,29,29,A11,D9,G9,11,45,81
07_88_56,all-well,hg38,3124,6203,34335.12,6829,3080,6157,6778,44,46,51,A7,H4,E8,7,88,56
30_96_23,all-well,hg38,3070,6202,34329.59,6842,3038,6170,6809,32,32,33,C6,H12,B11,30,96,23
16_61_96,all-well,hg38,3156,6202,34329.59,6856,3125,6169,6820,31,33,36,B4,F1,H12,16,61,96
36_41_70,all-well,mm10,3008,6201,34324.05,6756,74,77,80,2934,6124,6676,C12,D5,F10,36,41,70
35_54_89,all-well,hg38,3480,6200,34318.52,6833,3435,6152,6781,45,48,52,C11,E6,H5,35,54,89
18_19_60,all-well,hg38,3394,6198,34307.45,6835,3361,6163,6796,33,35,39,B6,B7,E12,18,19,60
05_46_69,all-well,mm10,3159,6198,34307.45,6833,96,100,105,3063,6098,6728,A5,D10,F9,5,46,69
45_35_08,all-well,hg38,3597,6198,34307.45,6756,3483,6066,6618,114,132,138,D9,C11,A8,45,35,8
30_60_37,all-well,mm10,3150,6198,34307.45,6802,41,42,44,3109,6156,6758,C6,E12,D1,30,60,37
46_95_68,all-well,hg38,3362,6198,34307.45,6851,3306,6138,6787,56,60,64,D10,H11,F8,46,95,68
01_65_17,all-well,hg38,3482,6195,34290.84,6827,3447,6157,6788,35,38,39,A1,F5,B5,1,65,17
42_91_04,all-well,hg38,3458,6194,34285.31,6844,3426,6162,6811,32,32,33,D6,H7,A4,42,91,4
01_68_79,all-well,hg38,3388,6193,34279.77,6817,3347,6149,6771,41,44,46,A1,F8,G7,1,68,79
07_75_76,all-well,hg38,3544,6193,34279.77,6868,3502,6149,6822,42,44,46,A7,G3,G4,7,75,76
35_19_74,all-well,hg38,3684,6192,34274.24,6791,3515,6001,6579,169,191,212,C11,B7,G2,35,19,74
02_80_69,all-well,mm10,3081,6188,34252.10,6794,48,49,52,3033,6139,6742,A2,G8,F9,2,80,69
12_31_49,all-well,mm10,3280,6185,34235.49,6781,68,71,77,3212,6114,6704,A12,C7,E1,12,31,49
02_42_72,all-well,hg38,3614,6184,34229.95,6803,3580,6150,6765,34,34,38,A2,D6,F12,2,42,72
17_11_21,all-well,mm10,3100,6183,34224.42,6775,62,67,70,3038,6116,6705,B5,A11,B9,17,11,21
07_61_25,all-well,hg38,3379,6182,34218.88,6816,3328,6128,6758,51,54,58,A7,F1,C1,7,61,25
06_70_24,all-well,hg38,3294,6180,34207.81,6820,3213,6089,6714,81,91,106,A6,F10,B12,6,70,24
26_09_68,all-well,mm10,3150,6177,34191.21,6804,76,77,83,3074,6100,6721,C2,A9,F8,26,9,68
05_51_73,all-well,mm10,3140,6176,34185.67,6784,75,80,85,3065,6096,6699,A5,E3,G1,5,51,73
36_53_16,all-well,mm10,3107,6173,34169.07,6783,49,50,52,3058,6123,6731,C12,E5,B4,36,53,16
15_36_39,all-well,hg38,3398,6172,34163.53,6806,3348,6121,6752,50,51,54,B3,C12,D3,15,36,39
26_71_08,all-well,mm10,3018,6172,34163.53,6775,62,66,69,2956,6106,6706,C2,F11,A8,26,71,8
44_53_40,all-well,mm10,3045,6170,34152.46,6807,43,45,50,3002,6125,6757,D8,E5,D4,44,53,40
40_62_10,all-well,hg38,3399,6170,34152.46,6825,3351,6116,6765,48,54,60,D4,F2,A10,40,62,10
23_09_29,all-well,hg38,3367,6169,34146.93,6824,3335,6137,6791,32,32,33,B11,A9,C5,23,9,29
35_72_20,all-well,mm10,3092,6167,34135.85,6819,46,46,49,3046,6121,6770,C11,F12,B8,35,72,20
25_57_37,all-well,mm10,3009,6167,34135.85,6818,71,74,82,2938,6093,6736,C1,E9,D1,25,57,37
19_74_49,all-well,hg38,3419,6167,34135.85,6778,3373,6117,6726,46,50,52,B7,G2,E1,19,74,49
08_68_82,all-well,mm10,3013,6164,34119.25,6829,74,77,83,2939,6087,6746,A8,F8,G10,8,68,82
05_69_37,all-well,hg38,3496,6163,34113.71,6826,3442,6107,6765,54,56,61,A5,F9,D1,5,69,37
28_76_77,all-well,hg38,3378,6163,34113.71,6750,3356,6138,6722,22,25,28,C4,G4,G5,28,76,77
32_11_09,all-well,mm10,3157,6162,34108.18,6764,53,56,58,3104,6106,6706,C8,A11,A9,32,11,9
42_41_06,all-well,mm10,3004,6162,34108.18,6794,50,55,60,2954,6107,6734,D6,D5,A6,42,41,6
39_75_14,all-well,mm10,3170,6162,34108.18,6773,129,136,151,3041,6026,6622,D3,G3,B2,39,75,14
22_29_83,all-well,mm10,3131,6160,34097.11,6789,51,52,58,3080,6108,6731,B10,C5,G11,22,29,83
26_03_67,all-well,mm10,2966,6159,34091.57,6750,70,73,74,2896,6086,6676,C2,A3,F7,26,3,67
36_14_67,all-well,mm10,3126,6157,34080.50,6734,60,60,65,3066,6097,6669,C12,B2,F7,36,14,67
46_32_66,all-well,hg38,3415,6156,34074.97,6780,3384,6124,6747,31,32,33,D10,C8,F6,46,32,66
08_13_93,all-well,hg38,3511,6155,34069.43,6755,3468,6108,6704,43,47,51,A8,B1,H9,8,13,93
12_19_26,all-well,hg38,3264,6155,34069.43,6795,3236,6125,6763,28,30,32,A12,B7,C2,12,19,26
14_24_13,all-well,mm10,3170,6154,34063.90,6809,65,65,66,3105,6089,6743,B2,B12,B1,14,24,13
05_20_51,all-well,hg38,3471,6153,34058.36,6818,3440,6122,6785,31,31,33,A5,B8,E3,5,20,51
19_31_50,all-well,hg38,3417,6153,34058.36,6803,3378,6110,6758,39,43,45,B7,C7,E2,19,31,50
21_42_04,all-well,mm10,3121,6153,34058.36,6726,56,60,66,3065,6093,6660,B9,D6,A4,21,42,4
19_15_11,all-well,hg38,3229,6151,34047.29,6804,3187,6107,6757,42,44,47,B7,B3,A11,19,15,11
21_69_33,all-well,hg38,3314,6150,34041.76,6783,3297,6133,6766,17,17,17,B9,F9,C9,21,69,33
05_14_07,all-well,hg38,3391,6149,34036.22,6756,3342,6094,6699,49,55,57,A5,B2,A7,5,14,7
45_74_69,all-well,hg38,3681,6149,34036.22,6754,3617,6080,6677,64,69,77,D9,G2,F9,45,74,69
15_78_08,all-well,mm10,2931,6147,34025.15,6741,53,54,58,2878,6093,6683,B3,G6,A8,15,78,8
29_19_23,all-well,mm10,3179,6147,34025.15,6756,72,76,82,3107,6071,6674,C5,B7,B11,29,19,23
10_52_79,all-well,hg38,3572,6146,34019.61,6787,3548,6121,6761,24,25,26,A10,E4,G7,10,52,79
22_78_22,all-well,mm10,3177,6146,34019.61,6771,79,83,91,3098,6063,6680,B10,G6,B10,22,78,22
35_45_77,all-well,hg38,3239,6146,34019.61,6760,3204,6108,6722,35,38,38,C11,D9,G5,35,45,77
12_45_07,all-well,hg38,3454,6145,34014.08,6790,3406,6095,6736,48,50,54,A12,D9,A7,12,45,7
18_29_77,all-well,hg38,3343,6143,34003.01,6811,3320,6118,6785,23,25,26,B6,C5,G5,18,29,77
10_85_31,all-well,hg38,3456,6142,33997.47,6712,3423,6108,6674,33,34,38,A10,H1,C7,10,85,31
23_35_78,all-well,mm10,2976,6141,33991.94,6715,75,78,84,2901,6063,6631,B11,C11,G6,23,35,78
24_82_70,all-well,hg38,3644,6140,33986.40,6734,3608,6104,6697,36,36,37,B12,G10,F10,24,82,70
05_26_78,all-well,mm10,3125,6139,33980.87,6765,80,86,92,3045,6053,6673,A5,C2,G6,5,26,78
40_80_90,all-well,mm10,3049,6138,33975.33,6753,64,66,67,2985,6072,6686,D4,G8,H6,40,80,90
22_82_25,all-well,multiplet,3948,6136,33964.26,6741,1863,2648,2922,2085,3488,3819,B10,G10,C1,22,82,25
29_54_12,all-well,hg38,3444,6136,33964.26,6714,3423,6115,6689,21,21,25,C5,E6,A12,29,54,12
20_03_78,all-well,hg38,3275,6135,33958.73,6747,3249,6109,6720,26,26,27,B8,A3,G6,20,3,78
20_67_40,all-well,mm10,2645,6134,33953.19,6778,58,67,75,2587,6067,6703,B8,F7,D4,20,67,40
44_43_21,all-well,hg38,3527,6133,33947.66,6755,3490,6094,6714,37,39,41,D8,D7,B9,44,43,21
31_06_27,all-well,mm10,3025,6132,33942.12,6773,58,60,66,2967,6072,6707,C7,A6,C3,31,6,27
07_25_10,all-well,mm10,3022,6129,33925.52,6728,75,83,87,2947,6046,6641,A7,C1,A10,7,25,10
10_11_05,all-well,mm10,3117,6126,33908.91,6747,52,53,57,3065,6073,6690,A10,A11,A5,10,11,5
13_73_14,all-well,mm10,2941,6126,33908.91,6777,73,77,84,2868,6049,6693,B1,G1,B2,13,73,14
30_48_47,all-well,mm10,2987,6125,33903.37,6726,73,73,76,2914,6052,6650,C6,D12,D11,30,48,47
17_06_90,all-well,hg38,3351,6124,33897.84,6771,3295,6067,6711,56,57,60,B5,A6,H6,17,6,90
36_34_14,all-well,mm10,2904,6121,33881.23,6752,52,59,62,2852,6062,6690,C12,C10,B2,36,34,14
04_47_42,all-well,hg38,3420,6121,33881.23,6742,3391,6091,6712,29,30,30,A4,D11,D6,4,47,42
13_22_68,all-well,mm10,3066,6121,33881.23,6708,99,101,106,2967,6020,6602,B1,B10,F8,13,22,68
28_79_69,all-well,mm10,2689,6120,33875.70,6743,125,134,145,2564,5986,6598,C4,G7,F9,28,79,69
22_79_61,all-well,mm10,3136,6120,33875.70,6694,48,50,53,3088,6070,6641,B10,G7,F1,22,79,61
30_74_61,all-well,hg38,3352,6119,33870.16,6791,3314,6081,6750,38,38,41,C6,G2,F1,30,74,61
27_17_96,all-well,hg38,3213,6119,33870.16,6779,3152,6050,6703,61,69,76,C3,B5,H12,27,17,96
30_16_44,all-well,mm10,2855,6119,33870.16,6742,68,70,74,2787,6049,6668,C6,B4,D8,30,16,44
44_45_84,all-well,hg38,3421,6118,33864.63,6773,3397,6093,6748,24,25,25,D8,D9,G12,44,45,84
12_60_74,all-well,mm10,3083,6114,33842.49,6753,58,61,62,3025,6053,6691,A12,E12,G2,12,60,74
46_54_04,all-well,mm10,2981,6113,33836.95,6782,78,80,88,2903,6033,6694,D10,E6,A4,46,54,4
24_96_54,all-well,hg38,3543,6112,33831.42,6702,3476,6043,6631,67,69,71,B12,H12,E6,24,96,54
41_92_16,all-well,mm10,3106,6111,33825.88,6741,50,53,58,3056,6058,6683,D5,H8,B4,41,92,16
31_41_49,all-well,mm10,2879,6109,33814.81,6704,57,60,62,2822,6049,6642,C7,D5,E1,31,41,49
48_79_44,all-well,mm10,2959,6109,33814.81,6736,53,58,60,2906,6051,6676,D12,G7,D8,48,79,44
15_01_26,all-well,hg38,3457,6109,33814.81,6754,3399,6048,6687,58,61,67,B3,A1,C2,15,1,26
17_37_37,all-well,hg38,3322,6109,33814.81,6744,3293,6078,6708,29,31,36,B5,D1,D1,17,37,37
34_39_41,all-well,hg38,3557,6108,33809.28,6720,3505,6056,6662,52,52,58,C10,D3,D5,34,39,41
01_37_71,all-well,hg38,3320,6106,33798.21,6697,3280,6064,6653,40,42,44,A1,D1,F11,1,37,71
37_31_25,all-well,hg38,3444,6106,33798.21,6713,3373,6028,6629,71,78,84,D1,C7,C1,37,31,25
09_72_52,all-well,mm10,3067,6106,33798.21,6703,46,48,54,3021,6058,6649,A9,F12,E4,9,72,52
12_20_49,all-well,mm10,2899,6104,33787.13,6689,67,71,74,2832,6033,6615,A12,B8,E1,12,20,49
10_49_93,all-well,mm10,3056,6103,33781.60,6698,51,54,58,3005,6049,6640,A10,E1,H9,10,49,93
01_42_71,all-well,hg38,3440,6102,33776.06,6731,3397,6057,6685,43,45,46,A1,D6,F11,1,42,71
12_61_80,all-well,mm10,2947,6102,33776.06,6721,66,70,72,2881,6032,6649,A12,F1,G8,12,61,80
11_39_61,all-well,hg38,3411,6101,33770.53,6700,3381,6069,6665,30,32,35,A11,D3,F1,11,39,61
48_54_52,all-well,mm10,3059,6100,33764.99,6711,65,66,70,2994,6034,6641,D12,E6,E4,48,54,52
41_68_07,all-well,mm10,3100,6099,33759.46,6678,66,66,67,3034,6033,6611,D5,F8,A7,41,68,7
08_43_58,all-well,hg38,3550,6096,33742.85,6719,3513,6056,6677,37,40,42,A8,D7,E10,8,43,58
29_84_93,all-well,hg38,3342,6095,33737.32,6743,3313,6065,6710,29,30,33,C5,G12,H9,29,84,93
04_81_11,all-well,hg38,3367,6094,33731.78,6747,3340,6067,6720,27,27,27,A4,G9,A11,4,81,11
27_25_83,all-well,hg38,3366,6091,33715.18,6717,3333,6057,6680,33,34,37,C3,C1,G11,27,25,83
28_27_20,all-well,mm10,3023,6090,33709.64,6681,197,226,245,2826,5864,6436,C4,C3,B8,28,27,20
15_30_15,all-well,hg38,3528,6088,33698.57,6704,3463,6019,6629,65,69,75,B3,C6,B3,15,30,15
34_80_23,all-well,mm10,3142,6088,33698.57,6722,43,45,48,3099,6043,6674,C10,G8,B11,34,80,23
38_36_02,all-well,mm10,3310,6088,33698.57,6669,361,444,484,2949,5644,6185,D2,C12,A2,38,36,2
01_01_66,all-well,hg38,3513,6088,33698.57,6694,3470,6043,6643,43,45,51,A1,A1,F6,1,1,66
15_81_54,all-well,mm10,3038,6086,33687.50,6671,61,63,67,2977,6023,6604,B3,G9,E6,15,81,54
04_70_85,all-well,hg38,3477,6085,33681.96,6671,3445,6046,6629,32,39,42,A4,F10,H1,4,70,85
41_91_37,all-well,mm10,3003,6085,33681.96,6697,46,46,46,2957,6039,6651,D5,H7,D1,41,91,37
14_35_57,all-well,mm10,2983,6084,33676.43,6713,63,67,70,2920,6017,6643,B2,C11,E9,14,35,57
13_05_30,all-well,mm10,2893,6082,33665.36,6698,53,55,61,2840,6027,6637,B1,A5,C6,13,5,30
32_11_73,all-well,mm10,3122,6082,33665.36,6638,60,61,70,3062,6021,6568,C8,A11,G1,32,11,73
11_29_73,all-well,hg38,3446,6081,33659.82,6721,3412,6045,6685,34,36,36,A11,C5,G1,11,29,73
24_54_70,all-well,hg38,3512,6081,33659.82,6672,3462,6027,6615,50,54,57,B12,E6,F10,24,54,70
07_76_65,all-well,hg38,3251,6080,33654.29,6679,3216,6045,6642,35,35,37,A7,G4,F5,7,76,65
13_65_50,all-well,hg38,3461,6080,33654.29,6679,3426,6045,6643,35,35,36,B1,F5,E2,13,65,50
01_83_32,all-well,hg38,3430,6080,33654.29,6725,3405,6053,6696,25,27,29,A1,G11,C8,1,83,32
29_18_94,all-well,hg38,3240,6079,33648.75,6696,3211,6050,6663,29,29,33,C5,B6,H10,29,18,94
25_24_36,all-well,mm10,3040,6079,33648.75,6707,75,80,84,2965,5999,6623,C1,B12,C12,25,24,36
40_04_60,all-well,mm10,3086,6079,33648.75,6651,90,90,95,2996,5989,6556,D4,A4,E12,40,4,60
39_86_95,all-well,mm10,3138,6078,33643.22,6625,129,137,151,3009,5941,6474,D3,H2,H11,39,86,95
15_59_70,all-well,hg38,3268,6076,33632.15,6650,3184,5976,6539,84,100,111,B3,E11,F10,15,59,70
05_88_53,all-well,hg38,3633,6076,33632.15,6682,3586,6027,6628,47,49,54,A5,H4,E5,5,88,53
47_91_15,all-well,mm10,3130,6075,33626.61,6697,53,54,56,3077,6021,6641,D11,H7,B3,47,91,15
32_10_94,all-well,mm10,2802,6074,33621.08,6648,55,57,59,2747,6017,6589,C8,A10,H10,32,10,94
01_51_50,all-well,mm10,2845,6074,33621.08,6669,55,58,63,2790,6016,6606,A1,E3,E2,1,51,50
06_54_27,all-well,mm10,2880,6074,33621.08,6679,76,80,84,2804,5994,6595,A6,E6,C3,6,54,27
10_02_93,all-well,hg38,3569,6074,33621.08,6658,3536,6040,6623,33,34,35,A10,A2,H9,10,2,93
43_79_94,all-well,mm10,2989,6072,33610.01,6674,55,56,59,2934,6016,6615,D7,G7,H10,43,79,94
09_88_01,all-well,hg38,3328,6071,33604.47,6756,3287,6028,6713,41,43,43,A9,H4,A1,9,88,1
40_37_72,all-well,hg38,3427,6071,33604.47,6687,3341,5974,6578,86,97,109,D4,D1,F12,40,37,72
03_75_42,all-well,hg38,3579,6070,33598.94,6667,3529,6013,6609,50,57,58,A3,G3,D6,3,75,42
35_18_37,all-well,mm10,3090,6068,33587.87,6649,101,102,105,2989,5966,6544,C11,B6,D1,35,18,37
24_83_23,all-well,hg38,3575,6066,33576.80,6700,3546,6037,6669,29,29,31,B12,G11,B11,24,83,23
05_40_43,all-well,hg38,3555,6066,33576.80,6697,3527,6035,6662,28,31,35,A5,D4,D7,5,40,43
19_07_66,all-well,mm10,3054,6064,33565.72,6686,91,95,100,2963,5969,6586,B7,A7,F6,19,7,66
01_17_13,all-well,mm10,3077,6064,33565.72,6715,100,105,108,2977,5959,6607,A1,B5,B1,1,17,13
42_28_36,all-well,hg38,3438,6064,33565.72,6623,3359,5977,6534,79,87,89,D6,C4,C12,42,28,36
07_80_93,all-well,mm10,3023,6063,33560.19,6643,53,53,58,2970,6010,6585,A7,G8,H9,7,80,93
20_59_36,all-well,hg38,3317,6062,33554.65,6696,3281,6022,6652,36,40,44,B8,E11,C12,20,59,36
36_95_14,all-well,mm10,3063,6059,33538.05,6657,53,60,64,3010,5999,6593,C12,H11,B2,36,95,14
31_39_90,all-well,mm10,3081,6058,33532.51,6633,88,92,101,2993,5966,6532,C7,D3,H6,31,39,90
38_34_84,all-well,mm10,3115,6058,33532.51,6628,91,101,107,3024,5957,6521,D2,C10,G12,38,34,84
19_06_32,all-well,hg38,3440,6058,33532.51,6694,3387,5997,6626,53,61,68,B7,A6,C8,19,6,32
05_25_31,all-well,hg38,3376,6057,33526.98,6696,3342,6023,6659,34,34,37,A5,C1,C7,5,25,31
46_15_90,all-well,hg38,2923,6056,33521.44,6679,2887,6020,6637,36,36,42,D10,B3,H6,46,15,90
14_23_34,all-well,mm10,3026,6055,33515.91,6642,127,145,157,2899,5910,6485,B2,B11,C10,14,23,34
04_23_17,all-well,mm10,2892,6054,33510.37,6622,63,63,64,2829,5991,6558,A4,B11,B5,4,23,17
24_85_50,all-well,hg38,2277,6053,33504.84,6651,2245,6019,6616,32,34,35,B12,H1,E2,24,85,50
36_44_47,all-well,mm10,3093,6053,33504.84,6608,57,63,71,3036,5990,6537,C12,D8,D11,36,44,47
13_82_42,all-well,mm10,2998,6052,33499.30,6596,84,85,90,2914,5967,6506,B1,G10,D6,13,82,42
02_33_31,all-well,mm10,2953,6052,33499.30,6631,67,70,70,2886,5982,6561,A2,C9,C7,2,33,31
40_82_40,all-well,hg38,3481,6050,33488.23,6628,3440,6003,6577,41,47,51,D4,G10,D4,40,82,40
10_26_31,all-well,hg38,3242,6050,33488.23,6638,3206,6014,6595,36,36,43,A10,C2,C7,10,26,31
12_48_95,all-well,hg38,3407,6050,33488.23,6678,3352,5993,6619,55,57,59,A12,D12,H11,12,48,95
05_42_06,all-well,mm10,3005,6049,33482.70,6656,53,54,55,2952,5995,6601,A5,D6,A6,5,42,6
22_23_79,all-well,mm10,2949,6048,33477.16,6666,62,64,67,2887,5984,6599,B10,B11,G7,22,23,79
09_88_91,all-well,mm10,3029,6047,33471.63,6618,66,70,75,2963,5977,6543,A9,H4,H7,9,88,91
11_34_74,all-well,hg38,3439,6046,33466.09,6669,3399,6004,6627,40,42,42,A11,C10,G2,11,34,74
14_06_52,all-well,hg38,3319,6046,33466.09,6661,3249,5974,6584,70,72,77,B2,A6,E4,14,6,52
31_52_17,all-well,mm10,3028,6044,33455.02,6686,107,115,124,2921,5929,6562,C7,E4,B5,31,52,17
02_94_78,all-well,mm10,3056,6043,33449.48,6601,52,54,57,3004,5989,6544,A2,H10,G6,2,94,78
38_55_36,all-well,hg38,3512,6042,33443.95,6602,3474,6003,6560,38,39,42,D2,E7,C12,38,55,36
08_92_07,all-well,hg38,3360,6040,33432.88,6679,3334,6014,6652,26,26,27,A8,H8,A7,8,92,7
36_83_37,all-well,hg38,3567,6040,33432.88,6666,3520,5986,6611,47,54,55,C12,G11,D1,36,83,37
25_59_91,all-well,hg38,3412,6038,33421.81,6652,3267,5882,6477,145,156,175,C1,E11,H7,25,59,91
22_10_37,all-well,hg38,3307,6038,33421.81,6653,3265,5990,6600,42,48,53,B10,A10,D1,22,10,37
38_42_06,all-well,mm10,3111,6038,33421.81,6593,85,92,101,3026,5946,6492,D2,D6,A6,38,42,6
01_82_73,all-well,mm10,3096,6037,33416.27,6593,56,59,59,3040,5978,6534,A1,G10,G1,1,82,73
31_53_32,all-well,mm10,2888,6036,33410.74,6663,65,66,73,2823,5970,6590,C7,E5,C8,31,53,32
27_50_56,all-well,hg38,3263,6035,33405.20,6660,3230,5999,6624,33,36,36,C3,E2,E8,27,50,56
07_81_95,all-well,mm10,3157,6033,33394.13,6598,58,61,66,3099,5972,6532,A7,G9,H11,7,81,95
14_25_43,all-well,hg38,3411,6033,33394.13,6590,3371,5992,6544,40,41,46,B2,C1,D7,14,25,43
48_64_68,all-well,mm10,2991,6033,33394.13,6703,93,95,104,2898,5938,6599,D12,F4,F8,48,64,68
03_41_58,all-well,hg38,3741,6032,33388.60,6596,3693,5981,6541,48,51,55,A3,D5,E10,3,41,58
35_49_93,all-well,hg38,3287,6030,33377.53,6636,3257,5997,6600,30,33,36,C11,E1,H9,35,49,93
20_26_93,all-well,mm10,3056,6029,33371.99,6680,45,47,48,3011,5982,6632,B8,C2,H9,20,26,93
12_56_36,all-well,hg38,3133,6029,33371.99,6639,3098,5993,6601,35,36,38,A12,E8,C12,12,56,36
33_23_87,all-well,hg38,3353,6029,33371.99,6664,3318,5993,6626,35,36,38,C9,B11,H3,33,23,87
26_23_21,all-well,mm10,3058,6027,33360.92,6611,58,58,62,3000,5969,6549,C2,B11,B9,26,23,21
35_94_15,all-well,mm10,3050,6027,33360.92,6564,52,57,60,2998,5970,6504,C11,H10,B3,35,94,15
36_26_02,all-well,mm10,2916,6023,33338.78,6583,50,52,53,2866,5971,6530,C12,C2,A2,36,26,2
05_71_61,all-well,hg38,3254,6022,33333.24,6639,3212,5979,6592,42,43,47,A5,F11,F1,5,71,61
44_49_89,all-well,hg38,3249,6022,33333.24,6641,3213,5984,6601,36,38,40,D8,E1,H5,44,49,89
13_29_16,all-well,hg38,3591,6022,33333.24,6624,3544,5974,6571,47,48,53,B1,C5,B4,13,29,16
29_67_83,all-well,hg38,3233,6020,33322.17,6632,3207,5993,6603,26,27,29,C5,F7,G11,29,67,83
42_33_32,all-well,mm10,3001,6020,33322.17,6621,77,77,81,2924,5943,6540,D6,C9,C8,42,33,32
38_74_24,all-well,mm10,3111,6020,33322.17,6591,52,53,60,3059,5967,6531,D2,G2,B12,38,74,24
07_54_53,all-well,hg38,3318,6019,33316.64,6642,3267,5964,6576,51,55,66,A7,E6,E5,7,54,53
39_89_58,all-well,hg38,3369,6017,33305.57,6682,3317,5964,6626,52,53,56,D3,H5,E10,39,89,58
30_64_65,all-well,mm10,3076,6017,33305.57,6611,74,76,83,3002,5941,6528,C6,F4,F5,30,64,65
31_71_95,all-well,mm10,3073,6016,33300.03,6616,123,129,137,2950,5887,6479,C7,F11,H11,31,71,95
14_79_23,all-well,mm10,3117,6015,33294.50,6599,79,81,88,3038,5934,6511,B2,G7,B11,14,79,23
07_69_65,all-well,mm10,3046,6014,33288.96,6581,84,87,90,2962,5927,6491,A7,F9,F5,7,69,65
26_32_62,all-well,hg38,3508,6012,33277.89,6663,3467,5971,6616,41,41,47,C2,C8,F2,26,32,62
28_20_13,all-well,hg38,3481,6011,33272.36,6625,3407,5929,6539,74,82,86,C4,B8,B1,28,20,13
48_20_22,all-well,hg38,3436,6011,33272.36,6601,3397,5968,6558,39,43,43,D12,B8,B10,48,20,22
12_27_02,all-well,mm10,3072,6010,33266.82,6563,68,70,72,3004,5940,6491,A12,C3,A2,12,27,2
16_67_74,all-well,mm10,2659,6009,33261.29,6608,74,77,79,2585,5932,6529,B4,F7,G2,16,67,74
20_53_46,all-well,mm10,3044,6007,33250.22,6638,81,90,99,2963,5917,6539,B8,E5,D10,20,53,46
05_15_41,all-well,mm10,2920,6007,33250.22,6612,89,94,99,2831,5913,6513,A5,B3,D5,5,15,41
10_15_67,all-well,mm10,3182,6007,33250.22,6605,40,40,44,3142,5967,6561,A10,B3,F7,10,15,67
37_72_88,all-well,hg38,3420,6006,33244.68,6610,3379,5962,6564,41,44,46,D1,F12,H4,37,72,88
31_91_11,all-well,mm10,2897,6006,33244.68,6616,155,163,187,2742,5843,6429,C7,H7,A11,31,91,11
17_91_18,all-well,mm10,2774,6005,33239.15,6608,47,47,53,2727,5958,6555,B5,H7,B6,17,91,18
19_78_01,all-well,hg38,3164,6004,33233.61,6563,3135,5974,6533,29,30,30,B7,G6,A1,19,78,1
33_83_11,all-well,hg38,3321,6003,33228.07,6623,3292,5974,6588,29,29,35,C9,G11,A11,33,83,11
26_66_46,all-well,hg38,3337,6002,33222.54,6624,3297,5962,6582,40,40,42,C2,F6,D10,26,66,46
01_80_85,all-well,hg38,3126,6001,33217.00,6606,3102,5976,6579,24,25,27,A1,G8,H1,1,80,85
04_57_46,all-well,hg38,3328,6001,33217.00,6623,3306,5976,6598,22,25,25,A4,E9,D10,4,57,46
12_82_38,all-well,mm10,3027,6000,33211.47,6574,55,56,59,2972,5944,6515,A12,G10,D2,12,82,38
14_56_41,all-well,mm10,3090,5996,33189.33,6609,73,83,91,3017,5913,6518,B2,E8,D5,14,56,41
04_52_78,all-well,hg38,3348,5994,33178.26,6581,3294,5933,6516,54,61,65,A4,E4,G6,4,52,78
25_70_71,all-well,hg38,3449,5994,33178.26,6597,3412,5956,6556,37,38,41,C1,F10,F11,25,70,71
08_07_69,all-well,mm10,2780,5993,33172.72,6602,55,56,62,2725,5937,6540,A8,A7,F9,8,7,69
34_05_86,all-well,hg38,3168,5992,33167.19,6593,3127,5950,6550,41,42,43,C10,A5,H2,34,5,86
38_53_89,all-well,mm10,3004,5992,33167.19,6568,49,51,54,2955,5941,6514,D2,E5,H5,38,53,89
09_29_25,all-well,hg38,3410,5991,33161.65,6550,3368,5941,6497,42,50,53,A9,C5,C1,9,29,25
10_27_29,all-well,hg38,3548,5991,33161.65,6603,3528,5970,6581,20,21,22,A10,C3,C5,10,27,29
08_08_55,all-well,hg38,3231,5990,33156.12,6613,3214,5972,6592,17,18,21,A8,A8,E7,8,8,55
41_77_39,all-well,hg38,3202,5989,33150.58,6573,3174,5957,6540,28,32,33,D5,G5,D3,41,77,39
28_17_42,all-well,mm10,3032,5989,33150.58,6598,68,69,71,2964,5920,6527,C4,B5,D6,28,17,42
14_08_43,all-well,mm10,3044,5988,33145.05,6619,50,52,53,2994,5936,6566,B2,A8,D7,14,8,43
11_37_31,all-well,hg38,3454,5986,33133.98,6614,3422,5954,6581,32,32,33,A11,D1,C7,11,37,31
17_61_39,all-well,hg38,3297,5984,33122.91,6593,3271,5957,6565,26,27,28,B5,F1,D3,17,61,39
25_22_38,all-well,mm10,2888,5984,33122.91,6583,161,184,197,2727,5800,6386,C1,B10,D2,25,22,38
30_31_18,all-well,mm10,3078,5983,33117.37,6543,82,85,88,2996,5898,6455,C6,C7,B6,30,31,18
17_34_75,all-well,hg38,3347,5982,33111.83,6630,3317,5952,6600,30,30,30,B5,C10,G3,17,34,75
14_34_51,all-well,mm10,2986,5982,33111.83,6559,53,58,61,2933,5924,6498,B2,C10,E3,14,34,51
45_59_47,all-well,hg38,3651,5981,33106.30,6589,3573,5898,6500,78,83,89,D9,E11,D11,45,59,47
08_60_04,all-well,hg38,3461,5980,33100.76,6623,3430,5947,6588,31,33,35,A8,E12,A4,8,60,4
26_69_68,all-well,hg38,2952,5980,33100.76,6626,2907,5932,6577,45,48,49,C2,F9,F8,26,69,68
32_60_79,all-well,hg38,3432,5980,33100.76,6597,3378,5920,6535,54,60,62,C8,E12,G7,32,60,79
46_91_21,all-well,mm10,2915,5978,33089.69,6566,63,65,69,2852,5913,6497,D10,H7,B9,46,91,21
17_54_28,all-well,mm10,3041,5977,33084.16,6583,70,75,83,2971,5902,6500,B5,E6,C4,17,54,28
06_26_06,all-well,mm10,2997,5975,33073.09,6579,69,73,75,2928,5902,6504,A6,C2,A6,6,26,6
17_22_34,all-well,hg38,3305,5975,33073.09,6554,3266,5936,6515,39,39,39,B5,B10,C10,17,22,34
09_41_80,all-well,mm10,3011,5973,33062.02,6577,84,88,95,2927,5885,6482,A9,D5,G8,9,41,80
39_79_67,all-well,hg38,3234,5971,33050.95,6574,3199,5930,6530,35,41,44,D3,G7,F7,39,79,67
14_79_96,all-well,hg38,3453,5968,33034.34,6590,3400,5910,6528,53,58,62,B2,G7,H12,14,79,96
31_43_22,all-well,hg38,3417,5968,33034.34,6571,3345,5884,6483,72,84,88,C7,D7,B10,31,43,22
33_49_33,all-well,hg38,3421,5967,33028.81,6548,3398,5942,6523,23,25,25,C9,E1,C9,33,49,33
22_51_26,all-well,hg38,3263,5966,33023.27,6613,3192,5894,6538,71,72,75,B10,E3,C2,22,51,26
47_75_10,all-well,hg38,3496,5964,33012.20,6579,3444,5909,6522,52,55,57,D11,G3,A10,47,75,10
44_06_20,all-well,mm10,3004,5963,33006.67,6530,73,75,76,2931,5888,6454,D8,A6,B8,44,6,20
07_73_55,all-well,hg38,3287,5963,33006.67,6616,3245,5920,6569,42,43,47,A7,G1,E7,7,73,55
10_80_18,all-well,mm10,2965,5963,33006.67,6582,60,62,66,2905,5901,6516,A10,G8,B6,10,80,18
29_35_06,all-well,hg38,3394,5960,32990.06,6538,3359,5925,6501,35,35,37,C5,C11,A6,29,35,6
34_90_05,all-well,mm10,3088,5960,32990.06,6577,59,70,75,3029,5890,6502,C10,H6,A5,34,90,5
48_17_77,all-well,mm10,3129,5959,32984.52,6556,59,59,65,3070,5900,6491,D12,B5,G5,48,17,77
08_94_63,all-well,hg38,3249,5958,32978.99,6569,3223,5931,6540,26,27,29,A8,H10,F3,8,94,63
41_05_22,all-well,hg38,3487,5958,32978.99,6588,3441,5909,6536,46,49,52,D5,A5,B10,41,5,22
04_32_18,all-well,mm10,2988,5958,32978.99,6575,63,63,67,2925,5895,6508,A4,C8,B6,4,32,18
14_80_29,all-well,mm10,2960,5957,32973.45,6542,36,36,40,2924,5921,6502,B2,G8,C5,14,80,29
24_60_07,all-well,hg38,3569,5954,32956.85,6577,3538,5923,6540,31,31,37,B12,E12,A7,24,60,7
22_21_61,all-well,hg38,3411,5954,32956.85,6587,3380,5921,6550,31,33,37,B10,B9,F1,22,21,61
25_91_96,all-well,hg38,3255,5953,32951.31,6575,3216,5912,6530,39,41,45,C1,H7,H12,25,91,96
09_38_13,all-well,hg38,3435,5952,32945.78,6578,3374,5886,6510,61,66,68,A9,D2,B1,9,38,13
13_03_74,all-well,hg38,3090,5951,32940.24,6532,3050,5910,6487,40,41,45,B1,A3,G2,13,3,74
02_56_90,all-well,mm10,3039,5951,32940.24,6528,38,38,38,3001,5913,6490,A2,E8,H6,2,56,90
47_69_72,all-well,hg38,3417,5951,32940.24,6506,3395,5927,6481,22,24,25,D11,F9,F12,47,69,72
36_62_69,all-well,mm10,2708,5951,32940.24,6580,60,67,74,2648,5884,6506,C12,F2,F9,36,62,69
32_07_03,all-well,mm10,2971,5950,32934.71,6547,62,62,63,2909,5888,6484,C8,A7,A3,32,7,3
47_41_37,all-well,hg38,3312,5950,32934.71,6581,3280,5917,6541,32,33,40,D11,D5,D1,47,41,37
36_22_79,all-well,mm10,3003,5948,32923.64,6503,64,74,80,2939,5874,6423,C12,B10,G7,36,22,79
15_75_66,all-well,hg38,3418,5948,32923.64,6545,3332,5852,6440,86,96,105,B3,G3,F6,15,75,66
04_42_64,all-well,hg38,3279,5947,32918.10,6532,3250,5915,6498,29,32,34,A4,D6,F4,4,42,64
05_41_80,all-well,hg38,3470,5945,32907.03,6544,3441,5916,6510,29,29,34,A5,D5,G8,5,41,80
19_42_35,all-well,mm10,3133,5945,32907.03,6505,75,77,79,3058,5868,6426,B7,D6,C11,19,42,35
34_55_73,all-well,hg38,3359,5944,32901.50,6507,3326,5908,6469,33,36,38,C10,E7,G1,34,55,73
23_46_66,all-well,mm10,3057,5943,32895.96,6497,45,45,50,3012,5898,6447,B11,D10,F6,23,46,66
05_56_22,all-well,mm10,3017,5940,32879.35,6560,49,54,58,2968,5886,6502,A5,E8,B10,5,56,22
40_46_77,all-well,mm10,2952,5940,32879.35,6514,108,123,129,2844,5817,6385,D4,D10,G5,40,46,77
01_03_80,all-well,hg38,3382,5940,32879.35,6549,3349,5904,6509,33,36,40,A1,A3,G8,1,3,80
01_84_59,all-well,mm10,3070,5938,32868.28,6542,62,66,69,3008,5872,6473,A1,G12,E11,1,84,59
25_15_85,all-well,hg38,3285,5937,32862.75,6525,3258,5908,6494,27,29,31,C1,B3,H1,25,15,85
26_91_09,all-well,mm10,3008,5937,32862.75,6572,64,66,69,2944,5871,6503,C2,H7,A9,26,91,9
41_24_07,all-well,mm10,3145,5937,32862.75,6551,55,58,59,3090,5879,6492,D5,B12,A7,41,24,7
08_20_59,all-well,mm10,2900,5937,32862.75,6539,58,58,62,2842,5879,6477,A8,B8,E11,8,20,59
27_84_83,all-well,hg38,3227,5937,32862.75,6558,3198,5906,6522,29,31,36,C3,G12,G11,27,84,83
20_14_77,all-well,hg38,3324,5936,32857.21,6522,3285,5897,6479,39,39,43,B8,B2,G5,20,14,77
26_19_25,all-well,hg38,3539,5936,32857.21,6563,3516,5913,6538,23,23,25,C2,B7,C1,26,19,25
19_19_08,all-well,hg38,3208,5934,32846.14,6535,3099,5818,6408,109,116,127,B7,B7,A8,19,19,8
24_83_43,all-well,hg38,3277,5934,32846.14,6521,3248,5904,6486,29,30,35,B12,G11,D7,24,83,43
17_49_39,all-well,mm10,3048,5933,32840.61,6475,55,55,59,2993,5878,6416,B5,E1,D3,17,49,39
35_15_08,all-well,hg38,3366,5933,32840.61,6541,3338,5905,6513,28,28,28,C11,B3,A8,35,15,8
19_29_32,all-well,hg38,3379,5932,32835.07,6546,3342,5894,6501,37,38,45,B7,C5,C8,19,29,32
48_12_01,all-well,hg38,3359,5931,32829.54,6540,3311,5877,6483,48,54,57,D12,A12,A1,48,12,1
48_79_26,all-well,hg38,3419,5931,32829.54,6543,3387,5896,6505,32,35,38,D12,G7,C2,48,79,26
26_64_61,all-well,mm10,2986,5930,32824.00,6535,58,59,61,2928,5871,6474,C2,F4,F1,26,64,61
19_74_95,all-well,hg38,3225,5930,32824.00,6515,3181,5884,6465,44,46,50,B7,G2,H11,19,74,95
39_54_08,all-well,hg38,3260,5929,32818.47,6492,3220,5884,6442,40,45,50,D3,E6,A8,39,54,8
30_75_06,all-well,mm10,3140,5929,32818.47,6523,55,55,61,3085,5874,6462,C6,G3,A6,30,75,6
38_10_33,all-well,mm10,3135,5928,32812.93,6448,85,89,96,3050,5839,6352,D2,A10,C9,38,10,33
31_95_94,all-well,hg38,3215,5927,32807.40,6494,3144,5853,6410,71,74,84,C7,H11,H10,31,95,94
15_13_18,all-well,mm10,3065,5927,32807.40,6495,124,133,145,2941,5794,6350,B3,B1,B6,15,13,18
06_15_42,all-well,mm10,3090,5926,32801.86,6473,66,70,72,3024,5856,6401,A6,B3,D6,6,15,42
07_52_61,all-well,mm10,2954,5925,32796.33,6565,62,65,69,2892,5860,6496,A7,E4,F1,7,52,61
12_55_65,all-well,mm10,2971,5923,32785.26,6526,48,56,61,2923,5867,6465,A12,E7,F5,12,55,65
12_59_14,all-well,mm10,3022,5922,32779.72,6501,55,56,60,2967,5866,6441,A12,E11,B2,12,59,14
22_29_19,all-well,mm10,2854,5922,32779.72,6524,81,84,89,2773,5838,6435,B10,C5,B7,22,29,19
25_40_05,all-well,mm10,3080,5921,32774.18,6490,189,200,212,2891,5721,6278,C1,D4,A5,25,40,5
38_45_57,all-well,mm10,3003,5919,32763.11,6499,87,91,99,2916,5828,6400,D2,D9,E9,38,45,57
39_60_71,all-well,mm10,3024,5919,32763.11,6522,56,57,60,2968,5862,6462,D3,E12,F11,39,60,71
34_85_64,all-well,hg38,3370,5918,32757.58,6509,3346,5889,6478,24,29,31,C10,H1,F4,34,85,64
23_07_29,all-well,hg38,3191,5917,32752.04,6539,3153,5877,6498,38,40,41,B11,A7,C5,23,7,29
07_90_73,all-well,mm10,2970,5917,32752.04,6494,54,55,60,2916,5862,6434,A7,H6,G1,7,90,73
36_04_95,all-well,hg38,3413,5916,32746.51,6519,3378,5877,6477,35,39,42,C12,A4,H11,36,4,95
02_68_75,all-well,hg38,3223,5914,32735.44,6481,3191,5882,6449,32,32,32,A2,F8,G3,2,68,75
14_33_27,all-well,mm10,3084,5914,32735.44,6545,77,79,81,3007,5835,6464,B2,C9,C3,14,33,27
48_08_69,all-well,hg38,3237,5913,32729.90,6541,3210,5883,6509,27,30,32,D12,A8,F9,48,8,69
37_48_78,all-well,hg38,3292,5911,32718.83,6535,3234,5851,6464,58,60,71,D1,D12,G6,37,48,78
39_31_02,all-well,mm10,2890,5911,32718.83,6515,52,54,57,2838,5857,6458,D3,C7,A2,39,31,2
10_64_35,all-well,mm10,3036,5911,32718.83,6501,67,69,71,2969,5842,6430,A10,F4,C11,10,64,35
42_40_47,all-well,hg38,3286,5910,32713.30,6483,3243,5864,6435,43,46,48,D6,D4,D11,42,40,47
01_59_64,all-well,mm10,3078,5910,32713.30,6527,41,44,45,3037,5866,6482,A1,E11,F4,1,59,64
48_92_14,all-well,hg38,3574,5910,32713.30,6524,3537,5868,6478,37,42,46,D12,H8,B2,48,92,14
26_73_15,all-well,mm10,3140,5910,32713.30,6460,119,119,130,3021,5791,6330,C2,G1,B3,26,73,15
01_43_27,all-well,mm10,2994,5910,32713.30,6551,146,297,326,2848,5613,6225,A1,D7,C3,1,43,27
42_35_75,all-well,mm10,3090,5909,32707.76,6558,111,116,123,2979,5793,6435,D6,C11,G3,42,35,75
19_10_31,all-well,mm10,3015,5907,32696.69,6453,65,67,69,2950,5840,6384,B7,A10,C7,19,10,31
17_89_17,all-well,hg38,3161,5907,32696.69,6467,3132,5878,6436,29,29,31,B5,H5,B5,17,89,17
09_44_62,all-well,mm10,2976,5906,32691.16,6533,74,77,81,2902,5829,6452,A9,D8,F2,9,44,62
41_92_13,all-well,mm10,2706,5906,32691.16,6543,59,60,64,2647,5846,6479,D5,H8,B1,41,92,13
09_05_01,all-well,hg38,3218,5906,32691.16,6552,3185,5869,6508,33,37,44,A9,A5,A1,9,5,1
13_82_85,all-well,hg38,3320,5903,32674.55,6462,3287,5869,6427,33,34,35,B1,G10,H1,13,82,85
10_95_46,all-well,hg38,3309,5902,32669.02,6575,3291,5884,6556,18,18,19,A10,H11,D10,10,95,46
23_29_90,all-well,hg38,3170,5901,32663.48,6518,3138,5866,6479,32,35,39,B11,C5,H6,23,29,90
17_56_22,all-well,mm10,3018,5901,32663.48,6504,65,67,69,2953,5834,6435,B5,E8,B10,17,56,22
42_23_06,all-well,mm10,2919,5901,32663.48,6464,103,105,109,2816,5796,6355,D6,B11,A6,42,23,6
28_39_25,all-well,mm10,3093,5901,32663.48,6493,124,129,136,2969,5772,6357,C4,D3,C1,28,39,25
09_07_31,all-well,hg38,3396,5900,32657.94,6452,3317,5815,6361,79,85,91,A9,A7,C7,9,7,31
17_96_30,all-well,mm10,2975,5900,32657.94,6481,39,39,41,2936,5861,6440,B5,H12,C6,17,96,30
29_73_54,all-well,hg38,3344,5899,32652.41,6532,3315,5869,6501,29,30,31,C5,G1,E6,29,73,54
13_10_46,all-well,mm10,2983,5897,32641.34,6439,45,46,50,2938,5851,6389,B1,A10,D10,13,10,46
17_11_89,all-well,hg38,3284,5896,32635.80,6474,3162,5766,6332,122,130,142,B5,A11,H5,17,11,89
38_40_62,all-well,hg38,3034,5894,32624.73,6466,2969,5819,6388,65,75,78,D2,D4,F2,38,40,62
19_32_67,all-well,hg38,3257,5893,32619.20,6500,3168,5796,6394,89,97,106,B7,C8,F7,19,32,67
10_73_28,all-well,mm10,2987,5892,32613.66,6487,52,55,58,2935,5837,6429,A10,G1,C4,10,73,28
27_95_29,all-well,hg38,3462,5892,32613.66,6527,3423,5848,6480,39,44,47,C3,H11,C5,27,95,29
27_26_27,all-well,mm10,2756,5892,32613.66,6502,80,86,89,2676,5806,6413,C3,C2,C3,27,26,27
43_24_94,all-well,mm10,2965,5890,32602.59,6469,50,51,54,2915,5839,6415,D7,B12,H10,43,24,94
35_51_41,all-well,hg38,3342,5890,32602.59,6528,3210,5741,6369,132,149,159,C11,E3,D5,35,51,41
01_07_35,all-well,hg38,3253,5889,32597.06,6478,3177,5808,6390,76,81,88,A1,A7,C11,1,7,35
37_84_68,all-well,hg38,3429,5889,32597.06,6481,3381,5832,6418,48,57,63,D1,G12,F8,37,84,68
29_52_10,all-well,hg38,3482,5888,32591.52,6499,3447,5853,6460,35,35,39,C5,E4,A10,29,52,10
12_96_07,all-well,hg38,3268,5885,32574.92,6457,3190,5800,6368,78,85,89,A12,H12,A7,12,96,7
43_52_24,all-well,mm10,3018,5885,32574.92,6473,54,55,60,2964,5830,6413,D7,E4,B12,43,52,24
35_49_23,all-well,hg38,3332,5884,32569.38,6460,3295,5846,6422,37,38,38,C11,E1,B11,35,49,23
24_80_96,all-well,mm10,2913,5882,32558.31,6458,38,40,41,2875,5842,6417,B12,G8,H12,24,80,96
15_73_91,all-well,mm10,2998,5880,32547.24,6429,248,266,293,2750,5614,6136,B3,G1,H7,15,73,91
05_27_53,all-well,hg38,3323,5880,32547.24,6458,3295,5849,6423,28,31,35,A5,C3,E5,5,27,53
03_17_04,all-well,hg38,3569,5880,32547.24,6453,3503,5805,6373,66,75,80,A3,B5,A4,3,17,4
12_96_05,all-well,hg38,3263,5878,32536.17,6447,3226,5840,6406,37,38,41,A12,H12,A5,12,96,5
06_55_31,all-well,hg38,3299,5877,32530.63,6507,3277,5855,6485,22,22,22,A6,E7,C7,6,55,31
46_47_21,all-well,mm10,2958,5877,32530.63,6458,84,91,94,2874,5786,6364,D10,D11,B9,46,47,21
13_56_26,all-well,hg38,3403,5875,32519.56,6507,3376,5848,6479,27,27,28,B1,E8,C2,13,56,26
09_07_39,all-well,mm10,2887,5874,32514.03,6463,62,64,72,2825,5810,6391,A9,A7,D3,9,7,39
17_59_78,all-well,mm10,2999,5874,32514.03,6434,80,87,92,2919,5787,6342,B5,E11,G6,17,59,78
04_01_25,all-well,hg38,3283,5873,32508.49,6453,3245,5834,6413,38,39,40,A4,A1,C1,4,1,25
04_07_90,all-well,hg38,3370,5872,32502.96,6447,3333,5834,6407,37,38,40,A4,A7,H6,4,7,90
19_54_05,all-well,hg38,3366,5872,32502.96,6494,3305,5800,6411,61,72,83,B7,E6,A5,19,54,5
37_56_36,all-well,hg38,3310,5871,32497.42,6456,3278,5837,6422,32,34,34,D1,E8,C12,37,56,36
24_51_66,all-well,mm10,3085,5870,32491.89,6523,67,76,86,3018,5794,6437,B12,E3,F6,24,51,66
39_50_10,all-well,hg38,3506,5870,32491.89,6469,3437,5798,6393,69,72,76,D3,E2,A10,39,50,10
11_76_42,all-well,mm10,3056,5870,32491.89,6427,90,92,97,2966,5778,6330,A11,G4,D6,11,76,42
01_66_35,all-well,mm10,2835,5869,32486.35,6437,74,76,80,2761,5793,6357,A1,F6,C11,1,66,35
34_24_12,all-well,hg38,3537,5869,32486.35,6467,3462,5788,6380,75,81,87,C10,B12,A12,34,24,12
10_48_06,all-well,hg38,3250,5868,32480.82,6482,3227,5845,6458,23,23,24,A10,D12,A6,10,48,6
35_88_88,all-well,hg38,3499,5866,32469.75,6479,3470,5837,6448,29,29,31,C11,H4,H4,35,88,88
21_63_01,all-well,hg38,3216,5863,32453.14,6423,3191,5838,6395,25,25,28,B9,F3,A1,21,63,1
02_46_82,all-well,mm10,2939,5862,32447.61,6405,59,65,69,2880,5797,6336,A2,D10,G10,2,46,82
01_09_42,all-well,hg38,3266,5861,32442.07,6440,3223,5813,6391,43,48,49,A1,A9,D6,1,9,42
28_95_52,all-well,hg38,3137,5860,32436.53,6500,3115,5838,6477,22,22,23,C4,H11,E4,28,95,52
26_09_60,all-well,hg38,3510,5860,32436.53,6454,3479,5829,6422,31,31,32,C2,A9,E12,26,9,60
39_68_30,all-well,mm10,2993,5860,32436.53,6430,90,94,97,2903,5766,6333,D3,F8,C6,39,68,30
34_45_92,all-well,hg38,3483,5859,32431.00,6462,3439,5814,6410,44,45,52,C10,D9,H8,34,45,92
30_95_36,all-well,hg38,3431,5858,32425.46,6486,3404,5829,6457,27,29,29,C6,H11,C12,30,95,36
09_63_41,all-well,mm10,2992,5858,32425.46,6413,49,51,55,2943,5807,6358,A9,F3,D5,9,63,41
07_69_38,all-well,mm10,2991,5858,32425.46,6466,55,56,57,2936,5802,6409,A7,F9,D2,7,69,38
48_14_80,all-well,mm10,2968,5857,32419.93,6429,62,65,70,2906,5792,6359,D12,B2,G8,48,14,80
08_06_94,all-well,hg38,3171,5857,32419.93,6424,3120,5797,6357,51,60,67,A8,A6,H10,8,6,94
27_56_27,all-well,hg38,3351,5857,32419.93,6441,3315,5819,6401,36,38,40,C3,E8,C3,27,56,27
23_60_43,all-well,mm10,2833,5856,32414.39,6413,39,39,42,2794,5817,6371,B11,E12,D7,23,60,43
36_47_17,all-well,hg38,3359,5856,32414.39,6429,3326,5820,6393,33,36,36,C12,D11,B5,36,47,17
25_43_78,all-well,mm10,3049,5855,32408.86,6434,74,76,83,2975,5779,6351,C1,D7,G6,25,43,78
31_53_01,all-well,mm10,2893,5854,32403.32,6419,65,67,71,2828,5787,6348,C7,E5,A1,31,53,1
24_54_32,all-well,mm10,2807,5854,32403.32,6426,49,52,55,2758,5802,6371,B12,E6,C8,24,54,32
12_91_02,all-well,mm10,2994,5853,32397.79,6439,43,45,46,2951,5808,6393,A12,H7,A2,12,91,2
07_86_16,all-well,mm10,3013,5851,32386.72,6454,109,114,119,2904,5737,6335,A7,H2,B4,7,86,16
25_95_61,all-well,mm10,3000,5850,32381.18,6379,72,75,77,2928,5775,6302,C1,H11,F1,25,95,61
12_88_70,all-well,hg38,3305,5850,32381.18,6442,3248,5791,6377,57,59,65,A12,H4,F10,12,88,70
17_36_80,all-well,hg38,3259,5849,32375.65,6466,3229,5819,6431,30,30,35,B5,C12,G8,17,36,80
19_07_65,all-well,mm10,3068,5847,32364.58,6442,108,112,119,2960,5735,6323,B7,A7,F5,19,7,65
06_17_63,all-well,hg38,3282,5847,32364.58,6398,3236,5799,6345,46,48,53,A6,B5,F3,6,17,63
05_63_56,all-well,mm10,3075,5847,32364.58,6492,43,48,52,3032,5799,6440,A5,F3,E8,5,63,56
20_31_50,all-well,hg38,3275,5845,32353.51,6445,3241,5806,6405,34,39,40,B8,C7,E2,20,31,50
11_90_85,all-well,mm10,2955,5844,32347.97,6470,52,54,56,2903,5790,6414,A11,H6,H1,11,90,85
20_52_14,all-well,hg38,3487,5843,32342.44,6409,3445,5799,6363,42,44,46,B8,E4,B2,20,52,14
28_95_03,all-well,hg38,3345,5842,32336.90,6437,3266,5762,6346,79,80,91,C4,H11,A3,28,95,3
38_89_64,all-well,mm10,2994,5841,32331.37,6363,53,57,64,2941,5784,6299,D2,H5,F4,38,89,64
38_96_09,all-well,hg38,3496,5838,32314.76,6420,3419,5756,6335,77,82,85,D2,H12,A9,38,96,9
35_27_30,all-well,mm10,3063,5837,32309.22,6436,58,59,60,3005,5778,6376,C11,C3,C6,35,27,30
18_79_54,all-well,hg38,3413,5835,32298.15,6427,3385,5806,6397,28,29,30,B6,G7,E6,18,79,54
46_83_15,all-well,hg38,3241,5835,32298.15,6444,3216,5809,6416,25,26,28,D10,G11,B3,46,83,15
35_52_52,all-well,hg38,3330,5834,32292.62,6452,3301,5803,6419,29,31,33,C11,E4,E4,35,52,52
35_63_29,all-well,mm10,2950,5833,32287.08,6461,48,49,51,2902,5784,6410,C11,F3,C5,35,63,29
33_61_37,all-well,mm10,3018,5832,32281.55,6389,41,43,46,2977,5789,6343,C9,F1,D1,33,61,37
19_94_67,all-well,mm10,2962,5832,32281.55,6397,62,63,65,2900,5769,6332,B7,H10,F7,19,94,67
11_31_49,all-well,hg38,3332,5831,32276.01,6414,3276,5773,6354,56,58,60,A11,C7,E1,11,31,49
14_46_47,all-well,mm10,2958,5830,32270.48,6435,53,53,56,2905,5777,6379,B2,D10,D11,14,46,47
10_18_47,all-well,mm10,3083,5829,32264.94,6413,91,98,103,2992,5731,6310,A10,B6,D11,10,18,47
27_58_32,all-well,hg38,3242,5829,32264.94,6436,3199,5781,6382,43,48,54,C3,E10,C8,27,58,32
30_11_17,all-well,mm10,2786,5828,32259.41,6467,58,59,63,2728,5769,6404,C6,A11,B5,30,11,17
30_82_76,all-well,hg38,3305,5827,32253.87,6378,3282,5801,6349,23,26,29,C6,G10,G4,30,82,76
37_08_49,all-well,hg38,3181,5826,32248.34,6428,3150,5793,6395,31,33,33,D1,A8,E1,37,8,49
18_20_15,all-well,hg38,3290,5826,32248.34,6402,3266,5799,6375,24,27,27,B6,B8,B3,18,20,15
32_78_15,all-well,hg38,3105,5826,32248.34,6429,3054,5773,6372,51,53,57,C8,G6,B3,32,78,15
29_53_79,all-well,hg38,3256,5826,32248.34,6414,3228,5798,6385,28,28,29,C5,E5,G7,29,53,79
11_76_80,all-well,hg38,3261,5826,32248.34,6463,3221,5785,6418,40,41,45,A11,G4,G8,11,76,80
09_32_12,all-well,mm10,2941,5825,32242.80,6380,47,48,51,2894,5777,6329,A9,C8,A12,9,32,12
35_35_94,all-well,mm10,3126,5824,32237.27,6428,54,54,57,3072,5770,6371,C11,C11,H10,35,35,94
08_74_49,all-well,hg38,3305,5824,32237.27,6408,3276,5795,6376,29,29,32,A8,G2,E1,8,74,49
35_59_83,all-well,mm10,2960,5823,32231.73,6435,60,61,64,2900,5762,6371,C11,E11,G11,35,59,83
04_48_53,all-well,hg38,3504,5822,32226.20,6450,3476,5793,6420,28,29,30,A4,D12,E5,4,48,53
03_63_74,all-well,hg38,3514,5820,32215.13,6376,3428,5723,6272,86,97,104,A3,F3,G2,3,63,74
10_40_33,all-well,mm10,2938,5820,32215.13,6343,56,58,65,2882,5762,6278,A10,D4,C9,10,40,33
28_52_28,all-well,mm10,2845,5820,32215.13,6395,83,92,98,2762,5728,6297,C4,E4,C4,28,52,28
10_60_94,all-well,hg38,3274,5820,32215.13,6408,3247,5792,6380,27,28,28,A10,E12,H10,10,60,94
37_15_30,all-well,mm10,2846,5816,32192.98,6434,57,59,66,2789,5757,6368,D1,B3,C6,37,15,30
02_43_31,all-well,hg38,3187,5814,32181.91,6428,3158,5783,6397,29,31,31,A2,D7,C7,2,43,31
06_65_46,all-well,mm10,2938,5814,32181.91,6402,58,60,67,2880,5754,6335,A6,F5,D10,6,65,46
47_22_61,all-well,hg38,3486,5814,32181.91,6372,3329,5626,6165,157,188,207,D11,B10,F1,47,22,61
23_01_30,all-well,hg38,3229,5814,32181.91,6417,3188,5763,6362,41,51,55,B11,A1,C6,23,1,30
09_76_65,all-well,hg38,3464,5813,32176.38,6401,3433,5776,6364,31,37,37,A9,G4,F5,9,76,65
14_78_90,all-well,mm10,3046,5812,32170.84,6360,45,47,51,3001,5765,6309,B2,G6,H6,14,78,90
06_16_13,all-well,hg38,3247,5811,32165.31,6442,3210,5774,6404,37,37,38,A6,B4,B1,6,16,13
41_61_10,all-well,mm10,2946,5810,32159.77,6399,52,55,59,2894,5755,6340,D5,F1,A10,41,61,10
08_02_49,all-well,mm10,2698,5810,32159.77,6370,63,63,68,2635,5747,6302,A8,A2,E1,8,2,49
25_64_69,all-well,hg38,3286,5810,32159.77,6395,3248,5771,6355,38,39,40,C1,F4,F9,25,64,69
15_28_33,all-well,mm10,3074,5804,32126.56,6409,117,124,136,2957,5680,6273,B3,C4,C9,15,28,33
12_03_13,all-well,mm10,2984,5803,32121.03,6382,48,51,54,2936,5752,6328,A12,A3,B1,12,3,13
27_62_79,all-well,hg38,3264,5802,32115.49,6351,3209,5743,6289,55,59,62,C3,F2,G7,27,62,79
15_78_18,all-well,mm10,2890,5801,32109.96,6371,107,114,120,2783,5687,6251,B3,G6,B6,15,78,18
32_20_89,all-well,mm10,2873,5800,32104.42,6365,80,87,96,2793,5713,6269,C8,B8,H5,32,20,89
13_90_60,all-well,hg38,3005,5800,32104.42,6382,2972,5765,6344,33,35,38,B1,H6,E12,13,90,60
15_91_01,all-well,hg38,3321,5798,32093.35,6374,3221,5689,6256,100,109,118,B3,H7,A1,15,91,1
19_52_28,all-well,mm10,2889,5794,32071.21,6344,80,86,90,2809,5708,6254,B7,E4,C4,19,52,28
17_85_11,all-well,mm10,3057,5794,32071.21,6363,41,43,47,3016,5751,6316,B5,H1,A11,17,85,11
08_24_35,all-well,hg38,3285,5793,32065.67,6403,3243,5749,6355,42,44,48,A8,B12,C11,8,24,35
13_77_86,all-well,hg38,3324,5792,32060.14,6353,3290,5758,6315,34,34,38,B1,G5,H2,13,77,86
39_11_70,all-well,hg38,3385,5792,32060.14,6429,3355,5761,6398,30,31,31,D3,A11,F10,39,11,70
24_55_13,all-well,mm10,2960,5792,32060.14,6358,45,47,48,2915,5745,6310,B12,E7,B1,24,55,13
34_17_10,all-well,multiplet,3867,5792,32060.14,6321,2426,3758,4126,1441,2034,2195,C10,B5,A10,34,17,10
19_40_29,all-well,mm10,2967,5792,32060.14,6371,61,61,64,2906,5731,6307,B7,D4,C5,19,40,29
48_31_46,all-well,mm10,2784,5792,32060.14,6345,63,67,72,2721,5725,6273,D12,C7,D10,48,31,46
10_40_76,all-well,hg38,3328,5790,32049.07,6357,3296,5758,6320,32,32,37,A10,D4,G4,10,40,76
20_32_20,all-well,mm10,2855,5789,32043.53,6421,60,64,67,2795,5725,6354,B8,C8,B8,20,32,20
35_05_43,all-well,mm10,2946,5789,32043.53,6399,64,65,69,2882,5724,6330,C11,A5,D7,35,5,43
13_06_69,all-well,mm10,3063,5788,32038.00,6331,53,56,58,3010,5732,6273,B1,A6,F9,13,6,69
02_81_27,all-well,hg38,3315,5788,32038.00,6400,3240,5712,6312,75,76,88,A2,G9,C3,2,81,27
34_46_89,all-well,hg38,3362,5788,32038.00,6326,3334,5759,6297,28,29,29,C10,D10,H5,34,46,89
17_35_61,all-well,hg38,3337,5788,32038.00,6344,3256,5706,6255,81,82,89,B5,C11,F1,17,35,61
28_90_46,all-well,mm10,2961,5786,32026.93,6396,68,73,78,2893,5713,6318,C4,H6,D10,28,90,46
12_37_41,all-well,hg38,3266,5786,32026.93,6400,3236,5755,6368,30,31,32,A12,D1,D5,12,37,41
30_26_24,all-well,mm10,3002,5785,32021.39,6342,92,98,106,2910,5687,6236,C6,C2,B12,30,26,24
22_45_54,all-well,hg38,3245,5784,32015.86,6344,3219,5756,6314,26,28,30,B10,D9,E6,22,45,54
01_96_44,all-well,hg38,3307,5783,32010.32,6369,3270,5744,6328,37,39,41,A1,H12,D8,1,96,44
33_64_71,all-well,mm10,2912,5783,32010.32,6356,42,43,45,2870,5740,6311,C9,F4,F11,33,64,71
30_25_89,all-well,hg38,3357,5782,32004.79,6377,3325,5748,6338,32,34,39,C6,C1,H5,30,25,89
44_65_15,all-well,hg38,3190,5782,32004.79,6380,3152,5742,6339,38,40,41,D8,F5,B3,44,65,15
31_65_18,all-well,mm10,2835,5782,32004.79,6354,67,69,70,2768,5713,6284,C7,F5,B6,31,65,18
47_08_20,all-well,hg38,3228,5781,31999.25,6357,3194,5744,6316,34,37,41,D11,A8,B8,47,8,20
19_58_63,all-well,mm10,2868,5780,31993.72,6352,78,83,90,2790,5697,6262,B7,E10,F3,19,58,63
13_77_82,all-well,hg38,3451,5780,31993.72,6314,3426,5755,6288,25,25,26,B1,G5,G10,13,77,82
19_60_31,all-well,mm10,2945,5780,31993.72,6351,60,61,69,2885,5719,6282,B7,E12,C7,19,60,31
05_78_60,all-well,hg38,3317,5780,31993.72,6330,3295,5758,6307,22,22,23,A5,G6,E12,5,78,60
12_59_64,all-well,hg38,3445,5780,31993.72,6383,3405,5740,6340,40,40,43,A12,E11,F4,12,59,64
26_33_22,all-well,mm10,2923,5780,31993.72,6295,55,56,58,2868,5724,6237,C2,C9,B10,26,33,22
44_63_43,all-well,mm10,2965,5776,31971.57,6358,49,51,53,2916,5725,6305,D8,F3,D7,44,63,43
27_07_58,all-well,mm10,3023,5776,31971.57,6392,60,60,63,2963,5716,6329,C3,A7,E10,27,7,58
17_17_55,all-well,hg38,3389,5776,31971.57,6368,3297,5680,6266,92,96,102,B5,B5,E7,17,17,55
20_53_64,all-well,hg38,3308,5774,31960.50,6372,3264,5729,6323,44,45,49,B8,E5,F4,20,53,64
26_70_41,all-well,mm10,2758,5773,31954.97,6373,54,56,59,2704,5717,6314,C2,F10,D5,26,70,41
17_86_10,all-well,mm10,2893,5773,31954.97,6334,48,51,55,2845,5722,6279,B5,H2,A10,17,86,10
26_87_19,all-well,hg38,3343,5773,31954.97,6356,3289,5717,6298,54,56,58,C2,H3,B7,26,87,19
34_23_80,all-well,hg38,3417,5770,31938.36,6343,3382,5733,6306,35,37,37,C10,B11,G8,34,23,80
26_46_10,all-well,mm10,2919,5770,31938.36,6333,66,68,68,2853,5702,6265,C2,D10,A10,26,46,10
23_51_27,all-well,hg38,3159,5769,31932.83,6362,3126,5733,6323,33,36,39,B11,E3,C3,23,51,27
14_29_35,all-well,mm10,2986,5767,31921.76,6324,79,89,94,2907,5678,6230,B2,C5,C11,14,29,35
25_88_01,all-well,mm10,3078,5766,31916.22,6326,91,97,102,2987,5669,6224,C1,H4,A1,25,88,1
11_64_28,all-well,hg38,3201,5763,31899.62,6389,3177,5737,6360,24,26,29,A11,F4,C4,11,64,28
05_65_04,all-well,mm10,2973,5762,31894.08,6313,68,72,74,2905,5690,6239,A5,F5,A4,5,65,4
24_08_12,all-well,hg38,3410,5761,31888.55,6404,3382,5733,6374,28,28,30,B12,A8,A12,24,8,12
46_05_74,all-well,mm10,2738,5760,31883.01,6380,60,62,68,2678,5698,6312,D10,A5,G2,46,5,74
09_49_85,all-well,hg38,3309,5760,31883.01,6315,3268,5717,6271,41,43,44,A9,E1,H1,9,49,85
09_86_76,all-well,hg38,3282,5759,31877.48,6329,3247,5722,6290,35,37,39,A9,H2,G4,9,86,76
16_59_70,all-well,mm10,2778,5758,31871.94,6325,65,71,75,2713,5687,6250,B4,E11,F10,16,59,70
40_32_20,all-well,mm10,2782,5758,31871.94,6342,75,80,86,2707,5678,6256,D4,C8,B8,40,32,20
34_68_24,all-well,mm10,3007,5757,31866.40,6296,60,63,67,2947,5694,6229,C10,F8,B12,34,68,24
28_59_80,all-well,hg38,3273,5756,31860.87,6353,3236,5718,6314,37,38,39,C4,E11,G8,28,59,80
15_40_80,all-well,mm10,2830,5755,31855.33,6323,99,99,105,2731,5656,6218,B3,D4,G8,15,40,80
18_80_69,all-well,hg38,3251,5753,31844.26,6311,3219,5718,6276,32,35,35,B6,G8,F9,18,80,69
26_59_81,all-well,mm10,2953,5753,31844.26,6322,70,73,76,2883,5680,6246,C2,E11,G9,26,59,81
37_72_67,all-well,mm10,2898,5753,31844.26,6318,51,53,54,2847,5700,6264,D1,F12,F7,37,72,67
04_95_51,all-well,mm10,2975,5751,31833.19,6349,71,73,79,2904,5678,6270,A4,H11,E3,4,95,51
11_15_06,all-well,mm10,2997,5751,31833.19,6307,43,44,45,2954,5707,6262,A11,B3,A6,11,15,6
07_61_79,all-well,hg38,3146,5751,31833.19,6367,3113,5711,6326,33,40,41,A7,F1,G7,7,61,79
35_35_79,all-well,hg38,3388,5750,31827.66,6383,3351,5710,6341,37,40,42,C11,C11,G7,35,35,79
01_05_08,all-well,mm10,2796,5749,31822.12,6374,36,37,39,2760,5712,6335,A1,A5,A8,1,5,8
05_29_93,all-well,hg38,3273,5749,31822.12,6338,3252,5728,6315,21,21,23,A5,C5,H9,5,29,93
25_80_21,all-well,hg38,3066,5749,31822.12,6357,3039,5720,6328,27,29,29,C1,G8,B9,25,80,21
47_06_60,all-well,hg38,3290,5749,31822.12,6362,3262,5720,6333,28,29,29,D11,A6,E12,47,6,60
37_17_68,all-well,mm10,3003,5747,31811.05,6344,141,147,159,2862,5600,6185,D1,B5,F8,37,17,68
24_81_82,all-well,hg38,3353,5746,31805.52,6325,3284,5672,6244,69,74,81,B12,G9,G10,24,81,82
48_12_13,all-well,hg38,3251,5745,31799.98,6297,3225,5716,6267,26,29,30,D12,A12,B1,48,12,13
23_48_96,all-well,mm10,2879,5744,31794.45,6378,74,75,77,2805,5669,6301,B11,D12,H12,23,48,96
02_70_44,all-well,hg38,3177,5744,31794.45,6346,3147,5713,6315,30,31,31,A2,F10,D8,2,70,44
08_95_32,all-well,hg38,3302,5742,31783.38,6337,3269,5707,6301,33,35,36,A8,H11,C8,8,95,32
06_52_53,all-well,hg38,3247,5742,31783.38,6280,3206,5695,6232,41,47,48,A6,E4,E5,6,52,53
22_94_67,all-well,mm10,2960,5742,31783.38,6309,55,56,57,2905,5686,6252,B10,H10,F7,22,94,67
44_66_49,all-well,hg38,3302,5742,31783.38,6294,3257,5696,6244,45,46,50,D8,F6,E1,44,66,49
48_78_92,all-well,hg38,3230,5741,31777.84,6328,3207,5716,6302,23,25,26,D12,G6,H8,48,78,92
24_85_94,all-well,mm10,3051,5740,31772.31,6329,63,65,71,2988,5675,6258,B12,H1,H10,24,85,94
17_07_78,all-well,mm10,2917,5738,31761.23,6332,42,42,45,2875,5696,6287,B5,A7,G6,17,7,78
40_90_32,all-well,mm10,2962,5737,31755.70,6322,64,64,65,2898,5673,6257,D4,H6,C8,40,90,32
41_90_32,all-well,mm10,2999,5735,31744.63,6311,55,57,60,2944,5678,6251,D5,H6,C8,41,90,32
10_73_07,all-well,hg38,3096,5734,31739.09,6328,3057,5695,6287,39,39,41,A10,G1,A7,10,73,7
10_48_63,all-well,hg38,3324,5734,31739.09,6283,3298,5706,6251,26,28,32,A10,D12,F3,10,48,63
39_94_22,all-well,mm10,3023,5733,31733.56,6274,245,264,281,2778,5469,5993,D3,H10,B10,39,94,22
01_90_02,all-well,hg38,3454,5733,31733.56,6308,3427,5706,6278,27,27,30,A1,H6,A2,1,90,2
39_16_73,all-well,mm10,2968,5731,31722.49,6284,48,48,53,2920,5683,6231,D3,B4,G1,39,16,73
06_15_91,all-well,hg38,3093,5729,31711.42,6316,3064,5700,6284,29,29,32,A6,B3,H7,6,15,91
18_88_78,all-well,hg38,3448,5728,31705.88,6310,3417,5693,6274,31,35,36,B6,H4,G6,18,88,78
04_20_15,all-well,hg38,3149,5728,31705.88,6292,3119,5698,6259,30,30,33,A4,B8,B3,4,20,15
17_28_60,all-well,hg38,3190,5726,31694.81,6329,3149,5683,6286,41,43,43,B5,C4,E12,17,28,60
17_27_88,all-well,mm10,3065,5725,31689.28,6305,80,85,91,2985,5640,6214,B5,C3,H4,17,27,88
42_58_40,all-well,mm10,2898,5725,31689.28,6310,69,75,82,2829,5650,6228,D6,E10,D4,42,58,40
47_39_46,all-well,mm10,2995,5724,31683.74,6318,55,56,58,2940,5668,6260,D11,D3,D10,47,39,46
06_79_67,all-well,hg38,3056,5723,31678.21,6303,3024,5691,6268,32,32,35,A6,G7,F7,6,79,67
32_86_39,all-well,mm10,2868,5722,31672.67,6293,54,54,57,2814,5668,6236,C8,H2,D3,32,86,39
27_92_13,all-well,hg38,3286,5721,31667.14,6273,3249,5683,6232,37,38,41,C3,H8,B1,27,92,13
29_86_38,all-well,hg38,3139,5720,31661.60,6273,3108,5686,6235,31,34,38,C5,H2,D2,29,86,38
26_43_30,all-well,hg38,3272,5719,31656.07,6338,3217,5656,6271,55,63,67,C2,D7,C6,26,43,30
05_80_50,all-well,mm10,2909,5719,31656.07,6333,46,48,54,2863,5671,6279,A5,G8,E2,5,80,50
41_62_61,all-well,mm10,2750,5719,31656.07,6291,49,51,53,2701,5668,6238,D5,F2,F1,41,62,61
36_11_71,all-well,mm10,3010,5718,31650.53,6214,43,45,46,2967,5673,6168,C12,A11,F11,36,11,71
01_96_75,all-well,mm10,2771,5718,31650.53,6300,52,54,63,2719,5664,6237,A1,H12,G3,1,96,75
40_80_38,all-well,hg38,3186,5718,31650.53,6291,3137,5663,6232,49,55,59,D4,G8,D2,40,80,38
20_26_76,all-well,hg38,3219,5718,31650.53,6288,3173,5668,6236,46,50,52,B8,C2,G4,20,26,76
30_74_14,all-well,mm10,2966,5716,31639.46,6331,61,63,64,2905,5653,6267,C6,G2,B2,30,74,14
33_38_62,all-well,hg38,3344,5716,31639.46,6263,3325,5697,6244,19,19,19,C9,D2,F2,33,38,62
32_84_32,all-well,mm10,2999,5715,31633.92,6308,104,111,118,2895,5604,6190,C8,G12,C8,32,84,32
41_66_18,all-well,mm10,2864,5712,31617.32,6277,54,54,56,2810,5658,6221,D5,F6,B6,41,66,18
16_02_60,all-well,hg38,3183,5712,31617.32,6300,3133,5661,6246,50,51,54,B4,A2,E12,16,2,60
02_84_77,all-well,hg38,3273,5710,31606.25,6319,3250,5686,6294,23,24,25,A2,G12,G5,2,84,77
15_17_44,all-well,mm10,3076,5710,31606.25,6317,201,215,234,2875,5495,6083,B3,B5,D8,15,17,44
25_90_82,all-well,mm10,3030,5709,31600.71,6293,91,97,108,2939,5612,6185,C1,H6,G10,25,90,82
01_86_45,all-well,mm10,2973,5709,31600.71,6286,74,78,82,2899,5631,6204,A1,H2,D9,1,86,45
37_86_31,all-well,hg38,3098,5709,31600.71,6250,3078,5689,6229,20,20,21,D1,H2,C7,37,86,31
03_58_90,all-well,hg38,3462,5708,31595.18,6261,3413,5657,6208,49,51,53,A3,E10,H6,3,58,90
01_08_43,all-well,mm10,2676,5707,31589.64,6239,30,30,32,2646,5677,6207,A1,A8,D7,1,8,43
08_67_56,all-well,hg38,3171,5706,31584.11,6304,3145,5677,6274,26,29,30,A8,F7,E8,8,67,56
05_64_04,all-well,mm10,3002,5706,31584.11,6278,54,56,59,2948,5650,6219,A5,F4,A4,5,64,4
12_56_64,all-well,mm10,3095,5705,31578.57,6249,54,54,55,3041,5651,6194,A12,E8,F4,12,56,64
44_31_96,all-well,mm10,2907,5704,31573.04,6280,60,62,67,2847,5642,6213,D8,C7,H12,44,31,96
43_46_76,all-well,mm10,3168,5703,31567.50,6274,80,83,91,3088,5620,6183,D7,D10,G4,43,46,76
14_26_58,all-well,mm10,2986,5703,31567.50,6308,59,59,60,2927,5644,6248,B2,C2,E10,14,26,58
29_76_52,all-well,mm10,2919,5702,31561.97,6268,61,61,63,2858,5641,6205,C5,G4,E4,29,76,52
46_60_95,all-well,hg38,3220,5700,31550.90,6285,3140,5612,6191,80,88,94,D10,E12,H11,46,60,95
40_70_89,all-well,mm10,3012,5700,31550.90,6263,109,122,128,2903,5578,6135,D4,F10,H5,40,70,89
45_54_30,all-well,hg38,3521,5699,31545.36,6184,3457,5632,6114,64,67,70,D9,E6,C6,45,54,30
18_15_44,all-well,mm10,2838,5699,31545.36,6252,52,54,59,2786,5645,6193,B6,B3,D8,18,15,44
02_59_62,all-well,hg38,3192,5699,31545.36,6266,3157,5664,6227,35,35,39,A2,E11,F2,2,59,62
22_32_07,all-well,mm10,2585,5697,31534.29,6279,55,57,62,2530,5640,6217,B10,C8,A7,22,32,7
01_13_44,all-well,mm10,2983,5696,31528.75,6235,97,98,106,2886,5598,6129,A1,B1,D8,1,13,44
07_33_47,all-well,mm10,2799,5695,31523.22,6295,92,100,105,2707,5595,6190,A7,C9,D11,7,33,47
13_47_52,all-well,hg38,3396,5694,31517.68,6229,3371,5667,6202,25,27,27,B1,D11,E4,13,47,52
13_50_78,all-well,hg38,3276,5694,31517.68,6265,3252,5667,6237,24,27,28,B1,E2,G6,13,50,78
36_15_77,all-well,hg38,3168,5694,31517.68,6258,3133,5655,6216,35,39,42,C12,B3,G5,36,15,77
37_62_45,all-well,hg38,3361,5693,31512.15,6276,3329,5658,6238,32,35,38,D1,F2,D9,37,62,45
07_96_05,all-well,hg38,3034,5693,31512.15,6269,2998,5657,6229,36,36,40,A7,H12,A5,7,96,5
29_94_52,all-well,hg38,3293,5692,31506.61,6204,3262,5661,6173,31,31,31,C5,H10,E4,29,94,52
33_84_11,all-well,hg38,3304,5691,31501.08,6247,3277,5662,6216,27,29,31,C9,G12,A11,33,84,11
27_01_88,all-well,mm10,2946,5691,31501.08,6246,54,56,58,2892,5635,6188,C3,A1,H4,27,1,88
28_62_22,all-well,hg38,3176,5690,31495.54,6286,3103,5616,6205,73,74,81,C4,F2,B10,28,62,22
44_32_19,all-well,mm10,2801,5689,31490.01,6194,60,62,63,2741,5627,6131,D8,C8,B7,44,32,19
15_48_12,all-well,hg38,3041,5689,31490.01,6261,2970,5612,6180,71,77,81,B3,D12,A12,15,48,12
42_05_17,all-well,mm10,2828,5689,31490.01,6279,50,53,55,2778,5636,6224,D6,A5,B5,42,5,17
27_74_91,all-well,hg38,3278,5688,31484.47,6268,3241,5646,6225,37,42,43,C3,G2,H7,27,74,91
21_21_37,all-well,hg38,3137,5687,31478.94,6290,3107,5655,6257,30,32,33,B9,B9,D1,21,21,37
22_28_65,all-well,mm10,2993,5687,31478.94,6236,79,82,87,2914,5605,6149,B10,C4,F5,22,28,65
07_70_01,all-well,hg38,3307,5685,31467.87,6262,3265,5642,6216,42,43,46,A7,F10,A1,7,70,1
16_80_76,all-well,mm10,2814,5683,31456.80,6277,91,93,98,2723,5590,6179,B4,G8,G4,16,80,76
39_08_83,all-well,hg38,3398,5682,31451.26,6260,3374,5658,6235,24,24,25,D3,A8,G11,39,8,83
43_03_63,all-well,mm10,2894,5680,31440.19,6205,48,49,50,2846,5631,6155,D7,A3,F3,43,3,63
05_70_82,all-well,mm10,2930,5680,31440.19,6290,68,69,70,2862,5611,6220,A5,F10,G10,5,70,82
22_62_71,all-well,hg38,3230,5680,31440.19,6266,3176,5619,6202,54,61,64,B10,F2,F11,22,62,71
41_79_40,all-well,mm10,2930,5677,31423.59,6212,72,74,78,2858,5603,6134,D5,G7,D4,41,79,40
38_45_31,all-well,hg38,3353,5676,31418.05,6287,3311,5630,6239,42,46,48,D2,D9,C7,38,45,31
29_32_88,all-well,mm10,2897,5675,31412.51,6218,68,71,75,2829,5604,6143,C5,C8,H4,29,32,88
12_82_39,all-well,hg38,3084,5675,31412.51,6275,3055,5643,6243,29,32,32,A12,G10,D3,12,82,39
09_26_48,all-well,mm10,3024,5675,31412.51,6207,67,68,71,2957,5607,6136,A9,C2,D12,9,26,48
40_58_78,all-well,mm10,2779,5675,31412.51,6285,108,113,123,2671,5562,6162,D4,E10,G6,40,58,78
35_55_09,all-well,hg38,3361,5673,31401.44,6248,3328,5638,6211,33,35,37,C11,E7,A9,35,55,9
19_72_64,all-well,hg38,3176,5672,31395.91,6304,3120,5612,6238,56,60,66,B7,F12,F4,19,72,64
22_15_23,all-well,hg38,3127,5670,31384.84,6281,3091,5631,6240,36,39,41,B10,B3,B11,22,15,23
46_17_21,all-well,mm10,2842,5670,31384.84,6250,48,48,50,2794,5622,6200,D10,B5,B9,46,17,21
15_44_81,all-well,hg38,3208,5670,31384.84,6239,3157,5614,6180,51,56,59,B3,D8,G9,15,44,81
06_44_58,all-well,hg38,2867,5670,31384.84,6252,2843,5644,6223,24,26,29,A6,D8,E10,6,44,58
03_88_43,all-well,hg38,3433,5669,31379.30,6247,3372,5604,6178,61,65,69,A3,H4,D7,3,88,43
33_81_21,all-well,hg38,3243,5668,31373.77,6245,3210,5633,6207,33,35,38,C9,G9,B9,33,81,21
13_20_01,all-well,mm10,3009,5668,31373.77,6256,57,62,66,2952,5606,6190,B1,B8,A1,13,20,1
11_41_17,all-well,mm10,2992,5668,31373.77,6270,54,56,57,2938,5612,6213,A11,D5,B5,11,41,17
13_95_84,all-well,mm10,2921,5667,31368.23,6260,51,53,56,2870,5614,6204,B1,H11,G12,13,95,84
34_32_70,all-well,mm10,2809,5667,31368.23,6242,40,40,41,2769,5627,6201,C10,C8,F10,34,32,70
38_95_17,all-well,mm10,3061,5667,31368.23,6246,80,83,87,2981,5584,6159,D2,H11,B5,38,95,17
21_42_29,all-well,mm10,2981,5666,31362.70,6234,57,57,58,2924,5609,6176,B9,D6,C5,21,42,29
05_35_42,all-well,mm10,2966,5666,31362.70,6242,79,86,93,2887,5580,6149,A5,C11,D6,5,35,42
44_73_10,all-well,mm10,2904,5665,31357.16,6217,36,38,42,2868,5627,6175,D8,G1,A10,44,73,10
28_02_39,all-well,mm10,2921,5665,31357.16,6244,62,65,69,2859,5600,6175,C4,A2,D3,28,2,39
39_24_78,all-well,mm10,2896,5664,31351.63,6224,74,75,82,2822,5589,6142,D3,B12,G6,39,24,78
42_63_48,all-well,hg38,3122,5664,31351.63,6249,3090,5628,6209,32,36,40,D6,F3,D12,42,63,48
32_72_96,all-well,mm10,3016,5664,31351.63,6276,67,69,74,2949,5595,6202,C8,F12,H12,32,72,96
12_94_83,all-well,hg38,3162,5663,31346.09,6315,3121,5617,6265,41,46,50,A12,H10,G11,12,94,83
43_36_68,all-well,mm10,3027,5663,31346.09,6209,100,107,115,2927,5556,6094,D7,C12,F8,43,36,68
20_87_49,all-well,mm10,3040,5662,31340.56,6285,69,79,86,2971,5583,6199,B8,H3,E1,20,87,49
31_15_40,all-well,mm10,2819,5661,31335.02,6222,101,109,120,2718,5552,6102,C7,B3,D4,31,15,40
31_30_59,all-well,hg38,3248,5660,31329.49,6247,3222,5632,6217,26,28,30,C7,C6,E11,31,30,59
36_08_54,all-well,mm10,2688,5660,31329.49,6218,43,45,47,2645,5615,6171,C12,A8,E6,36,8,54
19_60_87,all-well,mm10,2913,5658,31318.42,6263,93,100,108,2820,5558,6155,B7,E12,H3,19,60,87
20_22_57,all-well,hg38,3137,5656,31307.34,6264,3112,5626,6232,25,30,32,B8,B10,E9,20,22,57
12_78_45,all-well,hg38,3078,5656,31307.34,6200,3043,5618,6160,35,38,40,A12,G6,D9,12,78,45
20_02_65,all-well,hg38,3315,5656,31307.34,6260,3291,5632,6233,24,24,27,B8,A2,F5,20,2,65
40_25_67,all-well,hg38,3344,5656,31307.34,6256,3309,5619,6218,35,37,38,D4,C1,F7,40,25,67
32_96_60,all-well,mm10,2951,5655,31301.81,6239,57,59,64,2894,5596,6175,C8,H12,E12,32,96,60
17_86_80,all-well,hg38,3167,5652,31285.20,6194,3126,5610,6149,41,42,45,B5,H2,G8,17,86,80
07_94_53,all-well,hg38,3279,5651,31279.67,6238,3238,5608,6194,41,43,44,A7,H10,E5,7,94,53
15_28_70,all-well,hg38,3203,5650,31274.13,6192,3130,5573,6107,73,77,85,B3,C4,F10,15,28,70
20_24_96,all-well,hg38,3163,5650,31274.13,6255,3139,5625,6229,24,25,26,B8,B12,H12,20,24,96
09_45_30,all-well,hg38,3353,5649,31268.60,6262,3322,5618,6227,31,31,35,A9,D9,C6,9,45,30
17_88_90,all-well,hg38,3027,5649,31268.60,6194,3007,5629,6174,20,20,20,B5,H4,H6,17,88,90
26_51_52,all-well,mm10,2866,5647,31257.53,6159,53,58,66,2813,5589,6093,C2,E3,E4,26,51,52
11_61_70,all-well,hg38,3095,5645,31246.46,6220,3073,5622,6197,22,23,23,A11,F1,F10,11,61,70
46_28_47,all-well,mm10,2727,5644,31240.92,6244,72,74,81,2655,5570,6163,D10,C4,D11,46,28,47
25_10_87,all-well,hg38,3408,5644,31240.92,6144,3375,5610,6109,33,34,35,C1,A10,H3,25,10,87
44_13_40,all-well,mm10,2736,5643,31235.39,6221,52,55,57,2684,5588,6164,D8,B1,D4,44,13,40
12_08_52,all-well,hg38,3286,5642,31229.85,6183,3262,5618,6159,24,24,24,A12,A8,E4,12,8,52
04_70_55,all-well,hg38,3228,5642,31229.85,6195,3195,5607,6158,33,35,37,A4,F10,E7,4,70,55
35_70_78,all-well,mm10,2810,5641,31224.32,6174,61,65,66,2749,5576,6108,C11,F10,G6,35,70,78
31_31_18,all-well,mm10,2795,5641,31224.32,6147,93,99,103,2702,5542,6044,C7,C7,B6,31,31,18
44_10_17,all-well,hg38,3191,5641,31224.32,6190,3170,5619,6166,21,22,24,D8,A10,B5,44,10,17
05_58_30,all-well,mm10,2913,5641,31224.32,6205,74,75,80,2839,5566,6125,A5,E10,C6,5,58,30
46_70_10,all-well,mm10,2883,5641,31224.32,6187,56,62,66,2827,5579,6121,D10,F10,A10,46,70,10
05_91_03,all-well,mm10,2917,5640,31218.78,6240,49,50,55,2868,5590,6185,A5,H7,A3,5,91,3
28_21_50,all-well,hg38,3150,5639,31213.25,6252,3121,5608,6218,29,31,34,C4,B9,E2,28,21,50
35_16_44,all-well,hg38,3205,5639,31213.25,6174,3167,5598,6132,38,41,42,C11,B4,D8,35,16,44
28_89_69,all-well,hg38,3038,5638,31207.71,6192,3010,5608,6161,28,30,31,C4,H5,F9,28,89,69
07_02_66,all-well,mm10,3005,5638,31207.71,6157,78,92,103,2927,5546,6054,A7,A2,F6,7,2,66
28_72_17,all-well,mm10,2866,5637,31202.18,6229,89,91,99,2777,5546,6130,C4,F12,B5,28,72,17
13_95_77,all-well,hg38,3387,5636,31196.64,6206,3334,5579,6142,53,57,64,B1,H11,G5,13,95,77
06_27_68,all-well,hg38,3005,5636,31196.64,6234,2967,5597,6193,38,39,41,A6,C3,F8,6,27,68
28_80_66,all-well,hg38,3127,5636,31196.64,6211,3084,5592,6165,43,44,46,C4,G8,F6,28,80,66
09_31_13,all-well,mm10,2803,5635,31191.10,6257,112,121,127,2691,5514,6130,A9,C7,B1,9,31,13
02_92_28,all-well,hg38,3038,5634,31185.57,6150,3008,5604,6120,30,30,30,A2,H8,C4,2,92,28
09_24_72,all-well,hg38,3163,5633,31180.03,6213,3124,5589,6169,39,44,44,A9,B12,F12,9,24,72
44_90_11,all-well,hg38,3213,5631,31168.96,6212,3184,5600,6181,29,31,31,D8,H6,A11,44,90,11
19_92_01,all-well,mm10,2718,5628,31152.36,6188,69,70,75,2649,5558,6113,B7,H8,A1,19,92,1
08_88_94,all-well,hg38,3267,5627,31146.82,6223,3180,5526,6118,87,101,105,A8,H4,H10,8,88,94
40_49_60,all-well,mm10,2849,5627,31146.82,6242,108,115,128,2741,5512,6114,D4,E1,E12,40,49,60
01_56_49,all-well,mm10,2976,5627,31146.82,6180,63,65,69,2913,5562,6111,A1,E8,E1,1,56,49
03_22_15,all-well,hg38,3362,5626,31141.29,6130,3311,5566,6069,51,60,61,A3,B10,B3,3,22,15
25_05_01,all-well,hg38,3141,5624,31130.22,6210,3110,5593,6177,31,31,33,C1,A5,A1,25,5,1
39_07_36,all-well,hg38,3306,5624,31130.22,6196,3255,5570,6139,51,54,57,D3,A7,C12,39,7,36
10_19_31,all-well,mm10,2913,5622,31119.15,6160,41,45,45,2872,5577,6115,A10,B7,C7,10,19,31
02_39_02,all-well,hg38,3051,5622,31119.15,6199,3026,5594,6169,25,28,30,A2,D3,A2,2,39,2
17_22_19,all-well,mm10,2861,5622,31119.15,6268,52,54,56,2809,5568,6212,B5,B10,B7,17,22,19
40_11_88,all-well,hg38,3309,5622,31119.15,6175,3240,5547,6094,69,75,81,D4,A11,H4,40,11,88
31_93_68,all-well,mm10,2761,5621,31113.61,6204,53,56,60,2708,5565,6144,C7,H9,F8,31,93,68
05_91_95,all-well,hg38,3203,5620,31108.08,6207,3177,5593,6180,26,27,27,A5,H7,H11,5,91,95
01_43_77,all-well,hg38,3123,5620,31108.08,6199,3096,5592,6170,27,28,29,A1,D7,G5,1,43,77
26_41_63,all-well,mm10,2857,5618,31097.01,6159,85,91,98,2772,5527,6061,C2,D5,F3,26,41,63
28_47_42,all-well,hg38,3134,5615,31080.40,6198,3106,5583,6165,28,32,33,C4,D11,D6,28,47,42
09_13_86,all-well,hg38,3205,5614,31074.86,6184,3150,5555,6122,55,59,62,A9,B1,H2,9,13,86
22_89_60,all-well,hg38,3154,5613,31069.33,6156,3102,5560,6100,52,53,56,B10,H5,E12,22,89,60
41_66_95,all-well,mm10,2915,5613,31069.33,6159,43,45,48,2872,5568,6111,D5,F6,H11,41,66,95
44_18_32,all-well,mm10,2903,5612,31063.79,6134,83,90,95,2820,5522,6039,D8,B6,C8,44,18,32
46_54_96,all-well,mm10,2751,5611,31058.26,6195,85,85,94,2666,5526,6101,D10,E6,H12,46,54,96
01_78_27,all-well,mm10,2995,5610,31052.72,6190,49,53,53,2946,5557,6137,A1,G6,C3,1,78,27
04_01_15,all-well,mm10,2797,5610,31052.72,6165,50,53,54,2747,5557,6111,A4,A1,B3,4,1,15
48_75_84,all-well,hg38,2950,5609,31047.19,6189,2895,5551,6128,55,58,61,D12,G3,G12,48,75,84
19_15_38,all-well,mm10,2848,5609,31047.19,6178,51,52,55,2797,5557,6123,B7,B3,D2,19,15,38
37_35_10,all-well,hg38,3305,5608,31041.65,6164,3265,5568,6120,40,40,44,D1,C11,A10,37,35,10
12_81_68,all-well,mm10,2947,5608,31041.65,6164,90,93,96,2857,5515,6068,A12,G9,F8,12,81,68
40_59_73,all-well,mm10,2804,5608,31041.65,6164,69,72,76,2735,5536,6088,D4,E11,G1,40,59,73
22_35_24,all-well,hg38,3201,5607,31036.12,6170,3165,5571,6134,36,36,36,B10,C11,B12,22,35,24
43_28_31,all-well,hg38,3068,5607,31036.12,6098,2996,5528,6017,72,79,81,D7,C4,C7,43,28,31
06_78_13,all-well,mm10,2879,5605,31025.05,6185,52,52,56,2827,5553,6129,A6,G6,B1,6,78,13
15_34_57,all-well,hg38,3155,5605,31025.05,6151,3122,5571,6114,33,34,37,B3,C10,E9,15,34,57
01_08_07,all-well,hg38,3179,5604,31019.51,6132,3149,5573,6099,30,31,33,A1,A8,A7,1,8,7
37_93_29,all-well,mm10,2711,5602,31008.44,6200,52,52,57,2659,5550,6143,D1,H9,C5,37,93,29
23_48_34,all-well,hg38,2923,5600,30997.37,6224,2899,5572,6194,24,28,30,B11,D12,C10,23,48,34
19_03_21,all-well,mm10,3050,5600,30997.37,6157,119,122,131,2931,5478,6026,B7,A3,B9,19,3,21
18_29_68,all-well,mm10,2862,5598,30986.30,6158,58,59,63,2804,5539,6095,B6,C5,F8,18,29,68
27_80_24,all-well,mm10,2863,5597,30980.77,6162,48,48,51,2815,5549,6111,C3,G8,B12,27,80,24
05_66_55,all-well,hg38,3187,5595,30969.69,6227,3150,5558,6185,37,37,42,A5,F6,E7,5,66,55
35_85_07,all-well,hg38,3288,5594,30964.16,6212,3255,5559,6175,33,35,37,C11,H1,A7,35,85,7
48_41_71,all-well,mm10,2857,5594,30964.16,6136,45,46,51,2812,5548,6085,D12,D5,F11,48,41,71
13_70_17,all-well,mm10,2908,5594,30964.16,6153,75,80,87,2833,5514,6066,B1,F10,B5,13,70,17
41_55_73,all-well,hg38,3197,5594,30964.16,6146,3168,5561,6110,29,33,36,D5,E7,G1,41,55,73
32_60_55,all-well,mm10,3034,5593,30958.62,6113,79,88,95,2955,5505,6018,C8,E12,E7,32,60,55
19_09_75,all-well,mm10,2832,5592,30953.09,6169,68,69,75,2764,5523,6094,B7,A9,G3,19,9,75
06_51_87,all-well,hg38,3174,5592,30953.09,6184,3139,5555,6144,35,37,40,A6,E3,H3,6,51,87
41_45_68,all-well,hg38,3284,5591,30947.55,6201,3256,5563,6171,28,28,30,D5,D9,F8,41,45,68
29_38_36,all-well,hg38,3032,5590,30942.02,6155,3008,5566,6129,24,24,26,C5,D2,C12,29,38,36
47_55_76,all-well,hg38,3148,5590,30942.02,6124,3121,5561,6095,27,29,29,D11,E7,G4,47,55,76
03_57_33,all-well,hg38,3501,5589,30936.48,6116,3460,5546,6070,41,43,46,A3,E9,C9,3,57,33
46_26_57,all-well,hg38,3201,5587,30925.41,6169,3168,5552,6130,33,35,39,D10,C2,E9,46,26,57
03_75_88,all-well,hg38,3372,5587,30925.41,6130,3347,5561,6103,25,26,27,A3,G3,H4,3,75,88
01_06_66,all-well,hg38,2994,5585,30914.34,6224,2960,5551,6186,34,34,38,A1,A6,F6,1,6,66
17_17_89,all-well,hg38,3206,5583,30903.27,6124,3168,5545,6083,38,38,41,B5,B5,H5,17,17,89
02_13_15,all-well,hg38,3366,5583,30903.27,6139,3309,5520,6074,57,63,65,A2,B1,B3,2,13,15
41_73_78,all-well,mm10,3004,5583,30903.27,6111,62,63,66,2942,5520,6045,D5,G1,G6,41,73,78
11_58_39,all-well,hg38,3141,5582,30897.74,6176,3100,5539,6129,41,43,47,A11,E10,D3,11,58,39
10_07_51,all-well,hg38,3337,5579,30881.13,6103,3301,5541,6061,36,38,42,A10,A7,E3,10,7,51
25_34_83,all-well,mm10,2670,5579,30881.13,6146,63,69,70,2607,5510,6076,C1,C10,G11,25,34,83
20_88_74,all-well,mm10,2871,5579,30881.13,6111,64,68,71,2807,5511,6040,B8,H4,G2,20,88,74
39_72_17,all-well,hg38,3132,5576,30864.53,6169,3054,5495,6078,78,81,91,D3,F12,B5,39,72,17
08_45_40,all-well,hg38,3209,5576,30864.53,6172,3180,5545,6140,29,31,32,A8,D9,D4,8,45,40
18_94_39,all-well,hg38,3220,5573,30847.92,6101,3189,5542,6069,31,31,32,B6,H10,D3,18,94,39
06_74_04,all-well,hg38,3140,5573,30847.92,6116,3083,5505,6041,57,68,75,A6,G2,A4,6,74,4
20_67_68,all-well,mm10,2736,5572,30842.38,6159,63,70,76,2673,5502,6083,B8,F7,F8,20,67,68
43_82_61,all-well,hg38,3233,5571,30836.85,6141,3202,5537,6107,31,34,34,D7,G10,F1,43,82,61
35_58_90,all-well,mm10,2949,5570,30831.31,6130,64,64,66,2885,5506,6064,C11,E10,H6,35,58,90
24_69_91,all-well,mm10,2897,5570,30831.31,6086,66,77,80,2831,5493,6006,B12,F9,H7,24,69,91
41_41_91,all-well,mm10,2869,5567,30814.71,6116,45,47,49,2824,5520,6067,D5,D5,H7,41,41,91
25_80_43,all-well,hg38,3222,5566,30809.17,6137,3181,5525,6091,41,41,46,C1,G8,D7,25,80,43
29_14_47,all-well,hg38,3227,5565,30803.64,6134,3145,5479,6040,82,86,94,C5,B2,D11,29,14,47
15_83_13,all-well,mm10,2780,5564,30798.10,6112,39,39,43,2741,5525,6069,B3,G11,B1,15,83,13
25_69_27,all-well,mm10,2783,5563,30792.57,6135,84,86,97,2699,5477,6038,C1,F9,C3,25,69,27
43_15_46,all-well,hg38,3094,5563,30792.57,6112,3019,5476,6020,75,87,92,D7,B3,D10,43,15,46
34_47_51,all-well,mm10,2945,5562,30787.03,6100,47,48,50,2898,5514,6050,C10,D11,E3,34,47,51
33_36_58,all-well,hg38,3091,5562,30787.03,6097,3069,5540,6073,22,22,24,C9,C12,E10,33,36,58
40_79_23,all-well,mm10,2704,5561,30781.50,6061,74,80,85,2630,5481,5976,D4,G7,B11,40,79,23
38_75_84,all-well,mm10,2862,5561,30781.50,6075,73,81,88,2789,5480,5987,D2,G3,G12,38,75,84
15_55_62,all-well,hg38,3192,5561,30781.50,6121,3140,5508,6065,52,53,56,B3,E7,F2,15,55,62
10_43_93,all-well,mm10,2790,5561,30781.50,6142,44,46,48,2746,5515,6094,A10,D7,H9,10,43,93
47_46_81,all-well,mm10,2718,5560,30775.96,6121,63,65,67,2655,5495,6054,D11,D10,G9,47,46,81
32_92_56,all-well,hg38,3137,5560,30775.96,6091,3090,5511,6039,47,49,52,C8,H8,E8,32,92,56
16_02_86,all-well,hg38,3069,5560,30775.96,6094,3043,5533,6065,26,27,29,B4,A2,H2,16,2,86
04_05_73,all-well,hg38,3146,5559,30770.43,6110,3100,5513,6062,46,46,48,A4,A5,G1,4,5,73
28_01_07,all-well,mm10,2883,5559,30770.43,6098,54,54,60,2829,5505,6038,C4,A1,A7,28,1,7
30_89_77,all-well,hg38,3120,5559,30770.43,6090,3095,5534,6063,25,25,27,C6,H5,G5,30,89,77
18_72_53,all-well,hg38,3139,5558,30764.89,6112,3109,5525,6079,30,33,33,B6,F12,E5,18,72,53
07_86_02,all-well,hg38,3263,5558,30764.89,6116,3223,5515,6069,40,43,47,A7,H2,A2,7,86,2
22_32_78,all-well,mm10,2952,5557,30759.36,6128,34,34,34,2918,5523,6094,B10,C8,G6,22,32,78
05_59_10,all-well,mm10,2939,5556,30753.82,6123,65,69,71,2874,5487,6052,A5,E11,A10,5,59,10
06_16_12,all-well,hg38,3074,5555,30748.29,6143,3045,5525,6112,29,30,31,A6,B4,A12,6,16,12
46_62_52,all-well,mm10,2888,5555,30748.29,6082,154,169,179,2734,5386,5903,D10,F2,E4,46,62,52
42_69_35,all-well,mm10,2824,5554,30742.75,6087,53,57,60,2771,5497,6027,D6,F9,C11,42,69,35
26_56_19,all-well,hg38,3378,5554,30742.75,6131,3340,5512,6089,38,42,42,C2,E8,B7,26,56,19
38_32_74,all-well,mm10,2895,5554,30742.75,6079,53,56,56,2842,5498,6023,D2,C8,G2,38,32,74
05_74_83,all-well,hg38,3242,5553,30737.21,6121,3218,5528,6092,24,25,29,A5,G2,G11,5,74,83
10_75_12,all-well,hg38,3070,5552,30731.68,6102,3055,5536,6085,15,16,17,A10,G3,A12,10,75,12
17_94_31,all-well,mm10,2849,5552,30731.68,6103,60,60,65,2789,5492,6038,B5,H10,C7,17,94,31
26_59_13,all-well,mm10,2862,5551,30726.14,6112,79,88,93,2783,5463,6019,C2,E11,B1,26,59,13
45_18_73,all-well,mm10,3049,5551,30726.14,6081,147,156,167,2902,5395,5914,D9,B6,G1,45,18,73
17_12_04,all-well,mm10,2890,5550,30720.61,6170,40,40,41,2850,5510,6129,B5,A12,A4,17,12,4
25_06_76,all-well,mm10,2838,5550,30720.61,6093,55,57,60,2783,5493,6033,C1,A6,G4,25,6,76
14_02_69,all-well,mm10,2668,5549,30715.07,6103,66,66,70,2602,5483,6033,B2,A2,F9,14,2,69
27_82_55,all-well,hg38,3173,5548,30709.54,6121,3133,5507,6079,40,41,42,C3,G10,E7,27,82,55
21_01_87,all-well,mm10,2876,5547,30704.00,6132,54,57,62,2822,5490,6070,B9,A1,H3,21,1,87
46_74_07,all-well,mm10,2856,5546,30698.47,6108,118,122,132,2738,5424,5976,D10,G2,A7,46,74,7
22_87_37,all-well,mm10,2927,5544,30687.40,6118,121,126,134,2806,5418,5984,B10,H3,D1,22,87,37
02_44_05,all-well,hg38,3102,5543,30681.86,6123,3073,5510,6089,29,33,34,A2,D8,A5,2,44,5
09_17_38,all-well,mm10,2851,5543,30681.86,6065,36,36,37,2815,5507,6028,A9,B5,D2,9,17,38
09_43_64,all-well,mm10,2697,5542,30676.33,6049,41,41,43,2656,5501,6006,A9,D7,F4,9,43,64
15_85_03,all-well,mm10,2908,5541,30670.79,6112,47,51,52,2861,5490,6060,B3,H1,A3,15,85,3
23_16_90,all-well,hg38,3200,5540,30665.26,6117,3169,5509,6084,31,31,33,B11,B4,H6,23,16,90
15_25_61,all-well,hg38,3398,5540,30665.26,6043,3362,5499,5997,36,41,46,B3,C1,F1,15,25,61
41_47_94,all-well,hg38,3317,5538,30654.19,6062,3284,5502,6025,33,36,37,D5,D11,H10,41,47,94
20_61_61,all-well,mm10,2927,5536,30643.12,6105,58,63,63,2869,5473,6042,B8,F1,F1,20,61,61
01_61_72,all-well,mm10,2755,5535,30637.58,6094,68,69,75,2687,5466,6019,A1,F1,F12,1,61,72
45_63_94,all-well,hg38,3412,5535,30637.58,6090,3343,5461,6013,69,74,77,D9,F3,H10,45,63,94
16_38_05,all-well,mm10,2774,5535,30637.58,6082,122,129,133,2652,5406,5949,B4,D2,A5,16,38,5
01_60_38,all-well,mm10,2708,5534,30632.04,6094,48,52,54,2660,5482,6040,A1,E12,D2,1,60,38
01_57_02,all-well,hg38,3204,5534,30632.04,6103,3175,5505,6073,29,29,30,A1,E9,A2,1,57,2
14_12_13,all-well,hg38,3145,5533,30626.51,6130,3116,5502,6099,29,31,31,B2,A12,B1,14,12,13
12_92_92,all-well,mm10,2934,5533,30626.51,6066,42,42,43,2892,5491,6023,A12,H8,H8,12,92,92
44_35_79,all-well,mm10,2790,5532,30620.97,6098,53,55,62,2737,5477,6036,D8,C11,G7,44,35,79
06_37_66,all-well,hg38,3088,5532,30620.97,6114,3060,5504,6085,28,28,29,A6,D1,F6,6,37,66
41_86_58,all-well,mm10,2790,5531,30615.44,6055,34,36,36,2756,5495,6019,D5,H2,E10,41,86,58
09_44_75,all-well,mm10,2971,5530,30609.90,6079,75,79,84,2896,5451,5995,A9,D8,G3,9,44,75
39_60_79,all-well,mm10,2958,5529,30604.37,6049,70,71,80,2888,5458,5969,D3,E12,G7,39,60,79
40_59_68,all-well,mm10,3058,5528,30598.83,6063,371,468,507,2687,5060,5556,D4,E11,F8,40,59,68
28_35_32,all-well,hg38,3005,5528,30598.83,6100,2974,5495,6066,31,33,34,C4,C11,C8,28,35,32
25_52_49,all-well,mm10,2788,5528,30598.83,6092,57,61,63,2731,5467,6029,C1,E4,E1,25,52,49
16_45_33,all-well,mm10,2848,5526,30587.76,6049,57,58,60,2791,5468,5989,B4,D9,C9,16,45,33
43_22_39,all-well,mm10,2710,5525,30582.23,6058,36,36,38,2674,5489,6020,D7,B10,D3,43,22,39
05_61_95,all-well,hg38,3207,5525,30582.23,6138,3183,5501,6111,24,24,27,A5,F1,H11,5,61,95
12_68_02,all-well,mm10,2775,5523,30571.16,6049,38,41,42,2737,5482,6007,A12,F8,A2,12,68,2
04_48_60,all-well,hg38,3264,5523,30571.16,6110,3230,5487,6070,34,36,40,A4,D12,E12,4,48,60
44_10_88,all-well,hg38,3247,5523,30571.16,6077,3221,5495,6048,26,28,29,D8,A10,H4,44,10,88
42_93_76,all-well,mm10,2952,5522,30565.62,6045,194,211,232,2758,5311,5813,D6,H9,G4,42,93,76
42_11_05,all-well,mm10,2900,5522,30565.62,6071,62,66,69,2838,5456,6002,D6,A11,A5,42,11,5
40_79_43,all-well,hg38,3080,5521,30560.09,6064,3031,5469,6012,49,52,52,D4,G7,D7,40,79,43
34_26_95,all-well,hg38,3104,5520,30554.55,6067,3072,5488,6029,32,32,38,C10,C2,H11,34,26,95
04_29_89,all-well,hg38,3152,5520,30554.55,6123,3122,5485,6088,30,35,35,A4,C5,H5,4,29,89
40_46_46,all-well,mm10,2709,5518,30543.48,6067,57,57,58,2652,5461,6009,D4,D10,D10,40,46,46
37_18_51,all-well,mm10,2759,5515,30526.88,6066,97,104,112,2662,5411,5954,D1,B6,E3,37,18,51
05_43_22,all-well,mm10,2808,5515,30526.88,6053,68,69,75,2740,5446,5978,A5,D7,B10,5,43,22
07_33_17,all-well,hg38,3186,5514,30521.34,6121,3136,5458,6062,50,56,59,A7,C9,B5,7,33,17
43_14_91,all-well,mm10,2780,5513,30515.80,6032,65,67,69,2715,5446,5963,D7,B2,H7,43,14,91
14_09_87,all-well,hg38,3013,5513,30515.80,6098,2990,5490,6075,23,23,23,B2,A9,H3,14,9,87
25_40_35,all-well,mm10,2952,5512,30510.27,6050,201,216,228,2751,5296,5822,C1,D4,C11,25,40,35
05_57_76,all-well,mm10,2766,5507,30482.59,6075,48,49,54,2718,5458,6021,A5,E9,G4,5,57,76
40_70_80,all-well,mm10,2864,5506,30477.06,6020,115,132,148,2749,5374,5872,D4,F10,G8,40,70,80
20_42_75,all-well,mm10,2895,5506,30477.06,6119,75,82,86,2820,5424,6033,B8,D6,G3,20,42,75
02_19_58,all-well,hg38,3167,5505,30471.52,6098,3130,5466,6059,37,39,39,A2,B7,E10,2,19,58
14_35_77,all-well,mm10,2856,5504,30465.99,6055,49,52,57,2807,5452,5998,B2,C11,G5,14,35,77
35_01_68,all-well,hg38,3280,5504,30465.99,6035,3254,5477,6008,26,27,27,C11,A1,F8,35,1,68
01_47_23,all-well,hg38,3343,5504,30465.99,6080,3307,5467,6040,36,37,40,A1,D11,B11,1,47,23
33_34_58,all-well,hg38,3104,5504,30465.99,6040,3079,5476,6012,25,28,28,C9,C10,E10,33,34,58
18_70_94,all-well,hg38,3278,5504,30465.99,6062,3236,5457,6013,42,47,49,B6,F10,H10,18,70,94
47_33_87,all-well,hg38,3255,5503,30460.45,6098,3226,5473,6067,29,30,31,D11,C9,H3,47,33,87
13_43_76,all-well,hg38,3116,5503,30460.45,6056,3079,5465,6015,37,38,41,B1,D7,G4,13,43,76
10_21_49,all-well,mm10,2937,5503,30460.45,6004,34,35,39,2903,5468,5965,A10,B9,E1,10,21,49
14_95_60,all-well,mm10,2649,5502,30454.92,6009,60,63,67,2589,5439,5942,B2,H11,E12,14,95,60
40_14_91,all-well,mm10,2686,5501,30449.38,6033,67,68,74,2619,5433,5959,D4,B2,H7,40,14,91
20_42_06,all-well,hg38,3015,5501,30449.38,6043,2961,5446,5978,54,55,65,B8,D6,A6,20,42,6
44_79_95,all-well,mm10,2735,5500,30443.85,5977,50,52,57,2685,5448,5920,D8,G7,H11,44,79,95
39_33_52,all-well,mm10,2778,5500,30443.85,6013,57,59,62,2721,5441,5951,D3,C9,E4,39,33,52
46_06_84,all-well,hg38,3129,5500,30443.85,6046,3091,5462,6006,38,38,40,D10,A6,G12,46,6,84
40_51_10,all-well,mm10,2927,5500,30443.85,6016,184,196,204,2743,5304,5812,D4,E3,A10,40,51,10
46_21_73,all-well,mm10,2927,5499,30438.31,6070,191,201,218,2736,5298,5852,D10,B9,G1,46,21,73
03_06_58,all-well,hg38,3255,5499,30438.31,6066,3176,5411,5971,79,88,95,A3,A6,E10,3,6,58
12_07_64,all-well,mm10,2707,5499,30438.31,6083,60,65,72,2647,5434,6011,A12,A7,F4,12,7,64
47_32_63,all-well,mm10,2808,5498,30432.78,6054,70,73,78,2738,5425,5976,D11,C8,F3,47,32,63
20_48_95,all-well,hg38,3030,5497,30427.24,6049,2991,5457,6002,39,40,47,B8,D12,H11,20,48,95
18_29_60,all-well,hg38,3107,5496,30421.71,6098,3078,5467,6067,29,29,31,B6,C5,E12,18,29,60
47_32_56,all-well,hg38,3218,5495,30416.17,6092,3195,5472,6069,23,23,23,D11,C8,E8,47,32,56
30_60_84,all-well,hg38,3164,5495,30416.17,6038,3131,5461,5998,33,34,40,C6,E12,G12,30,60,84
41_76_94,all-well,hg38,3199,5493,30405.10,6018,3165,5451,5974,34,42,44,D5,G4,H10,41,76,94
28_21_64,all-well,mm10,2930,5491,30394.03,6054,52,52,52,2878,5439,6002,C4,B9,F4,28,21,64
06_85_22,all-well,hg38,3024,5491,30394.03,6055,2929,5388,5944,95,103,111,A6,H1,B10,6,85,22
31_25_57,all-well,mm10,2885,5491,30394.03,6089,95,99,102,2790,5392,5987,C7,C1,E9,31,25,57
08_81_08,all-well,hg38,3242,5490,30388.49,6039,3215,5462,6007,27,28,32,A8,G9,A8,8,81,8
26_04_64,all-well,mm10,2951,5489,30382.96,5999,119,124,133,2832,5365,5866,C2,A4,F4,26,4,64
31_21_45,all-well,hg38,3043,5486,30366.35,6051,3016,5455,6019,27,31,32,C7,B9,D9,31,21,45
18_08_91,all-well,hg38,3088,5485,30360.82,6066,3057,5453,6033,31,32,33,B6,A8,H7,18,8,91
36_19_22,all-well,mm10,2592,5485,30360.82,6014,34,37,41,2558,5448,5973,C12,B7,B10,36,19,22
29_43_01,all-well,hg38,3233,5484,30355.28,6049,3201,5452,6017,32,32,32,C5,D7,A1,29,43,1
08_09_33,all-well,hg38,3196,5484,30355.28,6028,3160,5447,5990,36,37,38,A8,A9,C9,8,9,33
09_73_31,all-well,mm10,2782,5484,30355.28,6048,48,49,49,2734,5435,5999,A9,G1,C7,9,73,31
28_09_81,all-well,hg38,3295,5484,30355.28,6008,3263,5451,5975,32,33,33,C4,A9,G9,28,9,81
31_53_92,all-well,mm10,2749,5483,30349.75,6038,72,73,75,2677,5410,5963,C7,E5,H8,31,53,92
28_85_38,all-well,hg38,3102,5483,30349.75,6045,3071,5452,6012,31,31,33,C4,H1,D2,28,85,38
30_92_87,all-well,hg38,3098,5483,30349.75,6057,3079,5464,6037,19,19,20,C6,H8,H3,30,92,87
42_58_02,all-well,hg38,3048,5481,30338.68,6017,3020,5452,5986,28,29,31,D6,E10,A2,42,58,2
07_28_88,all-well,mm10,2852,5481,30338.68,6035,82,91,100,2770,5390,5935,A7,C4,H4,7,28,88
35_29_30,all-well,mm10,2673,5481,30338.68,6055,37,42,46,2636,5439,6009,C11,C5,C6,35,29,30
09_88_07,all-well,hg38,3112,5480,30333.14,6077,3069,5435,6029,43,45,48,A9,H4,A7,9,88,7
25_20_76,all-well,mm10,3084,5480,30333.14,6009,118,120,129,2966,5360,5880,C1,B8,G4,25,20,76
01_45_82,all-well,mm10,2937,5479,30327.61,6019,59,61,65,2878,5418,5954,A1,D9,G10,1,45,82
09_70_08,all-well,hg38,3070,5478,30322.07,6046,3036,5443,6011,34,35,35,A9,F10,A8,9,70,8
44_22_94,all-well,hg38,3119,5477,30316.54,6028,3073,5429,5979,46,48,49,D8,B10,H10,44,22,94
42_88_57,all-well,mm10,2861,5477,30316.54,6037,66,69,74,2795,5408,5963,D6,H4,E9,42,88,57
32_80_28,all-well,mm10,2993,5476,30311.00,6009,39,39,40,2954,5437,5969,C8,G8,C4,32,80,28
23_39_05,all-well,mm10,2840,5474,30299.93,6076,59,63,68,2781,5411,6008,B11,D3,A5,23,39,5
37_37_64,all-well,hg38,3211,5473,30294.40,6017,3184,5446,5988,27,27,29,D1,D1,F4,37,37,64
09_05_68,all-well,mm10,2824,5471,30283.32,6046,57,59,63,2767,5412,5983,A9,A5,F8,9,5,68
41_77_69,all-well,mm10,2885,5471,30283.32,6022,69,72,77,2816,5399,5945,D5,G5,F9,41,77,69
46_62_60,all-well,hg38,3078,5471,30283.32,6066,3049,5441,6034,29,30,32,D10,F2,E12,46,62,60
21_27_74,all-well,hg38,2949,5470,30277.79,5984,2921,5441,5952,28,29,32,B9,C3,G2,21,27,74
38_83_66,all-well,hg38,3369,5469,30272.25,5996,3339,5432,5957,30,37,39,D2,G11,F6,38,83,66
31_49_39,all-well,mm10,2857,5469,30272.25,6054,53,57,60,2804,5412,5994,C7,E1,D3,31,49,39
01_80_35,all-well,mm10,2834,5469,30272.25,6029,49,49,55,2785,5420,5974,A1,G8,C11,1,80,35
04_08_92,all-well,hg38,3231,5468,30266.72,6007,3212,5448,5986,19,20,21,A4,A8,H8,4,8,92
33_04_67,all-well,mm10,2842,5467,30261.18,6016,47,48,51,2795,5419,5965,C9,A4,F7,33,4,67
11_52_53,all-well,hg38,3205,5467,30261.18,5990,3174,5435,5955,31,32,35,A11,E4,E5,11,52,53
15_77_88,all-well,hg38,3399,5467,30261.18,6026,3366,5433,5990,33,34,36,B3,G5,H4,15,77,88
11_65_32,all-well,mm10,2907,5465,30250.11,6013,55,56,62,2852,5409,5951,A11,F5,C8,11,65,32
07_71_24,all-well,mm10,2760,5464,30244.58,6013,73,73,80,2687,5391,5933,A7,F11,B12,7,71,24
05_69_94,all-well,mm10,2845,5463,30239.04,6029,68,72,75,2777,5391,5954,A5,F9,H10,5,69,94
29_41_44,all-well,hg38,3206,5463,30239.04,5999,3158,5412,5943,48,51,56,C5,D5,D8,29,41,44
26_10_83,all-well,mm10,2704,5462,30233.51,5999,60,63,67,2644,5399,5932,C2,A10,G11,26,10,83
27_34_30,all-well,mm10,2783,5462,30233.51,6005,61,62,70,2722,5400,5935,C3,C10,C6,27,34,30
44_90_74,all-well,mm10,2796,5462,30233.51,6018,43,43,46,2753,5419,5972,D8,H6,G2,44,90,74
28_94_33,all-well,hg38,3041,5462,30233.51,6041,2991,5410,5987,50,52,54,C4,H10,C9,28,94,33
30_26_88,all-well,mm10,2727,5461,30227.97,5995,58,61,64,2669,5400,5931,C6,C2,H4,30,26,88
16_28_93,all-well,mm10,2696,5460,30222.44,6045,97,101,106,2599,5359,5939,B4,C4,H9,16,28,93
20_87_65,all-well,mm10,2792,5458,30211.37,5988,54,60,63,2738,5398,5925,B8,H3,F5,20,87,65
39_04_93,all-well,mm10,2583,5457,30205.83,6018,58,58,60,2525,5399,5958,D3,A4,H9,39,4,93
46_48_13,all-well,mm10,2646,5457,30205.83,6004,118,129,136,2528,5328,5868,D10,D12,B1,46,48,13
31_22_46,all-well,mm10,2779,5456,30200.30,5978,98,106,112,2681,5350,5866,C7,B10,D10,31,22,46
04_92_85,all-well,hg38,2980,5453,30183.69,6006,2948,5420,5973,32,33,33,A4,H8,H1,4,92,85
28_87_63,all-well,mm10,2800,5451,30172.62,5990,58,62,69,2742,5389,5921,C4,H3,F3,28,87,63
21_24_51,all-well,hg38,3020,5450,30167.08,6010,2994,5420,5976,26,30,34,B9,B12,E3,21,24,51
47_14_15,all-well,mm10,2860,5448,30156.01,6021,66,67,74,2794,5381,5947,D11,B2,B3,47,14,15
43_57_25,all-well,hg38,3223,5448,30156.01,6000,3190,5410,5958,33,38,42,D7,E9,C1,43,57,25
35_25_05,all-well,hg38,3101,5447,30150.48,6010,3062,5407,5966,39,40,44,C11,C1,A5,35,25,5
47_87_84,all-well,hg38,3282,5447,30150.48,5996,3239,5402,5949,43,45,47,D11,H3,G12,47,87,84
01_50_72,all-well,hg38,3085,5447,30150.48,6027,3052,5414,5993,33,33,34,A1,E2,F12,1,50,72
46_82_86,all-well,hg38,3157,5445,30139.41,5943,3134,5422,5919,23,23,24,D10,G10,H2,46,82,86
30_81_68,all-well,mm10,2991,5444,30133.87,6018,213,247,269,2778,5197,5749,C6,G9,F8,30,81,68
05_38_35,all-well,mm10,2783,5443,30128.34,5924,61,63,69,2722,5380,5855,A5,D2,C11,5,38,35
29_75_47,all-well,hg38,3141,5442,30122.80,5972,3116,5415,5942,25,27,30,C5,G3,D11,29,75,47
02_63_58,all-well,mm10,2733,5442,30122.80,5990,56,60,67,2677,5382,5923,A2,F3,E10,2,63,58
28_27_69,all-well,mm10,2874,5441,30117.27,5984,68,73,76,2806,5368,5908,C4,C3,F9,28,27,69
27_42_56,all-well,mm10,2872,5440,30111.73,5992,48,48,51,2824,5392,5941,C3,D6,E8,27,42,56
38_34_92,all-well,mm10,3088,5439,30106.20,6004,86,88,97,3002,5351,5907,D2,C10,H8,38,34,92
21_26_21,all-well,mm10,2812,5438,30100.66,5980,75,79,84,2737,5359,5896,B9,C2,B9,21,26,21
39_35_05,all-well,mm10,3023,5437,30095.13,5960,82,85,93,2941,5352,5867,D3,C11,A5,39,35,5
19_01_16,all-well,mm10,2792,5434,30078.52,6004,70,73,76,2722,5361,5928,B7,A1,B4,19,1,16
07_19_79,all-well,mm10,2836,5434,30078.52,5947,107,116,121,2729,5318,5826,A7,B7,G7,7,19,79
24_10_69,all-well,mm10,2774,5433,30072.99,5972,60,77,84,2714,5356,5888,B12,A10,F9,24,10,69
42_06_96,all-well,mm10,2914,5433,30072.99,5987,104,113,131,2810,5320,5856,D6,A6,H12,42,6,96
14_84_17,all-well,mm10,2918,5433,30072.99,6021,89,99,108,2829,5334,5913,B2,G12,B5,14,84,17
39_51_08,all-well,mm10,2765,5431,30061.91,5953,59,59,63,2706,5372,5890,D3,E3,A8,39,51,8
40_01_73,all-well,mm10,2894,5430,30056.38,5962,65,68,70,2829,5362,5892,D4,A1,G1,40,1,73
36_14_17,all-well,mm10,2759,5430,30056.38,5985,55,59,61,2704,5371,5924,C12,B2,B5,36,14,17
14_57_66,all-well,mm10,3034,5430,30056.38,5999,51,52,53,2983,5378,5946,B2,E9,F6,14,57,66
02_24_71,all-well,hg38,3217,5429,30050.84,6004,3174,5386,5961,43,43,43,A2,B12,F11,2,24,71
31_83_33,all-well,mm10,2679,5428,30045.31,5962,53,56,56,2626,5372,5906,C7,G11,C9,31,83,33
07_49_20,all-well,hg38,3147,5427,30039.77,5953,3116,5394,5917,31,33,36,A7,E1,B8,7,49,20
10_90_52,all-well,mm10,2887,5427,30039.77,5978,49,52,57,2838,5375,5921,A10,H6,E4,10,90,52
31_41_10,all-well,mm10,2854,5425,30028.70,6003,84,89,93,2770,5336,5910,C7,D5,A10,31,41,10
23_73_13,all-well,hg38,3126,5425,30028.70,6023,3071,5369,5964,55,56,59,B11,G1,B1,23,73,13
15_37_96,all-well,mm10,2722,5423,30017.63,5928,88,89,97,2634,5334,5831,B3,D1,H12,15,37,96
38_09_77,all-well,hg38,3298,5422,30012.10,5975,3267,5391,5942,31,31,33,D2,A9,G5,38,9,77
05_23_13,all-well,mm10,2712,5421,30006.56,6001,75,78,84,2637,5343,5917,A5,B11,B1,5,23,13
44_90_64,all-well,mm10,2770,5419,29995.49,5966,61,64,68,2709,5355,5898,D8,H6,F4,44,90,64
07_88_60,all-well,mm10,2818,5417,29984.42,5957,57,64,69,2761,5353,5888,A7,H4,E12,7,88,60
14_82_07,all-well,hg38,3127,5417,29984.42,5980,3101,5391,5953,26,26,27,B2,G10,A7,14,82,7
40_90_80,all-well,mm10,2729,5416,29978.89,5949,83,88,96,2646,5328,5853,D4,H6,G8,40,90,80
22_36_56,all-well,mm10,2834,5416,29978.89,5941,97,98,106,2737,5318,5835,B10,C12,E8,22,36,56
22_51_93,all-well,mm10,2782,5412,29956.75,5926,51,51,54,2731,5361,5872,B10,E3,H9,22,51,93
42_67_06,all-well,mm10,2862,5412,29956.75,6009,96,97,104,2766,5315,5905,D6,F7,A6,42,67,6
19_25_20,all-well,hg38,3108,5412,29956.75,5966,3058,5360,5911,50,52,55,B7,C1,B8,19,25,20
01_52_16,all-well,hg38,3149,5411,29951.21,6003,3102,5363,5952,47,48,51,A1,E4,B4,1,52,16
31_66_86,all-well,mm10,2788,5409,29940.14,5978,57,59,61,2731,5350,5917,C7,F6,H2,31,66,86
36_85_12,all-well,hg38,3130,5406,29923.53,5963,3101,5376,5932,29,30,31,C12,H1,A12,36,85,12
08_39_68,all-well,hg38,2644,5405,29918.00,6006,2619,5379,5977,25,26,29,A8,D3,F8,8,39,68
06_58_49,all-well,mm10,2742,5405,29918.00,5923,45,45,48,2697,5360,5875,A6,E10,E1,6,58,49
44_86_77,all-well,hg38,3142,5405,29918.00,5956,3109,5372,5919,33,33,37,D8,H2,G5,44,86,77
24_03_49,all-well,hg38,3229,5404,29912.46,5947,3199,5372,5914,30,32,33,B12,A3,E1,24,3,49
04_42_53,all-well,hg38,2920,5404,29912.46,6011,2893,5377,5984,27,27,27,A4,D6,E5,4,42,53
34_31_68,all-well,mm10,2713,5403,29906.93,5908,94,103,119,2619,5300,5789,C10,C7,F8,34,31,68
42_58_84,all-well,hg38,2281,5401,29895.86,5948,2197,5302,5847,84,99,101,D6,E10,G12,42,58,84
11_49_46,all-well,hg38,3194,5401,29895.86,5938,3154,5360,5896,40,41,42,A11,E1,D10,11,49,46
33_40_52,all-well,mm10,2771,5398,29879.25,5926,59,61,64,2712,5337,5862,C9,D4,E4,33,40,52
38_41_39,all-well,mm10,2729,5398,29879.25,5926,149,167,182,2580,5231,5744,D2,D5,D3,38,41,39
41_26_24,all-well,hg38,3127,5396,29868.18,5936,3086,5353,5890,41,43,46,D5,C2,B12,41,26,24
29_02_09,all-well,hg38,3214,5393,29851.58,5931,3179,5356,5890,35,37,41,C5,A2,A9,29,2,9
30_89_73,all-well,hg38,3300,5390,29834.97,5963,3271,5359,5931,29,31,32,C6,H5,G1,30,89,73
45_40_56,all-well,mm10,2956,5389,29829.43,5908,153,164,178,2803,5225,5730,D9,D4,E8,45,40,56
41_03_95,all-well,hg38,3287,5389,29829.43,5938,3252,5348,5897,35,41,41,D5,A3,H11,41,3,95
35_13_70,all-well,hg38,3207,5389,29829.43,5912,3159,5340,5863,48,49,49,C11,B1,F10,35,13,70
42_40_40,all-well,multiplet,3038,5388,29823.90,5966,471,572,619,2567,4816,5347,D6,D4,D4,42,40,40
42_19_85,all-well,hg38,3146,5388,29823.90,5939,3117,5355,5906,29,33,33,D6,B7,H1,42,19,85
41_52_72,all-well,mm10,2908,5387,29818.36,5885,68,71,79,2840,5316,5806,D5,E4,F12,41,52,72
44_65_82,all-well,mm10,2844,5384,29801.76,5885,57,57,60,2787,5327,5825,D8,F5,G10,44,65,82
05_14_72,all-well,hg38,3121,5384,29801.76,5920,3089,5350,5883,32,34,37,A5,B2,F12,5,14,72
48_70_01,all-well,mm10,2784,5383,29796.22,5910,67,69,76,2717,5314,5834,D12,F10,A1,48,70,1
34_82_22,all-well,mm10,2748,5383,29796.22,5866,78,81,89,2670,5302,5777,C10,G10,B10,34,82,22
04_32_21,all-well,mm10,2792,5383,29796.22,5916,72,73,79,2720,5310,5837,A4,C8,B9,4,32,21
28_92_38,all-well,mm10,2805,5383,29796.22,5946,53,54,57,2752,5329,5889,C4,H8,D2,28,92,38
01_52_19,all-well,hg38,3159,5383,29796.22,5955,3113,5333,5903,46,50,52,A1,E4,B7,1,52,19
46_62_35,all-well,mm10,2945,5383,29796.22,5970,270,289,316,2675,5094,5654,D10,F2,C11,46,62,35
22_06_87,all-well,hg38,2524,5382,29790.69,5915,2478,5335,5867,46,47,48,B10,A6,H3,22,6,87
17_79_57,all-well,mm10,2829,5382,29790.69,5941,50,51,52,2779,5331,5889,B5,G7,E9,17,79,57
21_78_07,all-well,mm10,2841,5381,29785.15,5918,44,46,47,2797,5335,5871,B9,G6,A7,21,78,7
06_02_09,all-well,mm10,2873,5380,29779.62,5951,73,75,83,2800,5305,5868,A6,A2,A9,6,2,9
02_54_42,all-well,mm10,2783,5380,29779.62,5937,55,58,62,2728,5322,5875,A2,E6,D6,2,54,42
40_06_12,all-well,hg38,2996,5379,29774.08,5912,2957,5336,5864,39,43,48,D4,A6,A12,40,6,12
40_74_47,all-well,mm10,2887,5378,29768.55,5908,107,116,119,2780,5262,5789,D4,G2,D11,40,74,47
04_82_51,all-well,hg38,3177,5377,29763.01,5934,3148,5345,5899,29,32,35,A4,G10,E3,4,82,51
30_73_03,all-well,mm10,2667,5373,29740.87,5957,52,53,58,2615,5320,5899,C6,G1,A3,30,73,3
25_26_18,all-well,mm10,2906,5373,29740.87,5953,150,167,184,2756,5206,5769,C1,C2,B6,25,26,18
48_57_04,all-well,mm10,2864,5373,29740.87,5887,54,57,59,2810,5316,5828,D12,E9,A4,48,57,4
31_85_20,all-well,hg38,3198,5372,29735.34,5985,3158,5327,5938,40,45,47,C7,H1,B8,31,85,20
25_34_09,all-well,hg38,3205,5371,29729.80,5942,3162,5327,5893,43,44,49,C1,C10,A9,25,34,9
03_48_95,all-well,hg38,3213,5368,29713.19,5905,3170,5316,5844,43,52,61,A3,D12,H11,3,48,95
13_95_10,all-well,mm10,2797,5368,29713.19,5927,60,61,67,2737,5307,5860,B1,H11,A10,13,95,10
34_57_52,all-well,mm10,2657,5368,29713.19,5886,41,44,47,2616,5324,5839,C10,E9,E4,34,57,52
43_02_14,all-well,mm10,2739,5367,29707.66,5870,81,88,92,2658,5279,5778,D7,A2,B2,43,2,14
23_43_59,all-well,mm10,2675,5367,29707.66,5899,42,44,46,2633,5323,5853,B11,D7,E11,23,43,59
40_78_25,all-well,hg38,2998,5366,29702.12,5871,2963,5327,5829,35,39,42,D4,G6,C1,40,78,25
42_87_82,all-well,hg38,3190,5365,29696.59,5953,3160,5333,5919,30,32,34,D6,H3,G10,42,87,82
21_72_63,all-well,mm10,2861,5364,29691.05,5924,49,51,58,2812,5313,5866,B9,F12,F3,21,72,63
04_63_20,all-well,mm10,2863,5364,29691.05,5950,49,49,53,2814,5315,5897,A4,F3,B8,4,63,20
12_72_06,all-well,mm10,2870,5363,29685.52,5863,72,73,77,2798,5290,5786,A12,F12,A6,12,72,6
48_38_39,all-well,mm10,2900,5363,29685.52,5845,59,61,61,2841,5302,5784,D12,D2,D3,48,38,39
43_54_62,all-well,mm10,2809,5361,29674.45,5899,47,51,55,2762,5310,5844,D7,E6,F2,43,54,62
14_95_64,all-well,hg38,3097,5361,29674.45,5898,3059,5320,5854,38,41,44,B2,H11,F4,14,95,64
47_64_25,all-well,hg38,3250,5360,29668.91,5922,3152,5254,5805,98,106,117,D11,F4,C1,47,64,25
42_91_20,all-well,mm10,2567,5360,29668.91,5924,96,106,116,2471,5254,5808,D6,H7,B8,42,91,20
20_02_91,all-well,hg38,3095,5360,29668.91,5952,3060,5322,5912,35,38,40,B8,A2,H7,20,2,91
26_22_05,all-well,mm10,2816,5359,29663.38,5927,116,121,132,2700,5238,5795,C2,B10,A5,26,22,5
09_37_45,all-well,mm10,2795,5359,29663.38,5871,55,58,59,2740,5301,5812,A9,D1,D9,9,37,45
09_55_59,all-well,mm10,2832,5359,29663.38,5865,44,45,47,2788,5314,5818,A9,E7,E11,9,55,59
07_32_90,all-well,mm10,2777,5358,29657.84,5888,49,49,54,2728,5309,5834,A7,C8,H6,7,32,90
27_26_64,all-well,mm10,2667,5357,29652.31,5918,105,108,116,2562,5249,5802,C3,C2,F4,27,26,64
46_85_32,all-well,hg38,3152,5357,29652.31,5900,3126,5331,5871,26,26,29,D10,H1,C8,46,85,32
09_32_05,all-well,mm10,2730,5357,29652.31,5890,64,70,80,2666,5287,5810,A9,C8,A5,9,32,5
26_81_50,all-well,mm10,2712,5355,29641.24,5921,62,62,63,2650,5293,5858,C2,G9,E2,26,81,50
42_96_84,all-well,hg38,2999,5355,29641.24,5853,2970,5323,5821,29,32,32,D6,H12,G12,42,96,84
47_27_69,all-well,mm10,2778,5353,29630.17,5898,49,59,62,2729,5294,5836,D11,C3,F9,47,27,69
29_22_79,all-well,hg38,3052,5351,29619.10,5899,3022,5321,5868,30,30,31,C5,B10,G7,29,22,79
30_44_20,all-well,hg38,3229,5350,29613.56,5903,3199,5318,5868,30,32,35,C6,D8,B8,30,44,20
04_20_31,all-well,hg38,3086,5350,29613.56,5938,3067,5331,5918,19,19,20,A4,B8,C7,4,20,31
06_17_69,all-well,hg38,3009,5347,29596.95,5896,2973,5309,5856,36,38,40,A6,B5,F9,6,17,69
11_35_30,all-well,mm10,2874,5347,29596.95,5882,69,75,80,2805,5272,5802,A11,C11,C6,11,35,30
48_11_59,all-well,hg38,3236,5347,29596.95,5894,3194,5305,5846,42,42,48,D12,A11,E11,48,11,59
06_92_90,all-well,hg38,2931,5343,29574.81,5887,2917,5329,5873,14,14,14,A6,H8,H6,6,92,90
16_63_54,all-well,mm10,2734,5341,29563.74,5876,65,67,70,2669,5274,5806,B4,F3,E6,16,63,54
14_14_16,all-well,mm10,2821,5341,29563.74,5841,88,89,92,2733,5252,5749,B2,B2,B4,14,14,16
10_94_92,all-well,hg38,3166,5339,29552.67,5877,3146,5317,5854,20,22,23,A10,H10,H8,10,94,92
14_01_12,all-well,hg38,3263,5339,29552.67,5858,3227,5298,5817,36,41,41,B2,A1,A12,14,1,12
18_46_84,all-well,hg38,2911,5337,29541.60,5896,2885,5310,5866,26,27,30,B6,D10,G12,18,46,84
48_49_41,all-well,mm10,2883,5337,29541.60,5877,54,56,61,2829,5281,5816,D12,E1,D5,48,49,41
14_60_20,all-well,mm10,2849,5336,29536.07,5864,87,99,102,2762,5237,5762,B2,E12,B8,14,60,20
29_31_51,all-well,mm10,2664,5335,29530.53,5858,52,55,57,2612,5280,5801,C5,C7,E3,29,31,51
08_62_70,all-well,hg38,3079,5334,29525.00,5891,3056,5311,5868,23,23,23,A8,F2,F10,8,62,70
04_31_23,all-well,hg38,3127,5333,29519.46,5908,3090,5295,5865,37,38,43,A4,C7,B11,4,31,23
36_36_95,all-well,mm10,2784,5332,29513.93,5807,33,35,37,2751,5297,5770,C12,C12,H11,36,36,95
12_91_35,all-well,mm10,2583,5332,29513.93,5883,60,60,66,2523,5272,5817,A12,H7,C11,12,91,35
47_76_65,all-well,hg38,3044,5330,29502.86,5834,3023,5308,5810,21,22,24,D11,G4,F5,47,76,65
41_29_06,all-well,mm10,3020,5330,29502.86,5864,55,55,63,2965,5275,5801,D5,C5,A6,41,29,6
11_70_30,all-well,mm10,2816,5330,29502.86,5865,58,59,60,2758,5271,5805,A11,F10,C6,11,70,30
18_73_73,all-well,mm10,2938,5330,29502.86,5856,48,49,50,2890,5281,5806,B6,G1,G1,18,73,73
05_05_91,all-well,mm10,2729,5329,29497.32,5872,49,50,53,2680,5279,5819,A5,A5,H7,5,5,91
31_27_88,all-well,mm10,2825,5325,29475.18,5837,124,130,141,2701,5195,5696,C7,C3,H4,31,27,88
35_87_91,all-well,mm10,2821,5325,29475.18,5824,47,47,50,2774,5278,5774,C11,H3,H7,35,87,91
35_34_38,all-well,mm10,3017,5323,29464.11,5914,63,63,69,2954,5260,5845,C11,C10,D2,35,34,38
26_71_03,all-well,hg38,3022,5323,29464.11,5865,2987,5286,5828,35,37,37,C2,F11,A3,26,71,3
17_06_57,all-well,mm10,2839,5322,29458.57,5847,49,52,57,2790,5270,5790,B5,A6,E9,17,6,57
40_55_39,all-well,hg38,3016,5321,29453.04,5827,2982,5285,5790,34,36,37,D4,E7,D3,40,55,39
26_25_81,all-well,hg38,3195,5321,29453.04,5890,3161,5287,5853,34,34,37,C2,C1,G9,26,25,81
22_19_22,all-well,mm10,2764,5319,29441.97,5847,73,74,76,2691,5245,5771,B10,B7,B10,22,19,22
01_76_16,all-well,hg38,3170,5319,29441.97,5838,3120,5266,5782,50,53,56,A1,G4,B4,1,76,16
30_53_51,all-well,hg38,3071,5319,29441.97,5883,3046,5291,5854,25,28,29,C6,E5,E3,30,53,51
33_01_62,all-well,hg38,3066,5319,29441.97,5868,3021,5272,5819,45,47,49,C9,A1,F2,33,1,62
28_43_06,all-well,mm10,2875,5317,29430.90,5896,64,67,75,2811,5250,5821,C4,D7,A6,28,43,6
07_43_32,all-well,mm10,2804,5317,29430.90,5842,46,50,53,2758,5267,5789,A7,D7,C8,7,43,32
35_72_94,all-well,mm10,2823,5316,29425.36,5839,71,76,81,2752,5240,5758,C11,F12,H10,35,72,94
42_93_12,all-well,hg38,2988,5315,29419.83,5852,2925,5248,5775,63,67,77,D6,H9,A12,42,93,12
21_48_13,all-well,hg38,2989,5311,29397.69,5855,2961,5283,5825,28,28,30,B9,D12,B1,21,48,13
28_77_72,all-well,hg38,3137,5311,29397.69,5861,3112,5284,5831,25,27,30,C4,G5,F12,28,77,72
20_50_33,all-well,mm10,2665,5310,29392.15,5816,86,95,99,2579,5215,5717,B8,E2,C9,20,50,33
20_03_18,all-well,hg38,3006,5309,29386.61,5800,2966,5266,5757,40,43,43,B8,A3,B6,20,3,18
24_43_68,all-well,hg38,3165,5308,29381.08,5833,3143,5284,5809,22,24,24,B12,D7,F8,24,43,68
23_85_39,all-well,mm10,2685,5308,29381.08,5799,53,55,59,2632,5253,5740,B11,H1,D3,23,85,39
25_63_53,all-well,mm10,2955,5307,29375.54,5887,167,180,199,2788,5127,5688,C1,F3,E5,25,63,53
33_78_75,all-well,mm10,2782,5306,29370.01,5823,47,48,54,2735,5258,5769,C9,G6,G3,33,78,75
27_34_80,all-well,mm10,2844,5304,29358.94,5820,92,99,104,2752,5205,5716,C3,C10,G8,27,34,80
21_63_70,all-well,hg38,2981,5304,29358.94,5824,2955,5277,5792,26,27,32,B9,F3,F10,21,63,70
05_35_90,all-well,hg38,3106,5304,29358.94,5823,3081,5276,5794,25,28,29,A5,C11,H6,5,35,90
06_58_75,all-well,hg38,3001,5304,29358.94,5874,2966,5269,5834,35,35,40,A6,E10,G3,6,58,75
09_45_83,all-well,hg38,3027,5303,29353.40,5801,3003,5278,5776,24,25,25,A9,D9,G11,9,45,83
33_58_24,all-well,hg38,3081,5302,29347.87,5857,3040,5260,5812,41,42,45,C9,E10,B12,33,58,24
32_25_38,all-well,hg38,2961,5302,29347.87,5840,2929,5269,5806,32,33,34,C8,C1,D2,32,25,38
21_16_37,all-well,hg38,2971,5301,29342.33,5852,2922,5246,5792,49,55,60,B9,B4,D1,21,16,37
40_09_69,all-well,mm10,2819,5301,29342.33,5816,72,73,74,2747,5228,5742,D4,A9,F9,40,9,69
34_44_55,all-well,mm10,2860,5300,29336.80,5830,40,42,43,2820,5258,5787,C10,D8,E7,34,44,55
16_77_56,all-well,hg38,3093,5300,29336.80,5813,3063,5268,5781,30,32,32,B4,G5,E8,16,77,56
19_24_19,all-well,hg38,2967,5299,29331.26,5878,2921,5248,5825,46,51,53,B7,B12,B7,19,24,19
16_13_60,all-well,mm10,2830,5299,29331.26,5824,142,159,173,2688,5140,5651,B4,B1,E12,16,13,60
30_23_26,all-well,hg38,3120,5298,29325.73,5810,3083,5261,5771,37,37,39,C6,B11,C2,30,23,26
40_09_21,all-well,mm10,2695,5297,29320.19,5776,63,69,77,2632,5228,5699,D4,A9,B9,40,9,21
20_24_31,all-well,hg38,2827,5297,29320.19,5854,2789,5258,5814,38,39,40,B8,B12,C7,20,24,31
13_24_19,all-well,mm10,2823,5297,29320.19,5794,78,82,91,2745,5215,5703,B1,B12,B7,13,24,19
07_87_80,all-well,mm10,2779,5292,29292.52,5854,59,64,70,2720,5228,5784,A7,H3,G8,7,87,80
36_20_66,all-well,hg38,3081,5292,29292.52,5803,3047,5258,5767,34,34,36,C12,B8,F6,36,20,66
04_28_06,all-well,hg38,3140,5291,29286.98,5853,3111,5260,5820,29,31,33,A4,C4,A6,4,28,6
30_47_10,all-well,mm10,2919,5291,29286.98,5797,36,38,41,2883,5253,5756,C6,D11,A10,30,47,10
04_26_51,all-well,hg38,3020,5291,29286.98,5831,2986,5254,5791,34,37,40,A4,C2,E3,4,26,51
03_29_35,all-well,mm10,2862,5291,29286.98,5789,126,134,138,2736,5157,5651,A3,C5,C11,3,29,35
22_90_31,all-well,mm10,2878,5290,29281.45,5854,150,155,173,2728,5135,5681,B10,H6,C7,22,90,31
23_90_31,all-well,hg38,3041,5290,29281.45,5817,2990,5238,5762,51,52,55,B11,H6,C7,23,90,31
17_45_37,all-well,mm10,2680,5289,29275.91,5819,51,51,52,2629,5238,5767,B5,D9,D1,17,45,37
22_23_70,all-well,mm10,2822,5288,29270.37,5792,95,98,104,2727,5190,5688,B10,B11,F10,22,23,70
09_80_01,all-well,mm10,2675,5288,29270.37,5789,43,43,45,2632,5245,5744,A9,G8,A1,9,80,1
09_85_19,all-well,hg38,3081,5286,29259.30,5812,3042,5246,5768,39,40,44,A9,H1,B7,9,85,19
13_66_73,all-well,hg38,3053,5285,29253.77,5833,3007,5237,5781,46,48,52,B1,F6,G1,13,66,73
19_88_72,all-well,hg38,3237,5285,29253.77,5813,3213,5260,5787,24,25,26,B7,H4,F12,19,88,72
41_80_46,all-well,mm10,2828,5284,29248.23,5791,52,54,55,2776,5230,5736,D5,G8,D10,41,80,46
47_87_50,all-well,hg38,3108,5282,29237.16,5847,3083,5257,5821,25,25,26,D11,H3,E2,47,87,50
38_91_82,all-well,mm10,3165,5281,29231.63,5770,233,262,284,2932,5019,5486,D2,H7,G10,38,91,82
48_60_15,all-well,mm10,2889,5280,29226.09,5815,48,50,55,2841,5230,5760,D12,E12,B3,48,60,15
36_35_51,all-well,mm10,2690,5279,29220.56,5790,43,46,48,2647,5233,5742,C12,C11,E3,36,35,51
02_01_82,all-well,mm10,2823,5278,29215.02,5787,51,51,52,2772,5227,5735,A2,A1,G10,2,1,82
32_01_57,all-well,mm10,2839,5278,29215.02,5834,68,69,75,2771,5209,5759,C8,A1,E9,32,1,57
36_42_86,all-well,hg38,3139,5276,29203.95,5801,3111,5241,5766,28,35,35,C12,D6,H2,36,42,86
25_79_83,all-well,hg38,3214,5276,29203.95,5834,3147,5197,5748,67,79,86,C1,G7,G11,25,79,83
36_81_22,all-well,mm10,2703,5276,29203.95,5792,55,63,68,2648,5213,5724,C12,G9,B10,36,81,22
33_64_85,all-well,mm10,2827,5276,29203.95,5816,47,48,50,2780,5228,5766,C9,F4,H1,33,64,85
19_01_42,all-well,mm10,2597,5275,29198.42,5789,39,39,41,2558,5236,5748,B7,A1,D6,19,1,42
32_55_72,all-well,hg38,3170,5273,29187.35,5798,3140,5239,5764,30,34,34,C8,E7,F12,32,55,72
34_96_86,all-well,hg38,3110,5272,29181.81,5775,3065,5225,5724,45,47,51,C10,H12,H2,34,96,86
08_29_88,all-well,hg38,3181,5269,29165.21,5855,3138,5226,5809,43,43,46,A8,C5,H4,8,29,88
26_31_13,all-well,mm10,2769,5268,29159.67,5787,90,94,101,2679,5174,5686,C2,C7,B1,26,31,13
14_03_38,all-well,mm10,2749,5267,29154.13,5794,49,50,51,2700,5217,5743,B2,A3,D2,14,3,38
05_14_47,all-well,mm10,2870,5266,29148.60,5832,156,181,197,2714,5085,5635,A5,B2,D11,5,14,47
01_26_24,all-well,mm10,2803,5266,29148.60,5764,76,78,82,2727,5188,5682,A1,C2,B12,1,26,24
31_51_46,all-well,mm10,2781,5266,29148.60,5839,46,48,49,2735,5218,5790,C7,E3,D10,31,51,46
35_46_35,all-well,hg38,3016,5265,29143.06,5826,2987,5236,5796,29,29,30,C11,D10,C11,35,46,35
19_25_22,all-well,mm10,2794,5265,29143.06,5795,52,52,54,2742,5213,5741,B7,C1,B10,19,25,22
23_58_95,all-well,hg38,3075,5264,29137.53,5774,3043,5231,5741,32,33,33,B11,E10,H11,23,58,95
30_06_52,all-well,mm10,2884,5263,29131.99,5801,62,62,64,2822,5201,5737,C6,A6,E4,30,6,52
33_40_11,all-well,mm10,2671,5263,29131.99,5823,53,54,57,2618,5209,5766,C9,D4,A11,33,40,11
20_01_36,all-well,mm10,2688,5262,29126.46,5807,55,57,64,2633,5205,5743,B8,A1,C12,20,1,36
18_41_39,all-well,mm10,2885,5260,29115.39,5788,78,82,87,2807,5178,5701,B6,D5,D3,18,41,39
22_79_57,all-well,hg38,3056,5259,29109.85,5829,3002,5201,5768,54,58,61,B10,G7,E9,22,79,57
19_52_94,all-well,mm10,2758,5259,29109.85,5802,54,57,59,2704,5202,5743,B7,E4,H10,19,52,94
09_21_71,all-well,hg38,3047,5258,29104.32,5823,3019,5229,5792,28,29,31,A9,B9,F11,9,21,71
15_88_39,all-well,mm10,2834,5257,29098.78,5787,92,100,110,2742,5157,5677,B3,H4,D3,15,88,39
28_32_55,all-well,hg38,2909,5257,29098.78,5807,2889,5237,5787,20,20,20,C4,C8,E7,28,32,55
43_87_48,all-well,mm10,2624,5256,29093.25,5754,61,63,68,2563,5193,5686,D7,H3,D12,43,87,48
30_21_18,all-well,hg38,3266,5256,29093.25,5837,3213,5201,5779,53,55,58,C6,B9,B6,30,21,18
05_43_43,all-well,mm10,2762,5254,29082.18,5743,69,73,77,2693,5181,5666,A5,D7,D7,5,43,43
16_20_06,all-well,hg38,3018,5252,29071.11,5763,2984,5216,5726,34,36,37,B4,B8,A6,16,20,6
29_32_61,all-well,hg38,3196,5251,29065.57,5791,3151,5203,5740,45,48,51,C5,C8,F1,29,32,61
25_04_83,all-well,mm10,2892,5251,29065.57,5780,65,67,70,2827,5184,5710,C1,A4,G11,25,4,83
37_93_94,all-well,hg38,3065,5251,29065.57,5774,3039,5224,5747,26,27,27,D1,H9,H10,37,93,94
25_83_18,all-well,hg38,3065,5248,29048.96,5774,3035,5218,5743,30,30,31,C1,G11,B6,25,83,18
27_66_52,all-well,hg38,3005,5248,29048.96,5749,2975,5217,5716,30,31,33,C3,F6,E4,27,66,52
17_46_45,all-well,mm10,2766,5247,29043.43,5776,55,58,66,2711,5189,5710,B5,D10,D9,17,46,45
20_80_30,all-well,hg38,3088,5246,29037.89,5769,3060,5212,5730,28,34,39,B8,G8,C6,20,80,30
33_42_54,all-well,hg38,3009,5246,29037.89,5759,2976,5213,5726,33,33,33,C9,D6,E6,33,42,54
20_67_63,all-well,mm10,2685,5243,29021.29,5803,60,66,70,2625,5177,5733,B8,F7,F3,20,67,63
21_28_86,all-well,hg38,2811,5242,29015.75,5782,2772,5199,5734,39,43,48,B9,C4,H2,21,28,86
30_57_48,all-well,hg38,3123,5241,29010.22,5791,3081,5198,5747,42,43,44,C6,E9,D12,30,57,48
12_09_21,all-well,mm10,2709,5241,29010.22,5742,54,60,67,2655,5181,5675,A12,A9,B9,12,9,21
44_57_53,all-well,mm10,2803,5240,29004.68,5775,66,66,69,2737,5174,5706,D8,E9,E5,44,57,53
15_53_71,all-well,mm10,2767,5239,28999.15,5751,56,58,62,2711,5181,5689,B3,E5,F11,15,53,71
39_87_38,all-well,mm10,2765,5238,28993.61,5790,99,104,116,2666,5134,5674,D3,H3,D2,39,87,38
17_45_60,all-well,hg38,3168,5237,28988.08,5789,3140,5209,5759,28,28,30,B5,D9,E12,17,45,60
39_40_85,all-well,mm10,2712,5237,28988.08,5772,233,259,278,2479,4978,5494,D3,D4,H1,39,40,85
17_43_30,all-well,mm10,2822,5236,28982.54,5732,71,75,78,2751,5161,5654,B5,D7,C6,17,43,30
33_44_45,all-well,hg38,3115,5236,28982.54,5801,3098,5218,5781,17,18,20,C9,D8,D9,33,44,45
21_81_71,all-well,hg38,2945,5235,28977.01,5740,2920,5208,5710,25,27,30,B9,G9,F11,21,81,71
24_86_29,all-well,mm10,2826,5234,28971.47,5781,39,40,44,2787,5194,5737,B12,H2,C5,24,86,29
32_33_71,all-well,mm10,2682,5234,28971.47,5725,42,43,46,2640,5191,5679,C8,C9,F11,32,33,71
15_57_38,all-well,mm10,2790,5234,28971.47,5792,59,61,64,2731,5173,5728,B3,E9,D2,15,57,38
45_38_35,all-well,hg38,3130,5233,28965.94,5745,3081,5178,5687,49,55,58,D9,D2,C11,45,38,35
15_45_57,all-well,hg38,3113,5233,28965.94,5735,3039,5148,5643,74,85,92,B3,D9,E9,15,45,57
47_54_49,all-well,mm10,2722,5231,28954.87,5758,53,57,59,2669,5174,5699,D11,E6,E1,47,54,49
42_81_05,all-well,hg38,2978,5230,28949.33,5776,2948,5199,5743,30,31,33,D6,G9,A5,42,81,5
09_65_80,all-well,mm10,2683,5229,28943.80,5769,47,51,55,2636,5178,5714,A9,F5,G8,9,65,80
19_04_27,all-well,mm10,2853,5229,28943.80,5695,59,59,63,2794,5170,5632,B7,A4,C3,19,4,27
07_64_11,all-well,hg38,2921,5229,28943.80,5796,2877,5182,5745,44,47,51,A7,F4,A11,7,64,11
11_64_42,all-well,hg38,3164,5227,28932.72,5790,3121,5183,5743,43,44,47,A11,F4,D6,11,64,42
21_26_53,all-well,mm10,2747,5226,28927.19,5759,38,38,39,2709,5188,5720,B9,C2,E5,21,26,53
27_85_58,all-well,hg38,2930,5226,28927.19,5811,2904,5199,5784,26,27,27,C3,H1,E10,27,85,58
20_13_03,all-well,mm10,2745,5225,28921.65,5735,68,76,81,2677,5149,5654,B8,B1,A3,20,13,3
45_84_55,all-well,hg38,3315,5224,28916.12,5698,3236,5145,5610,79,79,88,D9,G12,E7,45,84,55
34_11_14,all-well,mm10,2901,5224,28916.12,5723,46,46,47,2855,5178,5676,C10,A11,B2,34,11,14
30_02_91,all-well,mm10,2898,5223,28910.58,5742,69,69,72,2829,5154,5670,C6,A2,H7,30,2,91
13_55_88,all-well,mm10,2864,5222,28905.05,5731,38,41,42,2826,5181,5689,B1,E7,H4,13,55,88
25_17_41,all-well,mm10,2864,5222,28905.05,5714,89,89,95,2775,5133,5619,C1,B5,D5,25,17,41
28_14_61,all-well,hg38,3032,5222,28905.05,5771,3004,5192,5740,28,30,31,C4,B2,F1,28,14,61
22_06_95,all-well,hg38,3162,5221,28899.51,5749,3112,5168,5694,50,53,55,B10,A6,H11,22,6,95
08_46_09,all-well,mm10,2794,5221,28899.51,5774,49,49,55,2745,5172,5719,A8,D10,A9,8,46,9
15_07_75,all-well,mm10,2854,5220,28893.98,5710,119,123,128,2735,5097,5582,B3,A7,G3,15,7,75
39_83_57,all-well,mm10,2665,5219,28888.44,5747,38,40,43,2627,5179,5704,D3,G11,E9,39,83,57
40_07_55,all-well,mm10,2741,5218,28882.91,5718,163,183,201,2578,5035,5517,D4,A7,E7,40,7,55
44_45_52,all-well,hg38,3107,5217,28877.37,5765,3074,5184,5730,33,33,35,D8,D9,E4,44,45,52
11_38_05,all-well,hg38,3192,5216,28871.84,5761,3167,5191,5733,25,25,28,A11,D2,A5,11,38,5
15_05_18,all-well,mm10,2432,5215,28866.30,5728,83,96,106,2349,5119,5622,B3,A5,B6,15,5,18
40_74_01,all-well,mm10,2715,5214,28860.77,5757,137,152,164,2578,5062,5593,D4,G2,A1,40,74,1
30_74_21,all-well,hg38,2999,5214,28860.77,5790,2960,5173,5746,39,41,44,C6,G2,B9,30,74,21
03_25_53,all-well,hg38,3352,5213,28855.23,5753,3291,5142,5674,61,71,79,A3,C1,E5,3,25,53
05_40_72,all-well,hg38,3158,5211,28844.16,5721,3131,5183,5693,27,28,28,A5,D4,F12,5,40,72
33_68_10,all-well,hg38,3200,5210,28838.63,5747,3158,5167,5701,42,43,46,C9,F8,A10,33,68,10
06_09_50,all-well,mm10,2398,5210,28838.63,5737,47,47,49,2351,5163,5688,A6,A9,E2,6,9,50
01_49_09,all-well,mm10,2881,5210,28838.63,5733,112,118,129,2769,5092,5604,A1,E1,A9,1,49,9
37_05_73,all-well,mm10,2770,5209,28833.09,5751,98,102,107,2672,5107,5644,D1,A5,G1,37,5,73
26_47_73,all-well,hg38,3250,5209,28833.09,5730,3208,5166,5685,42,43,45,C2,D11,G1,26,47,73
17_47_94,all-well,hg38,3090,5209,28833.09,5740,3067,5185,5716,23,24,24,B5,D11,H10,17,47,94
25_73_74,all-well,hg38,3090,5209,28833.09,5775,3053,5172,5734,37,37,41,C1,G1,G2,25,73,74
28_20_35,all-well,mm10,2746,5208,28827.56,5714,54,58,62,2692,5150,5652,C4,B8,C11,28,20,35
07_36_39,all-well,mm10,2673,5208,28827.56,5750,57,62,65,2616,5146,5685,A7,C12,D3,7,36,39
22_77_74,all-well,hg38,3129,5208,28827.56,5768,3027,5103,5650,102,105,118,B10,G5,G2,22,77,74
09_84_33,all-well,mm10,2572,5207,28822.02,5719,56,56,62,2516,5151,5657,A9,G12,C9,9,84,33
41_67_71,all-well,mm10,2573,5207,28822.02,5709,44,44,44,2529,5163,5665,D5,F7,F11,41,67,71
18_66_18,all-well,mm10,2821,5207,28822.02,5713,58,60,63,2763,5147,5650,B6,F6,B6,18,66,18
29_41_09,all-well,hg38,3040,5207,28822.02,5746,3014,5180,5717,26,27,29,C5,D5,A9,29,41,9
20_24_95,all-well,hg38,3002,5204,28805.41,5729,2987,5184,5708,15,20,21,B8,B12,H11,20,24,95
26_50_43,all-well,mm10,2751,5204,28805.41,5686,68,69,75,2683,5135,5611,C2,E2,D7,26,50,43
27_21_78,all-well,mm10,2736,5203,28799.88,5789,39,40,41,2697,5163,5748,C3,B9,G6,27,21,78
35_58_79,all-well,hg38,3236,5203,28799.88,5722,3200,5164,5682,36,39,40,C11,E10,G7,35,58,79
03_52_93,all-well,hg38,3171,5203,28799.88,5721,3137,5165,5682,34,38,39,A3,E4,H9,3,52,93
23_93_17,all-well,hg38,3067,5203,28799.88,5777,3034,5167,5739,33,36,38,B11,H9,B5,23,93,17
05_31_15,all-well,hg38,2944,5201,28788.81,5741,2916,5173,5713,28,28,28,A5,C7,B3,5,31,15
16_55_25,all-well,mm10,2624,5201,28788.81,5713,45,47,47,2579,5154,5666,B4,E7,C1,16,55,25
17_32_64,all-well,hg38,3023,5201,28788.81,5724,2998,5176,5698,25,25,26,B5,C8,F4,17,32,64
39_45_25,all-well,hg38,3118,5200,28783.27,5727,3060,5137,5661,58,63,66,D3,D9,C1,39,45,25
46_87_28,all-well,hg38,3085,5199,28777.74,5719,3058,5171,5689,27,28,30,D10,H3,C4,46,87,28
25_28_79,all-well,mm10,2844,5199,28777.74,5718,77,84,90,2767,5115,5628,C1,C4,G7,25,28,79
22_14_75,all-well,mm10,2680,5198,28772.20,5762,65,67,75,2615,5131,5687,B10,B2,G3,22,14,75
04_01_80,all-well,hg38,3199,5198,28772.20,5733,3175,5168,5701,24,30,32,A4,A1,G8,4,1,80
13_44_06,all-well,hg38,3037,5195,28755.60,5678,3015,5170,5650,22,25,28,B1,D8,A6,13,44,6
15_04_72,all-well,mm10,2719,5195,28755.60,5675,46,46,48,2673,5149,5627,B3,A4,F12,15,4,72
30_21_96,all-well,hg38,3118,5195,28755.60,5751,3087,5164,5718,31,31,33,C6,B9,H12,30,21,96
44_31_86,all-well,hg38,3098,5195,28755.60,5758,3062,5158,5720,36,37,38,D8,C7,H2,44,31,86
03_57_31,all-well,hg38,3176,5195,28755.60,5728,3138,5156,5687,38,39,41,A3,E9,C7,3,57,31
02_39_88,all-well,mm10,2711,5193,28744.53,5731,44,48,48,2667,5145,5683,A2,D3,H4,2,39,88
06_14_68,all-well,mm10,2600,5193,28744.53,5697,36,37,39,2564,5156,5658,A6,B2,F8,6,14,68
05_76_73,all-well,mm10,2635,5192,28738.99,5734,39,41,42,2596,5151,5692,A5,G4,G1,5,76,73
06_46_31,all-well,hg38,2912,5192,28738.99,5718,2869,5147,5672,43,45,46,A6,D10,C7,6,46,31
29_49_07,all-well,hg38,3059,5191,28733.46,5698,3023,5154,5657,36,37,41,C5,E1,A7,29,49,7
14_32_74,all-well,mm10,2801,5191,28733.46,5687,55,55,57,2746,5136,5630,B2,C8,G2,14,32,74
01_55_36,all-well,hg38,3121,5189,28722.39,5715,3094,5161,5686,27,28,29,A1,E7,C12,1,55,36
25_20_43,all-well,hg38,2970,5186,28705.78,5705,2935,5148,5666,35,38,39,C1,B8,D7,25,20,43
31_16_37,all-well,mm10,2708,5185,28700.24,5727,139,145,160,2569,5040,5567,C7,B4,D1,31,16,37
26_66_08,all-well,hg38,3142,5185,28700.24,5717,3117,5157,5687,25,28,30,C2,F6,A8,26,66,8
22_60_64,all-well,mm10,2809,5184,28694.71,5744,54,54,59,2755,5130,5685,B10,E12,F4,22,60,64
04_91_65,all-well,hg38,3122,5182,28683.64,5685,3097,5153,5655,25,29,30,A4,H7,F5,4,91,65
07_15_21,all-well,hg38,3080,5181,28678.10,5706,3048,5147,5667,32,34,39,A7,B3,B9,7,15,21
11_72_05,all-well,mm10,2713,5181,28678.10,5726,38,39,39,2675,5142,5687,A11,F12,A5,11,72,5
34_20_62,all-well,mm10,2820,5181,28678.10,5667,61,62,72,2759,5119,5595,C10,B8,F2,34,20,62
43_03_28,all-well,mm10,2829,5178,28661.50,5690,38,39,40,2791,5139,5650,D7,A3,C4,43,3,28
21_27_31,all-well,mm10,2872,5177,28655.96,5702,63,64,65,2809,5113,5637,B9,C3,C7,21,27,31
29_85_28,all-well,hg38,3174,5177,28655.96,5679,3136,5136,5637,38,41,42,C5,H1,C4,29,85,28
10_87_10,all-well,hg38,3129,5174,28639.36,5763,3094,5138,5723,35,36,40,A10,H3,A10,10,87,10
08_10_36,all-well,hg38,3001,5174,28639.36,5734,2978,5151,5710,23,23,24,A8,A10,C12,8,10,36
02_55_15,all-well,hg38,3047,5174,28639.36,5676,3029,5156,5657,18,18,19,A2,E7,B3,2,55,15
45_36_42,all-well,hg38,3160,5173,28633.82,5673,3118,5128,5624,42,45,49,D9,C12,D6,45,36,42
48_53_89,all-well,hg38,3054,5173,28633.82,5726,3017,5136,5686,37,37,40,D12,E5,H5,48,53,89
28_94_76,all-well,mm10,2687,5170,28617.22,5663,49,52,55,2638,5118,5608,C4,H10,G4,28,94,76
46_42_44,all-well,hg38,2876,5169,28611.68,5675,2837,5129,5633,39,40,42,D10,D6,D8,46,42,44
14_90_75,all-well,hg38,3160,5168,28606.15,5709,3127,5130,5667,33,38,42,B2,H6,G3,14,90,75
01_65_86,all-well,hg38,2958,5166,28595.07,5668,2948,5156,5657,10,10,11,A1,F5,H2,1,65,86
21_13_07,all-well,mm10,2676,5166,28595.07,5673,58,60,64,2618,5106,5609,B9,B1,A7,21,13,7
34_10_05,all-well,hg38,3020,5165,28589.54,5681,2995,5138,5651,25,27,30,C10,A10,A5,34,10,5
14_16_15,all-well,mm10,2662,5165,28589.54,5696,56,57,62,2606,5108,5634,B2,B4,B3,14,16,15
15_14_49,all-well,mm10,2611,5164,28584.00,5706,70,72,80,2541,5092,5626,B3,B2,E1,15,14,49
30_12_47,all-well,hg38,3170,5164,28584.00,5713,3126,5120,5665,44,44,48,C6,A12,D11,30,12,47
06_51_50,all-well,hg38,2904,5162,28572.93,5688,2878,5135,5660,26,27,28,A6,E3,E2,6,51,50
32_05_12,all-well,mm10,2570,5162,28572.93,5697,86,90,100,2484,5072,5597,C8,A5,A12,32,5,12
39_64_65,all-well,mm10,2727,5162,28572.93,5672,152,157,173,2575,5005,5499,D3,F4,F5,39,64,65
12_71_79,all-well,mm10,2894,5161,28567.40,5673,76,79,86,2818,5082,5587,A12,F11,G7,12,71,79
48_83_14,all-well,hg38,3004,5160,28561.86,5724,2981,5136,5700,23,24,24,D12,G11,B2,48,83,14
27_05_27,all-well,mm10,2773,5160,28561.86,5669,98,99,109,2675,5061,5560,C3,A5,C3,27,5,27
20_69_65,all-well,hg38,3111,5159,28556.33,5685,3084,5131,5657,27,28,28,B8,F9,F5,20,69,65
14_21_96,all-well,mm10,2730,5159,28556.33,5664,42,44,48,2688,5115,5616,B2,B9,H12,14,21,96
40_71_93,all-well,hg38,2864,5158,28550.79,5650,2792,5082,5566,72,76,84,D4,F11,H9,40,71,93
21_32_21,all-well,mm10,2726,5158,28550.79,5672,45,45,50,2681,5113,5622,B9,C8,B9,21,32,21
24_70_14,all-well,mm10,2765,5158,28550.79,5696,38,40,44,2727,5118,5652,B12,F10,B2,24,70,14
28_33_47,all-well,mm10,2850,5157,28545.26,5656,84,92,100,2766,5065,5556,C4,C9,D11,28,33,47
27_11_18,all-well,hg38,3102,5157,28545.26,5677,3069,5121,5639,33,36,38,C3,A11,B6,27,11,18
24_86_88,all-well,mm10,2414,5156,28539.72,5672,34,36,38,2380,5120,5634,B12,H2,H4,24,86,88
01_76_57,all-well,mm10,2673,5156,28539.72,5666,81,83,91,2592,5073,5575,A1,G4,E9,1,76,57
08_28_33,all-well,mm10,2648,5156,28539.72,5645,84,86,93,2564,5070,5552,A8,C4,C9,8,28,33
32_79_91,all-well,mm10,2791,5155,28534.19,5656,119,130,137,2672,5025,5519,C8,G7,H7,32,79,91
03_22_96,all-well,hg38,3212,5154,28528.65,5688,3172,5111,5642,40,43,46,A3,B10,H12,3,22,96
29_69_80,all-well,mm10,2717,5152,28517.58,5697,37,39,41,2680,5113,5656,C5,F9,G8,29,69,80
46_35_17,all-well,mm10,2736,5152,28517.58,5658,63,67,71,2673,5085,5587,D10,C11,B5,46,35,17
11_17_15,all-well,hg38,3123,5152,28517.58,5707,3080,5104,5653,43,48,54,A11,B5,B3,11,17,15
22_06_18,all-well,mm10,2846,5151,28512.05,5673,65,70,74,2781,5081,5599,B10,A6,B6,22,6,18
24_81_38,all-well,mm10,2711,5150,28506.51,5603,55,55,61,2656,5095,5542,B12,G9,D2,24,81,38
17_59_21,all-well,hg38,3107,5149,28500.98,5703,3036,5075,5625,71,74,78,B5,E11,B9,17,59,21
31_95_01,all-well,mm10,2686,5147,28489.91,5678,70,75,81,2616,5072,5597,C7,H11,A1,31,95,1
10_70_04,all-well,mm10,2721,5147,28489.91,5649,53,54,57,2668,5093,5592,A10,F10,A4,10,70,4
07_58_84,all-well,hg38,3083,5147,28489.91,5664,3021,5082,5593,62,65,71,A7,E10,G12,7,58,84
06_11_90,all-well,mm10,2495,5146,28484.37,5712,29,29,31,2466,5117,5681,A6,A11,H6,6,11,90
03_63_38,all-well,hg38,3264,5146,28484.37,5678,3216,5092,5621,48,54,57,A3,F3,D2,3,63,38
29_47_67,all-well,hg38,2954,5145,28478.83,5679,2932,5122,5655,22,23,24,C5,D11,F7,29,47,67
36_37_33,all-well,hg38,3040,5145,28478.83,5659,3013,5118,5627,27,27,32,C12,D1,C9,36,37,33
05_92_84,all-well,hg38,3138,5145,28478.83,5674,3106,5111,5637,32,34,37,A5,H8,G12,5,92,84
05_06_83,all-well,mm10,2792,5144,28473.30,5666,47,50,50,2745,5094,5616,A5,A6,G11,5,6,83
22_70_82,all-well,hg38,3161,5144,28473.30,5677,3100,5079,5604,61,65,73,B10,F10,G10,22,70,82
02_04_65,all-well,hg38,2949,5144,28473.30,5681,2933,5128,5665,16,16,16,A2,A4,F5,2,4,65
28_49_59,all-well,mm10,2730,5143,28467.76,5677,68,70,75,2662,5073,5602,C4,E1,E11,28,49,59
17_02_66,all-well,mm10,2756,5143,28467.76,5634,61,61,66,2695,5082,5568,B5,A2,F6,17,2,66
15_14_32,all-well,mm10,2724,5142,28462.23,5630,41,42,43,2683,5100,5587,B3,B2,C8,15,14,32
29_62_46,all-well,hg38,2969,5142,28462.23,5684,2940,5113,5652,29,29,32,C5,F2,D10,29,62,46
28_15_58,all-well,mm10,2759,5141,28456.69,5629,156,178,191,2603,4963,5438,C4,B3,E10,28,15,58
22_67_63,all-well,mm10,2558,5141,28456.69,5679,56,57,60,2502,5084,5619,B10,F7,F3,22,67,63
28_72_96,all-well,mm10,2726,5140,28451.16,5647,84,87,97,2642,5053,5550,C4,F12,H12,28,72,96
09_57_24,all-well,mm10,2692,5140,28451.16,5662,54,57,62,2638,5083,5600,A9,E9,B12,9,57,24
20_50_20,all-well,mm10,2674,5138,28440.09,5622,82,103,114,2592,5035,5508,B8,E2,B8,20,50,20
19_11_79,all-well,mm10,2760,5137,28434.55,5652,60,60,62,2700,5077,5590,B7,A11,G7,19,11,79
08_14_76,all-well,mm10,2549,5136,28429.02,5630,35,35,38,2514,5101,5592,A8,B2,G4,8,14,76
13_78_88,all-well,mm10,2700,5136,28429.02,5655,64,69,75,2636,5067,5580,B1,G6,H4,13,78,88
19_37_39,all-well,hg38,2868,5135,28423.48,5653,2844,5109,5627,24,26,26,B7,D1,D3,19,37,39
06_71_06,all-well,hg38,2955,5135,28423.48,5668,2917,5093,5625,38,42,43,A6,F11,A6,6,71,6
27_10_33,all-well,hg38,2918,5134,28417.95,5684,2880,5095,5644,38,39,40,C3,A10,C9,27,10,33
33_38_14,all-well,hg38,3038,5133,28412.41,5680,3014,5109,5653,24,24,27,C9,D2,B2,33,38,14
34_72_06,all-well,mm10,2650,5133,28412.41,5615,64,66,73,2586,5067,5542,C10,F12,A6,34,72,6
23_50_44,all-well,mm10,2660,5132,28406.88,5684,49,49,50,2611,5083,5634,B11,E2,D8,23,50,44
27_82_81,all-well,hg38,3031,5132,28406.88,5670,2987,5079,5613,44,53,57,C3,G10,G9,27,82,81
40_69_62,all-well,hg38,2855,5131,28401.34,5642,2826,5101,5612,29,30,30,D4,F9,F2,40,69,62
34_47_47,all-well,mm10,2662,5131,28401.34,5649,49,49,51,2613,5082,5598,C10,D11,D11,34,47,47
08_47_21,all-well,mm10,2687,5130,28395.81,5617,264,289,315,2423,4841,5302,A8,D11,B9,8,47,21
39_01_26,all-well,hg38,3075,5129,28390.27,5650,3004,5056,5570,71,73,80,D3,A1,C2,39,1,26
04_32_16,all-well,hg38,2993,5129,28390.27,5637,2971,5106,5614,22,23,23,A4,C8,B4,4,32,16
14_07_59,all-well,hg38,3030,5129,28390.27,5637,2992,5083,5585,38,46,52,B2,A7,E11,14,7,59
26_87_16,all-well,mm10,2633,5129,28390.27,5690,67,67,71,2566,5062,5619,C2,H3,B4,26,87,16
46_86_18,all-well,hg38,3127,5127,28379.20,5672,3070,5066,5608,57,61,64,D10,H2,B6,46,86,18
05_19_12,all-well,hg38,2876,5126,28373.67,5675,2854,5104,5651,22,22,24,A5,B7,A12,5,19,12
36_80_89,all-well,hg38,2903,5126,28373.67,5637,2873,5094,5602,30,32,35,C12,G8,H5,36,80,89
35_15_95,all-well,mm10,2792,5126,28373.67,5658,71,75,82,2721,5051,5576,C11,B3,H11,35,15,95
39_86_69,all-well,hg38,2997,5125,28368.13,5693,2946,5069,5635,51,56,58,D3,H2,F9,39,86,69
18_19_96,all-well,hg38,3006,5124,28362.59,5641,2945,5054,5568,61,70,73,B6,B7,H12,18,19,96
16_57_68,all-well,mm10,2467,5124,28362.59,5637,50,55,55,2417,5069,5582,B4,E9,F8,16,57,68
10_04_76,all-well,mm10,2762,5124,28362.59,5640,50,51,53,2712,5073,5587,A10,A4,G4,10,4,76
30_93_91,all-well,mm10,2683,5123,28357.06,5642,43,46,50,2640,5077,5592,C6,H9,H7,30,93,91
04_92_69,all-well,hg38,3041,5123,28357.06,5608,3007,5087,5568,34,36,40,A4,H8,F9,4,92,69
01_11_62,all-well,hg38,3070,5122,28351.52,5637,3052,5101,5614,18,21,23,A1,A11,F2,1,11,62
17_26_15,all-well,hg38,2985,5121,28345.99,5628,2939,5075,5572,46,46,56,B5,C2,B3,17,26,15
41_92_02,all-well,hg38,3054,5120,28340.45,5586,3018,5081,5542,36,39,44,D5,H8,A2,41,92,2
43_49_37,all-well,multiplet,3007,5119,28334.92,5595,462,575,633,2545,4544,4962,D7,E1,D1,43,49,37
42_60_73,all-well,hg38,3016,5119,28334.92,5677,2986,5087,5644,30,32,33,D6,E12,G1,42,60,73
18_94_87,all-well,hg38,3061,5118,28329.38,5620,3037,5094,5595,24,24,25,B6,H10,H3,18,94,87
35_16_52,all-well,hg38,3148,5118,28329.38,5670,3110,5080,5631,38,38,39,C11,B4,E4,35,16,52
13_38_35,all-well,hg38,3039,5117,28323.85,5630,2991,5065,5570,48,52,60,B1,D2,C11,13,38,35
02_06_46,all-well,hg38,3060,5117,28323.85,5639,3036,5093,5610,24,24,29,A2,A6,D10,2,6,46
24_01_01,all-well,mm10,2896,5117,28323.85,5631,75,82,89,2821,5035,5542,B12,A1,A1,24,1,1
09_76_20,all-well,mm10,2501,5116,28318.31,5652,49,54,58,2452,5062,5594,A9,G4,B8,9,76,20
14_89_25,all-well,mm10,2831,5114,28307.24,5607,55,58,61,2776,5056,5546,B2,H5,C1,14,89,25
19_03_07,all-well,mm10,2669,5114,28307.24,5618,61,61,65,2608,5053,5553,B7,A3,A7,19,3,7
46_79_23,all-well,hg38,3122,5113,28301.71,5624,3042,5023,5530,80,90,94,D10,G7,B11,46,79,23
44_07_02,all-well,hg38,3084,5113,28301.71,5603,3061,5087,5575,23,26,28,D8,A7,A2,44,7,2
31_48_36,all-well,hg38,2954,5112,28296.17,5658,2926,5081,5622,28,31,36,C7,D12,C12,31,48,36
28_92_37,all-well,hg38,2955,5111,28290.64,5615,2929,5082,5584,26,29,31,C4,H8,D1,28,92,37
34_49_48,all-well,mm10,2729,5111,28290.64,5585,49,50,52,2680,5061,5533,C10,E1,D12,34,49,48
34_73_92,all-well,mm10,2885,5111,28290.64,5628,42,42,43,2843,5069,5585,C10,G1,H8,34,73,92
27_61_64,all-well,hg38,2926,5110,28285.10,5681,2901,5084,5653,25,26,28,C3,F1,F4,27,61,64
37_66_29,all-well,mm10,2739,5110,28285.10,5627,50,51,53,2689,5059,5574,D1,F6,C5,37,66,29
17_20_44,all-well,hg38,2986,5108,28274.03,5615,2944,5065,5572,42,43,43,B5,B8,D8,17,20,44
25_94_48,all-well,hg38,2967,5108,28274.03,5606,2930,5070,5563,37,38,43,C1,H10,D12,25,94,48
22_78_16,all-well,mm10,2669,5108,28274.03,5662,58,58,63,2611,5050,5599,B10,G6,B4,22,78,16
15_88_95,all-well,mm10,2804,5106,28262.96,5576,77,82,90,2727,5024,5486,B3,H4,H11,15,88,95
24_18_47,all-well,hg38,2944,5104,28251.89,5619,2871,5024,5536,73,80,83,B12,B6,D11,24,18,47
16_81_07,all-well,mm10,2745,5103,28246.35,5647,74,78,82,2671,5025,5565,B4,G9,A7,16,81,7
09_90_44,all-well,mm10,2636,5101,28235.28,5626,46,51,53,2590,5050,5573,A9,H6,D8,9,90,44
16_47_58,all-well,hg38,2918,5101,28235.28,5635,2885,5066,5597,33,35,38,B4,D11,E10,16,47,58
35_79_51,all-well,mm10,2784,5099,28224.21,5596,44,44,46,2740,5055,5550,C11,G7,E3,35,79,51
08_02_78,all-well,hg38,3054,5098,28218.68,5626,3021,5061,5586,33,37,40,A8,A2,G6,8,2,78
47_40_34,all-well,mm10,2709,5098,28218.68,5619,54,55,57,2655,5043,5562,D11,D4,C10,47,40,34
26_76_86,all-well,hg38,3026,5097,28213.14,5601,2986,5052,5553,40,45,48,C2,G4,H2,26,76,86
40_23_10,all-well,mm10,2859,5095,28202.07,5551,229,250,267,2630,4845,5284,D4,B11,A10,40,23,10
11_80_82,all-well,mm10,2758,5095,28202.07,5639,46,47,50,2712,5048,5589,A11,G8,G10,11,80,82
35_61_61,all-well,mm10,2867,5095,28202.07,5585,61,68,71,2806,5027,5514,C11,F1,F1,35,61,61
37_90_22,all-well,mm10,2487,5095,28202.07,5599,118,125,139,2369,4970,5460,D1,H6,B10,37,90,22
40_32_96,all-well,mm10,2702,5094,28196.54,5577,59,63,71,2643,5031,5506,D4,C8,H12,40,32,96
29_12_71,all-well,hg38,2974,5094,28196.54,5625,2950,5070,5598,24,24,27,C5,A12,F11,29,12,71
26_01_14,all-well,mm10,2657,5093,28191.00,5635,55,55,57,2602,5038,5578,C2,A1,B2,26,1,14
12_86_20,all-well,mm10,2710,5092,28185.47,5559,43,44,48,2667,5048,5511,A12,H2,B8,12,86,20
28_82_86,all-well,hg38,2928,5092,28185.47,5626,2903,5065,5597,25,27,29,C4,G10,H2,28,82,86
14_82_31,all-well,mm10,2616,5091,28179.93,5593,62,68,72,2554,5023,5521,B2,G10,C7,14,82,31
21_58_78,all-well,hg38,3023,5090,28174.40,5668,2980,5045,5619,43,45,49,B9,E10,G6,21,58,78
26_21_77,all-well,mm10,2747,5089,28168.86,5606,40,40,42,2707,5049,5564,C2,B9,G5,26,21,77
02_73_20,all-well,mm10,2761,5088,28163.33,5631,43,43,46,2718,5045,5585,A2,G1,B8,2,73,20
09_31_83,all-well,hg38,2984,5088,28163.33,5573,2960,5063,5548,24,25,25,A9,C7,G11,9,31,83
29_88_54,all-well,hg38,2984,5088,28163.33,5625,2958,5057,5594,26,31,31,C5,H4,E6,29,88,54
05_54_16,all-well,hg38,2945,5087,28157.79,5591,2917,5057,5560,28,30,31,A5,E6,B4,5,54,16
01_77_61,all-well,hg38,2988,5085,28146.72,5579,2944,5038,5531,44,47,48,A1,G5,F1,1,77,61
29_72_70,all-well,hg38,2999,5085,28146.72,5602,2975,5060,5576,24,25,26,C5,F12,F10,29,72,70
17_49_19,all-well,mm10,2813,5085,28146.72,5653,68,71,74,2745,5014,5579,B5,E1,B7,17,49,19
01_62_26,all-well,hg38,2937,5084,28141.18,5626,2908,5053,5592,29,31,34,A1,F2,C2,1,62,26
06_21_71,all-well,mm10,2656,5083,28135.65,5634,34,34,37,2622,5049,5597,A6,B9,F11,6,21,71
10_52_93,all-well,hg38,3117,5083,28135.65,5588,3093,5059,5562,24,24,26,A10,E4,H9,10,52,93
11_14_16,all-well,hg38,2837,5082,28130.11,5648,2796,5039,5604,41,43,44,A11,B2,B4,11,14,16
25_61_76,all-well,mm10,2652,5081,28124.58,5524,53,54,58,2599,5027,5466,C1,F1,G4,25,61,76
13_94_62,all-well,mm10,2583,5081,28124.58,5557,38,38,39,2545,5043,5518,B1,H10,F2,13,94,62
44_52_44,all-well,hg38,3025,5080,28119.04,5582,2995,5049,5547,30,31,35,D8,E4,D8,44,52,44
06_61_69,all-well,hg38,2750,5079,28113.51,5585,2721,5049,5554,29,30,31,A6,F1,F9,6,61,69
10_70_76,all-well,hg38,2991,5078,28107.97,5609,2971,5058,5588,20,20,21,A10,F10,G4,10,70,76
33_13_87,all-well,mm10,2726,5076,28096.90,5572,56,58,60,2670,5018,5512,C9,B1,H3,33,13,87
33_58_79,all-well,multiplet,3496,5074,28085.83,5544,1498,1970,2155,1998,3104,3389,C9,E10,G7,33,58,79
14_44_74,all-well,mm10,2712,5073,28080.30,5592,64,65,70,2648,5008,5522,B2,D8,G2,14,44,74
10_05_03,all-well,mm10,2742,5072,28074.76,5540,45,45,48,2697,5027,5492,A10,A5,A3,10,5,3
40_41_36,all-well,mm10,2757,5070,28063.69,5558,79,81,82,2678,4989,5476,D4,D5,C12,40,41,36
09_37_77,all-well,hg38,2930,5069,28058.16,5597,2890,5029,5557,40,40,40,A9,D1,G5,9,37,77
42_16_33,all-well,mm10,2767,5068,28052.62,5579,48,48,50,2719,5020,5529,D6,B4,C9,42,16,33
26_71_79,all-well,mm10,2758,5068,28052.62,5607,76,77,81,2682,4991,5526,C2,F11,G7,26,71,79
16_81_20,all-well,mm10,2693,5067,28047.09,5560,109,110,121,2584,4957,5439,B4,G9,B8,16,81,20
44_33_66,all-well,mm10,2733,5065,28036.02,5587,70,70,74,2663,4995,5513,D8,C9,F6,44,33,66
21_69_29,all-well,mm10,2819,5064,28030.48,5555,59,61,65,2760,5003,5490,B9,F9,C5,21,69,29
31_36_05,all-well,hg38,3137,5061,28013.87,5594,3101,5024,5554,36,37,40,C7,C12,A5,31,36,5
04_71_68,all-well,hg38,3027,5060,28008.34,5561,2994,5026,5527,33,34,34,A4,F11,F8,4,71,68
34_35_57,all-well,hg38,3097,5060,28008.34,5549,3058,5020,5507,39,40,42,C10,C11,E9,34,35,57
35_91_05,all-well,mm10,2675,5060,28008.34,5601,54,55,59,2621,5005,5542,C11,H7,A5,35,91,5
33_32_17,all-well,hg38,3038,5059,28002.80,5570,3014,5035,5546,24,24,24,C9,C8,B5,33,32,17
41_09_80,all-well,mm10,2664,5059,28002.80,5550,44,44,47,2620,5015,5503,D5,A9,G8,41,9,80
09_38_28,all-well,hg38,3004,5059,28002.80,5608,2974,5026,5573,30,33,35,A9,D2,C4,9,38,28
20_65_27,all-well,mm10,2525,5059,28002.80,5533,44,51,56,2481,5008,5477,B8,F5,C3,20,65,27
42_70_24,all-well,mm10,2750,5058,27997.27,5596,246,303,338,2504,4755,5258,D6,F10,B12,42,70,24
14_95_77,all-well,mm10,2815,5058,27997.27,5600,62,64,69,2753,4994,5531,B2,H11,G5,14,95,77
41_71_31,all-well,mm10,2680,5058,27997.27,5568,62,63,71,2618,4995,5497,D5,F11,C7,41,71,31
11_18_28,all-well,mm10,2653,5057,27991.73,5591,63,63,67,2590,4994,5524,A11,B6,C4,11,18,28
10_30_48,all-well,hg38,3085,5057,27991.73,5560,3058,5030,5529,27,27,31,A10,C6,D12,10,30,48
24_41_93,all-well,mm10,2650,5056,27986.20,5520,32,32,33,2618,5024,5487,B12,D5,H9,24,41,93
33_73_27,all-well,mm10,2756,5056,27986.20,5546,45,48,52,2711,5008,5494,C9,G1,C3,33,73,27
22_49_54,all-well,mm10,2709,5056,27986.20,5562,66,68,75,2643,4988,5487,B10,E1,E6,22,49,54
05_08_81,all-well,mm10,2694,5056,27986.20,5599,47,48,51,2647,5008,5548,A5,A8,G9,5,8,81
20_11_21,all-well,mm10,2673,5056,27986.20,5592,61,66,74,2612,4990,5518,B8,A11,B9,20,11,21
27_34_65,all-well,hg38,3000,5055,27980.66,5553,2969,5018,5513,31,37,40,C3,C10,F5,27,34,65
01_86_18,all-well,mm10,2809,5054,27975.13,5542,61,62,65,2748,4992,5477,A1,H2,B6,1,86,18
11_87_47,all-well,hg38,2837,5054,27975.13,5551,2807,5023,5519,30,31,32,A11,H3,D11,11,87,47
48_55_63,all-well,mm10,2778,5054,27975.13,5582,42,42,43,2736,5012,5539,D12,E7,F3,48,55,63
04_16_38,all-well,hg38,2902,5052,27964.06,5568,2878,5026,5542,24,26,26,A4,B4,D2,4,16,38
08_80_52,all-well,hg38,3084,5051,27958.52,5563,3063,5029,5539,21,22,24,A8,G8,E4,8,80,52
08_37_92,all-well,hg38,2928,5050,27952.99,5558,2890,5008,5514,38,42,44,A8,D1,H8,8,37,92
08_15_95,all-well,hg38,2986,5049,27947.45,5566,2960,5018,5531,26,31,35,A8,B3,H11,8,15,95
41_52_94,all-well,mm10,2858,5049,27947.45,5568,40,41,46,2818,5008,5522,D5,E4,H10,41,52,94
18_23_34,all-well,hg38,2992,5049,27947.45,5588,2960,5017,5554,32,32,34,B6,B11,C10,18,23,34
33_82_31,all-well,mm10,2824,5049,27947.45,5543,157,167,181,2667,4882,5362,C9,G10,C7,33,82,31
22_86_63,all-well,mm10,2630,5047,27936.38,5550,47,47,49,2583,5000,5501,B10,H2,F3,22,86,63
42_03_54,all-well,mm10,2647,5046,27930.85,5552,55,61,65,2592,4985,5487,D6,A3,E6,42,3,54
16_25_54,all-well,mm10,2484,5046,27930.85,5510,134,142,148,2350,4904,5362,B4,C1,E6,16,25,54
41_24_30,all-well,hg38,3095,5044,27919.78,5576,3055,4996,5525,40,48,51,D5,B12,C6,41,24,30
24_83_41,all-well,hg38,3129,5044,27919.78,5559,3111,5026,5541,18,18,18,B12,G11,D5,24,83,41
05_41_31,all-well,mm10,2699,5044,27919.78,5580,50,50,52,2649,4994,5528,A5,D5,C7,5,41,31
31_45_33,all-well,hg38,3030,5043,27914.24,5588,2977,4988,5526,53,55,62,C7,D9,C9,31,45,33
42_48_77,all-well,hg38,2825,5043,27914.24,5544,2803,5019,5519,22,24,25,D6,D12,G5,42,48,77
15_84_65,all-well,mm10,2490,5042,27908.70,5552,45,48,51,2445,4994,5501,B3,G12,F5,15,84,65
45_65_51,all-well,hg38,3240,5042,27908.70,5531,3168,4957,5438,72,85,93,D9,F5,E3,45,65,51
02_45_46,all-well,mm10,2683,5042,27908.70,5588,39,40,42,2644,5002,5546,A2,D9,D10,2,45,46
05_11_05,all-well,mm10,2694,5042,27908.70,5568,63,63,69,2631,4979,5499,A5,A11,A5,5,11,5
16_41_18,all-well,hg38,2931,5041,27903.17,5569,2867,4969,5489,64,72,80,B4,D5,B6,16,41,18
13_02_39,all-well,mm10,2754,5041,27903.17,5531,58,60,67,2696,4981,5464,B1,A2,D3,13,2,39
22_21_51,all-well,hg38,2957,5039,27892.10,5546,2925,5004,5511,32,35,35,B10,B9,E3,22,21,51
21_16_22,all-well,mm10,2619,5039,27892.10,5537,58,59,64,2561,4980,5473,B9,B4,B10,21,16,22
29_28_61,all-well,hg38,2934,5039,27892.10,5539,2908,5010,5510,26,29,29,C5,C4,F1,29,28,61
43_65_06,all-well,mm10,2749,5038,27886.56,5548,69,72,79,2680,4966,5469,D7,F5,A6,43,65,6
26_82_85,all-well,hg38,3028,5036,27875.49,5539,3004,5010,5510,24,26,29,C2,G10,H1,26,82,85
38_37_84,all-well,mm10,2795,5036,27875.49,5514,55,56,57,2740,4980,5457,D2,D1,G12,38,37,84
20_49_91,all-well,hg38,3018,5035,27869.96,5515,2982,4997,5477,36,38,38,B8,E1,H7,20,49,91
44_17_58,all-well,hg38,2878,5035,27869.96,5569,2845,5001,5533,33,34,36,D8,B5,E10,44,17,58
30_42_92,all-well,mm10,2692,5035,27869.96,5509,72,76,79,2620,4959,5430,C6,D6,H8,30,42,92
06_92_68,all-well,hg38,2895,5033,27858.89,5543,2867,5004,5513,28,29,30,A6,H8,F8,6,92,68
40_08_53,all-well,hg38,2831,5031,27847.82,5519,2806,5006,5492,25,25,27,D4,A8,E5,40,8,53
21_15_72,all-well,hg38,2974,5031,27847.82,5544,2929,4983,5489,45,48,55,B9,B3,F12,21,15,72
08_18_35,all-well,hg38,2890,5031,27847.82,5537,2850,4985,5489,40,46,48,A8,B6,C11,8,18,35
11_88_41,all-well,mm10,2629,5029,27836.75,5539,63,64,68,2566,4965,5471,A11,H4,D5,11,88,41
09_91_57,all-well,hg38,2915,5025,27814.61,5562,2881,4989,5526,34,36,36,A9,H7,E9,9,91,57
05_70_68,all-well,mm10,2743,5025,27814.61,5538,54,55,59,2689,4970,5479,A5,F10,F8,5,70,68
34_40_88,all-well,hg38,2985,5025,27814.61,5499,2939,4974,5445,46,51,54,C10,D4,H4,34,40,88
41_69_29,all-well,hg38,3016,5024,27809.07,5511,2969,4972,5453,47,52,58,D5,F9,C5,41,69,29
23_90_08,all-well,hg38,3076,5023,27803.53,5542,3049,4993,5512,27,30,30,B11,H6,A8,23,90,8
22_70_24,all-well,hg38,3003,5023,27803.53,5532,2954,4969,5477,49,54,55,B10,F10,B12,22,70,24
09_45_22,all-well,mm10,2691,5023,27803.53,5551,40,42,44,2651,4981,5507,A9,D9,B10,9,45,22
11_22_61,all-well,mm10,2779,5023,27803.53,5537,167,178,194,2612,4845,5343,A11,B10,F1,11,22,61
41_23_27,all-well,mm10,2614,5023,27803.53,5505,38,39,43,2576,4984,5462,D5,B11,C3,41,23,27
44_13_43,all-well,mm10,2623,5021,27792.46,5515,53,53,57,2570,4968,5458,D8,B1,D7,44,13,43
21_10_44,all-well,hg38,2812,5020,27786.93,5535,2786,4994,5506,26,26,29,B9,A10,D8,21,10,44
39_09_67,all-well,hg38,2928,5020,27786.93,5512,2897,4987,5477,31,33,35,D3,A9,F7,39,9,67
02_40_30,all-well,mm10,2601,5019,27781.39,5484,65,68,70,2536,4951,5414,A2,D4,C6,2,40,30
11_44_01,all-well,mm10,2689,5018,27775.86,5519,37,40,44,2652,4978,5475,A11,D8,A1,11,44,1
29_39_11,all-well,hg38,2981,5018,27775.86,5468,2957,4992,5442,24,26,26,C5,D3,A11,29,39,11
31_62_91,all-well,mm10,2805,5018,27775.86,5530,186,200,215,2619,4818,5315,C7,F2,H7,31,62,91
18_35_23,all-well,hg38,2927,5017,27770.32,5547,2894,4983,5513,33,34,34,B6,C11,B11,18,35,23
48_23_89,all-well,hg38,3091,5017,27770.32,5559,3062,4987,5528,29,30,31,D12,B11,H5,48,23,89
35_03_05,all-well,mm10,2686,5016,27764.79,5524,47,47,49,2639,4969,5475,C11,A3,A5,35,3,5
10_58_24,all-well,mm10,2802,5015,27759.25,5485,49,53,56,2753,4962,5429,A10,E10,B12,10,58,24
28_21_17,all-well,mm10,2633,5015,27759.25,5538,45,45,47,2588,4970,5491,C4,B9,B5,28,21,17
44_54_15,all-well,mm10,2484,5015,27759.25,5538,40,41,45,2444,4974,5493,D8,E6,B3,44,54,15
31_57_08,all-well,mm10,2762,5014,27753.72,5528,57,59,63,2705,4955,5465,C7,E9,A8,31,57,8
28_53_40,all-well,mm10,2514,5014,27753.72,5531,86,88,96,2428,4926,5435,C4,E5,D4,28,53,40
13_09_86,all-well,mm10,2740,5013,27748.18,5486,44,44,52,2696,4969,5434,B1,A9,H2,13,9,86
46_22_09,all-well,hg38,2820,5012,27742.65,5499,2776,4965,5449,44,47,50,D10,B10,A9,46,22,9
05_10_65,all-well,mm10,2690,5012,27742.65,5551,54,54,56,2636,4958,5495,A5,A10,F5,5,10,65
23_21_78,all-well,mm10,2597,5010,27731.58,5466,46,47,47,2551,4963,5419,B11,B9,G6,23,21,78
48_92_17,all-well,hg38,3079,5009,27726.04,5546,3048,4975,5510,31,34,36,D12,H8,B5,48,92,17
46_27_68,all-well,mm10,2702,5009,27726.04,5508,147,151,157,2555,4858,5351,D10,C3,F8,46,27,68
14_11_68,all-well,mm10,2675,5008,27720.51,5521,28,29,29,2647,4979,5492,B2,A11,F8,14,11,68
19_75_68,all-well,mm10,2657,5008,27720.51,5500,47,47,51,2610,4961,5449,B7,G3,F8,19,75,68
28_02_44,all-well,mm10,2743,5008,27720.51,5499,88,92,97,2655,4916,5402,C4,A2,D8,28,2,44
46_52_23,all-well,hg38,3007,5007,27714.97,5560,2989,4988,5541,18,19,19,D10,E4,B11,46,52,23
18_50_49,all-well,hg38,2928,5006,27709.44,5542,2900,4978,5510,28,28,32,B6,E2,E1,18,50,49
48_06_52,all-well,mm10,2559,5006,27709.44,5513,60,61,64,2499,4945,5449,D12,A6,E4,48,6,52
01_63_69,all-well,mm10,2690,5003,27692.83,5509,194,237,265,2496,4766,5244,A1,F3,F9,1,63,69
07_60_77,all-well,mm10,2695,5002,27687.29,5508,56,60,64,2639,4942,5444,A7,E12,G5,7,60,77
17_11_67,all-well,mm10,2756,5002,27687.29,5487,39,41,44,2717,4961,5443,B5,A11,F7,17,11,67
27_35_64,all-well,hg38,2971,5002,27687.29,5542,2929,4958,5495,42,44,47,C3,C11,F4,27,35,64
22_74_68,all-well,mm10,2750,5002,27687.29,5507,45,47,48,2705,4955,5459,B10,G2,F8,22,74,68
44_60_17,all-well,mm10,2668,5002,27687.29,5526,37,40,42,2631,4962,5484,D8,E12,B5,44,60,17
12_88_71,all-well,mm10,2673,5001,27681.76,5511,64,71,77,2609,4930,5434,A12,H4,F11,12,88,71
10_34_49,all-well,mm10,2770,5000,27676.22,5499,53,53,55,2717,4947,5444,A10,C10,E1,10,34,49
34_47_58,all-well,mm10,2575,4999,27670.69,5470,42,43,43,2533,4956,5427,C10,D11,E10,34,47,58
25_83_07,all-well,hg38,2997,4999,27670.69,5513,2953,4954,5465,44,45,48,C1,G11,A7,25,83,7
26_39_40,all-well,hg38,3011,4998,27665.15,5484,2972,4958,5443,39,40,41,C2,D3,D4,26,39,40
02_52_29,all-well,mm10,2703,4997,27659.62,5535,53,56,59,2650,4941,5476,A2,E4,C5,2,52,29
45_85_15,all-well,hg38,3272,4993,27637.48,5451,3126,4821,5267,146,172,184,D9,H1,B3,45,85,15
33_81_20,all-well,hg38,3131,4992,27631.94,5464,3108,4969,5439,23,23,25,C9,G9,B8,33,81,20
30_18_29,all-well,hg38,3007,4990,27620.87,5494,2969,4951,5452,38,39,42,C6,B6,C5,30,18,29
15_48_54,all-well,mm10,2564,4989,27615.34,5513,50,50,53,2514,4939,5460,B3,D12,E6,15,48,54
07_32_33,all-well,hg38,2927,4989,27615.34,5514,2888,4947,5469,39,42,45,A7,C8,C9,7,32,33
28_03_48,all-well,mm10,2688,4989,27615.34,5499,79,79,86,2609,4910,5413,C4,A3,D12,28,3,48
12_88_83,all-well,mm10,2598,4988,27609.80,5491,70,75,82,2528,4913,5409,A12,H4,G11,12,88,83
29_35_02,all-well,mm10,2539,4986,27598.73,5443,67,67,68,2472,4919,5375,C5,C11,A2,29,35,2
47_96_81,all-well,hg38,3025,4986,27598.73,5500,3001,4962,5476,24,24,24,D11,H12,G9,47,96,81
08_72_93,all-well,hg38,3010,4986,27598.73,5506,2983,4959,5478,27,27,28,A8,F12,H9,8,72,93
37_84_07,all-well,hg38,2941,4985,27593.20,5467,2914,4957,5437,27,28,30,D1,G12,A7,37,84,7
44_07_65,all-well,hg38,2946,4984,27587.66,5509,2912,4947,5471,34,37,38,D8,A7,F5,44,7,65
22_88_31,all-well,hg38,2934,4984,27587.66,5486,2892,4933,5430,42,51,56,B10,H4,C7,22,88,31
28_84_77,all-well,hg38,2795,4984,27587.66,5459,2761,4949,5420,34,35,39,C4,G12,G5,28,84,77
40_86_96,all-well,mm10,2608,4983,27582.13,5462,66,68,72,2542,4915,5390,D4,H2,H12,40,86,96
16_49_74,all-well,mm10,2672,4983,27582.13,5475,189,200,216,2483,4783,5259,B4,E1,G2,16,49,74
44_35_14,all-well,hg38,3108,4983,27582.13,5502,3065,4940,5457,43,43,45,D8,C11,B2,44,35,14
43_25_46,all-well,mm10,2766,4983,27582.13,5464,39,42,44,2727,4941,5420,D7,C1,D10,43,25,46
01_96_35,all-well,mm10,2702,4982,27576.59,5475,57,61,65,2645,4921,5410,A1,H12,C11,1,96,35
19_96_08,all-well,hg38,2910,4981,27571.05,5448,2872,4940,5404,38,41,44,B7,H12,A8,19,96,8
02_81_78,all-well,hg38,2913,4981,27571.05,5502,2889,4957,5477,24,24,25,A2,G9,G6,2,81,78
08_20_27,all-well,mm10,2612,4981,27571.05,5461,54,55,60,2558,4926,5401,A8,B8,C3,8,20,27
37_65_71,all-well,hg38,2985,4979,27559.98,5519,2943,4932,5467,42,47,52,D1,F5,F11,37,65,71
48_03_66,all-well,multiplet,3060,4978,27554.45,5469,959,1227,1349,2101,3751,4120,D12,A3,F6,48,3,66
07_71_20,all-well,hg38,2929,4976,27543.38,5474,2894,4940,5436,35,36,38,A7,F11,B8,7,71,20
29_93_13,all-well,mm10,2766,4976,27543.38,5498,56,58,63,2710,4918,5435,C5,H9,B1,29,93,13
31_09_20,all-well,mm10,2560,4975,27537.84,5483,59,67,70,2501,4908,5413,C7,A9,B8,31,9,20
28_28_12,all-well,hg38,2983,4975,27537.84,5486,2946,4937,5446,37,38,40,C4,C4,A12,28,28,12
06_15_46,all-well,mm10,2766,4971,27515.70,5430,84,84,92,2682,4887,5338,A6,B3,D10,6,15,46
22_62_25,all-well,mm10,2754,4970,27510.17,5457,81,88,92,2673,4882,5365,B10,F2,C1,22,62,25
32_33_89,all-well,mm10,2652,4967,27493.56,5466,32,32,33,2620,4935,5433,C8,C9,H5,32,33,89
10_66_06,all-well,hg38,2955,4966,27488.03,5492,2934,4945,5471,21,21,21,A10,F6,A6,10,66,6
06_04_59,all-well,mm10,2555,4965,27482.49,5459,41,44,45,2514,4921,5414,A6,A4,E11,6,4,59
34_47_72,all-well,mm10,2771,4965,27482.49,5479,34,34,35,2737,4931,5444,C10,D11,F12,34,47,72
02_87_01,all-well,hg38,2867,4964,27476.96,5453,2828,4923,5411,39,41,42,A2,H3,A1,2,87,1
04_45_92,all-well,mm10,2651,4962,27465.88,5447,37,38,42,2614,4924,5405,A4,D9,H8,4,45,92
09_79_18,all-well,mm10,2669,4961,27460.35,5447,35,35,37,2634,4926,5410,A9,G7,B6,9,79,18
10_23_04,all-well,mm10,2653,4960,27454.81,5475,60,62,64,2593,4898,5411,A10,B11,A4,10,23,4
09_31_14,all-well,mm10,2653,4960,27454.81,5444,59,59,62,2594,4901,5382,A9,C7,B2,9,31,14
29_51_30,all-well,mm10,2697,4958,27443.74,5452,51,51,60,2646,4907,5392,C5,E3,C6,29,51,30
17_19_66,all-well,mm10,2565,4957,27438.21,5456,54,57,59,2511,4900,5397,B5,B7,F6,17,19,66
41_64_13,all-well,mm10,2790,4957,27438.21,5487,71,73,81,2719,4884,5406,D5,F4,B1,41,64,13
04_69_01,all-well,mm10,2711,4956,27432.67,5500,43,44,45,2668,4912,5455,A4,F9,A1,4,69,1
05_04_34,all-well,mm10,2716,4955,27427.14,5452,38,38,40,2678,4917,5412,A5,A4,C10,5,4,34
13_39_41,all-well,hg38,2912,4955,27427.14,5444,2856,4896,5384,56,59,60,B1,D3,D5,13,39,41
33_14_13,all-well,hg38,2956,4955,27427.14,5495,2921,4918,5454,35,37,41,C9,B2,B1,33,14,13
03_91_80,all-well,hg38,3040,4954,27421.60,5421,2999,4908,5368,41,46,53,A3,H7,G8,3,91,80
10_59_05,all-well,mm10,2763,4954,27421.60,5481,47,50,54,2716,4904,5427,A10,E11,A5,10,59,5
02_54_23,all-well,mm10,2672,4952,27410.53,5449,53,53,57,2619,4899,5392,A2,E6,B11,2,54,23
38_81_29,all-well,mm10,2483,4952,27410.53,5427,81,87,93,2402,4865,5334,D2,G9,C5,38,81,29
13_95_20,all-well,mm10,2789,4951,27405.00,5428,68,73,81,2721,4878,5347,B1,H11,B8,13,95,20
15_28_17,all-well,mm10,2579,4950,27399.46,5448,53,54,56,2526,4896,5392,B3,C4,B5,15,28,17
41_64_05,all-well,hg38,2946,4950,27399.46,5449,2810,4798,5292,136,152,157,D5,F4,A5,41,64,5
27_38_38,all-well,hg38,2923,4950,27399.46,5464,2902,4927,5441,21,23,23,C3,D2,D2,27,38,38
31_65_46,all-well,mm10,2674,4950,27399.46,5515,94,100,106,2580,4850,5409,C7,F5,D10,31,65,46
19_66_45,all-well,mm10,2630,4949,27393.93,5486,104,106,122,2526,4843,5364,B7,F6,D9,19,66,45
35_74_92,all-well,hg38,3016,4949,27393.93,5439,2988,4921,5409,28,28,30,C11,G2,H8,35,74,92
45_19_08,all-well,hg38,3065,4948,27388.39,5423,3014,4892,5359,51,56,64,D9,B7,A8,45,19,8
02_70_34,all-well,hg38,2964,4947,27382.86,5434,2928,4910,5396,36,37,38,A2,F10,C10,2,70,34
31_50_92,all-well,mm10,2659,4947,27382.86,5474,55,55,60,2604,4892,5414,C7,E2,H8,31,50,92
01_26_32,all-well,hg38,2878,4947,27382.86,5441,2848,4916,5408,30,31,33,A1,C2,C8,1,26,32
39_09_88,all-well,hg38,3005,4946,27377.32,5394,2972,4911,5355,33,35,39,D3,A9,H4,39,9,88
05_59_32,all-well,hg38,3076,4945,27371.79,5434,3050,4919,5407,26,26,27,A5,E11,C8,5,59,32
02_45_78,all-well,mm10,2685,4945,27371.79,5455,48,48,50,2637,4897,5405,A2,D9,G6,2,45,78
24_47_24,all-well,mm10,2631,4944,27366.25,5433,38,39,40,2593,4905,5393,B12,D11,B12,24,47,24
16_58_95,all-well,hg38,2761,4944,27366.25,5405,2723,4901,5360,38,43,45,B4,E10,H11,16,58,95
01_60_41,all-well,mm10,2767,4944,27366.25,5439,41,43,44,2726,4901,5395,A1,E12,D5,1,60,41
48_02_06,all-well,hg38,2909,4942,27355.18,5435,2877,4908,5396,32,34,39,D12,A2,A6,48,2,6
15_63_96,all-well,mm10,2851,4942,27355.18,5448,80,89,95,2771,4853,5353,B3,F3,H12,15,63,96
17_12_12,all-well,hg38,2972,4942,27355.18,5450,2955,4924,5432,17,18,18,B5,A12,A12,17,12,12
47_21_66,all-well,mm10,2588,4941,27349.64,5456,43,44,46,2545,4897,5410,D11,B9,F6,47,21,66
44_59_48,all-well,mm10,2649,4939,27338.57,5446,54,57,58,2595,4882,5388,D8,E11,D12,44,59,48
27_61_79,all-well,hg38,3020,4939,27338.57,5412,2991,4909,5381,29,30,31,C3,F1,G7,27,61,79
32_93_06,all-well,hg38,2904,4938,27333.04,5461,2861,4894,5411,43,44,50,C8,H9,A6,32,93,6
16_96_59,all-well,mm10,2569,4937,27327.50,5388,36,36,37,2533,4901,5351,B4,H12,E11,16,96,59
32_10_16,all-well,mm10,2703,4937,27327.50,5399,102,115,117,2601,4822,5282,C8,A10,B4,32,10,16
26_62_50,all-well,mm10,2723,4937,27327.50,5469,67,68,75,2656,4869,5394,C2,F2,E2,26,62,50
25_06_78,all-well,hg38,2719,4936,27321.97,5451,2648,4860,5368,71,76,83,C1,A6,G6,25,6,78
02_95_22,all-well,hg38,2666,4935,27316.43,5406,2625,4892,5361,41,43,45,A2,H11,B10,2,95,22
45_69_77,all-well,hg38,3029,4935,27316.43,5426,2987,4892,5378,42,43,48,D9,F9,G5,45,69,77
35_63_89,all-well,hg38,3091,4934,27310.90,5446,3056,4898,5409,35,36,37,C11,F3,H5,35,63,89
27_71_68,all-well,mm10,2636,4934,27310.90,5405,112,117,127,2524,4817,5278,C3,F11,F8,27,71,68
41_17_94,all-well,mm10,2665,4933,27305.36,5426,36,36,39,2629,4897,5387,D5,B5,H10,41,17,94
19_91_38,all-well,mm10,2599,4932,27299.83,5451,48,49,52,2551,4883,5399,B7,H7,D2,19,91,38
34_02_38,all-well,mm10,2870,4932,27299.83,5434,63,67,68,2807,4865,5366,C10,A2,D2,34,2,38
35_85_86,all-well,hg38,3016,4931,27294.29,5454,2989,4903,5424,27,28,30,C11,H1,H2,35,85,86
15_20_14,all-well,hg38,2924,4930,27288.76,5404,2867,4862,5333,57,68,71,B3,B8,B2,15,20,14
11_03_23,all-well,hg38,2979,4930,27288.76,5425,2959,4909,5402,20,21,23,A11,A3,B11,11,3,23
18_70_65,all-well,mm10,2618,4928,27277.69,5445,40,43,48,2578,4885,5397,B6,F10,F5,18,70,65
13_21_55,all-well,mm10,2552,4927,27272.15,5407,32,33,36,2520,4894,5371,B1,B9,E7,13,21,55
28_04_71,all-well,hg38,3032,4927,27272.15,5405,2959,4847,5317,73,80,88,C4,A4,F11,28,4,71
41_38_13,all-well,mm10,2734,4927,27272.15,5406,35,35,35,2699,4892,5371,D5,D2,B1,41,38,13
17_57_48,all-well,mm10,2707,4925,27261.08,5412,57,58,62,2650,4867,5350,B5,E9,D12,17,57,48
03_35_24,all-well,hg38,3113,4925,27261.08,5420,3065,4873,5364,48,52,56,A3,C11,B12,3,35,24
05_67_53,all-well,mm10,2684,4924,27255.55,5459,48,48,51,2636,4876,5408,A5,F7,E5,5,67,53
13_31_57,all-well,mm10,2683,4924,27255.55,5389,57,58,63,2626,4866,5326,B1,C7,E9,13,31,57
24_62_29,all-well,mm10,2653,4924,27255.55,5425,46,49,53,2607,4875,5372,B12,F2,C5,24,62,29
02_89_54,all-well,hg38,2801,4923,27250.01,5396,2771,4891,5364,30,32,32,A2,H5,E6,2,89,54
35_13_02,all-well,mm10,2744,4921,27238.94,5432,95,105,108,2649,4816,5324,C11,B1,A2,35,13,2
47_33_62,all-well,hg38,2935,4921,27238.94,5409,2898,4882,5370,37,39,39,D11,C9,F2,47,33,62
16_94_09,all-well,mm10,2738,4920,27233.40,5373,128,142,150,2610,4778,5223,B4,H10,A9,16,94,9
25_94_49,all-well,hg38,2975,4919,27227.87,5438,2941,4882,5399,34,37,39,C1,H10,E1,25,94,49
02_82_96,all-well,hg38,2887,4919,27227.87,5423,2861,4893,5396,26,26,27,A2,G10,H12,2,82,96
21_86_85,all-well,hg38,2717,4919,27227.87,5407,2678,4878,5366,39,41,41,B9,H2,H1,21,86,85
45_73_15,all-well,hg38,3204,4919,27227.87,5381,3116,4821,5276,88,98,105,D9,G1,B3,45,73,15
25_46_90,all-well,hg38,2312,4919,27227.87,5426,2243,4841,5342,69,78,84,C1,D10,H6,25,46,90
20_31_74,all-well,mm10,2662,4918,27222.33,5413,55,61,66,2607,4857,5347,B8,C7,G2,20,31,74
31_91_53,all-well,hg38,3024,4918,27222.33,5465,2987,4880,5424,37,38,41,C7,H7,E5,31,91,53
34_61_60,all-well,mm10,2688,4918,27222.33,5418,71,76,79,2617,4842,5339,C10,F1,E12,34,61,60
35_41_76,all-well,hg38,3031,4917,27216.80,5465,3007,4891,5439,24,26,26,C11,D5,G4,35,41,76
33_57_96,all-well,hg38,3011,4916,27211.26,5406,2999,4904,5394,12,12,12,C9,E9,H12,33,57,96
36_04_71,all-well,mm10,2562,4915,27205.73,5448,48,57,61,2514,4858,5387,C12,A4,F11,36,4,71
18_21_06,all-well,hg38,2978,4914,27200.19,5433,2954,4890,5407,24,24,26,B6,B9,A6,18,21,6
11_40_49,all-well,mm10,2659,4913,27194.66,5416,48,48,49,2611,4865,5367,A11,D4,E1,11,40,49
13_10_14,all-well,hg38,2917,4913,27194.66,5396,2875,4869,5350,42,44,46,B1,A10,B2,13,10,14
31_21_32,all-well,hg38,2994,4913,27194.66,5441,2977,4893,5419,17,20,22,C7,B9,C8,31,21,32
10_41_38,all-well,mm10,2673,4911,27183.59,5422,36,38,42,2637,4873,5380,A10,D5,D2,10,41,38
26_59_18,all-well,mm10,2702,4911,27183.59,5414,125,130,142,2577,4781,5272,C2,E11,B6,26,59,18
20_58_29,all-well,mm10,2771,4910,27178.05,5454,57,66,70,2714,4844,5384,B8,E10,C5,20,58,29
23_47_77,all-well,hg38,2869,4910,27178.05,5419,2847,4886,5394,22,24,25,B11,D11,G5,23,47,77
02_78_81,all-well,hg38,2772,4908,27166.98,5388,2744,4877,5356,28,31,32,A2,G6,G9,2,78,81
44_20_14,all-well,hg38,2998,4908,27166.98,5428,2963,4872,5392,35,36,36,D8,B8,B2,44,20,14
16_52_62,all-well,mm10,2570,4907,27161.45,5342,49,51,54,2521,4856,5288,B4,E4,F2,16,52,62
08_63_87,all-well,hg38,2916,4907,27161.45,5401,2887,4876,5367,29,31,34,A8,F3,H3,8,63,87
18_09_35,all-well,hg38,2888,4906,27155.91,5414,2856,4871,5379,32,35,35,B6,A9,C11,18,9,35
25_26_26,all-well,hg38,2885,4906,27155.91,5420,2853,4874,5386,32,32,34,C1,C2,C2,25,26,26
09_01_67,all-well,mm10,2591,4905,27150.38,5376,37,38,38,2554,4867,5338,A9,A1,F7,9,1,67
35_25_57,all-well,hg38,2820,4905,27150.38,5433,2788,4873,5398,32,32,35,C11,C1,E9,35,25,57
11_15_58,all-well,hg38,2928,4905,27150.38,5439,2898,4875,5406,30,30,33,A11,B3,E10,11,15,58
02_27_16,all-well,mm10,2679,4905,27150.38,5392,47,49,54,2632,4856,5338,A2,C3,B4,2,27,16
22_38_72,all-well,hg38,2783,4904,27144.84,5424,2743,4864,5383,40,40,41,B10,D2,F12,22,38,72
46_92_59,all-well,hg38,2995,4904,27144.84,5383,2932,4834,5309,63,70,74,D10,H8,E11,46,92,59
06_39_07,all-well,hg38,2986,4902,27133.77,5411,2955,4863,5366,31,39,45,A6,D3,A7,6,39,7
45_38_21,all-well,hg38,3119,4902,27133.77,5374,3070,4852,5319,49,50,55,D9,D2,B9,45,38,21
13_29_20,all-well,mm10,2673,4902,27133.77,5428,71,73,81,2602,4829,5347,B1,C5,B8,13,29,20
36_08_76,all-well,hg38,2630,4901,27128.24,5373,2588,4854,5325,42,47,48,C12,A8,G4,36,8,76
09_75_56,all-well,multiplet,3224,4900,27122.70,5396,2490,4048,4465,734,852,931,A9,G3,E8,9,75,56
33_23_63,all-well,mm10,2631,4898,27111.63,5422,42,43,45,2589,4855,5377,C9,B11,F3,33,23,63
19_72_91,all-well,hg38,2953,4898,27111.63,5400,2901,4844,5344,52,54,56,B7,F12,H7,19,72,91
26_15_30,all-well,mm10,2688,4898,27111.63,5347,85,85,86,2603,4813,5261,C2,B3,C6,26,15,30
35_47_16,all-well,mm10,2663,4897,27106.09,5385,55,57,58,2608,4840,5327,C11,D11,B4,35,47,16
20_79_50,all-well,hg38,2842,4896,27100.56,5383,2825,4879,5365,17,17,18,B8,G7,E2,20,79,50
15_29_74,all-well,mm10,2768,4895,27095.02,5389,46,46,50,2722,4849,5339,B3,C5,G2,15,29,74
27_69_01,all-well,mm10,2719,4895,27095.02,5389,60,61,66,2659,4834,5323,C3,F9,A1,27,69,1
10_13_96,all-well,hg38,2967,4895,27095.02,5320,2919,4846,5269,48,49,51,A10,B1,H12,10,13,96
01_58_23,all-well,mm10,2672,4893,27083.95,5380,54,58,66,2618,4835,5314,A1,E10,B11,1,58,23
28_55_01,all-well,hg38,2870,4893,27083.95,5445,2843,4865,5415,27,28,30,C4,E7,A1,28,55,1
14_07_58,all-well,mm10,2792,4893,27083.95,5378,50,53,57,2742,4840,5321,B2,A7,E10,14,7,58
38_45_42,all-well,mm10,2663,4892,27078.42,5339,42,43,45,2621,4849,5294,D2,D9,D6,38,45,42
42_28_89,all-well,hg38,2983,4892,27078.42,5394,2940,4846,5346,43,46,48,D6,C4,H5,42,28,89
18_04_20,all-well,hg38,2883,4892,27078.42,5380,2848,4857,5345,35,35,35,B6,A4,B8,18,4,20
44_82_48,all-well,hg38,2862,4892,27078.42,5389,2840,4869,5364,22,23,25,D8,G10,D12,44,82,48
31_19_70,all-well,mm10,2654,4890,27067.35,5324,195,212,233,2459,4678,5091,C7,B7,F10,31,19,70
30_67_02,all-well,hg38,2932,4889,27061.81,5432,2902,4859,5396,30,30,36,C6,F7,A2,30,67,2
02_69_93,all-well,mm10,2691,4888,27056.28,5377,58,59,62,2633,4829,5315,A2,F9,H9,2,69,93
22_51_33,all-well,hg38,2970,4886,27045.21,5421,2931,4846,5379,39,40,42,B10,E3,C9,22,51,33
29_80_08,all-well,mm10,2707,4886,27045.21,5361,52,57,60,2655,4829,5301,C5,G8,A8,29,80,8
02_20_43,all-well,hg38,2867,4885,27039.67,5352,2838,4855,5321,29,30,31,A2,B8,D7,2,20,43
28_40_67,all-well,mm10,2534,4882,27023.07,5411,66,69,73,2468,4813,5338,C4,D4,F7,28,40,67
17_50_38,all-well,hg38,2865,4882,27023.07,5422,2820,4836,5373,45,46,49,B5,E2,D2,17,50,38
11_74_35,all-well,mm10,2513,4881,27017.53,5343,74,77,82,2439,4804,5261,A11,G2,C11,11,74,35
06_55_21,all-well,hg38,2775,4881,27017.53,5408,2754,4860,5387,21,21,21,A6,E7,B9,6,55,21
30_21_19,all-well,mm10,2592,4880,27011.99,5330,50,50,56,2542,4830,5274,C6,B9,B7,30,21,19
43_73_16,all-well,mm10,2619,4879,27006.46,5358,37,43,45,2582,4836,5313,D7,G1,B4,43,73,16
17_14_92,all-well,mm10,2756,4879,27006.46,5325,107,118,130,2649,4761,5195,B5,B2,H8,17,14,92
32_23_86,all-well,mm10,2676,4877,26995.39,5329,45,46,47,2631,4831,5282,C8,B11,H2,32,23,86
32_86_91,all-well,mm10,2434,4877,26995.39,5369,37,39,39,2397,4838,5330,C8,H2,H7,32,86,91
34_15_74,all-well,mm10,2644,4876,26989.85,5331,59,60,68,2585,4816,5263,C10,B3,G2,34,15,74
47_59_17,all-well,hg38,2922,4876,26989.85,5374,2898,4848,5346,24,28,28,D11,E11,B5,47,59,17
46_38_34,all-well,mm10,2459,4875,26984.32,5404,43,45,48,2416,4830,5356,D10,D2,C10,46,38,34
13_30_43,all-well,mm10,2560,4875,26984.32,5337,66,78,82,2494,4797,5255,B1,C6,D7,13,30,43
25_55_59,all-well,hg38,3023,4874,26978.78,5350,2968,4818,5291,55,56,59,C1,E7,E11,25,55,59
40_43_29,all-well,mm10,2655,4874,26978.78,5385,48,49,55,2607,4825,5330,D4,D7,C5,40,43,29
04_19_81,all-well,hg38,2926,4874,26978.78,5361,2891,4833,5315,35,41,46,A4,B7,G9,4,19,81
32_46_88,all-well,mm10,2523,4873,26973.25,5380,42,45,48,2481,4828,5332,C8,D10,H4,32,46,88
20_66_58,all-well,mm10,2648,4873,26973.25,5326,73,78,82,2575,4795,5244,B8,F6,E10,20,66,58
34_78_41,all-well,mm10,2614,4873,26973.25,5371,52,55,57,2562,4818,5314,C10,G6,D5,34,78,41
34_41_70,all-well,mm10,2581,4873,26973.25,5362,41,41,44,2540,4832,5318,C10,D5,F10,34,41,70
04_53_01,all-well,mm10,2556,4872,26967.71,5327,35,37,39,2521,4835,5288,A4,E5,A1,4,53,1
31_12_62,all-well,hg38,2980,4872,26967.71,5350,2946,4835,5308,34,37,42,C7,A12,F2,31,12,62
18_55_21,all-well,hg38,2949,4870,26956.64,5360,2928,4849,5338,21,21,22,B6,E7,B9,18,55,21
04_95_08,all-well,hg38,2624,4870,26956.64,5364,2580,4820,5313,44,50,51,A4,H11,A8,4,95,8
42_44_46,all-well,mm10,2609,4870,26956.64,5333,54,57,61,2555,4813,5272,D6,D8,D10,42,44,46
38_03_65,all-well,mm10,2675,4869,26951.11,5311,60,60,62,2615,4809,5249,D2,A3,F5,38,3,65
01_58_51,all-well,mm10,2774,4868,26945.57,5320,154,173,190,2620,4695,5130,A1,E10,E3,1,58,51
11_67_06,all-well,mm10,2621,4868,26945.57,5376,51,51,52,2570,4817,5324,A11,F7,A6,11,67,6
14_75_37,all-well,hg38,3002,4868,26945.57,5361,2976,4835,5328,26,33,33,B2,G3,D1,14,75,37
32_39_32,all-well,hg38,2958,4866,26934.50,5345,2939,4844,5323,19,22,22,C8,D3,C8,32,39,32
07_32_52,all-well,mm10,2566,4865,26928.97,5360,49,49,53,2517,4816,5307,A7,C8,E4,7,32,52
24_83_09,all-well,hg38,3043,4865,26928.97,5362,3013,4832,5327,30,33,35,B12,G11,A9,24,83,9
04_15_12,all-well,hg38,2837,4865,26928.97,5310,2809,4834,5277,28,31,33,A4,B3,A12,4,15,12
30_89_39,all-well,mm10,2727,4864,26923.43,5332,46,47,50,2681,4817,5282,C6,H5,D3,30,89,39
01_06_90,all-well,mm10,2735,4863,26917.90,5362,48,52,54,2687,4811,5308,A1,A6,H6,1,6,90
16_34_56,all-well,mm10,2434,4863,26917.90,5360,55,57,64,2379,4806,5296,B4,C10,E8,16,34,56
23_85_91,all-well,hg38,3027,4862,26912.36,5327,3001,4834,5296,26,28,31,B11,H1,H7,23,85,91
36_37_29,all-well,hg38,2843,4861,26906.83,5349,2812,4827,5315,31,34,34,C12,D1,C5,36,37,29
16_21_47,all-well,hg38,2782,4861,26906.83,5382,2755,4830,5350,27,31,32,B4,B9,D11,16,21,47
47_66_63,all-well,mm10,2622,4861,26906.83,5328,42,43,44,2580,4818,5284,D11,F6,F3,47,66,63
36_21_28,all-well,mm10,2420,4860,26901.29,5339,40,42,43,2380,4818,5296,C12,B9,C4,36,21,28
20_80_54,all-well,hg38,2860,4857,26884.68,5297,2844,4841,5281,16,16,16,B8,G8,E6,20,80,54
22_88_07,all-well,mm10,2759,4856,26879.15,5389,107,112,120,2652,4744,5269,B10,H4,A7,22,88,7
26_74_95,all-well,mm10,2642,4856,26879.15,5326,52,54,57,2590,4802,5269,C2,G2,H11,26,74,95
19_39_23,all-well,mm10,2721,4855,26873.61,5300,201,214,235,2520,4641,5065,B7,D3,B11,19,39,23
25_32_22,all-well,mm10,2833,4855,26873.61,5329,246,298,323,2587,4557,5006,C1,C8,B10,25,32,22
20_71_63,all-well,hg38,2834,4854,26868.08,5335,2795,4812,5291,39,42,44,B8,F11,F3,20,71,63
40_11_77,all-well,mm10,2694,4853,26862.54,5362,156,162,182,2538,4691,5180,D4,A11,G5,40,11,77
33_53_85,all-well,mm10,2540,4853,26862.54,5331,47,51,54,2493,4802,5277,C9,E5,H1,33,53,85
16_60_63,all-well,mm10,2649,4852,26857.01,5325,64,66,68,2585,4786,5257,B4,E12,F3,16,60,63
04_46_14,all-well,mm10,2543,4852,26857.01,5356,55,55,59,2488,4797,5297,A4,D10,B2,4,46,14
03_26_86,all-well,hg38,2911,4852,26857.01,5319,2870,4811,5276,41,41,43,A3,C2,H2,3,26,86
06_75_44,all-well,mm10,2669,4850,26845.94,5386,68,71,78,2601,4779,5308,A6,G3,D8,6,75,44
02_62_65,all-well,hg38,2989,4849,26840.40,5339,2962,4821,5309,27,28,30,A2,F2,F5,2,62,65
11_47_57,all-well,hg38,2921,4849,26840.40,5365,2908,4836,5351,13,13,14,A11,D11,E9,11,47,57
34_85_39,all-well,mm10,2595,4848,26834.87,5293,79,82,88,2516,4766,5205,C10,H1,D3,34,85,39
09_71_45,all-well,hg38,2864,4848,26834.87,5361,2846,4830,5343,18,18,18,A9,F11,D9,9,71,45
32_08_85,all-well,mm10,2729,4848,26834.87,5317,45,46,48,2684,4802,5269,C8,A8,H1,32,8,85
44_19_05,all-well,mm10,2399,4847,26829.33,5285,34,34,35,2365,4813,5250,D8,B7,A5,44,19,5
04_01_39,all-well,mm10,2616,4847,26829.33,5312,50,51,53,2566,4796,5259,A4,A1,D3,4,1,39
44_17_42,all-well,mm10,2516,4846,26823.80,5333,56,57,60,2460,4789,5273,D8,B5,D6,44,17,42
42_02_70,all-well,mm10,2687,4846,26823.80,5354,214,249,268,2473,4597,5086,D6,A2,F10,42,2,70
27_65_49,all-well,mm10,2677,4845,26818.26,5341,44,46,47,2633,4799,5294,C3,F5,E1,27,65,49
42_92_24,all-well,hg38,2827,4844,26812.73,5291,2800,4813,5255,27,31,36,D6,H8,B12,42,92,24
18_07_07,all-well,hg38,3073,4844,26812.73,5363,3055,4825,5342,18,19,21,B6,A7,A7,18,7,7
48_27_76,all-well,mm10,2707,4844,26812.73,5315,58,61,65,2649,4783,5250,D12,C3,G4,48,27,76
27_35_09,all-well,mm10,2680,4843,26807.19,5323,72,74,83,2608,4769,5240,C3,C11,A9,27,35,9
27_45_27,all-well,hg38,2830,4843,26807.19,5325,2798,4810,5291,32,33,34,C3,D9,C3,27,45,27
28_71_80,all-well,mm10,2651,4843,26807.19,5336,110,116,128,2541,4727,5208,C4,F11,G8,28,71,80
07_81_82,all-well,mm10,2758,4843,26807.19,5347,63,65,71,2695,4778,5276,A7,G9,G10,7,81,82
23_68_56,all-well,mm10,2246,4842,26801.66,5333,50,52,56,2196,4790,5277,B11,F8,E8,23,68,56
13_25_37,all-well,mm10,2569,4842,26801.66,5296,42,42,46,2527,4800,5250,B1,C1,D1,13,25,37
27_11_28,all-well,mm10,2493,4842,26801.66,5347,49,51,57,2444,4791,5290,C3,A11,C4,27,11,28
25_20_49,all-well,hg38,2972,4842,26801.66,5394,2917,4783,5330,55,59,64,C1,B8,E1,25,20,49
01_36_35,all-well,mm10,2618,4841,26796.12,5308,64,70,74,2554,4771,5234,A1,C12,C11,1,36,35
15_25_48,all-well,hg38,2768,4840,26790.59,5357,2733,4805,5319,35,35,38,B3,C1,D12,15,25,48
28_74_21,all-well,mm10,2583,4840,26790.59,5308,150,162,184,2433,4678,5124,C4,G2,B9,28,74,21
07_14_79,all-well,mm10,2524,4839,26785.05,5316,89,94,99,2435,4745,5217,A7,B2,G7,7,14,79
48_94_40,all-well,hg38,2838,4838,26779.51,5357,2813,4813,5330,25,25,27,D12,H10,D4,48,94,40
13_95_49,all-well,hg38,2952,4836,26768.44,5312,2893,4771,5241,59,65,71,B1,H11,E1,13,95,49
02_06_15,all-well,mm10,2661,4836,26768.44,5334,55,57,64,2606,4779,5270,A2,A6,B3,2,6,15
22_70_19,all-well,mm10,2612,4834,26757.37,5333,65,69,71,2547,4765,5262,B10,F10,B7,22,70,19
34_83_96,all-well,mm10,2751,4833,26751.84,5357,46,48,53,2705,4785,5304,C10,G11,H12,34,83,96
04_33_61,all-well,mm10,2621,4833,26751.84,5289,92,94,106,2529,4739,5183,A4,C9,F1,4,33,61
17_38_96,all-well,mm10,2651,4830,26735.23,5341,44,45,46,2607,4785,5295,B5,D2,H12,17,38,96
07_01_63,all-well,mm10,2560,4830,26735.23,5246,41,42,42,2519,4788,5204,A7,A1,F3,7,1,63
02_85_34,all-well,hg38,2836,4830,26735.23,5345,2811,4804,5318,25,26,27,A2,H1,C10,2,85,34
41_80_09,all-well,mm10,2643,4830,26735.23,5345,84,97,102,2559,4733,5243,D5,G8,A9,41,80,9
09_85_29,all-well,mm10,2720,4828,26724.16,5317,63,63,64,2657,4765,5253,A9,H1,C5,9,85,29
43_01_01,all-well,hg38,2853,4828,26724.16,5300,2812,4784,5256,41,44,44,D7,A1,A1,43,1,1
40_96_37,all-well,mm10,2603,4827,26718.63,5289,75,80,89,2528,4747,5200,D4,H12,D1,40,96,37
35_79_52,all-well,hg38,2922,4826,26713.09,5308,2884,4786,5266,38,40,42,C11,G7,E4,35,79,52
15_66_47,all-well,mm10,2668,4825,26707.56,5366,37,41,45,2631,4784,5321,B3,F6,D11,15,66,47
05_76_74,all-well,mm10,2584,4825,26707.56,5322,38,41,42,2546,4784,5280,A5,G4,G2,5,76,74
44_44_93,all-well,hg38,2896,4824,26702.02,5318,2865,4793,5286,31,31,32,D8,D8,H9,44,44,93
01_96_53,all-well,mm10,2702,4824,26702.02,5302,50,52,53,2652,4772,5249,A1,H12,E5,1,96,53
39_16_61,all-well,mm10,2548,4824,26702.02,5316,84,95,102,2464,4729,5214,D3,B4,F1,39,16,61
30_81_88,all-well,hg38,2861,4822,26690.95,5315,2831,4791,5283,30,31,32,C6,G9,H4,30,81,88
17_10_10,all-well,mm10,2387,4821,26685.42,5270,39,40,41,2348,4781,5229,B5,A10,A10,17,10,10
39_87_20,all-well,mm10,2569,4821,26685.42,5303,97,102,108,2472,4719,5195,D3,H3,B8,39,87,20
40_32_93,all-well,mm10,2620,4820,26679.88,5268,53,53,57,2567,4767,5211,D4,C8,H9,40,32,93
41_45_18,all-well,mm10,2619,4820,26679.88,5293,59,61,65,2560,4759,5228,D5,D9,B6,41,45,18
26_36_02,all-well,hg38,2973,4818,26668.81,5313,2930,4774,5265,43,44,48,C2,C12,A2,26,36,2
39_39_23,all-well,hg38,2893,4818,26668.81,5272,2840,4762,5213,53,56,59,D3,D3,B11,39,39,23
16_22_74,all-well,mm10,2524,4817,26663.27,5332,64,65,70,2460,4752,5262,B4,B10,G2,16,22,74
04_51_58,all-well,mm10,2622,4816,26657.74,5270,47,47,48,2575,4769,5222,A4,E3,E10,4,51,58
01_85_42,all-well,mm10,2556,4815,26652.20,5280,54,55,57,2502,4760,5223,A1,H1,D6,1,85,42
37_85_53,all-well,hg38,2848,4814,26646.67,5277,2815,4778,5240,33,36,37,D1,H1,E5,37,85,53
06_49_64,all-well,mm10,2673,4812,26635.60,5278,41,43,48,2632,4769,5230,A6,E1,F4,6,49,64
46_06_78,all-well,mm10,2643,4812,26635.60,5323,78,82,85,2565,4730,5238,D10,A6,G6,46,6,78
44_38_56,all-well,hg38,2872,4812,26635.60,5302,2846,4784,5272,26,28,30,D8,D2,E8,44,38,56
13_92_83,all-well,mm10,2682,4811,26630.06,5262,187,201,218,2495,4610,5044,B1,H8,G11,13,92,83
21_80_12,all-well,hg38,2780,4811,26630.06,5317,2745,4776,5282,35,35,35,B9,G8,A12,21,80,12
25_23_47,all-well,mm10,2521,4809,26618.99,5275,78,80,85,2443,4729,5190,C1,B11,D11,25,23,47
01_42_25,all-well,mm10,2660,4807,26607.92,5278,47,54,57,2613,4753,5221,A1,D6,C1,1,42,25
26_96_34,all-well,mm10,2555,4807,26607.92,5286,48,48,50,2507,4759,5236,C2,H12,C10,26,96,34
42_52_47,all-well,mm10,2515,4807,26607.92,5247,46,48,51,2469,4759,5196,D6,E4,D11,42,52,47
14_28_88,all-well,mm10,2582,4806,26602.39,5282,79,81,92,2503,4725,5190,B2,C4,H4,14,28,88
22_47_15,all-well,hg38,2774,4805,26596.85,5318,2745,4771,5281,29,34,37,B10,D11,B3,22,47,15
10_38_03,all-well,hg38,2819,4805,26596.85,5309,2792,4776,5276,27,29,33,A10,D2,A3,10,38,3
06_48_32,all-well,hg38,2960,4799,26563.64,5295,2922,4760,5255,38,39,40,A6,D12,C8,6,48,32
35_42_87,all-well,hg38,2876,4797,26552.57,5275,2847,4765,5240,29,32,35,C11,D6,H3,35,42,87
14_25_86,all-well,hg38,2932,4796,26547.03,5320,2900,4764,5286,32,32,34,B2,C1,H2,14,25,86
30_28_53,all-well,mm10,2509,4796,26547.03,5292,76,83,88,2433,4713,5204,C6,C4,E5,30,28,53
09_91_02,all-well,mm10,2504,4795,26541.50,5264,39,40,41,2465,4755,5223,A9,H7,A2,9,91,2
23_26_42,all-well,hg38,2804,4794,26535.96,5313,2772,4761,5277,32,33,36,B11,C2,D6,23,26,42
09_79_23,all-well,mm10,2669,4793,26530.43,5285,56,59,65,2613,4734,5220,A9,G7,B11,9,79,23
22_41_65,all-well,mm10,2419,4792,26524.89,5247,56,59,65,2363,4733,5182,B10,D5,F5,22,41,65
29_41_04,all-well,mm10,2634,4789,26508.29,5252,58,61,63,2576,4728,5189,C5,D5,A4,29,41,4
12_18_61,all-well,mm10,2407,4788,26502.75,5274,95,102,111,2312,4686,5163,A12,B6,F1,12,18,61
16_85_36,all-well,mm10,2452,4787,26497.22,5258,48,51,55,2404,4736,5203,B4,H1,C12,16,85,36
22_53_60,all-well,hg38,2818,4787,26497.22,5296,2794,4763,5272,24,24,24,B10,E5,E12,22,53,60
20_82_33,all-well,hg38,2864,4785,26486.15,5263,2822,4742,5219,42,43,44,B8,G10,C9,20,82,33
06_49_36,all-well,hg38,2807,4785,26486.15,5315,2778,4754,5282,29,31,33,A6,E1,C12,6,49,36
20_12_28,all-well,hg38,2800,4784,26480.61,5270,2769,4753,5237,31,31,33,B8,A12,C4,20,12,28
34_38_32,all-well,hg38,3023,4784,26480.61,5262,2993,4750,5226,30,34,36,C10,D2,C8,34,38,32
35_59_48,all-well,hg38,2950,4784,26480.61,5292,2908,4742,5244,42,42,48,C11,E11,D12,35,59,48
11_68_72,all-well,hg38,2833,4784,26480.61,5304,2819,4768,5288,14,16,16,A11,F8,F12,11,68,72
10_78_92,all-well,hg38,2859,4782,26469.54,5263,2836,4759,5239,23,23,24,A10,G6,H8,10,78,92
06_13_79,all-well,hg38,2815,4781,26464.01,5243,2793,4753,5212,22,28,31,A6,B1,G7,6,13,79
16_61_90,all-well,mm10,2597,4780,26458.47,5253,38,41,45,2559,4739,5208,B4,F1,H6,16,61,90
06_26_34,all-well,hg38,2834,4780,26458.47,5247,2801,4746,5212,33,34,35,A6,C2,C10,6,26,34
15_69_48,all-well,hg38,2964,4779,26452.94,5310,2927,4742,5272,37,37,38,B3,F9,D12,15,69,48
30_57_16,all-well,hg38,2849,4779,26452.94,5295,2829,4756,5270,20,23,25,C6,E9,B4,30,57,16
10_42_59,all-well,mm10,2571,4777,26441.86,5264,45,46,52,2526,4731,5212,A10,D6,E11,10,42,59
45_22_75,all-well,hg38,3116,4777,26441.86,5227,3072,4730,5178,44,47,49,D9,B10,G3,45,22,75
18_32_15,all-well,hg38,2979,4776,26436.33,5257,2952,4747,5227,27,29,30,B6,C8,B3,18,32,15
05_65_66,all-well,mm10,2701,4776,26436.33,5271,58,61,67,2643,4715,5204,A5,F5,F6,5,65,66
01_77_58,all-well,mm10,2614,4776,26436.33,5218,40,42,44,2574,4734,5174,A1,G5,E10,1,77,58
28_23_65,all-well,hg38,2678,4775,26430.79,5220,2632,4729,5172,46,46,48,C4,B11,F5,28,23,65
06_14_07,all-well,hg38,2768,4774,26425.26,5275,2744,4748,5247,24,26,28,A6,B2,A7,6,14,7
39_83_95,all-well,hg38,3018,4774,26425.26,5242,2953,4707,5170,65,67,72,D3,G11,H11,39,83,95
09_16_82,all-well,mm10,2632,4774,26425.26,5256,35,35,36,2597,4739,5220,A9,B4,G10,9,16,82
07_76_36,all-well,mm10,2703,4773,26419.72,5297,95,104,115,2608,4669,5182,A7,G4,C12,7,76,36
01_36_42,all-well,hg38,2976,4773,26419.72,5251,2951,4748,5222,25,25,29,A1,C12,D6,1,36,42
25_51_32,all-well,hg38,2904,4772,26414.19,5251,2864,4732,5208,40,40,43,C1,E3,C8,25,51,32
07_61_40,all-well,mm10,2603,4771,26408.65,5294,61,68,71,2542,4703,5223,A7,F1,D4,7,61,40
07_10_43,all-well,hg38,2901,4771,26408.65,5248,2837,4703,5177,64,68,71,A7,A10,D7,7,10,43
09_11_74,all-well,hg38,3084,4771,26408.65,5275,2971,4648,5141,113,123,134,A9,A11,G2,9,11,74
10_64_83,all-well,hg38,2957,4769,26397.58,5191,2938,4750,5169,19,19,22,A10,F4,G11,10,64,83
20_28_46,all-well,hg38,2738,4769,26397.58,5232,2708,4735,5194,30,34,38,B8,C4,D10,20,28,46
25_89_32,all-well,hg38,2839,4769,26397.58,5234,2808,4734,5196,31,35,38,C1,H5,C8,25,89,32
09_15_18,all-well,mm10,2689,4769,26397.58,5215,42,44,46,2647,4725,5169,A9,B3,B6,9,15,18
32_47_83,all-well,mm10,2487,4768,26392.05,5225,50,51,53,2437,4717,5172,C8,D11,G11,32,47,83
16_92_17,all-well,mm10,2521,4768,26392.05,5272,76,79,89,2445,4689,5183,B4,H8,B5,16,92,17
10_59_11,all-well,hg38,3009,4767,26386.51,5255,2971,4727,5213,38,40,42,A10,E11,A11,10,59,11
03_24_73,all-well,mm10,2809,4766,26380.98,5230,285,316,346,2524,4450,4884,A3,B12,G1,3,24,73
08_61_19,all-well,mm10,2404,4766,26380.98,5250,58,59,63,2346,4707,5187,A8,F1,B7,8,61,19
30_07_47,all-well,hg38,2901,4766,26380.98,5211,2864,4727,5168,37,39,43,C6,A7,D11,30,7,47
27_11_21,all-well,mm10,2647,4765,26375.44,5259,56,57,59,2591,4708,5200,C3,A11,B9,27,11,21
10_22_24,all-well,hg38,2902,4763,26364.37,5254,2878,4736,5223,24,27,31,A10,B10,B12,10,22,24
15_96_56,all-well,hg38,2983,4762,26358.84,5265,2939,4716,5211,44,46,54,B3,H12,E8,15,96,56
11_05_37,all-well,mm10,2512,4761,26353.30,5263,74,77,83,2438,4684,5180,A11,A5,D1,11,5,37
28_45_55,all-well,mm10,2613,4760,26347.77,5219,67,69,71,2546,4691,5148,C4,D9,E7,28,45,55
38_43_12,all-well,mm10,2496,4760,26347.77,5226,59,60,64,2437,4700,5162,D2,D7,A12,38,43,12
42_54_82,all-well,mm10,2532,4760,26347.77,5261,82,83,95,2450,4677,5166,D6,E6,G10,42,54,82
13_09_10,all-well,mm10,2605,4760,26347.77,5228,61,66,68,2544,4694,5160,B1,A9,A10,13,9,10
16_60_14,all-well,mm10,2599,4759,26342.23,5226,80,82,87,2519,4677,5139,B4,E12,B2,16,60,14
22_30_78,all-well,hg38,2957,4758,26336.69,5221,2931,4731,5191,26,27,30,B10,C6,G6,22,30,78
46_34_71,all-well,mm10,2543,4758,26336.69,5290,49,50,54,2494,4708,5236,D10,C10,F11,46,34,71
02_05_11,all-well,hg38,2764,4757,26331.16,5274,2726,4719,5232,38,38,42,A2,A5,A11,2,5,11
05_20_66,all-well,hg38,3040,4756,26325.62,5281,3010,4726,5251,30,30,30,A5,B8,F6,5,20,66
45_64_09,all-well,hg38,2891,4756,26325.62,5234,2860,4722,5200,31,34,34,D9,F4,A9,45,64,9
26_92_58,all-well,hg38,3011,4756,26325.62,5235,2986,4730,5208,25,26,27,C2,H8,E10,26,92,58
05_62_83,all-well,hg38,2830,4756,26325.62,5263,2808,4732,5237,22,24,26,A5,F2,G11,5,62,83
33_25_82,all-well,multiplet,3204,4755,26320.09,5255,1789,2623,2906,1415,2132,2349,C9,C1,G10,33,25,82
25_37_14,all-well,hg38,2716,4755,26320.09,5191,2691,4730,5163,25,25,28,C1,D1,B2,25,37,14
05_38_84,all-well,mm10,2678,4754,26314.55,5215,52,54,64,2626,4700,5151,A5,D2,G12,5,38,84
30_86_03,all-well,hg38,2845,4753,26309.02,5215,2830,4735,5197,15,18,18,C6,H2,A3,30,86,3
28_76_24,all-well,hg38,2865,4752,26303.48,5210,2840,4723,5181,25,29,29,C4,G4,B12,28,76,24
02_72_48,all-well,hg38,2844,4751,26297.95,5243,2810,4717,5208,34,34,35,A2,F12,D12,2,72,48
01_20_36,all-well,mm10,2594,4750,26292.41,5195,36,36,38,2558,4714,5157,A1,B8,C12,1,20,36
29_87_87,all-well,mm10,2672,4750,26292.41,5237,62,62,64,2610,4688,5173,C5,H3,H3,29,87,87
27_10_81,all-well,mm10,2662,4749,26286.88,5218,79,83,91,2583,4666,5127,C3,A10,G9,27,10,81
06_23_34,all-well,hg38,2760,4749,26286.88,5247,2721,4710,5206,39,39,41,A6,B11,C10,6,23,34
10_27_91,all-well,mm10,2604,4748,26281.34,5193,36,37,40,2568,4711,5153,A10,C3,H7,10,27,91
03_90_31,all-well,hg38,3169,4748,26281.34,5210,3113,4687,5146,56,61,64,A3,H6,C7,3,90,31
26_65_22,all-well,mm10,2542,4748,26281.34,5251,52,55,60,2490,4693,5191,C2,F5,B10,26,65,22
37_20_45,all-well,mm10,2696,4747,26275.81,5237,176,190,208,2520,4557,5029,D1,B8,D9,37,20,45
05_15_40,all-well,hg38,2887,4746,26270.27,5228,2845,4702,5182,42,44,46,A5,B3,D4,5,15,40
34_56_03,all-well,mm10,2642,4745,26264.74,5223,67,74,82,2575,4671,5141,C10,E8,A3,34,56,3
29_61_73,all-well,hg38,2976,4745,26264.74,5234,2943,4710,5194,33,35,40,C5,F1,G1,29,61,73
02_26_04,all-well,hg38,2926,4744,26259.20,5244,2901,4718,5214,25,26,30,A2,C2,A4,2,26,4
19_58_17,all-well,mm10,2579,4743,26253.67,5256,60,61,67,2519,4682,5189,B7,E10,B5,19,58,17
35_56_01,all-well,hg38,2832,4742,26248.13,5171,2806,4716,5142,26,26,29,C11,E8,A1,35,56,1
27_33_56,all-well,mm10,2520,4742,26248.13,5201,49,49,52,2471,4693,5149,C3,C9,E8,27,33,56
16_49_77,all-well,mm10,2419,4742,26248.13,5183,69,71,74,2350,4671,5109,B4,E1,G5,16,49,77
22_11_84,all-well,mm10,2577,4741,26242.60,5216,59,59,65,2518,4682,5151,B10,A11,G12,22,11,84
30_13_96,all-well,hg38,2719,4741,26242.60,5187,2678,4698,5141,41,43,46,C6,B1,H12,30,13,96
18_67_45,all-well,hg38,2905,4739,26231.53,5202,2883,4717,5179,22,22,23,B6,F7,D9,18,67,45
24_36_46,all-well,mm10,2552,4739,26231.53,5236,51,52,54,2501,4687,5182,B12,C12,D10,24,36,46
28_26_80,all-well,hg38,2750,4739,26231.53,5192,2720,4708,5158,30,31,34,C4,C2,G8,28,26,80
23_29_09,all-well,mm10,2542,4738,26225.99,5218,65,68,71,2477,4670,5147,B11,C5,A9,23,29,9
45_07_31,all-well,hg38,3129,4736,26214.92,5199,3027,4627,5081,102,109,118,D9,A7,C7,45,7,31
22_85_54,all-well,mm10,2645,4735,26209.38,5214,102,117,125,2543,4618,5089,B10,H1,E6,22,85,54
41_56_29,all-well,mm10,2579,4735,26209.38,5198,38,38,41,2541,4697,5157,D5,E8,C5,41,56,29
29_91_88,all-well,mm10,2604,4735,26209.38,5193,34,35,37,2570,4700,5156,C5,H7,H4,29,91,88
29_87_95,all-well,mm10,2623,4733,26198.31,5219,45,47,49,2578,4686,5170,C5,H3,H11,29,87,95
15_50_48,all-well,mm10,2536,4731,26187.24,5180,44,44,48,2492,4687,5132,B3,E2,D12,15,50,48
18_15_56,all-well,hg38,2804,4728,26170.64,5193,2775,4697,5159,29,31,34,B6,B3,E8,18,15,56
06_43_56,all-well,mm10,2475,4728,26170.64,5209,44,45,47,2431,4683,5162,A6,D7,E8,6,43,56
03_29_77,all-well,hg38,3039,4728,26170.64,5230,2994,4678,5172,45,50,58,A3,C5,G5,3,29,77
39_94_59,all-well,mm10,2520,4728,26170.64,5232,48,49,52,2472,4679,5180,D3,H10,E11,39,94,59
29_78_27,all-well,mm10,2658,4728,26170.64,5181,41,43,43,2617,4685,5138,C5,G6,C3,29,78,27
30_11_88,all-well,mm10,2504,4727,26165.10,5197,33,33,37,2471,4694,5160,C6,A11,H4,30,11,88
46_68_52,all-well,mm10,2493,4726,26159.57,5216,48,49,50,2445,4677,5166,D10,F8,E4,46,68,52
33_89_40,all-well,hg38,2807,4726,26159.57,5181,2784,4703,5158,23,23,23,C9,H5,D4,33,89,40
12_68_17,all-well,hg38,2675,4726,26159.57,5205,2637,4687,5162,38,39,43,A12,F8,B5,12,68,17
31_90_89,all-well,mm10,2410,4725,26154.03,5186,73,78,81,2337,4647,5105,C7,H6,H5,31,90,89
43_81_24,all-well,mm10,2617,4723,26142.96,5194,28,29,30,2589,4694,5164,D7,G9,B12,43,81,24
01_63_46,all-well,mm10,2544,4722,26137.43,5208,50,57,60,2494,4665,5148,A1,F3,D10,1,63,46
06_63_13,all-well,mm10,2560,4720,26126.36,5255,64,65,69,2496,4655,5186,A6,F3,B1,6,63,13
30_09_44,all-well,mm10,2515,4719,26120.82,5193,44,44,47,2471,4675,5146,C6,A9,D8,30,9,44
14_03_48,all-well,hg38,2950,4717,26109.75,5192,2901,4664,5133,49,53,59,B2,A3,D12,14,3,48
22_80_67,all-well,mm10,2622,4715,26098.68,5210,32,32,32,2590,4683,5178,B10,G8,F7,22,80,67
17_14_43,all-well,mm10,2675,4715,26098.68,5167,76,81,84,2599,4634,5083,B5,B2,D7,17,14,43
40_23_41,all-well,hg38,2682,4714,26093.14,5201,2651,4680,5166,31,34,35,D4,B11,D5,40,23,41
21_90_44,all-well,mm10,2557,4714,26093.14,5202,36,36,38,2521,4678,5164,B9,H6,D8,21,90,44
19_38_96,all-well,mm10,2441,4713,26087.61,5136,60,62,67,2381,4651,5069,B7,D2,H12,19,38,96
06_66_07,all-well,mm10,2685,4712,26082.07,5172,104,119,125,2581,4593,5047,A6,F6,A7,6,66,7
28_66_04,all-well,mm10,2602,4712,26082.07,5215,83,90,92,2519,4622,5123,C4,F6,A4,28,66,4
19_40_88,all-well,mm10,2501,4712,26082.07,5208,130,132,146,2371,4580,5062,B7,D4,H4,19,40,88
24_77_88,all-well,mm10,2573,4711,26076.54,5175,57,59,66,2516,4652,5109,B12,G5,H4,24,77,88
21_10_06,all-well,hg38,2764,4710,26071.00,5166,2740,4686,5141,24,24,25,B9,A10,A6,21,10,6
01_12_81,all-well,hg38,2789,4709,26065.47,5185,2756,4676,5151,33,33,34,A1,A12,G9,1,12,81
39_84_31,all-well,mm10,2428,4709,26065.47,5156,54,55,58,2374,4654,5098,D3,G12,C7,39,84,31
39_30_17,all-well,hg38,2807,4709,26065.47,5187,2772,4670,5145,35,39,42,D3,C6,B5,39,30,17
34_50_08,all-well,mm10,2597,4708,26059.93,5217,97,100,107,2500,4608,5110,C10,E2,A8,34,50,8
01_12_56,all-well,mm10,2669,4707,26054.40,5138,50,51,52,2619,4656,5086,A1,A12,E8,1,12,56
12_14_16,all-well,mm10,2609,4706,26048.86,5154,88,90,93,2521,4616,5061,A12,B2,B4,12,14,16
29_75_33,all-well,mm10,2611,4704,26037.79,5188,68,70,77,2543,4634,5111,C5,G3,C9,29,75,33
46_17_15,all-well,mm10,2538,4704,26037.79,5200,133,141,156,2405,4563,5044,D10,B5,B3,46,17,15
31_43_41,all-well,hg38,2740,4703,26032.26,5217,2712,4671,5180,28,32,37,C7,D7,D5,31,43,41
34_14_09,all-well,hg38,2702,4702,26026.72,5216,2678,4677,5189,24,25,27,C10,B2,A9,34,14,9
46_57_95,all-well,hg38,2789,4701,26021.19,5183,2742,4653,5133,47,48,50,D10,E9,H11,46,57,95
02_47_65,all-well,mm10,2410,4701,26021.19,5201,52,53,56,2358,4648,5145,A2,D11,F5,2,47,65
09_09_83,all-well,mm10,2545,4701,26021.19,5131,47,48,48,2498,4653,5083,A9,A9,G11,9,9,83
13_58_26,all-well,hg38,2794,4700,26015.65,5144,2757,4662,5106,37,38,38,B1,E10,C2,13,58,26
37_65_32,all-well,mm10,2506,4699,26010.12,5125,45,45,48,2461,4654,5077,D1,F5,C8,37,65,32
37_22_15,all-well,hg38,2828,4699,26010.12,5186,2798,4668,5153,30,31,33,D1,B10,B3,37,22,15
30_65_09,all-well,mm10,2628,4698,26004.58,5179,76,79,83,2552,4619,5096,C6,F5,A9,30,65,9
06_20_90,all-well,hg38,2867,4698,26004.58,5144,2843,4674,5118,24,24,26,A6,B8,H6,6,20,90
41_52_06,all-well,mm10,2504,4697,25999.05,5152,36,37,40,2468,4660,5112,D5,E4,A6,41,52,6
12_38_77,all-well,mm10,2522,4697,25999.05,5136,63,66,68,2459,4631,5068,A12,D2,G5,12,38,77
10_88_66,all-well,mm10,2611,4696,25993.51,5157,44,45,50,2567,4651,5107,A10,H4,F6,10,88,66
18_69_51,all-well,mm10,2615,4694,25982.44,5172,38,38,44,2577,4656,5128,B6,F9,E3,18,69,51
05_55_03,all-well,hg38,2896,4693,25976.90,5171,2868,4665,5139,28,28,32,A5,E7,A3,5,55,3
47_23_81,all-well,hg38,2840,4693,25976.90,5126,2808,4660,5092,32,33,34,D11,B11,G9,47,23,81
31_08_65,all-well,hg38,2753,4692,25971.37,5161,2712,4650,5116,41,42,45,C7,A8,F5,31,8,65
05_35_01,all-well,hg38,2919,4692,25971.37,5144,2871,4643,5092,48,49,52,A5,C11,A1,5,35,1
38_37_86,all-well,hg38,2778,4692,25971.37,5120,2743,4655,5081,35,37,39,D2,D1,H2,38,37,86
15_77_42,all-well,hg38,2773,4692,25971.37,5185,2739,4658,5150,34,34,35,B3,G5,D6,15,77,42
39_74_06,all-well,mm10,2502,4690,25960.30,5122,58,61,61,2444,4629,5061,D3,G2,A6,39,74,6
27_71_80,all-well,mm10,2513,4690,25960.30,5192,63,65,72,2450,4625,5120,C3,F11,G8,27,71,80
25_26_80,all-well,hg38,2733,4689,25954.76,5158,2680,4633,5098,53,56,60,C1,C2,G8,25,26,80
42_37_57,all-well,mm10,2655,4688,25949.23,5185,40,40,41,2615,4648,5144,D6,D1,E9,42,37,57
13_04_70,all-well,mm10,2501,4688,25949.23,5150,45,45,48,2456,4643,5102,B1,A4,F10,13,4,70
37_14_49,all-well,mm10,2531,4687,25943.69,5157,59,60,63,2472,4627,5094,D1,B2,E1,37,14,49
29_95_53,all-well,hg38,2781,4686,25938.16,5136,2758,4663,5113,23,23,23,C5,H11,E5,29,95,53
28_59_51,all-well,mm10,2551,4686,25938.16,5144,68,70,77,2483,4616,5067,C4,E11,E3,28,59,51
48_24_44,all-well,hg38,2896,4686,25938.16,5138,2866,4655,5103,30,31,35,D12,B12,D8,48,24,44
22_89_07,all-well,hg38,2889,4685,25932.62,5195,2861,4657,5165,28,28,30,B10,H5,A7,22,89,7
48_09_70,all-well,mm10,2672,4683,25921.55,5175,46,47,50,2626,4636,5125,D12,A9,F10,48,9,70
12_77_14,all-well,hg38,2851,4683,25921.55,5166,2822,4653,5136,29,30,30,A12,G5,B2,12,77,14
09_91_10,all-well,mm10,2500,4683,25921.55,5146,50,51,54,2450,4632,5092,A9,H7,A10,9,91,10
43_67_28,all-well,mm10,2598,4682,25916.02,5149,55,61,69,2543,4621,5080,D7,F7,C4,43,67,28
41_51_28,all-well,mm10,2611,4682,25916.02,5123,35,36,38,2576,4646,5085,D5,E3,C4,41,51,28
17_28_84,all-well,hg38,2762,4681,25910.48,5164,2726,4645,5127,36,36,37,B5,C4,G12,17,28,84
10_23_61,all-well,mm10,2503,4681,25910.48,5143,45,45,49,2458,4636,5094,A10,B11,F1,10,23,61
31_55_55,all-well,mm10,2431,4680,25904.95,5145,47,52,53,2384,4628,5092,C7,E7,E7,31,55,55
30_25_11,all-well,hg38,2898,4680,25904.95,5160,2863,4644,5119,35,36,41,C6,C1,A11,30,25,11
16_39_55,all-well,mm10,2556,4679,25899.41,5149,38,41,43,2518,4638,5106,B4,D3,E7,16,39,55
37_29_74,all-well,mm10,2570,4679,25899.41,5153,42,42,43,2528,4637,5110,D1,C5,G2,37,29,74
12_40_50,all-well,mm10,2548,4678,25893.88,5129,106,112,123,2442,4566,5006,A12,D4,E2,12,40,50
02_05_05,all-well,mm10,2653,4678,25893.88,5133,54,57,57,2599,4621,5076,A2,A5,A5,2,5,5
35_05_46,all-well,mm10,2563,4678,25893.88,5143,37,38,39,2526,4640,5104,C11,A5,D10,35,5,46
23_27_63,all-well,hg38,2882,4676,25882.80,5145,2861,4655,5124,21,21,21,B11,C3,F3,23,27,63
42_07_11,all-well,mm10,2464,4675,25877.27,5153,75,78,85,2389,4597,5068,D6,A7,A11,42,7,11
23_20_69,all-well,hg38,2738,4674,25871.73,5161,2710,4642,5127,28,32,34,B11,B8,F9,23,20,69
11_28_61,all-well,mm10,2576,4674,25871.73,5206,54,57,63,2522,4617,5143,A11,C4,F1,11,28,61
07_46_83,all-well,hg38,2518,4674,25871.73,5163,2483,4638,5121,35,36,42,A7,D10,G11,7,46,83
11_37_78,all-well,mm10,2674,4673,25866.20,5123,48,49,55,2626,4624,5068,A11,D1,G6,11,37,78
31_84_81,all-well,mm10,2536,4673,25866.20,5133,98,104,109,2438,4569,5024,C7,G12,G9,31,84,81
46_24_80,all-well,mm10,2675,4673,25866.20,5104,81,84,85,2594,4589,5019,D10,B12,G8,46,24,80
32_61_26,all-well,hg38,2859,4672,25860.66,5139,2819,4631,5096,40,41,43,C8,F1,C2,32,61,26
45_66_79,all-well,hg38,2894,4672,25860.66,5139,2855,4633,5097,39,39,42,D9,F6,G7,45,66,79
31_10_50,all-well,mm10,2546,4670,25849.59,5169,48,49,51,2498,4621,5118,C7,A10,E2,31,10,50
04_18_55,all-well,hg38,2853,4669,25844.06,5137,2825,4639,5107,28,30,30,A4,B6,E7,4,18,55
01_58_66,all-well,mm10,2465,4668,25838.52,5110,46,48,51,2419,4620,5059,A1,E10,F6,1,58,66
48_02_10,all-well,mm10,2671,4668,25838.52,5091,45,45,47,2626,4623,5044,D12,A2,A10,48,2,10
08_91_39,all-well,hg38,2907,4667,25832.99,5139,2871,4626,5097,36,41,42,A8,H7,D3,8,91,39
08_79_16,all-well,mm10,2500,4666,25827.45,5206,54,54,61,2446,4612,5145,A8,G7,B4,8,79,16
23_42_43,all-well,mm10,2423,4665,25821.92,5126,37,39,40,2386,4626,5086,B11,D6,D7,23,42,43
08_95_71,all-well,hg38,2808,4665,25821.92,5125,2771,4623,5082,37,42,43,A8,H11,F11,8,95,71
10_40_46,all-well,hg38,2877,4664,25816.38,5169,2850,4635,5137,27,29,32,A10,D4,D10,10,40,46
15_20_02,all-well,mm10,2436,4664,25816.38,5108,43,43,48,2393,4621,5060,B3,B8,A2,15,20,2
06_15_09,all-well,mm10,2354,4664,25816.38,5143,51,57,60,2303,4607,5083,A6,B3,A9,6,15,9
35_69_01,all-well,mm10,2490,4663,25810.85,5156,65,69,74,2425,4594,5082,C11,F9,A1,35,69,1
05_24_75,all-well,mm10,2500,4663,25810.85,5124,58,60,68,2442,4603,5056,A5,B12,G3,5,24,75
03_22_34,all-well,hg38,2919,4662,25805.31,5125,2879,4620,5079,40,42,46,A3,B10,C10,3,22,34
16_63_61,all-well,mm10,2440,4661,25799.78,5152,67,68,74,2373,4593,5078,B4,F3,F1,16,63,61
21_78_21,all-well,mm10,2581,4661,25799.78,5151,54,59,65,2527,4602,5086,B9,G6,B9,21,78,21
34_86_54,all-well,mm10,2680,4660,25794.24,5127,116,125,132,2564,4535,4995,C10,H2,E6,34,86,54
29_52_19,all-well,mm10,2545,4660,25794.24,5138,52,55,59,2493,4605,5079,C5,E4,B7,29,52,19
33_44_35,all-well,hg38,2912,4659,25788.71,5077,2885,4630,5046,27,29,31,C9,D8,C11,33,44,35
05_95_92,all-well,hg38,2781,4659,25788.71,5132,2753,4628,5100,28,31,32,A5,H11,H8,5,95,92
11_84_68,all-well,mm10,2418,4657,25777.64,5132,45,45,46,2373,4612,5086,A11,G12,F8,11,84,68
14_03_55,all-well,mm10,2412,4657,25777.64,5099,43,44,50,2369,4613,5049,B2,A3,E7,14,3,55
29_82_37,all-well,hg38,2805,4656,25772.10,5115,2785,4636,5092,20,20,23,C5,G10,D1,29,82,37
39_81_40,all-well,mm10,2631,4656,25772.10,5092,37,38,38,2594,4618,5054,D3,G9,D4,39,81,40
10_38_83,all-well,hg38,2970,4656,25772.10,5112,2944,4630,5085,26,26,27,A10,D2,G11,10,38,83
01_43_59,all-well,mm10,2479,4656,25772.10,5124,56,58,61,2423,4598,5063,A1,D7,E11,1,43,59
17_16_32,all-well,mm10,2659,4656,25772.10,5131,61,62,64,2598,4594,5067,B5,B4,C8,17,16,32
19_73_18,all-well,mm10,2539,4655,25766.56,5145,128,131,144,2411,4524,5001,B7,G1,B6,19,73,18
23_11_29,all-well,multiplet,3142,4654,25761.03,5109,2261,3489,3845,881,1165,1264,B11,A11,C5,23,11,29
05_02_63,all-well,hg38,2865,4652,25749.96,5116,2835,4620,5079,30,32,37,A5,A2,F3,5,2,63
31_64_72,all-well,mm10,2604,4651,25744.42,5060,57,59,63,2547,4592,4997,C7,F4,F12,31,64,72
28_82_34,all-well,mm10,2502,4651,25744.42,5105,45,48,52,2457,4603,5053,C4,G10,C10,28,82,34
29_39_09,all-well,hg38,2901,4649,25733.35,5133,2881,4628,5112,20,21,21,C5,D3,A9,29,39,9
31_10_43,all-well,mm10,2559,4649,25733.35,5066,165,172,183,2394,4477,4883,C7,A10,D7,31,10,43
03_48_30,all-well,hg38,2872,4649,25733.35,5104,2835,4612,5065,37,37,39,A3,D12,C6,3,48,30
34_14_25,all-well,mm10,2490,4647,25722.28,5052,35,35,35,2455,4612,5017,C10,B2,C1,34,14,25
38_60_34,all-well,hg38,2593,4647,25722.28,5136,2570,4624,5113,23,23,23,D2,E12,C10,38,60,34
16_08_67,all-well,hg38,2691,4647,25722.28,5091,2647,4600,5043,44,47,48,B4,A8,F7,16,8,67
43_13_70,all-well,hg38,2787,4647,25722.28,5101,2740,4598,5051,47,49,50,D7,B1,F10,43,13,70
28_12_05,all-well,mm10,2432,4645,25711.21,5084,57,61,66,2375,4584,5018,C4,A12,A5,28,12,5
38_23_04,all-well,mm10,2631,4644,25705.68,5115,82,89,95,2549,4555,5020,D2,B11,A4,38,23,4
46_19_34,all-well,hg38,2691,4643,25700.14,5116,2655,4605,5075,36,38,41,D10,B7,C10,46,19,34
32_34_06,all-well,mm10,2482,4643,25700.14,5143,61,72,78,2421,4571,5065,C8,C10,A6,32,34,6
05_11_89,all-well,mm10,2557,4641,25689.07,5133,62,64,71,2495,4577,5062,A5,A11,H5,5,11,89
31_20_65,all-well,hg38,2925,4640,25683.54,5099,2833,4542,4993,92,98,106,C7,B8,F5,31,20,65
46_05_22,all-well,mm10,2445,4639,25678.00,5085,90,92,95,2355,4547,4990,D10,A5,B10,46,5,22
14_45_09,all-well,mm10,2586,4638,25672.47,5088,30,30,31,2556,4608,5057,B2,D9,A9,14,45,9
27_82_71,all-well,hg38,2959,4638,25672.47,5105,2930,4608,5074,29,30,31,C3,G10,F11,27,82,71
08_78_79,all-well,mm10,2351,4636,25661.40,5091,54,56,60,2297,4580,5031,A8,G6,G7,8,78,79
43_35_87,all-well,mm10,2508,4634,25650.32,5084,38,41,45,2470,4593,5039,D7,C11,H3,43,35,87
18_08_35,all-well,hg38,2742,4633,25644.79,5109,2724,4615,5090,18,18,19,B6,A8,C11,18,8,35
25_41_96,all-well,hg38,2810,4633,25644.79,5113,2769,4591,5067,41,42,46,C1,D5,H12,25,41,96
31_19_61,all-well,mm10,2565,4630,25628.18,5112,98,102,111,2467,4528,5001,C7,B7,F1,31,19,61
23_46_15,all-well,mm10,2532,4630,25628.18,5107,41,42,46,2491,4588,5061,B11,D10,B3,23,46,15
28_07_51,all-well,mm10,2816,4630,25628.18,5085,274,315,342,2542,4315,4743,C4,A7,E3,28,7,51
30_07_95,all-well,mm10,2582,4629,25622.65,5107,40,40,47,2542,4589,5060,C6,A7,H11,30,7,95
20_05_87,all-well,hg38,2719,4629,25622.65,5080,2694,4596,5045,25,33,35,B8,A5,H3,20,5,87
42_35_09,all-well,hg38,2906,4628,25617.11,5083,2855,4573,5025,51,55,58,D6,C11,A9,42,35,9
08_42_27,all-well,mm10,2481,4626,25606.04,5130,46,47,50,2435,4579,5080,A8,D6,C3,8,42,27
24_02_83,all-well,mm10,2504,4626,25606.04,5045,68,76,88,2436,4550,4957,B12,A2,G11,24,2,83
10_42_57,all-well,mm10,2623,4625,25600.51,5083,42,45,50,2581,4580,5033,A10,D6,E9,10,42,57
07_93_61,all-well,mm10,2519,4624,25594.97,5085,57,61,63,2462,4563,5022,A7,H9,F1,7,93,61
13_84_17,all-well,mm10,2403,4624,25594.97,5085,58,64,72,2345,4560,5013,B1,G12,B5,13,84,17
05_64_68,all-well,hg38,2822,4624,25594.97,5134,2722,4512,5005,100,112,129,A5,F4,F8,5,64,68
33_16_27,all-well,mm10,2521,4624,25594.97,5086,43,43,47,2478,4581,5039,C9,B4,C3,33,16,27
04_09_22,all-well,hg38,2709,4623,25589.44,5039,2688,4600,5013,21,23,26,A4,A9,B10,4,9,22
06_78_44,all-well,mm10,2472,4622,25583.90,5098,32,32,33,2440,4590,5065,A6,G6,D8,6,78,44
46_28_02,all-well,hg38,2775,4622,25583.90,5042,2714,4560,4975,61,62,67,D10,C4,A2,46,28,2
06_80_14,all-well,mm10,2483,4619,25567.30,5109,44,46,52,2439,4573,5057,A6,G8,B2,6,80,14
27_63_52,all-well,hg38,2924,4618,25561.76,5087,2898,4590,5058,26,28,29,C3,F3,E4,27,63,52
10_05_96,all-well,hg38,2695,4616,25550.69,5078,2673,4594,5055,22,22,23,A10,A5,H12,10,5,96
17_56_80,all-well,multiplet,3021,4614,25539.62,5114,1216,1750,1950,1805,2864,3164,B5,E8,G8,17,56,80
21_88_22,all-well,hg38,2823,4614,25539.62,5087,2790,4581,5054,33,33,33,B9,H4,B10,21,88,22
18_19_79,all-well,hg38,2850,4613,25534.08,5085,2814,4576,5045,36,37,40,B6,B7,G7,18,19,79
42_06_29,all-well,mm10,2478,4612,25528.55,5069,45,47,51,2433,4565,5018,D6,A6,C5,42,6,29
10_01_05,all-well,mm10,2671,4611,25523.01,5054,41,41,44,2630,4570,5010,A10,A1,A5,10,1,5
18_15_92,all-well,mm10,2546,4611,25523.01,5049,26,27,27,2520,4584,5022,B6,B3,H8,18,15,92
07_69_07,all-well,mm10,2523,4611,25523.01,5076,47,51,55,2476,4560,5021,A7,F9,A7,7,69,7
42_65_09,all-well,hg38,2820,4611,25523.01,5109,2644,4409,4892,176,202,217,D6,F5,A9,42,65,9
46_26_96,all-well,mm10,2363,4610,25517.48,5086,66,67,70,2297,4543,5016,D10,C2,H12,46,26,96
45_01_32,all-well,hg38,2853,4609,25511.94,5059,2813,4567,5014,40,42,45,D9,A1,C8,45,1,32
06_54_74,all-well,hg38,2788,4609,25511.94,5085,2760,4581,5056,28,28,29,A6,E6,G2,6,54,74
13_06_10,all-well,mm10,2617,4609,25511.94,5063,67,73,77,2550,4536,4986,B1,A6,A10,13,6,10
06_07_35,all-well,mm10,2376,4609,25511.94,5058,62,68,73,2314,4541,4985,A6,A7,C11,6,7,35
41_70_91,all-well,mm10,2586,4609,25511.94,5076,34,35,37,2552,4574,5039,D5,F10,H7,41,70,91
06_83_95,all-well,mm10,2467,4608,25506.41,5046,51,51,54,2416,4557,4992,A6,G11,H11,6,83,95
17_04_48,all-well,hg38,2693,4608,25506.41,5054,2654,4567,5011,39,41,43,B5,A4,D12,17,4,48
01_15_45,all-well,mm10,2624,4607,25500.87,5082,70,73,82,2554,4534,5000,A1,B3,D9,1,15,45
43_18_92,all-well,mm10,2622,4607,25500.87,5021,58,65,73,2564,4542,4948,D7,B6,H8,43,18,92
47_16_37,all-well,hg38,2884,4606,25495.34,5071,2848,4566,5030,36,40,41,D11,B4,D1,47,16,37
13_28_24,all-well,mm10,2618,4605,25489.80,5071,52,52,55,2566,4553,5016,B1,C4,B12,13,28,24
21_65_14,all-well,mm10,2522,4604,25484.27,5067,44,46,51,2478,4558,5016,B9,F5,B2,21,65,14
13_92_45,all-well,hg38,2759,4602,25473.20,5065,2726,4568,5031,33,34,34,B1,H8,D9,13,92,45
47_68_67,all-well,mm10,2526,4601,25467.66,5057,36,36,37,2490,4565,5020,D11,F8,F7,47,68,67
08_62_84,all-well,mm10,2372,4601,25467.66,5071,55,55,57,2317,4546,5014,A8,F2,G12,8,62,84
13_95_89,all-well,mm10,2600,4601,25467.66,5037,126,134,145,2474,4467,4892,B1,H11,H5,13,95,89
18_16_25,all-well,hg38,2752,4600,25462.13,5065,2731,4579,5044,21,21,21,B6,B4,C1,18,16,25
19_76_54,all-well,mm10,2652,4600,25462.13,5065,53,55,58,2599,4545,5007,B7,G4,E6,19,76,54
39_22_84,all-well,mm10,2431,4600,25462.13,5029,114,119,126,2317,4481,4903,D3,B10,G12,39,22,84
20_04_12,all-well,hg38,2742,4600,25462.13,5055,2719,4576,5029,23,24,26,B8,A4,A12,20,4,12
42_03_60,all-well,mm10,2463,4599,25456.59,5061,41,41,44,2422,4558,5017,D6,A3,E12,42,3,60
44_11_11,all-well,mm10,2418,4598,25451.06,5034,54,57,59,2364,4541,4975,D8,A11,A11,44,11,11
26_78_59,all-well,mm10,2544,4598,25451.06,5013,46,48,51,2498,4550,4962,C2,G6,E11,26,78,59
05_27_79,all-well,mm10,2627,4598,25451.06,5050,64,66,72,2563,4532,4978,A5,C3,G7,5,27,79
45_20_08,all-well,hg38,2854,4597,25445.52,5039,2824,4565,5006,30,32,33,D9,B8,A8,45,20,8
43_03_69,all-well,mm10,2502,4597,25445.52,5000,47,47,56,2455,4550,4944,D7,A3,F9,43,3,69
18_16_59,all-well,hg38,2730,4595,25434.45,5058,2709,4573,5036,21,22,22,B6,B4,E11,18,16,59
28_95_94,all-well,mm10,2518,4595,25434.45,5075,64,73,80,2454,4522,4995,C4,H11,H10,28,95,94
09_30_09,all-well,mm10,2551,4594,25428.91,5025,57,61,62,2494,4533,4963,A9,C6,A9,9,30,9
42_24_17,all-well,hg38,2681,4594,25428.91,5050,2650,4561,5016,31,33,34,D6,B12,B5,42,24,17
04_69_11,all-well,hg38,2864,4593,25423.38,5027,2811,4538,4969,53,55,58,A4,F9,A11,4,69,11
29_81_86,all-well,hg38,2871,4592,25417.84,5027,2848,4548,4983,23,44,44,C5,G9,H2,29,81,86
01_05_50,all-well,mm10,2510,4592,25417.84,5072,50,54,55,2460,4538,5017,A1,A5,E2,1,5,50
28_19_01,all-well,hg38,2757,4592,25417.84,5071,2683,4513,4984,74,79,87,C4,B7,A1,28,19,1
17_16_48,all-well,hg38,2635,4592,25417.84,5044,2616,4571,5023,19,21,21,B5,B4,D12,17,16,48
31_61_74,all-well,mm10,2614,4591,25412.31,5016,55,58,60,2559,4533,4956,C7,F1,G2,31,61,74
09_50_66,all-well,mm10,2514,4590,25406.77,5062,48,49,51,2466,4541,5011,A9,E2,F6,9,50,66
34_09_02,all-well,mm10,2629,4589,25401.24,5015,30,30,32,2599,4559,4983,C10,A9,A2,34,9,2
12_81_74,all-well,mm10,2442,4588,25395.70,5017,36,40,43,2406,4548,4974,A12,G9,G2,12,81,74
23_66_93,all-well,mm10,2298,4587,25390.17,5088,60,61,66,2238,4526,5022,B11,F6,H9,23,66,93
09_91_73,all-well,hg38,2922,4584,25373.56,5060,2892,4551,5025,30,33,35,A9,H7,G1,9,91,73
36_24_71,all-well,mm10,2526,4584,25373.56,5000,61,65,67,2465,4519,4933,C12,B12,F11,36,24,71
18_39_40,all-well,hg38,2789,4582,25362.49,5009,2767,4560,4987,22,22,22,B6,D3,D4,18,39,40
05_36_17,all-well,mm10,2445,4581,25356.96,5045,52,55,58,2393,4526,4987,A5,C12,B5,5,36,17
08_59_31,all-well,mm10,2495,4580,25351.42,5056,51,56,63,2444,4524,4993,A8,E11,C7,8,59,31
08_94_08,all-well,hg38,2731,4579,25345.89,5061,2711,4559,5039,20,20,22,A8,H10,A8,8,94,8
14_55_06,all-well,hg38,2831,4579,25345.89,5029,2799,4547,4995,32,32,34,B2,E7,A6,14,55,6
14_37_38,all-well,mm10,2617,4579,25345.89,5047,63,68,72,2554,4511,4975,B2,D1,D2,14,37,38
17_75_72,all-well,mm10,2533,4578,25340.35,5046,57,61,64,2476,4517,4982,B5,G3,F12,17,75,72
13_03_36,all-well,mm10,2544,4578,25340.35,5000,47,47,49,2497,4531,4951,B1,A3,C12,13,3,36
23_05_51,all-well,mm10,2359,4577,25334.82,5010,41,42,43,2318,4535,4967,B11,A5,E3,23,5,51
23_40_09,all-well,mm10,2384,4577,25334.82,5048,32,33,34,2352,4544,5014,B11,D4,A9,23,40,9
08_33_38,all-well,mm10,2613,4576,25329.28,5036,42,44,50,2571,4532,4986,A8,C9,D2,8,33,38
17_72_50,all-well,mm10,2546,4575,25323.75,5015,73,78,82,2473,4497,4933,B5,F12,E2,17,72,50
45_14_71,all-well,hg38,2935,4575,25323.75,5041,2896,4531,4995,39,44,46,D9,B2,F11,45,14,71
17_54_62,all-well,mm10,2619,4575,25323.75,4999,38,38,41,2581,4537,4958,B5,E6,F2,17,54,62
45_61_30,all-well,mm10,2466,4575,25323.75,5028,139,154,167,2327,4421,4861,D9,F1,C6,45,61,30
35_43_38,all-well,mm10,2701,4574,25318.21,5040,49,50,53,2652,4524,4987,C11,D7,D2,35,43,38
22_89_25,all-well,hg38,2748,4574,25318.21,4972,2690,4514,4909,58,60,63,B10,H5,C1,22,89,25
31_09_47,all-well,mm10,2521,4573,25312.67,5047,61,66,68,2460,4507,4979,C7,A9,D11,31,9,47
15_25_69,all-well,mm10,2481,4571,25301.60,5010,45,47,49,2436,4524,4961,B3,C1,F9,15,25,69
01_21_18,all-well,hg38,2930,4571,25301.60,5022,2894,4535,4982,36,36,40,A1,B9,B6,1,21,18
28_61_53,all-well,mm10,2625,4569,25290.53,5015,59,60,64,2566,4509,4951,C4,F1,E5,28,61,53
12_89_26,all-well,hg38,2746,4568,25285.00,5005,2718,4540,4977,28,28,28,A12,H5,C2,12,89,26
27_78_79,all-well,hg38,2684,4567,25279.46,5047,2654,4534,5013,30,33,34,C3,G6,G7,27,78,79
23_52_67,all-well,hg38,2690,4566,25273.93,5041,2654,4530,5003,36,36,38,B11,E4,F7,23,52,67
48_67_71,all-well,mm10,2372,4565,25268.39,5036,42,43,44,2330,4522,4992,D12,F7,F11,48,67,71
12_04_18,all-well,mm10,2274,4564,25262.86,5057,36,39,42,2238,4525,5015,A12,A4,B6,12,4,18
10_39_50,all-well,hg38,2802,4564,25262.86,5047,2764,4526,5004,38,38,43,A10,D3,E2,10,39,50
08_16_94,all-well,mm10,2392,4563,25257.32,5036,42,43,48,2350,4520,4988,A8,B4,H10,8,16,94
35_21_03,all-well,hg38,2741,4562,25251.79,5013,2715,4536,4981,26,26,32,C11,B9,A3,35,21,3
29_13_56,all-well,hg38,2753,4562,25251.79,5028,2726,4535,4999,27,27,29,C5,B1,E8,29,13,56
47_25_89,all-well,hg38,2854,4561,25246.25,5057,2827,4533,5029,27,28,28,D11,C1,H5,47,25,89
14_50_79,all-well,mm10,2334,4560,25240.72,4993,38,42,44,2296,4518,4949,B2,E2,G7,14,50,79
05_22_22,all-well,hg38,2796,4558,25229.65,5040,2777,4539,5021,19,19,19,A5,B10,B10,5,22,22
38_83_07,all-well,mm10,2566,4557,25224.11,5004,68,70,74,2498,4487,4930,D2,G11,A7,38,83,7
33_32_08,all-well,mm10,2297,4556,25218.58,5039,47,47,50,2250,4509,4989,C9,C8,A8,33,32,8
21_58_34,all-well,hg38,2549,4556,25218.58,5012,2525,4531,4987,24,25,25,B9,E10,C10,21,58,34
40_88_74,all-well,hg38,2663,4556,25218.58,4995,2589,4475,4908,74,81,87,D4,H4,G2,40,88,74
27_46_60,all-well,hg38,2900,4554,25207.51,5020,2869,4522,4985,31,32,35,C3,D10,E12,27,46,60
29_50_76,all-well,hg38,2730,4554,25207.51,5018,2710,4534,4997,20,20,21,C5,E2,G4,29,50,76
29_94_75,all-well,mm10,2489,4554,25207.51,5055,42,42,43,2447,4512,5012,C5,H10,G3,29,94,75
33_58_08,all-well,mm10,2653,4553,25201.97,4968,65,70,72,2588,4483,4896,C9,E10,A8,33,58,8
29_18_85,all-well,mm10,2530,4553,25201.97,5028,71,72,76,2459,4481,4952,C5,B6,H1,29,18,85
19_61_16,all-well,mm10,2427,4553,25201.97,5010,59,62,66,2368,4491,4944,B7,F1,B4,19,61,16
37_28_20,all-well,mm10,2384,4552,25196.43,4996,57,63,66,2327,4489,4930,D1,C4,B8,37,28,20
39_45_22,all-well,mm10,2528,4551,25190.90,5024,45,46,48,2483,4505,4976,D3,D9,B10,39,45,22
04_06_26,all-well,hg38,2804,4551,25190.90,4994,2775,4520,4962,29,31,32,A4,A6,C2,4,6,26
33_38_30,all-well,mm10,2383,4551,25190.90,5002,50,53,57,2333,4498,4945,C9,D2,C6,33,38,30
16_09_84,all-well,hg38,2816,4551,25190.90,4993,2780,4513,4953,36,38,40,B4,A9,G12,16,9,84
19_17_25,all-well,mm10,2570,4549,25179.83,5019,89,93,100,2481,4456,4919,B7,B5,C1,19,17,25
01_37_36,all-well,hg38,2626,4547,25168.76,5053,2586,4506,5005,40,41,48,A1,D1,C12,1,37,36
08_06_73,all-well,mm10,2541,4546,25163.22,4964,39,40,43,2502,4506,4921,A8,A6,G1,8,6,73
42_36_74,all-well,mm10,2470,4546,25163.22,4951,38,39,40,2432,4507,4911,D6,C12,G2,42,36,74
25_51_26,all-well,mm10,2516,4546,25163.22,4960,70,76,80,2446,4470,4880,C1,E3,C2,25,51,26
25_55_01,all-well,hg38,2779,4546,25163.22,4990,2755,4522,4962,24,24,28,C1,E7,A1,25,55,1
10_91_54,all-well,mm10,2568,4545,25157.69,4975,33,33,33,2535,4512,4942,A10,H7,E6,10,91,54
17_24_86,all-well,hg38,2655,4541,25135.55,5007,2612,4497,4961,43,44,46,B5,B12,H2,17,24,86
16_77_54,all-well,hg38,2793,4540,25130.01,5015,2759,4503,4977,34,37,38,B4,G5,E6,16,77,54
44_47_61,all-well,hg38,2862,4539,25124.48,5001,2836,4513,4974,26,26,27,D8,D11,F1,44,47,61
18_92_57,all-well,hg38,2728,4539,25124.48,4992,2704,4513,4966,24,26,26,B6,H8,E9,18,92,57
10_06_53,all-well,mm10,2532,4538,25118.94,4994,51,57,62,2481,4481,4932,A10,A6,E5,10,6,53
05_25_05,all-well,mm10,2485,4538,25118.94,5001,49,50,53,2436,4488,4948,A5,C1,A5,5,25,5
10_81_82,all-well,mm10,2633,4537,25113.41,5018,46,48,53,2587,4489,4965,A10,G9,G10,10,81,82
19_53_79,all-well,mm10,2595,4536,25107.87,4945,93,94,108,2502,4442,4837,B7,E5,G7,19,53,79
42_43_89,all-well,hg38,2745,4535,25102.34,4990,2718,4504,4958,27,31,32,D6,D7,H5,42,43,89
30_79_40,all-well,hg38,2739,4535,25102.34,4988,2703,4496,4947,36,39,41,C6,G7,D4,30,79,40
33_74_53,all-well,hg38,2892,4533,25091.26,4965,2869,4510,4941,23,23,24,C9,G2,E5,33,74,53
35_49_69,all-well,hg38,2838,4532,25085.73,4988,2809,4503,4957,29,29,31,C11,E1,F9,35,49,69
41_31_96,all-well,mm10,2364,4531,25080.19,4934,44,44,45,2320,4487,4889,D5,C7,H12,41,31,96
08_72_31,all-well,mm10,2460,4531,25080.19,4978,53,53,55,2407,4478,4923,A8,F12,C7,8,72,31
01_49_61,all-well,hg38,2821,4530,25074.66,4992,2778,4486,4947,43,44,45,A1,E1,F1,1,49,61
03_07_49,all-well,mm10,2499,4529,25069.12,4968,125,132,137,2374,4397,4831,A3,A7,E1,3,7,49
46_39_72,all-well,mm10,2452,4529,25069.12,5007,44,44,50,2408,4485,4957,D10,D3,F12,46,39,72
06_89_64,all-well,hg38,2591,4529,25069.12,5008,2569,4507,4986,22,22,22,A6,H5,F4,6,89,64
05_77_32,all-well,hg38,2868,4529,25069.12,4961,2842,4502,4933,26,27,28,A5,G5,C8,5,77,32
47_20_23,all-well,hg38,2903,4528,25063.59,4996,2875,4499,4966,28,29,30,D11,B8,B11,47,20,23
41_75_93,all-well,mm10,2474,4528,25063.59,4981,45,47,48,2429,4481,4933,D5,G3,H9,41,75,93
41_82_53,all-well,mm10,2552,4523,25035.91,4987,42,43,46,2510,4480,4941,D5,G10,E5,41,82,53
36_12_07,all-well,mm10,2358,4523,25035.91,5007,34,34,36,2324,4489,4971,C12,A12,A7,36,12,7
20_51_49,all-well,hg38,2858,4523,25035.91,5013,2834,4497,4986,24,26,27,B8,E3,E1,20,51,49
01_15_80,all-well,mm10,2413,4522,25030.38,4987,66,70,71,2347,4452,4916,A1,B3,G8,1,15,80
05_23_70,all-well,hg38,2828,4522,25030.38,4955,2795,4489,4917,33,33,38,A5,B11,F10,5,23,70
21_47_39,all-well,hg38,2728,4521,25024.84,4991,2689,4479,4944,39,42,47,B9,D11,D3,21,47,39
45_01_62,all-well,hg38,2921,4520,25019.31,4944,2844,4429,4843,77,91,101,D9,A1,F2,45,1,62
06_35_03,all-well,mm10,2370,4519,25013.77,4983,53,54,56,2317,4465,4927,A6,C11,A3,6,35,3
16_47_23,all-well,mm10,2432,4518,25008.24,4991,134,148,155,2298,4370,4836,B4,D11,B11,16,47,23
18_06_41,all-well,hg38,2771,4517,25002.70,4982,2744,4490,4954,27,27,28,B6,A6,D5,18,6,41
05_57_78,all-well,mm10,2635,4517,25002.70,4946,44,47,49,2591,4470,4897,A5,E9,G6,5,57,78
04_85_80,all-well,hg38,2750,4515,24991.63,4975,2721,4484,4942,29,31,33,A4,H1,G8,4,85,80
08_06_31,all-well,mm10,2375,4513,24980.56,4964,42,43,46,2333,4470,4918,A8,A6,C7,8,6,31
29_10_60,all-well,hg38,2753,4513,24980.56,4962,2737,4497,4944,16,16,18,C5,A10,E12,29,10,60
47_90_69,all-well,hg38,2833,4512,24975.02,4946,2810,4488,4919,23,24,27,D11,H6,F9,47,90,69
13_78_31,all-well,hg38,2643,4511,24969.49,4951,2614,4481,4921,29,30,30,B1,G6,C7,13,78,31
03_22_63,all-well,mm10,2681,4511,24969.49,4974,75,75,80,2606,4436,4894,A3,B10,F3,3,22,63
15_10_04,all-well,mm10,2438,4510,24963.95,4982,79,83,88,2359,4427,4894,B3,A10,A4,15,10,4
36_89_69,all-well,hg38,2925,4507,24947.35,4969,2887,4466,4926,38,41,43,C12,H5,F9,36,89,69
23_45_57,all-well,mm10,2444,4507,24947.35,4994,33,39,41,2411,4468,4953,B11,D9,E9,23,45,57
09_10_10,all-well,mm10,2489,4506,24941.81,4943,50,53,55,2439,4453,4888,A9,A10,A10,9,10,10
27_71_37,all-well,mm10,2478,4505,24936.28,4999,71,77,80,2407,4428,4919,C3,F11,D1,27,71,37
12_74_57,all-well,mm10,2441,4505,24936.28,4941,36,36,38,2405,4469,4903,A12,G2,E9,12,74,57
33_89_87,all-well,hg38,2843,4505,24936.28,4929,2826,4487,4911,17,18,18,C9,H5,H3,33,89,87
40_88_29,all-well,mm10,2506,4505,24936.28,4947,133,139,143,2373,4366,4804,D4,H4,C5,40,88,29
16_89_81,all-well,mm10,2430,4502,24919.67,4907,40,40,41,2390,4462,4866,B4,H5,G9,16,89,81
20_71_40,all-well,mm10,2533,4500,24908.60,4988,38,38,38,2495,4462,4950,B8,F11,D4,20,71,40
45_06_01,all-well,hg38,2883,4500,24908.60,4919,2860,4474,4890,23,26,29,D9,A6,A1,45,6,1
31_07_05,all-well,mm10,2491,4500,24908.60,4917,111,122,134,2380,4378,4783,C7,A7,A5,31,7,5
27_09_11,all-well,mm10,2592,4499,24903.07,4944,104,115,122,2488,4384,4822,C3,A9,A11,27,9,11
28_92_31,all-well,mm10,2286,4499,24903.07,4929,52,52,56,2234,4447,4873,C4,H8,C7,28,92,31
47_06_37,all-well,mm10,2598,4499,24903.07,4961,40,41,45,2558,4458,4916,D11,A6,D1,47,6,37
27_60_16,all-well,hg38,2796,4498,24897.53,4981,2762,4463,4943,34,35,38,C3,E12,B4,27,60,16
27_41_53,all-well,mm10,2516,4496,24886.46,4990,35,36,40,2481,4460,4950,C3,D5,E5,27,41,53
42_57_14,all-well,mm10,2334,4496,24886.46,4960,50,50,51,2284,4446,4909,D6,E9,B2,42,57,14
03_93_10,all-well,hg38,2939,4495,24880.93,4960,2839,4386,4841,100,109,119,A3,H9,A10,3,93,10
35_39_84,all-well,mm10,2569,4493,24869.86,4946,41,43,45,2528,4450,4901,C11,D3,G12,35,39,84
35_62_48,all-well,mm10,2593,4492,24864.32,4954,78,78,83,2515,4414,4871,C11,F2,D12,35,62,48
08_05_57,all-well,mm10,2438,4492,24864.32,4945,47,50,50,2391,4442,4895,A8,A5,E9,8,5,57
21_41_84,all-well,hg38,2585,4492,24864.32,4975,2565,4472,4955,20,20,20,B9,D5,G12,21,41,84
25_89_48,all-well,hg38,2633,4491,24858.78,4941,2615,4472,4920,18,19,21,C1,H5,D12,25,89,48
26_27_60,all-well,hg38,2631,4490,24853.25,4948,2609,4468,4924,22,22,24,C2,C3,E12,26,27,60
41_51_41,all-well,mm10,2472,4489,24847.71,4916,46,50,53,2426,4439,4863,D5,E3,D5,41,51,41
19_77_16,all-well,hg38,2809,4489,24847.71,4917,2779,4459,4885,30,30,32,B7,G5,B4,19,77,16
06_81_11,all-well,hg38,2704,4487,24836.64,4938,2677,4460,4907,27,27,31,A6,G9,A11,6,81,11
03_05_27,all-well,hg38,2948,4487,24836.64,4933,2875,4407,4849,73,80,84,A3,A5,C3,3,5,27
05_15_42,all-well,mm10,2531,4486,24831.11,4907,52,54,59,2479,4432,4848,A5,B3,D6,5,15,42
15_34_48,all-well,hg38,2881,4485,24825.57,4933,2804,4391,4833,77,94,100,B3,C10,D12,15,34,48
05_58_16,all-well,hg38,2678,4485,24825.57,4938,2648,4455,4906,30,30,32,A5,E10,B4,5,58,16
02_61_93,all-well,mm10,2458,4482,24808.97,4893,33,33,36,2425,4449,4857,A2,F1,H9,2,61,93
35_31_40,all-well,hg38,2925,4480,24797.90,4923,2894,4447,4887,31,33,36,C11,C7,D4,35,31,40
31_48_64,all-well,mm10,2363,4480,24797.90,4950,53,55,58,2310,4425,4892,C7,D12,F4,31,48,64
02_30_36,all-well,hg38,2722,4479,24792.36,4950,2697,4454,4923,25,25,27,A2,C6,C12,2,30,36
35_73_82,all-well,hg38,2670,4478,24786.83,4939,2530,4327,4775,140,151,164,C11,G1,G10,35,73,82
04_14_64,all-well,hg38,2670,4477,24781.29,4986,2652,4456,4965,18,21,21,A4,B2,F4,4,14,64
27_78_36,all-well,mm10,2452,4477,24781.29,4939,43,44,47,2409,4433,4892,C3,G6,C12,27,78,36
15_21_67,all-well,hg38,2666,4476,24775.76,4936,2638,4447,4902,28,29,34,B3,B9,F7,15,21,67
03_70_47,all-well,hg38,3035,4476,24775.76,4915,2973,4409,4846,62,67,69,A3,F10,D11,3,70,47
05_64_15,all-well,mm10,2592,4476,24775.76,4941,67,69,80,2525,4407,4861,A5,F4,B3,5,64,15
10_42_84,all-well,mm10,2465,4475,24770.22,4903,46,47,48,2419,4428,4855,A10,D6,G12,10,42,84
23_66_24,all-well,hg38,2690,4475,24770.22,4919,2667,4450,4892,23,25,27,B11,F6,B12,23,66,24
41_19_96,all-well,mm10,2282,4473,24759.15,4890,43,46,52,2239,4427,4838,D5,B7,H12,41,19,96
22_03_06,all-well,mm10,2502,4472,24753.61,4913,43,45,47,2459,4427,4866,B10,A3,A6,22,3,6
04_14_07,all-well,hg38,2774,4472,24753.61,4911,2709,4398,4835,65,74,76,A4,B2,A7,4,14,7
07_28_79,all-well,hg38,2758,4472,24753.61,4959,2723,4434,4918,35,38,41,A7,C4,G7,7,28,79
02_60_96,all-well,hg38,2791,4470,24742.54,4868,2764,4440,4837,27,30,31,A2,E12,H12,2,60,96
04_62_87,all-well,hg38,2695,4467,24725.94,4944,2654,4424,4897,41,43,47,A4,F2,H3,4,62,87
26_77_88,all-well,hg38,2755,4467,24725.94,4894,2727,4439,4866,28,28,28,C2,G5,H4,26,77,88
27_71_31,all-well,mm10,2424,4467,24725.94,4935,75,78,83,2349,4389,4852,C3,F11,C7,27,71,31
15_69_25,all-well,mm10,2485,4466,24720.40,4914,67,68,75,2418,4398,4839,B3,F9,C1,15,69,25
26_87_88,all-well,mm10,2518,4466,24720.40,4892,40,43,45,2478,4423,4847,C2,H3,H4,26,87,88
25_35_88,all-well,mm10,2532,4466,24720.40,4913,54,54,58,2478,4412,4855,C1,C11,H4,25,35,88
41_23_14,all-well,mm10,2333,4465,24714.87,4928,26,26,27,2307,4439,4901,D5,B11,B2,41,23,14
44_74_06,all-well,mm10,2516,4464,24709.33,4921,47,47,48,2469,4417,4873,D8,G2,A6,44,74,6
35_34_01,all-well,hg38,2716,4464,24709.33,4888,2698,4446,4869,18,18,19,C11,C10,A1,35,34,1
32_85_47,all-well,mm10,2578,4463,24703.80,4922,45,45,49,2533,4418,4873,C8,H1,D11,32,85,47
17_33_70,all-well,hg38,2621,4463,24703.80,4915,2592,4433,4884,29,30,31,B5,C9,F10,17,33,70
35_45_90,all-well,hg38,2705,4462,24698.26,4920,2676,4433,4890,29,29,30,C11,D9,H6,35,45,90
24_68_75,all-well,mm10,2691,4461,24692.73,4897,62,67,72,2629,4394,4825,B12,F8,G3,24,68,75
08_57_17,all-well,mm10,2461,4460,24687.19,4914,57,58,62,2404,4402,4852,A8,E9,B5,8,57,17
03_37_22,all-well,hg38,2949,4458,24676.12,4895,2913,4419,4856,36,39,39,A3,D1,B10,3,37,22
23_37_69,all-well,mm10,2395,4457,24670.59,4893,52,52,54,2343,4405,4839,B11,D1,F9,23,37,69
02_17_79,all-well,hg38,2753,4456,24665.05,4904,2720,4422,4870,33,34,34,A2,B5,G7,2,17,79
21_44_47,all-well,hg38,2725,4456,24665.05,4941,2691,4421,4904,34,35,37,B9,D8,D11,21,44,47
29_43_83,all-well,hg38,2756,4456,24665.05,4927,2728,4425,4893,28,31,34,C5,D7,G11,29,43,83
35_44_44,all-well,mm10,2483,4455,24659.52,4924,35,36,38,2448,4419,4886,C11,D8,D8,35,44,44
19_43_44,all-well,mm10,2531,4454,24653.98,4906,54,56,59,2477,4398,4847,B7,D7,D8,19,43,44
18_26_44,all-well,mm10,2509,4454,24653.98,4874,41,41,42,2468,4413,4832,B6,C2,D8,18,26,44
27_07_23,all-well,hg38,2677,4454,24653.98,4889,2645,4420,4854,32,34,35,C3,A7,B11,27,7,23
35_43_60,all-well,hg38,2802,4453,24648.45,4913,2777,4426,4882,25,27,31,C11,D7,E12,35,43,60
39_56_42,all-well,mm10,2537,4453,24648.45,4876,80,82,86,2457,4371,4790,D3,E8,D6,39,56,42
14_63_07,all-well,mm10,2780,4453,24648.45,4884,175,212,229,2605,4241,4655,B2,F3,A7,14,63,7
16_38_26,all-well,hg38,2696,4453,24648.45,4903,2675,4432,4881,21,21,22,B4,D2,C2,16,38,26
18_35_81,all-well,hg38,2751,4453,24648.45,4932,2726,4427,4904,25,26,28,B6,C11,G9,18,35,81
25_52_14,all-well,mm10,2660,4452,24642.91,4878,148,161,171,2512,4291,4707,C1,E4,B2,25,52,14
22_39_17,all-well,mm10,2516,4452,24642.91,4917,39,39,41,2477,4413,4876,B10,D3,B5,22,39,17
28_89_95,all-well,mm10,2554,4450,24631.84,4897,50,53,56,2504,4397,4841,C4,H5,H11,28,89,95
19_10_52,all-well,mm10,2521,4449,24626.30,4856,185,201,216,2336,4248,4640,B7,A10,E4,19,10,52
47_17_59,all-well,hg38,2783,4449,24626.30,4936,2754,4420,4905,29,29,31,D11,B5,E11,47,17,59
20_51_39,all-well,hg38,2688,4449,24626.30,4902,2669,4429,4881,19,20,21,B8,E3,D3,20,51,39
20_25_34,all-well,mm10,2468,4448,24620.77,4879,51,53,56,2417,4395,4823,B8,C1,C10,20,25,34
18_31_21,all-well,hg38,2734,4448,24620.77,4870,2711,4423,4844,23,25,26,B6,C7,B9,18,31,21
26_32_61,all-well,mm10,2457,4447,24615.23,4877,72,75,90,2385,4372,4787,C2,C8,F1,26,32,61
06_51_80,all-well,multiplet,2983,4444,24598.63,4883,2125,3267,3608,858,1177,1275,A6,E3,G8,6,51,80
26_32_50,all-well,mm10,2453,4443,24593.09,4903,63,66,68,2390,4377,4835,C2,C8,E2,26,32,50
01_19_74,all-well,mm10,2526,4443,24593.09,4888,87,89,92,2439,4354,4796,A1,B7,G2,1,19,74
46_88_65,all-well,mm10,2349,4442,24587.56,4856,51,52,54,2298,4390,4802,D10,H4,F5,46,88,65
17_61_60,all-well,hg38,2683,4442,24587.56,4879,2650,4408,4844,33,34,35,B5,F1,E12,17,61,60
30_20_73,all-well,mm10,2505,4442,24587.56,4876,61,64,72,2444,4378,4804,C6,B8,G1,30,20,73
18_67_82,all-well,hg38,2687,4439,24570.95,4888,2663,4415,4860,24,24,28,B6,F7,G10,18,67,82
44_16_31,all-well,mm10,2601,4439,24570.95,4871,161,178,195,2440,4261,4676,D8,B4,C7,44,16,31
28_72_60,all-well,mm10,2618,4439,24570.95,4920,39,41,46,2579,4398,4874,C4,F12,E12,28,72,60
09_52_33,all-well,mm10,2496,4439,24570.95,4873,47,48,51,2449,4391,4822,A9,E4,C9,9,52,33
03_31_01,all-well,mm10,2448,4438,24565.42,4874,56,60,67,2392,4378,4807,A3,C7,A1,3,31,1
13_94_35,all-well,mm10,2561,4436,24554.35,4907,49,50,52,2512,4386,4855,B1,H10,C11,13,94,35
46_13_36,all-well,mm10,2381,4436,24554.35,4885,62,65,71,2319,4371,4814,D10,B1,C12,46,13,36
35_63_13,all-well,mm10,2449,4435,24548.81,4818,78,81,84,2371,4354,4734,C11,F3,B1,35,63,13
34_16_01,all-well,mm10,2680,4435,24548.81,4854,62,64,66,2618,4371,4788,C10,B4,A1,34,16,1
27_09_89,all-well,mm10,2545,4435,24548.81,4861,37,37,38,2508,4398,4823,C3,A9,H5,27,9,89
02_92_32,all-well,hg38,2722,4434,24543.28,4887,2711,4423,4876,11,11,11,A2,H8,C8,2,92,32
06_95_23,all-well,hg38,2525,4434,24543.28,4886,2508,4417,4867,17,17,19,A6,H11,B11,6,95,23
12_33_77,all-well,mm10,2302,4434,24543.28,4880,42,43,46,2260,4391,4834,A12,C9,G5,12,33,77
10_01_60,all-well,hg38,2829,4433,24537.74,4888,2806,4409,4862,23,24,26,A10,A1,E12,10,1,60
30_08_70,all-well,hg38,2741,4432,24532.21,4878,2724,4415,4861,17,17,17,C6,A8,F10,30,8,70
03_21_54,all-well,hg38,2998,4431,24526.67,4890,2965,4395,4852,33,36,38,A3,B9,E6,3,21,54
42_82_46,all-well,mm10,2450,4431,24526.67,4910,58,60,68,2392,4371,4842,D6,G10,D10,42,82,46
15_03_13,all-well,hg38,2672,4430,24521.13,4857,2630,4383,4808,42,47,49,B3,A3,B1,15,3,13
05_85_37,all-well,mm10,2399,4428,24510.06,4864,36,37,39,2363,4391,4825,A5,H1,D1,5,85,37
35_41_03,all-well,mm10,2404,4428,24510.06,4847,26,26,28,2378,4402,4819,C11,D5,A3,35,41,3
48_78_42,all-well,mm10,2589,4427,24504.53,4841,64,66,75,2525,4361,4766,D12,G6,D6,48,78,42
39_95_17,all-well,mm10,2281,4427,24504.53,4866,49,53,55,2232,4374,4811,D3,H11,B5,39,95,17
01_37_93,all-well,hg38,2701,4426,24498.99,4878,2685,4410,4862,16,16,16,A1,D1,H9,1,37,93
25_61_40,all-well,mm10,2542,4425,24493.46,4883,53,53,56,2489,4372,4827,C1,F1,D4,25,61,40
45_95_83,all-well,hg38,2945,4425,24493.46,4826,2894,4372,4772,51,53,54,D9,H11,G11,45,95,83
47_54_35,all-well,hg38,2831,4423,24482.39,4873,2805,4396,4845,26,27,28,D11,E6,C11,47,54,35
36_49_90,all-well,hg38,2778,4423,24482.39,4872,2747,4390,4836,31,33,36,C12,E1,H6,36,49,90
17_66_25,all-well,hg38,2663,4422,24476.85,4826,2642,4400,4804,21,22,22,B5,F6,C1,17,66,25
44_08_52,all-well,hg38,2701,4422,24476.85,4900,2681,4401,4879,20,21,21,D8,A8,E4,44,8,52
44_85_51,all-well,hg38,2742,4422,24476.85,4862,2707,4380,4817,35,42,45,D8,H1,E3,44,85,51
45_63_96,all-well,mm10,2623,4421,24471.32,4847,136,147,156,2487,4274,4691,D9,F3,H12,45,63,96
09_08_34,all-well,mm10,2363,4421,24471.32,4849,34,34,35,2329,4387,4814,A9,A8,C10,9,8,34
27_83_05,all-well,hg38,2589,4420,24465.78,4879,2570,4401,4858,19,19,21,C3,G11,A5,27,83,5
35_37_59,all-well,mm10,2575,4420,24465.78,4869,45,47,48,2530,4373,4821,C11,D1,E11,35,37,59
18_91_09,all-well,hg38,2754,4420,24465.78,4881,2736,4402,4862,18,18,19,B6,H7,A9,18,91,9
02_68_37,all-well,mm10,2494,4420,24465.78,4857,45,46,53,2449,4374,4804,A2,F8,D1,2,68,37
10_11_66,all-well,mm10,2538,4419,24460.25,4862,41,43,45,2497,4376,4817,A10,A11,F6,10,11,66
48_11_57,all-well,mm10,2500,4418,24454.71,4849,123,125,139,2377,4293,4710,D12,A11,E9,48,11,57
38_68_25,all-well,mm10,2523,4417,24449.18,4848,47,48,52,2476,4369,4796,D2,F8,C1,38,68,25
44_90_84,all-well,mm10,2398,4417,24449.18,4850,57,59,63,2341,4358,4787,D8,H6,G12,44,90,84
42_57_32,all-well,mm10,2460,4417,24449.18,4833,76,81,86,2384,4336,4747,D6,E9,C8,42,57,32
40_83_04,all-well,mm10,2405,4416,24443.64,4868,37,37,41,2368,4379,4827,D4,G11,A4,40,83,4
08_30_54,all-well,hg38,2747,4415,24438.11,4858,2723,4389,4831,24,26,27,A8,C6,E6,8,30,54
20_51_05,all-well,hg38,2628,4415,24438.11,4864,2591,4376,4823,37,39,41,B8,E3,A5,20,51,5
15_25_47,all-well,mm10,2460,4414,24432.57,4839,75,80,94,2385,4334,4745,B3,C1,D11,15,25,47
26_42_61,all-well,hg38,2745,4414,24432.57,4858,2706,4374,4817,39,40,41,C2,D6,F1,26,42,61
07_11_48,all-well,hg38,2630,4414,24432.57,4881,2601,4385,4850,29,29,31,A7,A11,D12,7,11,48
09_10_91,all-well,mm10,2408,4414,24432.57,4867,44,44,46,2364,4370,4821,A9,A10,H7,9,10,91
18_92_93,all-well,mm10,2295,4413,24427.04,4868,42,45,46,2253,4368,4822,B6,H8,H9,18,92,93
08_54_21,all-well,mm10,2408,4413,24427.04,4823,33,33,36,2375,4380,4787,A8,E6,B9,8,54,21
04_36_17,all-well,hg38,2719,4412,24421.50,4863,2692,4383,4831,27,29,32,A4,C12,B5,4,36,17
25_34_55,all-well,mm10,2525,4411,24415.97,4842,68,75,81,2457,4336,4761,C1,C10,E7,25,34,55
31_95_59,all-well,mm10,2553,4411,24415.97,4845,58,58,60,2495,4353,4785,C7,H11,E11,31,95,59
02_12_59,all-well,mm10,2478,4409,24404.89,4844,41,41,43,2437,4368,4801,A2,A12,E11,2,12,59
48_82_75,all-well,hg38,2925,4408,24399.36,4822,2905,4388,4801,20,20,21,D12,G10,G3,48,82,75
08_86_83,all-well,hg38,2606,4405,24382.75,4799,2576,4374,4765,30,31,34,A8,H2,G11,8,86,83
15_15_23,all-well,mm10,2414,4404,24377.22,4872,62,64,65,2352,4340,4807,B3,B3,B11,15,15,23
41_69_34,all-well,mm10,2585,4404,24377.22,4833,42,44,49,2543,4360,4784,D5,F9,C10,41,69,34
13_79_16,all-well,hg38,2689,4404,24377.22,4813,2638,4348,4752,51,56,61,B1,G7,B4,13,79,16
45_73_40,all-well,hg38,2753,4403,24371.68,4830,2706,4354,4778,47,49,52,D9,G1,D4,45,73,40
19_44_24,all-well,mm10,2578,4403,24371.68,4830,178,192,204,2400,4211,4626,B7,D8,B12,19,44,24
05_20_65,all-well,mm10,2376,4402,24366.15,4794,47,52,57,2329,4350,4737,A5,B8,F5,5,20,65
18_75_95,all-well,hg38,2752,4401,24360.61,4875,2725,4374,4846,27,27,29,B6,G3,H11,18,75,95
22_54_82,all-well,mm10,2426,4400,24355.08,4848,69,70,74,2357,4330,4774,B10,E6,G10,22,54,82
26_20_31,all-well,hg38,2819,4400,24355.08,4814,2783,4359,4773,36,41,41,C2,B8,C7,26,20,31
40_47_28,all-well,mm10,2302,4399,24349.54,4827,65,65,71,2237,4334,4756,D4,D11,C4,40,47,28
25_30_12,all-well,hg38,2711,4399,24349.54,4833,2648,4331,4757,63,68,76,C1,C6,A12,25,30,12
20_69_81,all-well,mm10,2542,4398,24344.01,4825,36,40,43,2506,4358,4782,B8,F9,G9,20,69,81
09_44_82,all-well,mm10,2464,4398,24344.01,4893,76,80,86,2388,4318,4807,A9,D8,G10,9,44,82
44_39_16,all-well,mm10,2287,4398,24344.01,4770,45,48,52,2242,4350,4718,D8,D3,B4,44,39,16
25_96_20,all-well,hg38,2589,4396,24332.94,4863,2563,4365,4830,26,31,33,C1,H12,B8,25,96,20
28_90_80,all-well,mm10,2441,4395,24327.40,4846,74,80,87,2367,4315,4759,C4,H6,G8,28,90,80
42_66_88,all-well,mm10,2491,4395,24327.40,4857,34,34,36,2457,4361,4821,D6,F6,H4,42,66,88
14_79_26,all-well,mm10,2408,4394,24321.87,4834,56,58,59,2352,4336,4775,B2,G7,C2,14,79,26
23_84_21,all-well,mm10,2436,4392,24310.80,4828,45,46,49,2391,4346,4779,B11,G12,B9,23,84,21
15_88_92,all-well,hg38,2551,4392,24310.80,4805,2479,4310,4714,72,82,91,B3,H4,H8,15,88,92
29_62_47,all-well,mm10,2399,4392,24310.80,4820,56,56,57,2343,4336,4763,C5,F2,D11,29,62,47
05_85_96,all-well,mm10,2551,4391,24305.26,4822,28,29,30,2523,4362,4792,A5,H1,H12,5,85,96
25_60_42,all-well,mm10,2413,4391,24305.26,4881,229,248,270,2184,4143,4611,C1,E12,D6,25,60,42
04_06_96,all-well,hg38,2607,4389,24294.19,4860,2579,4358,4828,28,31,32,A4,A6,H12,4,6,96
24_47_94,all-well,mm10,2466,4389,24294.19,4825,69,84,89,2397,4305,4736,B12,D11,H10,24,47,94
31_10_68,all-well,mm10,2382,4388,24288.65,4807,55,55,57,2327,4333,4750,C7,A10,F8,31,10,68
22_19_56,all-well,hg38,2707,4388,24288.65,4841,2670,4351,4803,37,37,38,B10,B7,E8,22,19,56
36_62_22,all-well,hg38,2566,4388,24288.65,4817,2527,4346,4773,39,42,44,C12,F2,B10,36,62,22
28_84_33,all-well,mm10,2430,4387,24283.12,4849,117,126,137,2313,4261,4712,C4,G12,C9,28,84,33
17_01_48,all-well,hg38,2700,4387,24283.12,4868,2675,4362,4841,25,25,27,B5,A1,D12,17,1,48
28_35_30,all-well,mm10,2325,4386,24277.58,4825,61,67,73,2264,4319,4752,C4,C11,C6,28,35,30
29_31_15,all-well,hg38,2760,4385,24272.05,4817,2730,4355,4782,30,30,35,C5,C7,B3,29,31,15
44_59_83,all-well,mm10,2416,4385,24272.05,4835,56,58,64,2360,4327,4771,D8,E11,G11,44,59,83
03_71_84,all-well,hg38,2874,4385,24272.05,4830,2832,4338,4781,42,47,49,A3,F11,G12,3,71,84
27_67_50,all-well,mm10,2421,4384,24266.51,4784,37,37,39,2384,4347,4745,C3,F7,E2,27,67,50
17_51_22,all-well,mm10,2398,4382,24255.44,4818,48,51,55,2350,4331,4763,B5,E3,B10,17,51,22
02_66_27,all-well,mm10,2500,4382,24255.44,4818,104,109,117,2396,4273,4701,A2,F6,C3,2,66,27
42_49_34,all-well,mm10,2400,4381,24249.91,4819,172,179,201,2228,4202,4618,D6,E1,C10,42,49,34
02_93_07,all-well,hg38,2763,4380,24244.37,4842,2734,4350,4810,29,30,32,A2,H9,A7,2,93,7
08_41_14,all-well,mm10,2434,4379,24238.84,4808,34,34,34,2400,4345,4774,A8,D5,B2,8,41,14
29_79_27,all-well,mm10,2441,4378,24233.30,4840,64,65,70,2377,4313,4770,C5,G7,C3,29,79,27
07_41_18,all-well,mm10,2534,4377,24227.77,4818,121,135,145,2413,4242,4673,A7,D5,B6,7,41,18
33_87_87,all-well,mm10,2550,4377,24227.77,4800,45,45,49,2505,4332,4751,C9,H3,H3,33,87,87
47_35_29,all-well,hg38,2687,4375,24216.70,4838,2659,4343,4806,28,32,32,D11,C11,C5,47,35,29
18_67_56,all-well,mm10,2497,4375,24216.70,4825,36,36,39,2461,4339,4786,B6,F7,E8,18,67,56
10_26_25,all-well,hg38,2698,4374,24211.16,4780,2676,4350,4756,22,24,24,A10,C2,C1,10,26,25
47_34_57,all-well,hg38,2709,4373,24205.63,4843,2689,4351,4820,20,22,23,D11,C10,E9,47,34,57
18_19_91,all-well,mm10,2473,4372,24200.09,4831,48,48,51,2425,4324,4780,B6,B7,H7,18,19,91
15_81_45,all-well,hg38,2634,4372,24200.09,4808,2614,4349,4782,20,23,26,B3,G9,D9,15,81,45
46_17_80,all-well,mm10,2381,4370,24189.02,4840,54,55,56,2327,4315,4784,D10,B5,G8,46,17,80
12_94_14,all-well,mm10,2447,4370,24189.02,4805,73,75,84,2374,4295,4721,A12,H10,B2,12,94,14
07_29_58,all-well,hg38,2418,4370,24189.02,4836,2386,4338,4803,32,32,33,A7,C5,E10,7,29,58
16_50_64,all-well,mm10,2426,4370,24189.02,4811,49,54,56,2377,4316,4755,B4,E2,F4,16,50,64
25_82_22,all-well,hg38,2806,4369,24183.48,4848,2710,4270,4742,96,99,106,C1,G10,B10,25,82,22
10_50_67,all-well,hg38,2802,4368,24177.95,4795,2777,4343,4769,25,25,26,A10,E2,F7,10,50,67
19_10_60,all-well,hg38,2585,4368,24177.95,4796,2554,4337,4763,31,31,33,B7,A10,E12,19,10,60
46_93_59,all-well,mm10,2419,4367,24172.41,4767,54,57,64,2365,4310,4703,D10,H9,E11,46,93,59
17_45_67,all-well,mm10,2463,4367,24172.41,4796,31,31,34,2432,4336,4762,B5,D9,F7,17,45,67
41_25_03,all-well,mm10,2491,4366,24166.88,4788,39,40,45,2452,4326,4743,D5,C1,A3,41,25,3
35_12_55,all-well,hg38,2826,4366,24166.88,4777,2807,4347,4755,19,19,22,C11,A12,E7,35,12,55
34_86_02,all-well,mm10,2275,4366,24166.88,4809,56,57,61,2219,4309,4748,C10,H2,A2,34,86,2
38_85_49,all-well,hg38,2777,4366,24166.88,4784,2754,4340,4757,23,26,27,D2,H1,E1,38,85,49
06_88_82,all-well,mm10,2376,4365,24161.34,4807,73,88,92,2303,4277,4715,A6,H4,G10,6,88,82
02_07_19,all-well,mm10,2391,4365,24161.34,4808,51,52,57,2340,4313,4751,A2,A7,B7,2,7,19
25_68_48,all-well,mm10,2462,4365,24161.34,4788,54,57,60,2408,4308,4728,C1,F8,D12,25,68,48
02_81_09,all-well,mm10,2446,4365,24161.34,4818,57,57,59,2389,4308,4759,A2,G9,A9,2,81,9
19_37_81,all-well,mm10,2306,4364,24155.81,4783,104,110,114,2202,4254,4669,B7,D1,G9,19,37,81
23_74_27,all-well,mm10,2343,4363,24150.27,4775,54,56,57,2289,4307,4718,B11,G2,C3,23,74,27
14_01_29,all-well,mm10,2587,4361,24139.20,4800,45,52,57,2542,4309,4743,B2,A1,C5,14,1,29
38_53_53,all-well,hg38,2685,4360,24133.67,4766,2647,4317,4718,38,43,48,D2,E5,E5,38,53,53
11_60_14,all-well,mm10,2434,4360,24133.67,4841,46,48,50,2388,4312,4791,A11,E12,B2,11,60,14
10_01_62,all-well,mm10,2440,4359,24128.13,4782,49,49,53,2391,4310,4729,A10,A1,F2,10,1,62
17_26_77,all-well,mm10,2403,4359,24128.13,4782,84,98,107,2319,4261,4675,B5,C2,G5,17,26,77
18_33_71,all-well,mm10,2448,4359,24128.13,4766,34,35,35,2414,4324,4731,B6,C9,F11,18,33,71
43_37_25,all-well,hg38,2707,4359,24128.13,4808,2669,4321,4768,38,38,40,D7,D1,C1,43,37,25
01_33_32,all-well,hg38,2610,4358,24122.60,4785,2573,4321,4747,37,37,38,A1,C9,C8,1,33,32
07_45_25,all-well,mm10,2443,4358,24122.60,4820,48,53,55,2395,4305,4765,A7,D9,C1,7,45,25
37_52_95,all-well,hg38,2668,4358,24122.60,4788,2647,4337,4764,21,21,24,D1,E4,H11,37,52,95
15_14_72,all-well,mm10,2558,4358,24122.60,4816,317,362,397,2241,3996,4419,B3,B2,F12,15,14,72
06_12_06,all-well,mm10,2396,4357,24117.06,4816,36,37,40,2360,4320,4776,A6,A12,A6,6,12,6
17_27_14,all-well,mm10,2438,4357,24117.06,4748,37,37,37,2401,4320,4711,B5,C3,B2,17,27,14
22_50_61,all-well,hg38,2660,4357,24117.06,4792,2633,4330,4765,27,27,27,B10,E2,F1,22,50,61
23_23_09,all-well,mm10,2357,4357,24117.06,4837,48,49,50,2309,4308,4787,B11,B11,A9,23,23,9
11_79_47,all-well,mm10,2476,4356,24111.53,4788,42,43,46,2434,4313,4742,A11,G7,D11,11,79,47
30_87_96,all-well,hg38,2664,4355,24105.99,4823,2628,4318,4784,36,37,39,C6,H3,H12,30,87,96
13_15_74,all-well,mm10,2312,4355,24105.99,4807,42,44,46,2270,4311,4761,B1,B3,G2,13,15,74
19_03_95,all-well,hg38,2724,4354,24100.46,4780,2692,4319,4743,32,35,37,B7,A3,H11,19,3,95
33_65_14,all-well,mm10,2410,4352,24089.39,4792,55,57,64,2355,4295,4728,C9,F5,B2,33,65,14
13_90_18,all-well,mm10,2407,4352,24089.39,4778,38,39,39,2369,4313,4739,B1,H6,B6,13,90,18
21_50_71,all-well,mm10,2454,4352,24089.39,4786,58,61,66,2396,4291,4720,B9,E2,F11,21,50,71
04_31_40,all-well,hg38,2628,4352,24089.39,4785,2579,4299,4725,49,53,60,A4,C7,D4,4,31,40
05_86_96,all-well,mm10,2354,4348,24067.24,4804,44,47,52,2310,4301,4752,A5,H2,H12,5,86,96
34_96_65,all-well,hg38,2684,4348,24067.24,4781,2649,4310,4740,35,38,41,C10,H12,F5,34,96,65
03_90_63,all-well,hg38,2779,4347,24061.71,4792,2735,4296,4737,44,51,55,A3,H6,F3,3,90,63
41_53_34,all-well,mm10,2437,4344,24045.10,4777,28,30,30,2409,4314,4747,D5,E5,C10,41,53,34
33_75_16,all-well,hg38,2624,4343,24039.57,4773,2603,4321,4750,21,22,23,C9,G3,B4,33,75,16
01_45_65,all-well,hg38,2672,4342,24034.03,4755,2646,4314,4725,26,28,30,A1,D9,F5,1,45,65
27_60_91,all-well,mm10,2508,4342,24034.03,4790,43,43,47,2465,4299,4743,C3,E12,H7,27,60,91
25_38_21,all-well,mm10,2373,4340,24022.96,4797,95,105,117,2278,4235,4680,C1,D2,B9,25,38,21
23_05_19,all-well,mm10,2361,4340,24022.96,4784,46,47,52,2315,4293,4732,B11,A5,B7,23,5,19
32_96_24,all-well,hg38,2740,4339,24017.43,4734,2718,4315,4710,22,24,24,C8,H12,B12,32,96,24
06_20_40,all-well,mm10,2408,4336,24000.82,4763,69,71,80,2339,4265,4683,A6,B8,D4,6,20,40
03_41_52,all-well,hg38,2934,4334,23989.75,4745,2674,4043,4434,260,291,311,A3,D5,E4,3,41,52
26_82_27,all-well,mm10,2361,4333,23984.22,4741,51,53,54,2310,4280,4687,C2,G10,C3,26,82,27
44_63_02,all-well,mm10,2356,4333,23984.22,4818,47,47,54,2309,4286,4764,D8,F3,A2,44,63,2
19_16_77,all-well,mm10,2437,4333,23984.22,4759,74,76,86,2363,4257,4673,B7,B4,G5,19,16,77
13_94_74,all-well,hg38,2435,4333,23984.22,4730,2404,4302,4699,31,31,31,B1,H10,G2,13,94,74
07_30_65,all-well,hg38,2611,4333,23984.22,4742,2579,4300,4708,32,33,34,A7,C6,F5,7,30,65
21_75_72,all-well,mm10,2373,4330,23967.61,4748,33,36,38,2340,4294,4710,B9,G3,F12,21,75,72
13_16_72,all-well,mm10,2512,4330,23967.61,4774,45,48,50,2467,4282,4724,B1,B4,F12,13,16,72
11_57_12,all-well,mm10,2374,4330,23967.61,4823,40,40,44,2334,4290,4779,A11,E9,A12,11,57,12
41_03_69,all-well,mm10,2453,4330,23967.61,4753,24,24,26,2429,4306,4727,D5,A3,F9,41,3,69
38_45_66,all-well,hg38,2725,4328,23956.54,4698,2693,4292,4659,32,36,39,D2,D9,F6,38,45,66
33_93_02,all-well,hg38,2690,4324,23934.40,4735,2665,4297,4708,25,27,27,C9,H9,A2,33,93,2
02_57_48,all-well,mm10,2414,4324,23934.40,4751,51,53,55,2363,4271,4696,A2,E9,D12,2,57,48
29_09_35,all-well,hg38,2609,4324,23934.40,4731,2582,4297,4699,27,27,32,C5,A9,C11,29,9,35
27_04_12,all-well,hg38,2647,4324,23934.40,4780,2625,4302,4757,22,22,23,C3,A4,A12,27,4,12
09_89_33,all-well,mm10,2435,4323,23928.86,4700,41,41,41,2394,4282,4659,A9,H5,C9,9,89,33
31_27_90,all-well,hg38,2309,4323,23928.86,4743,2285,4298,4714,24,25,29,C7,C3,H6,31,27,90
32_38_02,all-well,mm10,2462,4322,23923.33,4719,45,46,48,2417,4276,4671,C8,D2,A2,32,38,2
10_49_61,all-well,mm10,2380,4321,23917.79,4792,37,37,37,2343,4284,4755,A10,E1,F1,10,49,61
32_55_33,all-well,mm10,2412,4321,23917.79,4749,30,30,33,2382,4291,4716,C8,E7,C9,32,55,33
05_53_23,all-well,hg38,2695,4318,23901.19,4751,2676,4298,4729,19,20,22,A5,E5,B11,5,53,23
26_42_46,all-well,mm10,2487,4317,23895.65,4760,58,60,64,2429,4257,4696,C2,D6,D10,26,42,46
33_84_17,all-well,hg38,2570,4317,23895.65,4754,2532,4278,4712,38,39,42,C9,G12,B5,33,84,17
33_64_74,all-well,mm10,2476,4317,23895.65,4745,49,51,52,2427,4266,4693,C9,F4,G2,33,64,74
04_49_44,all-well,mm10,2443,4317,23895.65,4699,52,54,56,2391,4263,4643,A4,E1,D8,4,49,44
21_61_04,all-well,hg38,2653,4317,23895.65,4782,2622,4286,4749,31,31,33,B9,F1,A4,21,61,4
29_13_78,all-well,mm10,2298,4317,23895.65,4727,48,48,49,2250,4269,4678,C5,B1,G6,29,13,78
47_42_09,all-well,hg38,2622,4316,23890.12,4765,2594,4287,4732,28,29,33,D11,D6,A9,47,42,9
01_11_57,all-well,hg38,2764,4315,23884.58,4778,2731,4281,4744,33,34,34,A1,A11,E9,1,11,57
27_78_73,all-well,mm10,2335,4315,23884.58,4775,60,62,66,2275,4253,4709,C3,G6,G1,27,78,73
46_78_88,all-well,mm10,2348,4314,23879.05,4769,46,47,50,2302,4267,4719,D10,G6,H4,46,78,88
05_35_19,all-well,mm10,2501,4314,23879.05,4742,76,86,89,2425,4228,4653,A5,C11,B7,5,35,19
46_95_72,all-well,mm10,2406,4313,23873.51,4785,50,53,55,2356,4260,4730,D10,H11,F12,46,95,72
28_89_71,all-well,hg38,2553,4312,23867.98,4781,2522,4281,4746,31,31,35,C4,H5,F11,28,89,71
05_43_01,all-well,mm10,2467,4311,23862.44,4748,76,78,84,2391,4233,4664,A5,D7,A1,5,43,1
22_54_61,all-well,mm10,2505,4311,23862.44,4800,68,73,75,2437,4238,4725,B10,E6,F1,22,54,61
37_01_01,all-well,hg38,2709,4309,23851.37,4724,2668,4266,4674,41,43,50,D1,A1,A1,37,1,1
11_46_90,all-well,hg38,2648,4309,23851.37,4750,2626,4287,4727,22,22,23,A11,D10,H6,11,46,90
04_58_58,all-well,mm10,2547,4308,23845.83,4742,91,94,106,2456,4214,4636,A4,E10,E10,4,58,58
06_37_35,all-well,hg38,2624,4306,23834.76,4737,2586,4260,4686,38,46,51,A6,D1,C11,6,37,35
01_10_53,all-well,mm10,2388,4305,23829.23,4730,34,35,40,2354,4270,4690,A1,A10,E5,1,10,53
13_55_06,all-well,hg38,2620,4304,23823.69,4718,2579,4261,4670,41,43,48,B1,E7,A6,13,55,6
10_34_50,all-well,hg38,2611,4304,23823.69,4756,2585,4278,4728,26,26,28,A10,C10,E2,10,34,50
31_12_86,all-well,mm10,2398,4303,23818.16,4738,45,49,52,2353,4254,4686,C7,A12,H2,31,12,86
31_71_48,all-well,mm10,2324,4300,23801.55,4755,47,53,60,2277,4247,4695,C7,F11,D12,31,71,48
32_33_26,all-well,mm10,2497,4299,23796.02,4718,32,34,36,2465,4265,4682,C8,C9,C2,32,33,26
08_42_71,all-well,hg38,2762,4299,23796.02,4710,2731,4266,4677,31,33,33,A8,D6,F11,8,42,71
33_36_61,all-well,hg38,2787,4297,23784.95,4740,2765,4274,4717,22,23,23,C9,C12,F1,33,36,61
05_92_23,all-well,mm10,2483,4295,23773.88,4752,39,40,42,2444,4255,4710,A5,H8,B11,5,92,23
06_63_46,all-well,mm10,2508,4294,23768.34,4712,43,45,47,2465,4249,4665,A6,F3,D10,6,63,46
30_36_79,all-well,mm10,2131,4294,23768.34,4726,38,38,40,2093,4256,4686,C6,C12,G7,30,36,79
26_12_56,all-well,mm10,2447,4294,23768.34,4720,42,42,44,2405,4252,4676,C2,A12,E8,26,12,56
07_07_06,all-well,mm10,2420,4294,23768.34,4692,46,51,54,2374,4243,4638,A7,A7,A6,7,7,6
31_50_02,all-well,hg38,2694,4293,23762.81,4709,2665,4262,4677,29,31,32,C7,E2,A2,31,50,2
16_10_84,all-well,hg38,2674,4292,23757.27,4732,2632,4246,4681,42,46,51,B4,A10,G12,16,10,84
05_10_64,all-well,mm10,2439,4291,23751.74,4726,56,58,59,2383,4233,4667,A5,A10,F4,5,10,64
30_15_65,all-well,mm10,2530,4291,23751.74,4746,32,33,36,2498,4258,4710,C6,B3,F5,30,15,65
02_55_64,all-well,hg38,2497,4290,23746.20,4736,2468,4259,4704,29,31,32,A2,E7,F4,2,55,64
12_43_75,all-well,mm10,2349,4290,23746.20,4715,60,61,66,2289,4229,4649,A12,D7,G3,12,43,75
30_29_87,all-well,mm10,2316,4290,23746.20,4710,39,39,44,2277,4251,4666,C6,C5,H3,30,29,87
03_71_04,all-well,hg38,2724,4290,23746.20,4660,2693,4259,4629,31,31,31,A3,F11,A4,3,71,4
21_14_94,all-well,mm10,2564,4290,23746.20,4696,62,64,69,2502,4226,4627,B9,B2,H10,21,14,94
18_19_92,all-well,mm10,2380,4289,23740.67,4689,44,44,47,2336,4245,4642,B6,B7,H8,18,19,92
48_45_85,all-well,mm10,2352,4289,23740.67,4715,53,56,64,2299,4233,4651,D12,D9,H1,48,45,85
33_79_39,all-well,hg38,2687,4289,23740.67,4705,2664,4264,4679,23,25,26,C9,G7,D3,33,79,39
16_30_47,all-well,hg38,2691,4289,23740.67,4727,2646,4242,4678,45,47,49,B4,C6,D11,16,30,47
08_20_56,all-well,mm10,2390,4287,23729.59,4740,40,40,43,2350,4247,4697,A8,B8,E8,8,20,56
47_70_37,all-well,hg38,2597,4286,23724.06,4776,2559,4246,4733,38,40,43,D11,F10,D1,47,70,37
26_53_94,all-well,mm10,2277,4286,23724.06,4718,49,52,57,2228,4234,4661,C2,E5,H10,26,53,94
45_75_96,all-well,mm10,2579,4286,23724.06,4668,113,118,127,2466,4168,4541,D9,G3,H12,45,75,96
44_42_34,all-well,mm10,2433,4286,23724.06,4697,54,56,57,2379,4230,4640,D8,D6,C10,44,42,34
06_73_90,all-well,hg38,2509,4286,23724.06,4708,2483,4260,4680,26,26,28,A6,G1,H6,6,73,90
46_22_80,all-well,mm10,2281,4284,23712.99,4728,43,46,47,2238,4238,4681,D10,B10,G8,46,22,80
04_37_47,all-well,hg38,2656,4284,23712.99,4669,2621,4248,4633,35,36,36,A4,D1,D11,4,37,47
43_03_27,all-well,mm10,2608,4284,23712.99,4688,37,38,38,2571,4246,4650,D7,A3,C3,43,3,27
17_29_90,all-well,mm10,2470,4284,23712.99,4728,47,48,49,2423,4236,4679,B5,C5,H6,17,29,90
38_10_20,all-well,mm10,2465,4283,23707.45,4723,53,55,56,2412,4228,4667,D2,A10,B8,38,10,20
22_37_24,all-well,hg38,2737,4283,23707.45,4709,2709,4255,4679,28,28,30,B10,D1,B12,22,37,24
38_52_16,all-well,mm10,2441,4283,23707.45,4734,80,82,85,2361,4201,4649,D2,E4,B4,38,52,16
35_17_23,all-well,mm10,2413,4282,23701.92,4723,47,48,49,2366,4234,4674,C11,B5,B11,35,17,23
46_88_17,all-well,mm10,2501,4282,23701.92,4731,56,59,60,2445,4223,4671,D10,H4,B5,46,88,17
42_03_12,all-well,hg38,2459,4282,23701.92,4705,2430,4250,4670,29,32,35,D6,A3,A12,42,3,12
40_24_05,all-well,hg38,2330,4282,23701.92,4694,2299,4250,4659,31,32,35,D4,B12,A5,40,24,5
30_24_34,all-well,hg38,2655,4281,23696.38,4729,2626,4250,4696,29,31,33,C6,B12,C10,30,24,34
06_64_29,all-well,hg38,2545,4280,23690.85,4750,2527,4262,4732,18,18,18,A6,F4,C5,6,64,29
21_76_31,all-well,mm10,2372,4279,23685.31,4664,47,47,50,2325,4232,4614,B9,G4,C7,21,76,31
30_90_93,all-well,hg38,2771,4279,23685.31,4744,2752,4260,4725,19,19,19,C6,H6,H9,30,90,93
29_28_48,all-well,hg38,2760,4279,23685.31,4725,2741,4258,4701,19,21,24,C5,C4,D12,29,28,48
30_57_41,all-well,mm10,2417,4278,23679.78,4707,52,53,56,2365,4225,4651,C6,E9,D5,30,57,41
07_50_01,all-well,mm10,2295,4277,23674.24,4724,46,55,59,2249,4222,4665,A7,E2,A1,7,50,1
13_38_19,all-well,mm10,2288,4276,23668.71,4682,45,47,48,2243,4229,4634,B1,D2,B7,13,38,19
43_16_07,all-well,mm10,2378,4275,23663.17,4718,51,52,54,2327,4223,4664,D7,B4,A7,43,16,7
14_12_77,all-well,mm10,2334,4274,23657.64,4689,42,43,47,2292,4231,4642,B2,A12,G5,14,12,77
46_03_23,all-well,hg38,2671,4273,23652.10,4734,2637,4236,4690,34,37,44,D10,A3,B11,46,3,23
06_75_89,all-well,mm10,2259,4272,23646.57,4663,42,45,49,2217,4227,4614,A6,G3,H5,6,75,89
25_45_64,all-well,mm10,2407,4270,23635.50,4690,48,48,51,2359,4222,4639,C1,D9,F4,25,45,64
21_95_48,all-well,hg38,2548,4270,23635.50,4703,2528,4248,4681,20,22,22,B9,H11,D12,21,95,48
10_04_55,all-well,hg38,2747,4268,23624.43,4724,2727,4247,4701,20,21,23,A10,A4,E7,10,4,55
13_23_78,all-well,mm10,2306,4268,23624.43,4730,57,59,65,2249,4209,4665,B1,B11,G6,13,23,78
44_85_13,all-well,hg38,2626,4267,23618.89,4644,2586,4224,4594,40,43,50,D8,H1,B1,44,85,13
02_09_03,all-well,hg38,2698,4267,23618.89,4747,2678,4244,4723,20,23,24,A2,A9,A3,2,9,3
17_28_39,all-well,mm10,2456,4267,23618.89,4677,48,50,51,2408,4217,4626,B5,C4,D3,17,28,39
21_63_69,all-well,mm10,2346,4267,23618.89,4669,78,80,84,2268,4187,4585,B9,F3,F9,21,63,69
21_34_78,all-well,mm10,2437,4266,23613.35,4724,35,35,36,2402,4231,4688,B9,C10,G6,21,34,78
31_96_53,all-well,mm10,2360,4266,23613.35,4725,37,41,44,2323,4225,4681,C7,H12,E5,31,96,53
48_38_63,all-well,mm10,2409,4265,23607.82,4716,56,60,64,2353,4205,4652,D12,D2,F3,48,38,63
22_92_05,all-well,mm10,2466,4264,23602.28,4662,40,41,43,2426,4223,4619,B10,H8,A5,22,92,5
30_08_94,all-well,mm10,2261,4263,23596.75,4701,34,34,36,2227,4229,4665,C6,A8,H10,30,8,94
10_18_52,all-well,hg38,2786,4262,23591.21,4652,2757,4233,4621,29,29,31,A10,B6,E4,10,18,52
46_07_38,all-well,mm10,2431,4262,23591.21,4693,55,56,58,2376,4206,4635,D10,A7,D2,46,7,38
26_59_88,all-well,hg38,2524,4262,23591.21,4681,2487,4223,4640,37,39,41,C2,E11,H4,26,59,88
05_38_82,all-well,hg38,2697,4262,23591.21,4693,2649,4209,4636,48,53,57,A5,D2,G10,5,38,82
40_22_56,all-well,mm10,2447,4261,23585.68,4687,69,70,73,2378,4191,4614,D4,B10,E8,40,22,56
30_20_70,all-well,mm10,2411,4261,23585.68,4729,45,53,59,2366,4208,4670,C6,B8,F10,30,20,70
20_62_68,all-well,mm10,2290,4260,23580.14,4692,55,67,71,2235,4193,4621,B8,F2,F8,20,62,68
06_26_23,all-well,mm10,2272,4260,23580.14,4696,64,66,70,2208,4194,4626,A6,C2,B11,6,26,23
23_40_75,all-well,mm10,2253,4260,23580.14,4659,45,49,50,2208,4211,4609,B11,D4,G3,23,40,75
47_60_57,all-well,mm10,2424,4259,23574.61,4697,42,42,43,2382,4217,4654,D11,E12,E9,47,60,57
29_69_32,all-well,mm10,2366,4259,23574.61,4680,38,38,42,2328,4221,4638,C5,F9,C8,29,69,32
48_24_87,all-well,mm10,2342,4259,23574.61,4695,53,53,58,2289,4206,4637,D12,B12,H3,48,24,87
22_01_50,all-well,mm10,2493,4258,23569.07,4688,77,80,83,2416,4178,4605,B10,A1,E2,22,1,50
31_11_71,all-well,mm10,2331,4257,23563.54,4665,52,53,58,2279,4204,4607,C7,A11,F11,31,11,71
41_35_08,all-well,mm10,2470,4257,23563.54,4681,87,94,103,2383,4163,4578,D5,C11,A8,41,35,8
44_48_94,all-well,hg38,2653,4257,23563.54,4644,2627,4231,4616,26,26,28,D8,D12,H10,44,48,94
14_11_11,all-well,mm10,2413,4256,23558.00,4654,108,110,122,2305,4146,4532,B2,A11,A11,14,11,11
30_01_85,all-well,mm10,2360,4256,23558.00,4677,31,32,36,2329,4224,4641,C6,A1,H1,30,1,85
13_48_45,all-well,mm10,2280,4256,23558.00,4668,88,90,97,2192,4166,4571,B1,D12,D9,13,48,45
27_70_50,all-well,mm10,2228,4255,23552.47,4693,48,51,51,2180,4204,4642,C3,F10,E2,27,70,50
04_85_66,all-well,mm10,2432,4255,23552.47,4680,57,60,63,2375,4195,4617,A4,H1,F6,4,85,66
06_82_22,all-well,mm10,2613,4253,23541.40,4684,293,318,347,2320,3935,4337,A6,G10,B10,6,82,22
38_14_55,all-well,hg38,2672,4252,23535.86,4656,2630,4209,4608,42,43,48,D2,B2,E7,38,14,55
18_33_05,all-well,mm10,2386,4251,23530.33,4681,35,35,39,2351,4216,4642,B6,C9,A5,18,33,5
13_55_62,all-well,mm10,2371,4251,23530.33,4672,49,51,57,2322,4200,4615,B1,E7,F2,13,55,62
10_06_28,all-well,mm10,2404,4250,23524.79,4680,39,39,39,2365,4211,4641,A10,A6,C4,10,6,28
16_72_77,all-well,mm10,2255,4249,23519.26,4675,85,87,90,2170,4162,4585,B4,F12,G5,16,72,77
15_10_11,all-well,mm10,2417,4247,23508.18,4699,38,40,42,2379,4207,4657,B3,A10,A11,15,10,11
18_65_93,all-well,mm10,2388,4246,23502.65,4633,39,39,41,2349,4207,4592,B6,F5,H9,18,65,93
06_51_75,all-well,mm10,2276,4242,23480.51,4655,51,52,56,2225,4190,4599,A6,E3,G3,6,51,75
24_85_79,all-well,mm10,2396,4242,23480.51,4648,46,47,54,2350,4195,4594,B12,H1,G7,24,85,79
13_94_77,all-well,mm10,2325,4242,23480.51,4707,50,50,53,2275,4192,4654,B1,H10,G5,13,94,77
03_94_74,all-well,hg38,2687,4242,23480.51,4673,2656,4209,4636,31,33,37,A3,H10,G2,3,94,74
22_89_96,all-well,mm10,2513,4239,23463.90,4725,62,62,67,2451,4177,4658,B10,H5,H12,22,89,96
39_88_67,all-well,hg38,2595,4239,23463.90,4673,2557,4200,4628,38,39,45,D3,H4,F7,39,88,67
06_53_11,all-well,mm10,2267,4238,23458.37,4727,39,42,44,2228,4196,4683,A6,E5,A11,6,53,11
23_25_62,all-well,hg38,2651,4237,23452.83,4663,2628,4212,4637,23,25,26,B11,C1,F2,23,25,62
02_48_81,all-well,mm10,2195,4236,23447.30,4705,35,35,37,2160,4201,4668,A2,D12,G9,2,48,81
47_52_28,all-well,hg38,2754,4235,23441.76,4669,2709,4182,4611,45,53,58,D11,E4,C4,47,52,28
18_04_32,all-well,mm10,2436,4234,23436.23,4648,35,36,38,2401,4198,4610,B6,A4,C8,18,4,32
31_86_06,all-well,mm10,2376,4234,23436.23,4702,160,173,190,2216,4061,4512,C7,H2,A6,31,86,6
30_91_36,all-well,mm10,2506,4233,23430.69,4647,140,153,172,2366,4080,4475,C6,H7,C12,30,91,36
47_05_67,all-well,mm10,2350,4232,23425.16,4659,46,47,50,2304,4185,4609,D11,A5,F7,47,5,67
03_93_80,all-well,hg38,2688,4232,23425.16,4689,2656,4198,4652,32,34,37,A3,H9,G8,3,93,80
06_48_52,all-well,hg38,2799,4232,23425.16,4647,2775,4207,4621,24,25,26,A6,D12,E4,6,48,52
10_13_02,all-well,hg38,2607,4229,23408.55,4664,2551,4168,4599,56,61,65,A10,B1,A2,10,13,2
02_24_65,all-well,hg38,2591,4228,23403.02,4656,2567,4202,4630,24,26,26,A2,B12,F5,2,24,65
21_33_79,all-well,mm10,2288,4228,23403.02,4657,94,100,108,2194,4128,4549,B9,C9,G7,21,33,79
04_05_63,all-well,mm10,2407,4228,23403.02,4658,57,59,63,2350,4169,4595,A4,A5,F3,4,5,63
40_35_77,all-well,mm10,2425,4226,23391.94,4643,52,54,58,2373,4172,4585,D4,C11,G5,40,35,77
34_36_43,all-well,mm10,2427,4226,23391.94,4635,31,33,36,2396,4193,4599,C10,C12,D7,34,36,43
01_10_78,all-well,mm10,2359,4226,23391.94,4639,39,41,44,2320,4185,4595,A1,A10,G6,1,10,78
06_73_07,all-well,mm10,2341,4225,23386.41,4673,81,91,95,2260,4134,4578,A6,G1,A7,6,73,7
45_70_16,all-well,hg38,2725,4223,23375.34,4608,2682,4177,4561,43,46,47,D9,F10,B4,45,70,16
31_44_27,all-well,hg38,2634,4223,23375.34,4664,2600,4186,4624,34,37,40,C7,D8,C3,31,44,27
01_08_24,all-well,mm10,2316,4223,23375.34,4643,35,38,39,2281,4185,4604,A1,A8,B12,1,8,24
10_35_37,all-well,hg38,2737,4222,23369.80,4679,2713,4197,4652,24,25,27,A10,C11,D1,10,35,37
43_78_61,all-well,mm10,2574,4219,23353.20,4606,50,51,52,2524,4168,4554,D7,G6,F1,43,78,61
44_40_75,all-well,hg38,2740,4219,23353.20,4662,2706,4184,4625,34,35,37,D8,D4,G3,44,40,75
20_27_32,all-well,mm10,2310,4218,23347.66,4615,69,76,77,2241,4142,4538,B8,C3,C8,20,27,32
27_76_17,all-well,hg38,2588,4217,23342.13,4664,2560,4186,4630,28,31,34,C3,G4,B5,27,76,17
44_32_06,all-well,hg38,2656,4217,23342.13,4673,2623,4183,4639,33,34,34,D8,C8,A6,44,32,6
45_87_43,all-well,mm10,2476,4217,23342.13,4586,159,175,186,2317,4042,4400,D9,H3,D7,45,87,43
27_85_10,all-well,mm10,2430,4215,23331.06,4604,87,92,101,2343,4123,4503,C3,H1,A10,27,85,10
18_74_35,all-well,mm10,2444,4213,23319.99,4632,48,51,56,2396,4162,4576,B6,G2,C11,18,74,35
36_06_05,all-well,mm10,2422,4212,23314.45,4605,40,43,46,2382,4169,4559,C12,A6,A5,36,6,5
21_41_11,all-well,hg38,2572,4211,23308.92,4649,2543,4180,4614,29,31,35,B9,D5,A11,21,41,11
31_82_04,all-well,mm10,2421,4210,23303.38,4611,33,33,34,2388,4177,4577,C7,G10,A4,31,82,4
23_95_38,all-well,hg38,2530,4210,23303.38,4638,2514,4190,4617,16,20,21,B11,H11,D2,23,95,38
02_82_15,all-well,hg38,2749,4209,23297.85,4696,2719,4177,4658,30,32,38,A2,G10,B3,2,82,15
33_33_01,all-well,mm10,2393,4209,23297.85,4634,30,31,33,2363,4178,4601,C9,C9,A1,33,33,1
03_28_29,all-well,hg38,2735,4208,23292.31,4649,2694,4164,4600,41,44,49,A3,C4,C5,3,28,29
11_53_41,all-well,hg38,2569,4208,23292.31,4658,2548,4187,4636,21,21,22,A11,E5,D5,11,53,41
29_44_58,all-well,hg38,2614,4208,23292.31,4669,2598,4192,4652,16,16,17,C5,D8,E10,29,44,58
13_86_32,all-well,hg38,2572,4207,23286.78,4616,2540,4175,4579,32,32,37,B1,H2,C8,13,86,32
29_41_01,all-well,mm10,2373,4207,23286.78,4655,49,50,55,2324,4157,4600,C5,D5,A1,29,41,1
30_35_63,all-well,mm10,2485,4206,23281.24,4628,50,51,56,2435,4155,4572,C6,C11,F3,30,35,63
23_01_76,all-well,hg38,2631,4206,23281.24,4662,2604,4176,4629,27,30,33,B11,A1,G4,23,1,76
13_95_22,all-well,mm10,2594,4206,23281.24,4584,99,112,119,2495,4094,4465,B1,H11,B10,13,95,22
47_15_20,all-well,mm10,2386,4205,23275.70,4635,37,37,40,2349,4168,4595,D11,B3,B8,47,15,20
20_35_92,all-well,mm10,2370,4205,23275.70,4660,64,72,77,2306,4133,4583,B8,C11,H8,20,35,92
41_83_86,all-well,mm10,2438,4204,23270.17,4580,22,23,23,2416,4181,4557,D5,G11,H2,41,83,86
03_68_84,all-well,mm10,2570,4203,23264.63,4625,46,48,52,2524,4155,4573,A3,F8,G12,3,68,84
29_66_42,all-well,hg38,2545,4203,23264.63,4635,2523,4181,4611,22,22,24,C5,F6,D6,29,66,42
44_58_67,all-well,mm10,2010,4203,23264.63,4616,49,53,57,1961,4150,4559,D8,E10,F7,44,58,67
08_47_47,all-well,hg38,2660,4202,23259.10,4627,2624,4164,4587,36,38,40,A8,D11,D11,8,47,47
03_61_41,all-well,mm10,2413,4202,23259.10,4606,84,88,95,2329,4114,4511,A3,F1,D5,3,61,41
35_02_63,all-well,mm10,2521,4201,23253.56,4601,67,68,69,2454,4133,4532,C11,A2,F3,35,2,63
10_10_07,all-well,hg38,2592,4200,23248.03,4629,2561,4166,4594,31,34,35,A10,A10,A7,10,10,7
22_72_38,all-well,mm10,2462,4200,23248.03,4602,65,66,69,2397,4134,4533,B10,F12,D2,22,72,38
39_12_85,all-well,hg38,2717,4199,23242.49,4619,2693,4174,4591,24,25,28,D3,A12,H1,39,12,85
14_51_12,all-well,mm10,2367,4198,23236.96,4610,41,41,42,2326,4157,4568,B2,E3,A12,14,51,12
33_02_82,all-well,hg38,2600,4197,23231.42,4587,2580,4174,4564,20,23,23,C9,A2,G10,33,2,82
36_89_87,all-well,mm10,2372,4197,23231.42,4631,61,66,74,2311,4131,4557,C12,H5,H3,36,89,87
35_73_15,all-well,hg38,2648,4196,23225.89,4620,2621,4168,4587,27,28,33,C11,G1,B3,35,73,15
20_29_34,all-well,mm10,2345,4196,23225.89,4629,60,62,68,2285,4134,4561,B8,C5,C10,20,29,34
17_39_92,all-well,mm10,2432,4196,23225.89,4621,46,47,48,2386,4149,4573,B5,D3,H8,17,39,92
47_06_02,all-well,hg38,2692,4196,23225.89,4595,2664,4167,4566,28,29,29,D11,A6,A2,47,6,2
46_12_58,all-well,mm10,2414,4196,23225.89,4621,60,62,68,2354,4134,4553,D10,A12,E10,46,12,58
03_05_78,all-well,hg38,2834,4195,23220.35,4584,2792,4141,4525,42,54,59,A3,A5,G6,3,5,78
37_51_38,all-well,mm10,2129,4195,23220.35,4607,71,71,77,2058,4124,4530,D1,E3,D2,37,51,38
14_15_71,all-well,hg38,2587,4194,23214.82,4629,2564,4171,4604,23,23,25,B2,B3,F11,14,15,71
25_43_49,all-well,hg38,2673,4194,23214.82,4613,2581,4095,4505,92,99,108,C1,D7,E1,25,43,49
03_63_19,all-well,hg38,2864,4194,23214.82,4606,2825,4154,4565,39,40,41,A3,F3,B7,3,63,19
04_59_49,all-well,mm10,2377,4193,23209.28,4617,47,50,54,2330,4143,4563,A4,E11,E1,4,59,49
05_78_23,all-well,mm10,2347,4192,23203.75,4598,46,48,50,2301,4144,4548,A5,G6,B11,5,78,23
15_03_44,all-well,hg38,2706,4192,23203.75,4599,2675,4159,4564,31,33,35,B3,A3,D8,15,3,44
45_14_30,all-well,hg38,2743,4191,23198.21,4606,2712,4160,4573,31,31,33,D9,B2,C6,45,14,30
22_29_24,all-well,mm10,2426,4190,23192.68,4622,51,53,58,2375,4137,4564,B10,C5,B12,22,29,24
14_74_89,all-well,mm10,2426,4190,23192.68,4601,49,50,51,2377,4140,4550,B2,G2,H5,14,74,89
23_16_76,all-well,hg38,2504,4189,23187.14,4627,2474,4155,4588,30,34,39,B11,B4,G4,23,16,76
06_62_74,all-well,mm10,2305,4189,23187.14,4609,57,58,66,2248,4131,4543,A6,F2,G2,6,62,74
30_96_52,all-well,mm10,2337,4189,23187.14,4557,38,38,38,2299,4151,4519,C6,H12,E4,30,96,52
39_65_76,all-well,mm10,2272,4189,23187.14,4605,45,47,50,2227,4142,4555,D3,F5,G4,39,65,76
12_15_29,all-well,mm10,2309,4189,23187.14,4607,44,44,45,2265,4145,4562,A12,B3,C5,12,15,29
26_90_89,all-well,mm10,2418,4188,23181.61,4613,39,39,43,2379,4149,4570,C2,H6,H5,26,90,89
33_89_22,all-well,hg38,2587,4187,23176.07,4604,2569,4169,4583,18,18,21,C9,H5,B10,33,89,22
36_55_05,all-well,hg38,2625,4186,23170.53,4598,2588,4147,4555,37,39,43,C12,E7,A5,36,55,5
11_42_06,all-well,mm10,2450,4186,23170.53,4620,60,60,62,2390,4126,4558,A11,D6,A6,11,42,6
38_37_16,all-well,hg38,2719,4184,23159.46,4601,2648,4110,4524,71,74,77,D2,D1,B4,38,37,16
46_95_84,all-well,mm10,2238,4184,23159.46,4608,59,61,64,2179,4123,4544,D10,H11,G12,46,95,84
47_28_70,all-well,mm10,2281,4183,23153.93,4642,52,54,56,2229,4129,4586,D11,C4,F10,47,28,70
45_83_30,all-well,hg38,2766,4183,23153.93,4577,2734,4144,4535,32,39,42,D9,G11,C6,45,83,30
21_87_14,all-well,mm10,2422,4182,23148.39,4648,31,31,34,2391,4151,4614,B9,H3,B2,21,87,14
33_48_29,all-well,hg38,2694,4181,23142.86,4620,2665,4152,4590,29,29,30,C9,D12,C5,33,48,29
42_53_32,all-well,mm10,2207,4181,23142.86,4589,41,43,44,2166,4138,4545,D6,E5,C8,42,53,32
02_01_65,all-well,mm10,2394,4181,23142.86,4610,39,41,44,2355,4140,4566,A2,A1,F5,2,1,65
07_27_91,all-well,mm10,2539,4180,23137.32,4609,51,52,55,2488,4128,4554,A7,C3,H7,7,27,91
01_45_37,all-well,mm10,2357,4180,23137.32,4589,38,39,42,2319,4141,4547,A1,D9,D1,1,45,37
44_85_75,all-well,mm10,2340,4180,23137.32,4589,47,47,51,2293,4133,4538,D8,H1,G3,44,85,75
17_53_81,all-well,mm10,2331,4179,23131.79,4584,30,33,35,2301,4146,4549,B5,E5,G9,17,53,81
16_35_26,all-well,hg38,2573,4179,23131.79,4598,2523,4127,4541,50,52,57,B4,C11,C2,16,35,26
39_53_52,all-well,hg38,2480,4179,23131.79,4634,2449,4146,4596,31,33,38,D3,E5,E4,39,53,52
45_54_80,all-well,hg38,2834,4179,23131.79,4588,2785,4124,4531,49,55,57,D9,E6,G8,45,54,80
17_08_10,all-well,mm10,2460,4178,23126.25,4631,33,33,35,2427,4145,4596,B5,A8,A10,17,8,10
27_74_04,all-well,mm10,2255,4178,23126.25,4568,92,96,104,2163,4082,4464,C3,G2,A4,27,74,4
05_46_85,all-well,mm10,2380,4177,23120.72,4615,37,38,38,2343,4139,4577,A5,D10,H1,5,46,85
03_20_62,all-well,hg38,2812,4175,23109.65,4541,2756,4116,4481,56,59,60,A3,B8,F2,3,20,62
07_37_72,all-well,mm10,2285,4175,23109.65,4623,61,68,72,2224,4107,4551,A7,D1,F12,7,37,72
29_64_95,all-well,hg38,2676,4174,23104.11,4623,2653,4149,4597,23,25,26,C5,F4,H11,29,64,95
17_58_89,all-well,mm10,2368,4173,23098.58,4589,49,49,52,2319,4124,4537,B5,E10,H5,17,58,89
03_60_06,all-well,multiplet,3066,4173,23098.58,4598,1634,2153,2370,1432,2020,2228,A3,E12,A6,3,60,6
31_55_18,all-well,hg38,2668,4172,23093.04,4591,2640,4143,4560,28,29,31,C7,E7,B6,31,55,18
33_63_72,all-well,hg38,2689,4172,23093.04,4573,2668,4150,4551,21,22,22,C9,F3,F12,33,63,72
28_48_48,all-well,hg38,2579,4172,23093.04,4568,2546,4138,4532,33,34,36,C4,D12,D12,28,48,48
17_06_40,all-well,mm10,2437,4170,23081.97,4565,36,42,44,2401,4128,4521,B5,A6,D4,17,6,40
21_68_44,all-well,hg38,2415,4168,23070.90,4545,2393,4145,4522,22,23,23,B9,F8,D8,21,68,44
18_35_70,all-well,hg38,2757,4168,23070.90,4567,2719,4128,4522,38,40,45,B6,C11,F10,18,35,70
10_64_74,all-well,hg38,2675,4168,23070.90,4568,2640,4133,4531,35,35,37,A10,F4,G2,10,64,74
06_90_41,all-well,hg38,2513,4166,23059.83,4606,2476,4129,4565,37,37,41,A6,H6,D5,6,90,41
12_47_03,all-well,mm10,2237,4166,23059.83,4581,51,53,56,2186,4113,4525,A12,D11,A3,12,47,3
09_80_35,all-well,mm10,2374,4166,23059.83,4559,49,49,50,2325,4117,4509,A9,G8,C11,9,80,35
23_53_37,all-well,mm10,2388,4164,23048.76,4578,35,37,38,2353,4127,4540,B11,E5,D1,23,53,37
06_42_65,all-well,hg38,2521,4164,23048.76,4607,2488,4131,4573,33,33,34,A6,D6,F5,6,42,65
47_90_12,all-well,hg38,2626,4163,23043.22,4565,2598,4134,4536,28,29,29,D11,H6,A12,47,90,12
39_75_06,all-well,mm10,2156,4163,23043.22,4615,40,40,44,2116,4123,4571,D3,G3,A6,39,75,6
11_73_68,all-well,mm10,2448,4162,23037.69,4582,48,49,51,2400,4113,4531,A11,G1,F8,11,73,68
06_86_81,all-well,hg38,2476,4161,23032.15,4598,2446,4131,4565,30,30,33,A6,H2,G9,6,86,81
44_57_92,all-well,mm10,2330,4161,23032.15,4575,61,61,66,2269,4100,4509,D8,E9,H8,44,57,92
31_80_78,all-well,mm10,2221,4160,23026.62,4591,34,34,38,2187,4126,4553,C7,G8,G6,31,80,78
34_32_09,all-well,hg38,2512,4160,23026.62,4608,2486,4134,4580,26,26,28,C10,C8,A9,34,32,9
39_53_82,all-well,mm10,2314,4160,23026.62,4545,47,47,49,2267,4113,4496,D3,E5,G10,39,53,82
02_07_90,all-well,mm10,2339,4158,23015.55,4564,55,55,63,2284,4103,4501,A2,A7,H6,2,7,90
40_45_16,all-well,mm10,2377,4157,23010.01,4550,56,58,65,2321,4099,4485,D4,D9,B4,40,45,16
08_67_81,all-well,mm10,2152,4157,23010.01,4574,38,38,40,2114,4119,4534,A8,F7,G9,8,67,81
11_02_35,all-well,mm10,2350,4156,23004.48,4589,48,48,48,2302,4108,4541,A11,A2,C11,11,2,35
29_90_68,all-well,hg38,2484,4156,23004.48,4582,2461,4131,4553,23,25,29,C5,H6,F8,29,90,68
20_02_24,all-well,hg38,2454,4155,22998.94,4568,2424,4124,4534,30,31,34,B8,A2,B12,20,2,24
06_37_86,all-well,hg38,2317,4155,22998.94,4552,2290,4126,4521,27,29,31,A6,D1,H2,6,37,86
11_78_73,all-well,mm10,2266,4155,22998.94,4568,45,46,49,2221,4109,4519,A11,G6,G1,11,78,73
27_05_19,all-well,mm10,2379,4155,22998.94,4579,39,40,42,2340,4115,4537,C3,A5,B7,27,5,19
46_73_22,all-well,mm10,2260,4153,22987.87,4595,42,43,47,2218,4110,4548,D10,G1,B10,46,73,22
25_32_19,all-well,hg38,2658,4152,22982.34,4596,2571,4058,4495,87,94,101,C1,C8,B7,25,32,19
47_91_81,all-well,mm10,2361,4152,22982.34,4582,54,54,59,2307,4098,4523,D11,H7,G9,47,91,81
23_55_20,all-well,hg38,2538,4151,22976.80,4582,2520,4132,4562,18,19,20,B11,E7,B8,23,55,20
05_20_19,all-well,hg38,2493,4151,22976.80,4592,2457,4112,4549,36,39,43,A5,B8,B7,5,20,19
33_52_18,all-well,hg38,2766,4151,22976.80,4570,2737,4121,4536,29,30,34,C9,E4,B6,33,52,18
15_71_21,all-well,mm10,2453,4151,22976.80,4539,333,360,396,2120,3791,4143,B3,F11,B9,15,71,21
07_48_74,all-well,mm10,2120,4151,22976.80,4563,42,42,46,2078,4109,4517,A7,D12,G2,7,48,74
06_19_19,all-well,mm10,2345,4151,22976.80,4575,55,57,57,2290,4094,4518,A6,B7,B7,6,19,19
02_17_43,all-well,mm10,2325,4150,22971.27,4602,33,33,34,2292,4117,4568,A2,B5,D7,2,17,43
02_01_71,all-well,mm10,2399,4150,22971.27,4576,36,38,46,2363,4112,4530,A2,A1,F11,2,1,71
31_55_67,all-well,hg38,2620,4149,22965.73,4559,2596,4116,4522,24,33,37,C7,E7,F7,31,55,67
20_64_07,all-well,hg38,2595,4149,22965.73,4568,2556,4102,4516,39,47,52,B8,F4,A7,20,64,7
37_45_59,all-well,mm10,2419,4149,22965.73,4546,65,66,73,2354,4083,4473,D1,D9,E11,37,45,59
02_52_58,all-well,mm10,2089,4149,22965.73,4533,43,48,52,2046,4101,4481,A2,E4,E10,2,52,58
11_35_40,all-well,mm10,2297,4148,22960.20,4555,63,63,64,2234,4085,4491,A11,C11,D4,11,35,40
02_84_67,all-well,mm10,2378,4148,22960.20,4543,39,39,39,2339,4109,4504,A2,G12,F7,2,84,67
04_95_56,all-well,mm10,2339,4147,22954.66,4577,35,37,38,2304,4110,4539,A4,H11,E8,4,95,56
02_05_12,all-well,mm10,2393,4146,22949.13,4570,46,46,53,2347,4100,4517,A2,A5,A12,2,5,12
22_34_02,all-well,mm10,2305,4145,22943.59,4577,39,39,42,2266,4106,4535,B10,C10,A2,22,34,2
06_95_87,all-well,mm10,2309,4145,22943.59,4577,40,40,41,2269,4105,4536,A6,H11,H3,6,95,87
18_43_07,all-well,hg38,2524,4144,22938.05,4498,2503,4122,4475,21,22,23,B6,D7,A7,18,43,7
41_63_76,all-well,mm10,2390,4143,22932.52,4526,133,144,160,2257,3999,4366,D5,F3,G4,41,63,76
02_03_30,all-well,hg38,2567,4143,22932.52,4597,2540,4113,4566,27,30,31,A2,A3,C6,2,3,30
44_08_43,all-well,mm10,2291,4141,22921.45,4542,35,36,38,2256,4105,4504,D8,A8,D7,44,8,43
34_85_54,all-well,hg38,2636,4141,22921.45,4510,2377,3834,4165,259,307,345,C10,H1,E6,34,85,54
42_92_28,all-well,mm10,2289,4139,22910.38,4562,93,102,113,2196,4037,4449,D6,H8,C4,42,92,28
01_84_91,all-well,mm10,2414,4139,22910.38,4525,40,42,45,2374,4097,4480,A1,G12,H7,1,84,91
46_39_45,all-well,mm10,2371,4139,22910.38,4570,94,95,100,2277,4044,4470,D10,D3,D9,46,39,45
35_67_27,all-well,mm10,2397,4138,22904.84,4520,38,38,40,2359,4100,4480,C11,F7,C3,35,67,27
23_20_76,all-well,mm10,2410,4137,22899.31,4522,50,50,51,2360,4087,4471,B11,B8,G4,23,20,76
16_83_41,all-well,hg38,2557,4136,22893.77,4510,2532,4110,4484,25,26,26,B4,G11,D5,16,83,41
44_39_05,all-well,hg38,2557,4136,22893.77,4543,2522,4095,4496,35,41,47,D8,D3,A5,44,39,5
48_66_30,all-well,mm10,2367,4136,22893.77,4595,46,48,54,2321,4088,4541,D12,F6,C6,48,66,30
03_85_37,all-well,hg38,2769,4134,22882.70,4517,2697,4054,4436,72,80,81,A3,H1,D1,3,85,37
21_09_79,all-well,hg38,2519,4134,22882.70,4562,2495,4108,4535,24,26,27,B9,A9,G7,21,9,79
26_34_36,all-well,mm10,2419,4134,22882.70,4542,43,44,49,2376,4090,4493,C2,C10,C12,26,34,36
02_84_42,all-well,mm10,2498,4131,22866.10,4536,56,57,59,2442,4074,4477,A2,G12,D6,2,84,42
18_60_82,all-well,hg38,2695,4130,22860.56,4527,2678,4113,4510,17,17,17,B6,E12,G10,18,60,82
27_80_89,all-well,hg38,2563,4130,22860.56,4540,2535,4095,4500,28,35,40,C3,G8,H5,27,80,89
46_70_96,all-well,mm10,2304,4129,22855.03,4543,88,96,103,2216,4033,4440,D10,F10,H12,46,70,96
06_90_80,all-well,mm10,2235,4128,22849.49,4545,35,37,39,2200,4091,4506,A6,H6,G8,6,90,80
35_15_27,all-well,mm10,2502,4128,22849.49,4550,50,51,54,2452,4077,4496,C11,B3,C3,35,15,27
26_25_45,all-well,hg38,2711,4127,22843.96,4486,2678,4092,4451,33,35,35,C2,C1,D9,26,25,45
33_35_61,all-well,mm10,2292,4127,22843.96,4545,63,68,79,2229,4059,4466,C9,C11,F1,33,35,61
16_09_36,all-well,hg38,2530,4127,22843.96,4560,2489,4083,4513,41,44,47,B4,A9,C12,16,9,36
24_72_64,all-well,mm10,2588,4127,22843.96,4499,105,120,125,2483,4007,4374,B12,F12,F4,24,72,64
21_82_53,all-well,hg38,2549,4126,22838.42,4522,2486,4060,4453,63,66,69,B9,G10,E5,21,82,53
47_48_78,all-well,mm10,2329,4124,22827.35,4549,56,57,63,2273,4067,4486,D11,D12,G6,47,48,78
01_44_21,all-well,mm10,2402,4124,22827.35,4552,45,45,47,2357,4079,4505,A1,D8,B9,1,44,21
01_77_77,all-well,hg38,2556,4122,22816.28,4532,2537,4103,4510,19,19,22,A1,G5,G5,1,77,77
17_06_14,all-well,mm10,2385,4122,22816.28,4504,36,37,39,2349,4085,4465,B5,A6,B2,17,6,14
09_38_29,all-well,mm10,2298,4121,22810.74,4547,34,34,38,2264,4087,4509,A9,D2,C5,9,38,29
48_54_74,all-well,mm10,2536,4120,22805.21,4544,59,60,65,2477,4060,4479,D12,E6,G2,48,54,74
11_15_30,all-well,hg38,2628,4119,22799.67,4594,2588,4077,4551,40,42,43,A11,B3,C6,11,15,30
14_77_29,all-well,mm10,2446,4117,22788.60,4538,39,40,42,2407,4077,4496,B2,G5,C5,14,77,29
23_17_13,all-well,mm10,2368,4115,22777.53,4521,80,81,88,2288,4034,4433,B11,B5,B1,23,17,13
36_96_06,all-well,hg38,2769,4114,22772.00,4533,2748,4093,4512,21,21,21,C12,H12,A6,36,96,6
28_62_79,all-well,mm10,2343,4113,22766.46,4526,77,82,86,2266,4031,4440,C4,F2,G7,28,62,79
08_07_61,all-well,hg38,2729,4113,22766.46,4540,2693,4075,4501,36,38,39,A8,A7,F1,8,7,61
45_69_94,all-well,mm10,2440,4112,22760.93,4514,99,104,112,2341,4008,4402,D9,F9,H10,45,69,94
05_58_19,all-well,mm10,2372,4112,22760.93,4502,46,48,53,2326,4064,4449,A5,E10,B7,5,58,19
01_96_54,all-well,hg38,2599,4110,22749.86,4474,2561,4070,4429,38,40,45,A1,H12,E6,1,96,54
34_95_09,all-well,mm10,2422,4110,22749.86,4511,76,80,85,2346,4030,4426,C10,H11,A9,34,95,9
23_41_64,all-well,mm10,2221,4110,22749.86,4512,47,47,53,2174,4063,4459,B11,D5,F4,23,41,64
03_85_68,all-well,hg38,2763,4110,22749.86,4472,2722,4063,4424,41,47,48,A3,H1,F8,3,85,68
18_68_79,all-well,mm10,2442,4110,22749.86,4557,52,52,58,2390,4058,4499,B6,F8,G7,18,68,79
21_73_20,all-well,mm10,2330,4108,22738.79,4529,29,32,32,2301,4076,4497,B9,G1,B8,21,73,20
44_81_34,all-well,mm10,2367,4107,22733.25,4505,45,47,47,2322,4060,4458,D8,G9,C10,44,81,34
42_89_75,all-well,mm10,2300,4107,22733.25,4514,32,36,39,2268,4071,4475,D6,H5,G3,42,89,75
02_04_54,all-well,hg38,2311,4106,22727.72,4497,2282,4077,4467,29,29,30,A2,A4,E6,2,4,54
29_37_21,all-well,hg38,2593,4106,22727.72,4505,2560,4072,4470,33,34,35,C5,D1,B9,29,37,21
08_68_57,all-well,hg38,2647,4106,22727.72,4538,2622,4079,4507,25,27,31,A8,F8,E9,8,68,57
37_20_60,all-well,mm10,2387,4105,22722.18,4506,105,106,110,2282,3999,4396,D1,B8,E12,37,20,60
17_92_82,all-well,hg38,2523,4103,22711.11,4496,2504,4083,4476,19,20,20,B5,H8,G10,17,92,82
47_25_47,all-well,hg38,2582,4101,22700.04,4463,2544,4061,4421,38,40,42,D11,C1,D11,47,25,47
01_78_16,all-well,hg38,2527,4101,22700.04,4500,2496,4068,4463,31,33,37,A1,G6,B4,1,78,16
26_21_07,all-well,hg38,2644,4100,22694.50,4507,2608,4059,4465,36,41,42,C2,B9,A7,26,21,7
39_96_19,all-well,mm10,2262,4100,22694.50,4508,37,38,39,2225,4062,4469,D3,H12,B7,39,96,19
25_36_29,all-well,mm10,2331,4099,22688.97,4537,60,61,66,2271,4038,4471,C1,C12,C5,25,36,29
06_84_60,all-well,mm10,2312,4097,22677.90,4532,31,32,33,2281,4065,4499,A6,G12,E12,6,84,60
06_59_25,all-well,mm10,2326,4096,22672.36,4516,81,93,101,2245,4003,4415,A6,E11,C1,6,59,25
44_88_81,all-well,mm10,2357,4096,22672.36,4486,50,53,53,2307,4043,4433,D8,H4,G9,44,88,81
04_72_06,all-well,hg38,2578,4096,22672.36,4464,2544,4062,4429,34,34,35,A4,F12,A6,4,72,6
03_62_27,all-well,hg38,2649,4095,22666.83,4520,2616,4061,4483,33,34,37,A3,F2,C3,3,62,27
22_85_03,all-well,mm10,2233,4095,22666.83,4483,50,52,54,2183,4043,4429,B10,H1,A3,22,85,3
23_94_01,all-well,hg38,2550,4095,22666.83,4555,2515,4054,4513,35,41,42,B11,H10,A1,23,94,1
33_07_22,all-well,mm10,2425,4095,22666.83,4482,42,45,46,2383,4050,4436,C9,A7,B10,33,7,22
06_26_75,all-well,mm10,2395,4095,22666.83,4531,42,45,48,2353,4050,4483,A6,C2,G3,6,26,75
33_20_77,all-well,hg38,2637,4094,22661.29,4449,2618,4072,4427,19,22,22,C9,B8,G5,33,20,77
02_19_39,all-well,mm10,2182,4094,22661.29,4548,45,46,49,2137,4048,4499,A2,B7,D3,2,19,39
25_49_02,all-well,hg38,2634,4094,22661.29,4498,2611,4067,4469,23,27,29,C1,E1,A2,25,49,2
19_23_79,all-well,mm10,2341,4094,22661.29,4505,48,49,52,2293,4045,4453,B7,B11,G7,19,23,79
17_47_41,all-well,hg38,2546,4094,22661.29,4521,2527,4075,4502,19,19,19,B5,D11,D5,17,47,41
29_35_90,all-well,hg38,2639,4093,22655.76,4493,2618,4072,4469,21,21,24,C5,C11,H6,29,35,90
10_82_36,all-well,hg38,2603,4093,22655.76,4492,2588,4076,4475,15,17,17,A10,G10,C12,10,82,36
09_09_41,all-well,mm10,2386,4092,22650.22,4531,42,42,45,2344,4050,4486,A9,A9,D5,9,9,41
37_51_48,all-well,hg38,2552,4090,22639.15,4526,2509,4047,4478,43,43,48,D1,E3,D12,37,51,48
30_19_80,all-well,mm10,2287,4090,22639.15,4504,53,60,66,2234,4030,4438,C6,B7,G8,30,19,80
34_34_33,all-well,mm10,2165,4090,22639.15,4486,39,39,40,2126,4051,4446,C10,C10,C9,34,34,33
33_73_18,all-well,mm10,2317,4089,22633.62,4518,67,67,73,2250,4022,4445,C9,G1,B6,33,73,18
40_92_54,all-well,mm10,2250,4089,22633.62,4487,57,57,60,2193,4032,4427,D4,H8,E6,40,92,54
36_45_34,all-well,mm10,2379,4089,22633.62,4498,29,29,30,2350,4060,4468,C12,D9,C10,36,45,34
33_28_68,all-well,mm10,2336,4089,22633.62,4534,114,123,137,2222,3966,4397,C9,C4,F8,33,28,68
20_95_12,all-well,hg38,2501,4088,22628.08,4505,2485,4070,4486,16,18,19,B8,H11,A12,20,95,12
12_44_07,all-well,mm10,2360,4088,22628.08,4511,56,56,59,2304,4032,4452,A12,D8,A7,12,44,7
47_31_79,all-well,hg38,2568,4087,22622.55,4531,2545,4063,4505,23,24,26,D11,C7,G7,47,31,79
20_13_62,all-well,mm10,2398,4085,22611.48,4478,55,60,61,2343,4025,4417,B8,B1,F2,20,13,62
22_77_90,all-well,mm10,2395,4085,22611.48,4497,29,34,34,2366,4051,4463,B10,G5,H6,22,77,90
17_24_40,all-well,mm10,2349,4084,22605.94,4467,47,47,51,2302,4037,4416,B5,B12,D4,17,24,40
17_57_36,all-well,hg38,2492,4084,22605.94,4472,2464,4056,4442,28,28,30,B5,E9,C12,17,57,36
46_81_22,all-well,hg38,2633,4082,22594.87,4504,2578,4023,4443,55,59,61,D10,G9,B10,46,81,22
27_73_26,all-well,mm10,2373,4081,22589.33,4501,48,50,54,2325,4031,4447,C3,G1,C2,27,73,26
18_93_28,all-well,hg38,2719,4081,22589.33,4468,2691,4052,4435,28,29,33,B6,H9,C4,18,93,28
27_12_76,all-well,mm10,2296,4081,22589.33,4492,74,79,82,2222,4002,4410,C3,A12,G4,27,12,76
34_56_02,all-well,hg38,2721,4081,22589.33,4486,2697,4055,4459,24,26,27,C10,E8,A2,34,56,2
19_69_43,all-well,mm10,2342,4081,22589.33,4506,73,78,80,2269,4003,4426,B7,F9,D7,19,69,43
05_26_77,all-well,hg38,2552,4080,22583.80,4539,2497,4020,4467,55,60,72,A5,C2,G5,5,26,77
31_96_06,all-well,hg38,2510,4077,22567.19,4476,2452,4014,4410,58,63,66,C7,H12,A6,31,96,6
38_47_83,all-well,mm10,2454,4075,22556.12,4459,35,37,38,2419,4038,4421,D2,D11,G11,38,47,83
22_28_36,all-well,mm10,2350,4074,22550.59,4488,67,70,72,2283,4004,4416,B10,C4,C12,22,28,36
48_08_90,all-well,mm10,2317,4073,22545.05,4505,40,40,44,2277,4033,4461,D12,A8,H6,48,8,90
18_67_54,all-well,mm10,2327,4070,22528.45,4517,43,45,46,2284,4025,4471,B6,F7,E6,18,67,54
44_72_21,all-well,mm10,2430,4070,22528.45,4488,45,46,50,2385,4024,4438,D8,F12,B9,44,72,21
22_51_03,all-well,mm10,2183,4069,22522.91,4462,52,53,54,2131,4016,4408,B10,E3,A3,22,51,3
22_78_34,all-well,mm10,2401,4069,22522.91,4454,50,50,56,2351,4019,4398,B10,G6,C10,22,78,34
34_23_46,all-well,mm10,2487,4067,22511.84,4489,46,47,52,2441,4020,4437,C10,B11,D10,34,23,46
26_73_50,all-well,mm10,2313,4067,22511.84,4436,69,70,75,2244,3997,4361,C2,G1,E2,26,73,50
46_42_86,all-well,mm10,2099,4065,22500.77,4497,92,102,109,2007,3963,4388,D10,D6,H2,46,42,86
36_62_18,all-well,mm10,2220,4064,22495.24,4416,64,68,72,2156,3996,4344,C12,F2,B6,36,62,18
46_32_17,all-well,hg38,2505,4064,22495.24,4498,2479,4036,4469,26,28,29,D10,C8,B5,46,32,17
28_47_16,all-well,hg38,2435,4062,22484.16,4485,2383,4009,4426,52,53,59,C4,D11,B4,28,47,16
12_58_38,all-well,mm10,2258,4061,22478.63,4461,32,35,37,2226,4026,4424,A12,E10,D2,12,58,38
10_20_92,all-well,hg38,2581,4060,22473.09,4442,2560,4039,4416,21,21,26,A10,B8,H8,10,20,92
04_56_87,all-well,mm10,2319,4059,22467.56,4445,45,46,48,2274,4013,4397,A4,E8,H3,4,56,87
47_46_04,all-well,hg38,2629,4058,22462.02,4477,2605,4033,4451,24,25,26,D11,D10,A4,47,46,4
47_25_44,all-well,mm10,2376,4058,22462.02,4430,35,36,36,2341,4022,4394,D11,C1,D8,47,25,44
22_10_75,all-well,mm10,2293,4057,22456.49,4466,39,39,43,2254,4018,4423,B10,A10,G3,22,10,75
26_51_69,all-well,mm10,2399,4057,22456.49,4461,44,46,48,2355,4011,4413,C2,E3,F9,26,51,69
31_01_47,all-well,mm10,2281,4056,22450.95,4484,57,66,69,2224,3990,4415,C7,A1,D11,31,1,47
47_63_75,all-well,hg38,2665,4056,22450.95,4463,2627,4013,4419,38,43,44,D11,F3,G3,47,63,75
34_96_90,all-well,mm10,2241,4055,22445.42,4438,38,39,39,2203,4016,4399,C10,H12,H6,34,96,90
07_86_33,all-well,hg38,2457,4055,22445.42,4438,2422,4018,4400,35,37,38,A7,H2,C9,7,86,33
10_12_22,all-well,hg38,2568,4053,22434.35,4502,2558,4043,4491,10,10,11,A10,A12,B10,10,12,22
17_04_30,all-well,mm10,2314,4053,22434.35,4452,44,47,50,2270,4006,4402,B5,A4,C6,17,4,30
33_13_68,all-well,hg38,2590,4051,22423.28,4450,2560,4021,4418,30,30,32,C9,B1,F8,33,13,68
05_52_84,all-well,mm10,2276,4051,22423.28,4471,38,41,45,2238,4010,4426,A5,E4,G12,5,52,84
06_66_66,all-well,mm10,2192,4051,22423.28,4414,49,49,52,2143,4002,4362,A6,F6,F6,6,66,66
18_39_35,all-well,hg38,2542,4051,22423.28,4482,2525,4033,4463,17,18,19,B6,D3,C11,18,39,35
28_11_02,all-well,hg38,2608,4051,22423.28,4468,2569,4010,4422,39,41,46,C4,A11,A2,28,11,2
20_63_07,all-well,mm10,2349,4047,22401.14,4480,57,69,77,2292,3978,4403,B8,F3,A7,20,63,7
46_40_83,all-well,mm10,2326,4046,22395.60,4490,87,88,94,2239,3958,4396,D10,D4,G11,46,40,83
05_54_28,all-well,mm10,2398,4046,22395.60,4496,62,64,65,2336,3982,4431,A5,E6,C4,5,54,28
17_08_67,all-well,mm10,2289,4045,22390.07,4464,53,60,63,2236,3985,4401,B5,A8,F7,17,8,67
13_81_73,all-well,hg38,2528,4044,22384.53,4419,2499,4013,4383,29,31,36,B1,G9,G1,13,81,73
31_02_26,all-well,mm10,2271,4044,22384.53,4421,58,60,64,2213,3984,4357,C7,A2,C2,31,2,26
09_11_54,all-well,mm10,2341,4044,22384.53,4482,48,49,55,2293,3995,4427,A9,A11,E6,9,11,54
29_57_13,all-well,hg38,2578,4043,22378.99,4468,2539,4002,4424,39,41,44,C5,E9,B1,29,57,13
12_44_81,all-well,hg38,2181,4043,22378.99,4430,2145,4002,4384,36,41,46,A12,D8,G9,12,44,81
26_12_88,all-well,mm10,2243,4042,22373.46,4460,54,54,59,2189,3988,4401,C2,A12,H4,26,12,88
05_76_89,all-well,mm10,2316,4041,22367.92,4445,54,54,57,2262,3987,4388,A5,G4,H5,5,76,89
17_39_52,all-well,mm10,2427,4041,22367.92,4419,50,51,53,2377,3990,4366,B5,D3,E4,17,39,52
30_50_71,all-well,hg38,2564,4041,22367.92,4433,2526,4003,4392,38,38,41,C6,E2,F11,30,50,71
20_39_25,all-well,mm10,2415,4041,22367.92,4418,167,180,191,2248,3861,4227,B8,D3,C1,20,39,25
23_30_63,all-well,hg38,2423,4041,22367.92,4448,2395,4013,4418,28,28,30,B11,C6,F3,23,30,63
08_56_76,all-well,hg38,2417,4038,22351.32,4447,2391,4008,4415,26,30,32,A8,E8,G4,8,56,76
02_44_14,all-well,hg38,2465,4038,22351.32,4411,2450,4023,4396,15,15,15,A2,D8,B2,2,44,14
25_70_60,all-well,mm10,2291,4037,22345.78,4462,47,47,50,2244,3990,4412,C1,F10,E12,25,70,60
08_20_52,all-well,hg38,2465,4037,22345.78,4442,2444,4015,4419,21,22,23,A8,B8,E4,8,20,52
05_13_71,all-well,hg38,2484,4037,22345.78,4419,2440,3993,4375,44,44,44,A5,B1,F11,5,13,71
28_20_14,all-well,mm10,2304,4035,22334.71,4443,81,92,100,2223,3943,4343,C4,B8,B2,28,20,14
46_26_09,all-well,mm10,2229,4033,22323.64,4411,115,117,126,2114,3916,4285,D10,C2,A9,46,26,9
26_50_03,all-well,mm10,2237,4033,22323.64,4439,50,54,57,2187,3979,4382,C2,E2,A3,26,50,3
16_16_26,all-well,hg38,2533,4033,22323.64,4470,2512,4010,4445,21,23,25,B4,B4,C2,16,16,26
47_90_81,all-well,mm10,2356,4032,22318.11,4459,46,47,48,2310,3985,4411,D11,H6,G9,47,90,81
11_53_06,all-well,hg38,2609,4032,22318.11,4464,2596,4018,4450,13,14,14,A11,E5,A6,11,53,6
15_04_61,all-well,mm10,2208,4031,22312.57,4438,26,27,27,2182,4004,4411,B3,A4,F1,15,4,61
07_55_22,all-well,hg38,2655,4031,22312.57,4455,2609,3985,4406,46,46,49,A7,E7,B10,7,55,22
26_58_93,all-well,hg38,2575,4030,22307.04,4479,2548,4002,4448,27,28,31,C2,E10,H9,26,58,93
43_12_61,all-well,mm10,2414,4030,22307.04,4404,33,37,38,2381,3993,4366,D7,A12,F1,43,12,61
04_68_81,all-well,mm10,2319,4030,22307.04,4429,36,37,39,2283,3993,4390,A4,F8,G9,4,68,81
31_25_51,all-well,hg38,2544,4029,22301.50,4454,2517,4001,4424,27,28,30,C7,C1,E3,31,25,51
23_29_62,all-well,mm10,2149,4027,22290.43,4437,54,55,57,2095,3972,4380,B11,C5,F2,23,29,62
07_95_48,all-well,hg38,2619,4026,22284.90,4457,2591,3996,4424,28,30,33,A7,H11,D12,7,95,48
04_24_63,all-well,mm10,2325,4026,22284.90,4404,62,62,66,2263,3964,4338,A4,B12,F3,4,24,63
06_15_25,all-well,hg38,2432,4025,22279.36,4469,2404,3993,4434,28,32,35,A6,B3,C1,6,15,25
18_68_03,all-well,hg38,2538,4025,22279.36,4423,2510,3996,4393,28,29,30,B6,F8,A3,18,68,3
04_88_26,all-well,hg38,2588,4022,22262.75,4370,2563,3996,4344,25,26,26,A4,H4,C2,4,88,26
40_49_29,all-well,mm10,2303,4020,22251.68,4388,55,56,57,2248,3964,4331,D4,E1,C5,40,49,29
15_25_23,all-well,hg38,2393,4019,22246.15,4461,2345,3967,4404,48,52,57,B3,C1,B11,15,25,23
47_59_24,all-well,hg38,2571,4019,22246.15,4397,2539,3986,4364,32,33,33,D11,E11,B12,47,59,24
15_59_77,all-well,mm10,2318,4018,22240.61,4404,35,35,36,2283,3983,4368,B3,E11,G5,15,59,77
46_41_51,all-well,mm10,2284,4018,22240.61,4446,59,63,63,2225,3955,4383,D10,D5,E3,46,41,51
40_47_88,all-well,mm10,2318,4018,22240.61,4419,194,217,239,2124,3801,4180,D4,D11,H4,40,47,88
10_13_94,all-well,mm10,2478,4017,22235.08,4432,64,66,72,2414,3951,4360,A10,B1,H10,10,13,94
23_63_27,all-well,mm10,2208,4016,22229.54,4397,42,42,43,2166,3974,4354,B11,F3,C3,23,63,27
26_38_42,all-well,mm10,2113,4014,22218.47,4404,54,55,63,2059,3959,4341,C2,D2,D6,26,38,42
27_81_60,all-well,hg38,2467,4014,22218.47,4430,2440,3987,4403,27,27,27,C3,G9,E12,27,81,60
05_04_03,all-well,mm10,2264,4011,22201.87,4428,45,46,50,2219,3965,4378,A5,A4,A3,5,4,3
23_47_93,all-well,mm10,2091,4011,22201.87,4406,37,39,42,2054,3972,4364,B11,D11,H9,23,47,93
35_42_20,all-well,mm10,2385,4011,22201.87,4383,44,44,48,2341,3967,4335,C11,D6,B8,35,42,20
44_83_48,all-well,multiplet,2873,4010,22196.33,4422,1392,1856,2038,1481,2154,2384,D8,G11,D12,44,83,48
12_66_37,all-well,mm10,2322,4010,22196.33,4402,54,57,60,2268,3953,4342,A12,F6,D1,12,66,37
45_14_29,all-well,hg38,2617,4009,22190.80,4414,2573,3963,4365,44,46,49,D9,B2,C5,45,14,29
23_34_41,all-well,hg38,2529,4009,22190.80,4423,2510,3985,4398,19,24,25,B11,C10,D5,23,34,41
33_16_11,all-well,mm10,2393,4007,22179.73,4403,35,35,36,2358,3972,4367,C9,B4,A11,33,16,11
35_19_51,all-well,mm10,2400,4006,22174.19,4400,43,43,43,2357,3963,4357,C11,B7,E3,35,19,51
10_21_61,all-well,hg38,2431,4006,22174.19,4454,2410,3984,4431,21,22,23,A10,B9,F1,10,21,61
34_78_29,all-well,mm10,2387,4006,22174.19,4367,56,59,64,2331,3947,4303,C10,G6,C5,34,78,29
07_12_84,all-well,mm10,2065,4005,22168.66,4456,53,59,61,2012,3946,4395,A7,A12,G12,7,12,84
14_12_88,all-well,hg38,2534,4004,22163.12,4392,2464,3929,4315,70,75,77,B2,A12,H4,14,12,88
45_28_96,all-well,mm10,2433,4003,22157.59,4358,106,118,127,2327,3885,4231,D9,C4,H12,45,28,96
09_54_51,all-well,mm10,2153,4002,22152.05,4408,45,45,49,2108,3957,4359,A9,E6,E3,9,54,51
46_68_26,all-well,hg38,2521,4001,22146.51,4404,2493,3972,4372,28,29,32,D10,F8,C2,46,68,26
21_34_73,all-well,mm10,2173,4000,22140.98,4431,27,27,27,2146,3973,4404,B9,C10,G1,21,34,73
07_47_86,all-well,hg38,2571,4000,22140.98,4388,2542,3970,4357,29,30,31,A7,D11,H2,7,47,86
03_86_55,all-well,hg38,2648,3998,22129.91,4401,2615,3959,4361,33,39,40,A3,H2,E7,3,86,55
17_50_55,all-well,mm10,2328,3997,22124.37,4410,41,43,45,2287,3954,4365,B5,E2,E7,17,50,55
11_09_38,all-well,mm10,2349,3997,22124.37,4448,27,27,28,2322,3970,4420,A11,A9,D2,11,9,38
15_38_77,all-well,hg38,2632,3997,22124.37,4380,2600,3964,4347,32,33,33,B3,D2,G5,15,38,77
48_75_48,all-well,mm10,2269,3996,22118.84,4390,41,42,44,2228,3954,4346,D12,G3,D12,48,75,48
47_64_59,all-well,mm10,2121,3995,22113.30,4424,56,57,59,2065,3938,4365,D11,F4,E11,47,64,59
06_32_45,all-well,hg38,2375,3995,22113.30,4377,2348,3968,4348,27,27,29,A6,C8,D9,6,32,45
44_23_15,all-well,mm10,2359,3993,22102.23,4394,260,299,323,2099,3694,4071,D8,B11,B3,44,23,15
22_11_64,all-well,mm10,2271,3992,22096.70,4374,60,63,66,2211,3929,4308,B10,A11,F4,22,11,64
23_67_33,all-well,mm10,2089,3991,22091.16,4367,36,38,38,2053,3953,4329,B11,F7,C9,23,67,33
11_21_72,all-well,mm10,2338,3991,22091.16,4366,42,43,47,2296,3948,4319,A11,B9,F12,11,21,72
20_06_57,all-well,mm10,2268,3991,22091.16,4412,34,38,40,2234,3953,4372,B8,A6,E9,20,6,57
07_90_44,all-well,mm10,2236,3991,22091.16,4395,47,47,49,2189,3944,4346,A7,H6,D8,7,90,44
07_04_77,all-well,mm10,2332,3989,22080.09,4406,37,37,39,2295,3952,4367,A7,A4,G5,7,4,77
05_88_08,all-well,hg38,2460,3989,22080.09,4398,2427,3954,4358,33,35,40,A5,H4,A8,5,88,8
04_05_40,all-well,mm10,2239,3989,22080.09,4385,80,83,89,2159,3906,4296,A4,A5,D4,4,5,40
01_38_43,all-well,mm10,2358,3988,22074.56,4381,38,39,44,2320,3949,4337,A1,D2,D7,1,38,43
44_44_39,all-well,mm10,2295,3988,22074.56,4373,43,44,45,2252,3944,4328,D8,D8,D3,44,44,39
22_86_11,all-well,hg38,2424,3987,22069.02,4387,2382,3937,4332,42,50,55,B10,H2,A11,22,86,11
27_07_24,all-well,mm10,2344,3987,22069.02,4404,55,56,59,2289,3931,4345,C3,A7,B12,27,7,24
06_21_81,all-well,mm10,2176,3985,22057.95,4377,49,51,55,2127,3934,4322,A6,B9,G9,6,21,81
18_41_11,all-well,hg38,2545,3985,22057.95,4443,2527,3966,4420,18,19,23,B6,D5,A11,18,41,11
27_64_95,all-well,mm10,2287,3982,22041.34,4360,69,70,72,2218,3912,4288,C3,F4,H11,27,64,95
42_29_54,all-well,hg38,2371,3982,22041.34,4411,2323,3931,4357,48,51,54,D6,C5,E6,42,29,54
17_78_80,all-well,mm10,2229,3981,22035.81,4357,42,44,45,2187,3937,4312,B5,G6,G8,17,78,80
19_77_77,all-well,hg38,2513,3980,22030.27,4386,2496,3963,4369,17,17,17,B7,G5,G5,19,77,77
30_04_53,all-well,mm10,2247,3979,22024.74,4372,30,30,33,2217,3949,4339,C6,A4,E5,30,4,53
15_07_60,all-well,mm10,2413,3979,22024.74,4376,94,96,102,2319,3883,4274,B3,A7,E12,15,7,60
27_86_44,all-well,mm10,2200,3978,22019.20,4447,71,73,80,2129,3905,4367,C3,H2,D8,27,86,44
48_38_70,all-well,mm10,2369,3977,22013.67,4402,65,65,67,2304,3912,4335,D12,D2,F10,48,38,70
11_59_89,all-well,hg38,2526,3977,22013.67,4377,2505,3956,4356,21,21,21,A11,E11,H5,11,59,89
44_04_28,all-well,mm10,2309,3977,22013.67,4348,50,50,51,2259,3927,4297,D8,A4,C4,44,4,28
45_58_74,all-well,mm10,2392,3975,22002.60,4353,95,102,110,2297,3873,4243,D9,E10,G2,45,58,74
09_47_89,all-well,mm10,2239,3975,22002.60,4371,43,47,50,2196,3928,4321,A9,D11,H5,9,47,89
21_41_74,all-well,mm10,2244,3973,21991.53,4363,25,26,29,2219,3947,4334,B9,D5,G2,21,41,74
46_12_14,all-well,hg38,2512,3972,21985.99,4359,2488,3948,4331,24,24,28,D10,A12,B2,46,12,14
16_82_23,all-well,mm10,2390,3971,21980.46,4371,60,61,61,2330,3910,4310,B4,G10,B11,16,82,23
21_68_06,all-well,mm10,2298,3970,21974.92,4371,32,35,35,2266,3935,4336,B9,F8,A6,21,68,6
08_42_81,all-well,hg38,2476,3969,21969.39,4364,2441,3932,4327,35,37,37,A8,D6,G9,8,42,81
06_06_62,all-well,mm10,2248,3969,21969.39,4343,57,63,69,2191,3906,4274,A6,A6,F2,6,6,62
07_38_68,all-well,mm10,2207,3968,21963.85,4368,56,58,63,2151,3910,4305,A7,D2,F8,7,38,68
19_21_22,all-well,hg38,2525,3968,21963.85,4358,2505,3946,4335,20,22,23,B7,B9,B10,19,21,22
28_43_49,all-well,mm10,2296,3967,21958.32,4384,103,108,118,2193,3859,4266,C4,D7,E1,28,43,49
29_93_48,all-well,hg38,2479,3967,21958.32,4370,2457,3945,4348,22,22,22,C5,H9,D12,29,93,48
29_09_60,all-well,hg38,2530,3967,21958.32,4366,2506,3943,4342,24,24,24,C5,A9,E12,29,9,60
18_64_50,all-well,mm10,2328,3965,21947.25,4381,40,40,43,2288,3925,4338,B6,F4,E2,18,64,50
43_33_87,all-well,mm10,2371,3965,21947.25,4367,79,87,94,2292,3878,4273,D7,C9,H3,43,33,87
06_46_77,all-well,mm10,2182,3964,21941.71,4393,58,60,61,2124,3904,4332,A6,D10,G5,6,46,77
06_26_28,all-well,mm10,2330,3964,21941.71,4338,69,70,80,2261,3894,4258,A6,C2,C4,6,26,28
35_58_59,all-well,mm10,2180,3964,21941.71,4360,45,45,50,2135,3919,4310,C11,E10,E11,35,58,59
14_19_82,all-well,hg38,2430,3963,21936.18,4412,2378,3911,4354,52,52,58,B2,B7,G10,14,19,82
18_60_69,all-well,hg38,2505,3963,21936.18,4370,2480,3938,4344,25,25,26,B6,E12,F9,18,60,69
44_81_81,all-well,mm10,2292,3962,21930.64,4365,61,63,68,2231,3899,4297,D8,G9,G9,44,81,81
34_32_89,all-well,mm10,2301,3961,21925.10,4356,59,67,72,2242,3894,4284,C10,C8,H5,34,32,89
40_02_07,all-well,mm10,2230,3961,21925.10,4326,78,81,88,2152,3880,4238,D4,A2,A7,40,2,7
30_53_14,all-well,mm10,2274,3961,21925.10,4390,32,32,32,2242,3929,4358,C6,E5,B2,30,53,14
25_66_90,all-well,mm10,2256,3961,21925.10,4337,88,92,97,2168,3869,4240,C1,F6,H6,25,66,90
26_10_45,all-well,mm10,2272,3960,21919.57,4356,51,53,54,2221,3907,4302,C2,A10,D9,26,10,45
23_14_54,all-well,mm10,2160,3960,21919.57,4321,51,51,53,2109,3909,4268,B11,B2,E6,23,14,54
07_07_54,all-well,mm10,2334,3959,21914.03,4334,37,37,37,2297,3922,4297,A7,A7,E6,7,7,54
04_01_40,all-well,mm10,2302,3959,21914.03,4357,74,77,81,2228,3882,4276,A4,A1,D4,4,1,40
48_45_18,all-well,mm10,2384,3959,21914.03,4329,61,65,66,2323,3894,4263,D12,D9,B6,48,45,18
35_10_22,all-well,mm10,2293,3957,21902.96,4363,32,34,37,2261,3923,4326,C11,A10,B10,35,10,22
29_19_90,all-well,mm10,2305,3956,21897.43,4339,29,30,31,2276,3926,4308,C5,B7,H6,29,19,90
15_58_14,all-well,multiplet,2901,3955,21891.89,4375,1766,2504,2753,1135,1451,1622,B3,E10,B2,15,58,14
35_83_45,all-well,hg38,2486,3954,21886.36,4375,2464,3932,4347,22,22,28,C11,G11,D9,35,83,45
47_05_53,all-well,hg38,2552,3953,21880.82,4329,2524,3925,4296,28,28,33,D11,A5,E5,47,5,53
45_29_82,all-well,mm10,2377,3951,21869.75,4298,123,129,144,2254,3822,4154,D9,C5,G10,45,29,82
17_31_71,all-well,mm10,2376,3951,21869.75,4327,48,48,51,2328,3903,4276,B5,C7,F11,17,31,71
39_96_41,all-well,mm10,2296,3951,21869.75,4381,70,71,76,2226,3880,4305,D3,H12,D5,39,96,41
03_87_35,all-well,hg38,2664,3950,21864.22,4310,2616,3899,4255,48,51,55,A3,H3,C11,3,87,35
23_56_16,all-well,hg38,2189,3950,21864.22,4358,2163,3924,4330,26,26,28,B11,E8,B4,23,56,16
20_88_35,all-well,mm10,2090,3947,21847.61,4363,57,60,63,2033,3887,4300,B8,H4,C11,20,88,35
08_27_37,all-well,mm10,2251,3946,21842.08,4333,60,62,70,2191,3884,4263,A8,C3,D1,8,27,37
29_24_63,all-well,hg38,2552,3946,21842.08,4375,2519,3913,4339,33,33,36,C5,B12,F3,29,24,63
29_91_53,all-well,hg38,2513,3946,21842.08,4351,2493,3926,4331,20,20,20,C5,H7,E5,29,91,53
10_89_07,all-well,hg38,2471,3943,21825.47,4363,2454,3926,4345,17,17,18,A10,H5,A7,10,89,7
02_73_83,all-well,hg38,2485,3943,21825.47,4342,2465,3923,4319,20,20,23,A2,G1,G11,2,73,83
21_60_15,all-well,mm10,2339,3942,21819.94,4352,43,44,46,2296,3898,4306,B9,E12,B3,21,60,15
47_63_60,all-well,hg38,2385,3942,21819.94,4340,2367,3923,4320,18,19,20,D11,F3,E12,47,63,60
28_51_41,all-well,mm10,2378,3942,21819.94,4366,75,82,90,2303,3860,4276,C4,E3,D5,28,51,41
03_60_40,all-well,hg38,2559,3941,21814.40,4323,2527,3898,4278,32,43,45,A3,E12,D4,3,60,40
29_82_81,all-well,mm10,2301,3941,21814.40,4290,35,35,36,2266,3906,4254,C5,G10,G9,29,82,81
02_66_07,all-well,mm10,2448,3940,21808.86,4317,57,57,59,2391,3883,4258,A2,F6,A7,2,66,7
33_23_22,all-well,mm10,2340,3939,21803.33,4330,39,41,44,2301,3898,4286,C9,B11,B10,33,23,22
07_62_88,all-well,mm10,2068,3939,21803.33,4373,72,79,84,1996,3860,4289,A7,F2,H4,7,62,88
29_42_68,all-well,hg38,2500,3938,21797.79,4354,2472,3910,4326,28,28,28,C5,D6,F8,29,42,68
18_86_78,all-well,hg38,2525,3938,21797.79,4334,2504,3915,4308,21,23,26,B6,H2,G6,18,86,78
06_95_03,all-well,mm10,2241,3936,21786.72,4355,45,46,52,2196,3890,4303,A6,H11,A3,6,95,3
15_55_29,all-well,mm10,2311,3936,21786.72,4339,37,37,39,2274,3899,4300,B3,E7,C5,15,55,29
21_16_17,all-well,hg38,2479,3935,21781.19,4369,2448,3901,4333,31,34,36,B9,B4,B5,21,16,17
10_49_13,all-well,mm10,2377,3935,21781.19,4301,39,41,44,2338,3894,4257,A10,E1,B1,10,49,13
38_49_15,all-well,mm10,2184,3934,21775.65,4328,84,95,109,2100,3839,4219,D2,E1,B3,38,49,15
07_80_26,all-well,mm10,2175,3934,21775.65,4334,56,58,63,2119,3876,4271,A7,G8,C2,7,80,26
44_53_81,all-well,mm10,2360,3934,21775.65,4359,37,38,41,2323,3896,4318,D8,E5,G9,44,53,81
36_17_17,all-well,mm10,2147,3933,21770.12,4321,46,48,53,2101,3885,4268,C12,B5,B5,36,17,17
44_06_19,all-well,mm10,2296,3932,21764.58,4354,47,49,51,2249,3883,4303,D8,A6,B7,44,6,19
04_45_77,all-well,hg38,2524,3931,21759.05,4311,2503,3909,4289,21,22,22,A4,D9,G5,4,45,77
45_62_55,all-well,hg38,2614,3931,21759.05,4328,2575,3888,4280,39,43,48,D9,F2,E7,45,62,55
04_62_50,all-well,mm10,2370,3931,21759.05,4325,79,85,90,2291,3846,4235,A4,F2,E2,4,62,50
30_26_32,all-well,hg38,2445,3931,21759.05,4296,2413,3899,4260,32,32,36,C6,C2,C8,30,26,32
23_92_09,all-well,hg38,2479,3930,21753.51,4308,2454,3901,4276,25,29,32,B11,H8,A9,23,92,9
24_96_25,all-well,hg38,2561,3930,21753.51,4329,2544,3913,4310,17,17,19,B12,H12,C1,24,96,25
15_86_02,all-well,hg38,2607,3930,21753.51,4300,2569,3892,4260,38,38,40,B3,H2,A2,15,86,2
12_15_34,all-well,hg38,2437,3928,21742.44,4334,2357,3843,4244,80,85,90,A12,B3,C10,12,15,34
25_25_12,all-well,hg38,2517,3928,21742.44,4298,2491,3902,4270,26,26,28,C1,C1,A12,25,25,12
20_44_75,all-well,hg38,2443,3927,21736.91,4339,2412,3894,4306,31,33,33,B8,D8,G3,20,44,75
29_57_84,all-well,mm10,2281,3927,21736.91,4318,29,30,32,2252,3897,4286,C5,E9,G12,29,57,84
45_73_64,all-well,mm10,2417,3924,21720.30,4295,109,112,122,2308,3812,4173,D9,G1,F4,45,73,64
05_48_95,all-well,hg38,2310,3924,21720.30,4373,2282,3896,4345,28,28,28,A5,D12,H11,5,48,95
46_90_96,all-well,mm10,2136,3923,21714.77,4307,74,79,85,2062,3844,4222,D10,H6,H12,46,90,96
29_89_20,all-well,hg38,2589,3923,21714.77,4310,2569,3903,4290,20,20,20,C5,H5,B8,29,89,20
30_37_01,all-well,hg38,2568,3923,21714.77,4360,2526,3881,4316,42,42,44,C6,D1,A1,30,37,1
18_22_81,all-well,mm10,2326,3922,21709.23,4298,50,51,52,2276,3871,4246,B6,B10,G9,18,22,81
42_55_58,all-well,hg38,2555,3921,21703.70,4324,2526,3891,4291,29,30,33,D6,E7,E10,42,55,58
10_67_30,all-well,hg38,2437,3919,21692.62,4311,2412,3893,4281,25,26,30,A10,F7,C6,10,67,30
18_18_05,all-well,mm10,2311,3918,21687.09,4333,62,62,66,2249,3856,4267,B6,B6,A5,18,18,5
11_68_70,all-well,mm10,2195,3917,21681.55,4323,51,51,56,2144,3866,4267,A11,F8,F10,11,68,70
40_83_68,all-well,mm10,2326,3916,21676.02,4299,41,43,46,2285,3873,4253,D4,G11,F8,40,83,68
14_42_18,all-well,hg38,2523,3914,21664.95,4304,2494,3885,4274,29,29,30,B2,D6,B6,14,42,18
37_56_01,all-well,hg38,2404,3913,21659.41,4319,2377,3884,4287,27,29,32,D1,E8,A1,37,56,1
20_60_53,all-well,mm10,2291,3913,21659.41,4279,31,32,33,2260,3881,4246,B8,E12,E5,20,60,53
26_30_75,all-well,mm10,2282,3913,21659.41,4292,46,48,52,2236,3865,4240,C2,C6,G3,26,30,75
14_94_01,all-well,hg38,2527,3912,21653.88,4304,2470,3853,4238,57,59,66,B2,H10,A1,14,94,1
27_95_19,all-well,mm10,2277,3911,21648.34,4303,57,57,61,2220,3854,4242,C3,H11,B7,27,95,19
29_93_02,all-well,mm10,2310,3910,21642.81,4294,43,46,49,2267,3864,4245,C5,H9,A2,29,93,2
44_38_17,all-well,mm10,2206,3910,21642.81,4291,42,42,44,2164,3868,4247,D8,D2,B5,44,38,17
20_45_44,all-well,mm10,2071,3909,21637.27,4305,32,33,33,2039,3876,4272,B8,D9,D8,20,45,44
21_91_26,all-well,hg38,2503,3908,21631.74,4308,2492,3897,4297,11,11,11,B9,H7,C2,21,91,26
03_27_54,all-well,hg38,2633,3908,21631.74,4304,2595,3866,4256,38,42,48,A3,C3,E6,3,27,54
27_55_40,all-well,hg38,2390,3907,21626.20,4305,2374,3887,4285,16,20,20,C3,E7,D4,27,55,40
01_33_29,all-well,mm10,2320,3907,21626.20,4314,35,35,37,2285,3872,4277,A1,C9,C5,1,33,29
07_71_16,all-well,hg38,2396,3906,21620.67,4301,2371,3881,4274,25,25,27,A7,F11,B4,7,71,16
46_08_75,all-well,mm10,2249,3906,21620.67,4290,33,35,36,2216,3871,4254,D10,A8,G3,46,8,75
33_01_50,all-well,hg38,2526,3904,21609.60,4299,2498,3875,4268,28,29,31,C9,A1,E2,33,1,50
40_89_05,all-well,mm10,2327,3904,21609.60,4299,53,54,59,2274,3850,4240,D4,H5,A5,40,89,5
21_11_08,all-well,hg38,2370,3903,21604.06,4321,2344,3877,4294,26,26,27,B9,A11,A8,21,11,8
47_69_22,all-well,hg38,2555,3903,21604.06,4279,2526,3874,4250,29,29,29,D11,F9,B10,47,69,22
41_20_65,all-well,mm10,2357,3902,21598.53,4286,36,36,40,2321,3866,4246,D5,B8,F5,41,20,65
11_12_01,all-well,mm10,2157,3902,21598.53,4312,33,33,33,2124,3869,4279,A11,A12,A1,11,12,1
34_64_89,all-well,mm10,2205,3902,21598.53,4278,57,58,63,2148,3844,4215,C10,F4,H5,34,64,89
17_08_39,all-well,mm10,2104,3901,21592.99,4289,20,21,23,2084,3880,4266,B5,A8,D3,17,8,39
46_16_14,all-well,hg38,2633,3901,21592.99,4333,2596,3864,4295,37,37,38,D10,B4,B2,46,16,14
17_73_51,all-well,hg38,2338,3899,21581.92,4305,2309,3870,4275,29,29,30,B5,G1,E3,17,73,51
05_88_31,all-well,hg38,2311,3898,21576.38,4262,2290,3877,4241,21,21,21,A5,H4,C7,5,88,31
30_19_41,all-well,mm10,2244,3898,21576.38,4282,59,61,61,2185,3837,4221,C6,B7,D5,30,19,41
23_52_78,all-well,mm10,2218,3898,21576.38,4300,44,44,48,2174,3854,4252,B11,E4,G6,23,52,78
43_10_57,all-well,mm10,2291,3897,21570.85,4291,33,34,34,2258,3863,4257,D7,A10,E9,43,10,57
21_51_70,all-well,mm10,2255,3897,21570.85,4267,37,38,42,2218,3859,4225,B9,E3,F10,21,51,70
04_39_93,all-well,mm10,2197,3896,21565.31,4261,45,46,50,2152,3850,4211,A4,D3,H9,4,39,93
27_24_66,all-well,mm10,2303,3896,21565.31,4316,67,69,72,2236,3827,4244,C3,B12,F6,27,24,66
35_68_35,all-well,mm10,2372,3895,21559.78,4313,38,39,39,2334,3856,4274,C11,F8,C11,35,68,35
05_39_73,all-well,mm10,2224,3894,21554.24,4307,38,39,42,2186,3855,4265,A5,D3,G1,5,39,73
35_28_41,all-well,mm10,2286,3894,21554.24,4311,76,79,85,2210,3815,4226,C11,C4,D5,35,28,41
03_13_31,all-well,mm10,2331,3893,21548.71,4231,95,96,108,2236,3797,4123,A3,B1,C7,3,13,31
19_12_91,all-well,mm10,2175,3892,21543.17,4301,26,26,27,2149,3866,4274,B7,A12,H7,19,12,91
41_50_60,all-well,mm10,2221,3890,21532.10,4305,33,33,34,2188,3857,4271,D5,E2,E12,41,50,60
20_03_53,all-well,hg38,2478,3890,21532.10,4302,2458,3869,4279,20,21,23,B8,A3,E5,20,3,53
20_25_83,all-well,hg38,2422,3890,21532.10,4297,2396,3863,4268,26,27,29,B8,C1,G11,20,25,83
11_66_55,all-well,mm10,2302,3890,21532.10,4300,44,46,52,2258,3844,4248,A11,F6,E7,11,66,55
21_85_21,all-well,mm10,2277,3889,21526.57,4264,39,39,42,2238,3850,4222,B9,H1,B9,21,85,21
29_68_02,all-well,mm10,2262,3888,21521.03,4289,50,51,56,2212,3837,4233,C5,F8,A2,29,68,2
40_85_07,all-well,hg38,2545,3888,21521.03,4256,2520,3862,4230,25,26,26,D4,H1,A7,40,85,7
47_08_16,all-well,hg38,2539,3887,21515.50,4316,2524,3872,4300,15,15,16,D11,A8,B4,47,8,16
40_96_55,all-well,mm10,2271,3887,21515.50,4248,38,39,43,2233,3848,4205,D4,H12,E7,40,96,55
35_24_25,all-well,mm10,2414,3886,21509.96,4276,45,46,50,2369,3840,4226,C11,B12,C1,35,24,25
04_24_81,all-well,mm10,2302,3885,21504.43,4304,32,32,33,2270,3853,4271,A4,B12,G9,4,24,81
21_44_85,all-well,mm10,2186,3884,21498.89,4243,47,47,49,2139,3837,4194,B9,D8,H1,21,44,85
41_72_82,all-well,mm10,2239,3884,21498.89,4241,31,31,32,2208,3853,4209,D5,F12,G10,41,72,82
23_16_85,all-well,hg38,2449,3883,21493.36,4316,2382,3812,4239,67,71,77,B11,B4,H1,23,16,85
17_35_25,all-well,mm10,2251,3883,21493.36,4281,40,40,43,2211,3843,4238,B5,C11,C1,17,35,25
18_40_12,all-well,mm10,2274,3882,21487.82,4289,39,39,40,2235,3843,4249,B6,D4,A12,18,40,12
03_80_08,all-well,hg38,2527,3881,21482.29,4283,2482,3830,4232,45,51,51,A3,G8,A8,3,80,8
20_08_34,all-well,mm10,2295,3881,21482.29,4265,25,25,25,2270,3856,4240,B8,A8,C10,20,8,34
03_72_37,all-well,mm10,2301,3880,21476.75,4210,73,76,79,2228,3804,4131,A3,F12,D1,3,72,37
18_85_68,all-well,hg38,2460,3880,21476.75,4271,2437,3854,4244,23,26,27,B6,H1,F8,18,85,68
36_96_07,all-well,mm10,2273,3879,21471.21,4248,78,86,90,2195,3793,4158,C12,H12,A7,36,96,7
14_06_58,all-well,mm10,2270,3878,21465.68,4268,253,290,320,2017,3588,3948,B2,A6,E10,14,6,58
15_47_85,all-well,mm10,2150,3877,21460.14,4229,32,32,32,2118,3845,4197,B3,D11,H1,15,47,85
17_42_54,all-well,hg38,2489,3876,21454.61,4273,2470,3856,4251,19,20,22,B5,D6,E6,17,42,54
19_77_57,all-well,hg38,2499,3876,21454.61,4291,2483,3860,4274,16,16,17,B7,G5,E9,19,77,57
46_08_73,all-well,mm10,2225,3875,21449.07,4283,47,47,49,2178,3828,4234,D10,A8,G1,46,8,73
25_20_70,all-well,mm10,2297,3875,21449.07,4274,69,73,78,2228,3802,4196,C1,B8,F10,25,20,70
11_20_94,all-well,hg38,2476,3874,21443.54,4302,2463,3861,4288,13,13,14,A11,B8,H10,11,20,94
25_74_15,all-well,hg38,2398,3874,21443.54,4217,2370,3840,4182,28,34,35,C1,G2,B3,25,74,15
21_96_40,all-well,hg38,2315,3874,21443.54,4276,2282,3840,4239,33,34,37,B9,H12,D4,21,96,40
29_46_10,all-well,mm10,2205,3874,21443.54,4254,31,31,34,2174,3843,4220,C5,D10,A10,29,46,10
18_29_61,all-well,mm10,2272,3874,21443.54,4249,50,50,54,2222,3824,4195,B6,C5,F1,18,29,61
18_53_36,all-well,hg38,2491,3872,21432.47,4267,2478,3859,4253,13,13,14,B6,E5,C12,18,53,36
07_10_01,all-well,mm10,2149,3871,21426.93,4244,31,33,34,2118,3838,4210,A7,A10,A1,7,10,1
06_62_44,all-well,mm10,2171,3871,21426.93,4304,34,35,38,2137,3836,4266,A6,F2,D8,6,62,44
46_04_33,all-well,mm10,2163,3871,21426.93,4264,45,46,50,2118,3825,4214,D10,A4,C9,46,4,33
12_45_82,all-well,mm10,2168,3869,21415.86,4254,42,43,44,2126,3826,4210,A12,D9,G10,12,45,82
26_13_86,all-well,mm10,2125,3869,21415.86,4231,76,80,83,2049,3789,4148,C2,B1,H2,26,13,86
06_72_16,all-well,hg38,2467,3868,21410.33,4229,2452,3853,4213,15,15,16,A6,F12,B4,6,72,16
40_23_89,all-well,mm10,2258,3867,21404.79,4245,78,121,133,2180,3746,4112,D4,B11,H5,40,23,89
30_66_15,all-well,mm10,2390,3866,21399.26,4248,280,315,343,2110,3551,3905,C6,F6,B3,30,66,15
02_72_01,all-well,hg38,2460,3865,21393.72,4247,2421,3824,4200,39,41,47,A2,F12,A1,2,72,1
30_05_03,all-well,mm10,2285,3865,21393.72,4244,31,33,34,2254,3832,4210,C6,A5,A3,30,5,3
14_01_26,all-well,mm10,2330,3865,21393.72,4267,72,75,83,2258,3790,4184,B2,A1,C2,14,1,26
31_29_48,all-well,mm10,2161,3864,21388.19,4260,49,53,60,2112,3811,4200,C7,C5,D12,31,29,48
29_60_17,all-well,mm10,2308,3863,21382.65,4231,30,31,34,2278,3832,4197,C5,E12,B5,29,60,17
48_35_05,all-well,mm10,2144,3862,21377.12,4262,66,70,77,2078,3792,4185,D12,C11,A5,48,35,5
45_65_82,all-well,hg38,2678,3861,21371.58,4219,2619,3798,4152,59,63,67,D9,F5,G10,45,65,82
03_86_72,all-well,hg38,2600,3860,21366.05,4200,2558,3810,4147,42,50,53,A3,H2,F12,3,86,72
40_94_41,all-well,hg38,2362,3859,21360.51,4267,2341,3838,4246,21,21,21,D4,H10,D5,40,94,41
22_59_62,all-well,mm10,2221,3859,21360.51,4290,67,69,73,2154,3790,4217,B10,E11,F2,22,59,62
29_34_46,all-well,hg38,2397,3859,21360.51,4238,2374,3836,4214,23,23,24,C5,C10,D10,29,34,46
36_74_48,all-well,hg38,2335,3858,21354.97,4255,2292,3810,4203,43,48,52,C12,G2,D12,36,74,48
30_20_82,all-well,mm10,2170,3858,21354.97,4247,37,39,43,2133,3819,4204,C6,B8,G10,30,20,82
11_66_30,all-well,mm10,2079,3857,21349.44,4230,41,41,47,2038,3816,4183,A11,F6,C6,11,66,30
01_84_30,all-well,hg38,2204,3856,21343.90,4246,2171,3823,4209,33,33,37,A1,G12,C6,1,84,30
02_07_55,all-well,mm10,2294,3856,21343.90,4261,79,85,89,2215,3771,4172,A2,A7,E7,2,7,55
38_95_85,all-well,mm10,2356,3855,21338.37,4238,99,105,111,2257,3750,4127,D2,H11,H1,38,95,85
11_52_08,all-well,hg38,2457,3855,21338.37,4214,2445,3843,4199,12,12,15,A11,E4,A8,11,52,8
06_92_89,all-well,hg38,2327,3855,21338.37,4225,2307,3835,4205,20,20,20,A6,H8,H5,6,92,89
27_96_46,all-well,mm10,2297,3855,21338.37,4223,51,51,52,2246,3804,4171,C3,H12,D10,27,96,46
20_23_75,all-well,hg38,2497,3855,21338.37,4255,2482,3840,4239,15,15,16,B8,B11,G3,20,23,75
25_25_14,all-well,hg38,2479,3855,21338.37,4245,2456,3832,4220,23,23,25,C1,C1,B2,25,25,14
45_11_59,all-well,mm10,2423,3854,21332.83,4233,51,54,58,2372,3800,4175,D9,A11,E11,45,11,59
13_39_06,all-well,mm10,2260,3854,21332.83,4233,49,50,50,2211,3804,4183,B1,D3,A6,13,39,6
45_81_82,all-well,hg38,2607,3851,21316.23,4213,2523,3761,4120,84,90,93,D9,G9,G10,45,81,82
21_62_71,all-well,mm10,2325,3850,21310.69,4268,55,58,63,2270,3792,4205,B9,F2,F11,21,62,71
40_92_24,all-well,mm10,2255,3849,21305.16,4219,102,117,123,2153,3732,4096,D4,H8,B12,40,92,24
14_56_24,all-well,mm10,2389,3849,21305.16,4209,59,66,68,2330,3783,4141,B2,E8,B12,14,56,24
18_21_20,all-well,hg38,2413,3847,21294.09,4241,2392,3826,4219,21,21,22,B6,B9,B8,18,21,20
09_06_32,all-well,mm10,2334,3847,21294.09,4224,42,42,46,2292,3805,4178,A9,A6,C8,9,6,32
41_56_49,all-well,mm10,2346,3846,21288.55,4203,41,42,43,2305,3804,4160,D5,E8,E1,41,56,49
18_35_66,all-well,mm10,2318,3846,21288.55,4275,29,29,32,2289,3817,4243,B6,C11,F6,18,35,66
25_39_29,all-well,mm10,2452,3845,21283.02,4230,125,129,140,2327,3716,4090,C1,D3,C5,25,39,29
40_55_68,all-well,mm10,2202,3844,21277.48,4215,45,45,48,2157,3799,4167,D4,E7,F8,40,55,68
16_38_74,all-well,mm10,2297,3843,21271.95,4236,29,30,30,2268,3813,4206,B4,D2,G2,16,38,74
34_15_26,all-well,hg38,2436,3842,21266.41,4229,2417,3822,4209,19,20,20,C10,B3,C2,34,15,26
18_20_09,all-well,hg38,2558,3841,21260.88,4201,2533,3813,4173,25,28,28,B6,B8,A9,18,20,9
31_87_67,all-well,mm10,2014,3840,21255.34,4203,111,111,121,1903,3729,4082,C7,H3,F7,31,87,67
18_39_59,all-well,hg38,2563,3840,21255.34,4225,2541,3818,4202,22,22,23,B6,D3,E11,18,39,59
23_88_53,all-well,mm10,2095,3839,21249.80,4221,54,55,58,2041,3784,4163,B11,H4,E5,23,88,53
04_95_85,all-well,hg38,2453,3838,21244.27,4239,2424,3805,4200,29,33,39,A4,H11,H1,4,95,85
11_49_55,all-well,hg38,2498,3837,21238.73,4242,2470,3809,4212,28,28,30,A11,E1,E7,11,49,55
26_11_30,all-well,mm10,2051,3837,21238.73,4213,33,34,40,2018,3803,4173,C2,A11,C6,26,11,30
15_19_02,all-well,hg38,2385,3836,21233.20,4221,2363,3812,4196,22,24,25,B3,B7,A2,15,19,2
18_34_86,all-well,hg38,2387,3835,21227.66,4251,2369,3816,4231,18,19,20,B6,C10,H2,18,34,86
10_26_89,all-well,mm10,2281,3834,21222.13,4201,44,45,47,2237,3789,4154,A10,C2,H5,10,26,89
07_88_77,all-well,mm10,2188,3833,21216.59,4183,38,42,44,2150,3791,4139,A7,H4,G5,7,88,77
33_20_26,all-well,hg38,2424,3833,21216.59,4219,2398,3805,4190,26,28,29,C9,B8,C2,33,20,26
45_07_76,all-well,hg38,2658,3833,21216.59,4162,2616,3789,4116,42,44,46,D9,A7,G4,45,7,76
36_28_79,all-well,hg38,2247,3832,21211.06,4235,2202,3785,4186,45,47,49,C12,C4,G7,36,28,79
44_85_18,all-well,mm10,2349,3830,21199.99,4205,42,42,47,2307,3788,4158,D8,H1,B6,44,85,18
29_26_49,all-well,mm10,2210,3830,21199.99,4210,39,40,40,2171,3790,4170,C5,C2,E1,29,26,49
26_69_23,all-well,mm10,2349,3829,21194.45,4227,74,77,81,2275,3752,4146,C2,F9,B11,26,69,23
33_49_07,all-well,mm10,2338,3829,21194.45,4200,46,51,54,2292,3778,4146,C9,E1,A7,33,49,7
41_96_47,all-well,hg38,2495,3828,21188.92,4258,2470,3799,4224,25,29,34,D5,H12,D11,41,96,47
30_08_08,all-well,mm10,2116,3828,21188.92,4183,37,37,39,2079,3791,4144,C6,A8,A8,30,8,8
18_68_45,all-well,hg38,2480,3827,21183.38,4201,2469,3815,4187,11,12,14,B6,F8,D9,18,68,45
27_55_39,all-well,hg38,2400,3827,21183.38,4190,2385,3812,4174,15,15,16,C3,E7,D3,27,55,39
30_17_85,all-well,mm10,2183,3827,21183.38,4210,49,53,57,2134,3774,4153,C6,B5,H1,30,17,85
11_75_93,all-well,mm10,2060,3827,21183.38,4202,28,29,34,2032,3798,4168,A11,G3,H9,11,75,93
30_74_04,all-well,mm10,2230,3826,21177.85,4201,143,148,166,2087,3678,4035,C6,G2,A4,30,74,4
08_42_26,all-well,hg38,2416,3826,21177.85,4254,2396,3805,4233,20,21,21,A8,D6,C2,8,42,26
18_45_95,all-well,mm10,2189,3825,21172.31,4247,33,34,38,2156,3791,4209,B6,D9,H11,18,45,95
46_96_51,all-well,hg38,2446,3825,21172.31,4203,2422,3800,4178,24,25,25,D10,H12,E3,46,96,51
27_22_09,all-well,mm10,2271,3824,21166.78,4229,68,70,73,2203,3754,4156,C3,B10,A9,27,22,9
30_43_28,all-well,mm10,2009,3823,21161.24,4217,38,38,41,1971,3785,4176,C6,D7,C4,30,43,28
28_25_54,all-well,hg38,2512,3823,21161.24,4183,2440,3746,4101,72,77,82,C4,C1,E6,28,25,54
28_96_05,all-well,hg38,2382,3823,21161.24,4194,2348,3789,4158,34,34,36,C4,H12,A5,28,96,5
29_37_72,all-well,mm10,2135,3823,21161.24,4190,44,44,49,2091,3779,4141,C5,D1,F12,29,37,72
04_60_61,all-well,hg38,2457,3822,21155.71,4232,2426,3789,4196,31,33,36,A4,E12,F1,4,60,61
25_80_32,all-well,hg38,2262,3822,21155.71,4182,2237,3797,4155,25,25,27,C1,G8,C8,25,80,32
41_08_38,all-well,mm10,2152,3821,21150.17,4211,26,29,30,2126,3792,4181,D5,A8,D2,41,8,38
28_83_14,all-well,mm10,2220,3821,21150.17,4212,41,42,44,2179,3779,4168,C4,G11,B2,28,83,14
38_25_77,all-well,mm10,2313,3819,21139.10,4217,42,44,49,2271,3775,4168,D2,C1,G5,38,25,77
08_34_67,all-well,mm10,2109,3817,21128.03,4175,38,38,41,2071,3779,4134,A8,C10,F7,8,34,67
09_44_17,all-well,hg38,2389,3817,21128.03,4222,2359,3787,4190,30,30,32,A9,D8,B5,9,44,17
21_88_23,all-well,mm10,2211,3816,21122.49,4208,48,49,57,2163,3767,4151,B9,H4,B11,21,88,23
16_66_92,all-well,mm10,2236,3816,21122.49,4166,65,70,75,2171,3746,4091,B4,F6,H8,16,66,92
46_49_66,all-well,mm10,2218,3815,21116.96,4210,48,49,51,2170,3766,4159,D10,E1,F6,46,49,66
27_16_02,all-well,mm10,2236,3815,21116.96,4195,41,44,49,2195,3771,4146,C3,B4,A2,27,16,2
07_21_18,all-well,mm10,2197,3814,21111.42,4181,92,103,117,2105,3711,4064,A7,B9,B6,7,21,18
46_88_54,all-well,mm10,2249,3813,21105.89,4217,88,89,94,2161,3724,4123,D10,H4,E6,46,88,54
03_13_14,all-well,mm10,2311,3813,21105.89,4170,75,78,82,2236,3735,4088,A3,B1,B2,3,13,14
08_88_32,all-well,mm10,2068,3811,21094.82,4155,29,31,32,2039,3780,4123,A8,H4,C8,8,88,32
16_67_30,all-well,hg38,2462,3811,21094.82,4227,2425,3768,4183,37,43,44,B4,F7,C6,16,67,30
33_55_63,all-well,mm10,2247,3811,21094.82,4198,34,35,37,2213,3776,4161,C9,E7,F3,33,55,63
19_21_08,all-well,mm10,1917,3810,21089.28,4199,51,53,57,1866,3757,4142,B7,B9,A8,19,21,8
06_64_78,all-well,hg38,2417,3809,21083.75,4207,2397,3789,4185,20,20,22,A6,F4,G6,6,64,78
45_59_36,all-well,hg38,2530,3809,21083.75,4144,2453,3719,4053,77,90,91,D9,E11,C12,45,59,36
29_29_27,all-well,mm10,2163,3809,21083.75,4176,45,48,53,2118,3761,4123,C5,C5,C3,29,29,27
18_78_86,all-well,mm10,2140,3808,21078.21,4205,35,35,37,2105,3773,4168,B6,G6,H2,18,78,86
35_88_51,all-well,hg38,2486,3808,21078.21,4197,2465,3787,4176,21,21,21,C11,H4,E3,35,88,51
34_88_32,all-well,mm10,2210,3807,21072.68,4197,44,45,46,2166,3762,4151,C10,H4,C8,34,88,32
23_72_94,all-well,mm10,2190,3806,21067.14,4154,47,48,48,2143,3758,4106,B11,F12,H10,23,72,94
17_01_24,all-well,mm10,2230,3806,21067.14,4181,33,34,34,2197,3772,4147,B5,A1,B12,17,1,24
40_40_80,all-well,hg38,2439,3806,21067.14,4181,2393,3757,4128,46,49,53,D4,D4,G8,40,40,80
23_61_69,all-well,hg38,2377,3805,21061.61,4179,2350,3777,4149,27,28,30,B11,F1,F9,23,61,69
12_32_82,all-well,mm10,2277,3805,21061.61,4164,54,55,59,2223,3750,4105,A12,C8,G10,12,32,82
15_80_57,all-well,mm10,2267,3805,21061.61,4206,30,30,31,2237,3775,4175,B3,G8,E9,15,80,57
21_42_82,all-well,mm10,2248,3804,21056.07,4175,54,55,57,2194,3749,4118,B9,D6,G10,21,42,82
26_47_88,all-well,hg38,2593,3804,21056.07,4174,2555,3765,4132,38,39,42,C2,D11,H4,26,47,88
03_21_34,all-well,hg38,2570,3803,21050.54,4205,2532,3761,4160,38,42,45,A3,B9,C10,3,21,34
30_82_27,all-well,mm10,2211,3800,21033.93,4148,48,52,54,2163,3748,4094,C6,G10,C3,30,82,27
23_35_39,all-well,hg38,2235,3800,21033.93,4176,2210,3774,4148,25,26,28,B11,C11,D3,23,35,39
08_03_20,all-well,mm10,2088,3799,21028.40,4187,34,34,36,2054,3765,4151,A8,A3,B8,8,3,20
06_15_72,all-well,mm10,2095,3799,21028.40,4182,43,43,45,2052,3756,4137,A6,B3,F12,6,15,72
13_81_32,all-well,mm10,2078,3798,21022.86,4194,47,47,50,2031,3751,4144,B1,G9,C8,13,81,32
46_10_65,all-well,mm10,2187,3798,21022.86,4172,42,44,51,2145,3754,4121,D10,A10,F5,46,10,65
02_59_23,all-well,hg38,2503,3798,21022.86,4190,2480,3775,4165,23,23,25,A2,E11,B11,2,59,23
18_77_81,all-well,hg38,2432,3796,21011.79,4181,2415,3779,4162,17,17,19,B6,G5,G9,18,77,81
05_30_34,all-well,hg38,2430,3796,21011.79,4186,2410,3776,4162,20,20,24,A5,C6,C10,5,30,34
09_85_79,all-well,mm10,2280,3796,21011.79,4166,42,44,46,2238,3752,4120,A9,H1,G7,9,85,79
39_12_36,all-well,mm10,2212,3796,21011.79,4172,46,46,47,2166,3750,4125,D3,A12,C12,39,12,36
25_12_85,all-well,hg38,2502,3795,21006.25,4212,2476,3768,4184,26,27,28,C1,A12,H1,25,12,85
24_38_90,all-well,mm10,2160,3793,20995.18,4142,32,32,34,2128,3761,4108,B12,D2,H6,24,38,90
05_17_85,all-well,mm10,2245,3790,20978.58,4151,36,37,40,2209,3753,4111,A5,B5,H1,5,17,85
46_08_40,all-well,mm10,2159,3788,20967.51,4174,28,30,30,2131,3758,4144,D10,A8,D4,46,8,40
45_91_63,all-well,mm10,2280,3788,20967.51,4162,65,71,75,2215,3717,4087,D9,H7,F3,45,91,63
19_12_86,all-well,mm10,2184,3788,20967.51,4164,33,34,37,2151,3754,4127,B7,A12,H2,19,12,86
27_57_49,all-well,mm10,2184,3786,20956.44,4187,42,45,46,2142,3741,4141,C3,E9,E1,27,57,49
04_70_62,all-well,mm10,2224,3786,20956.44,4138,41,42,45,2183,3744,4093,A4,F10,F2,4,70,62
18_47_17,all-well,hg38,2442,3786,20956.44,4176,2421,3765,4155,21,21,21,B6,D11,B5,18,47,17
03_39_05,all-well,hg38,2502,3785,20950.90,4112,2459,3739,4060,43,46,52,A3,D3,A5,3,39,5
08_91_92,all-well,hg38,2477,3785,20950.90,4165,2461,3769,4148,16,16,17,A8,H7,H8,8,91,92
03_72_96,all-well,hg38,2549,3784,20945.37,4153,2499,3728,4095,50,56,58,A3,F12,H12,3,72,96
45_46_70,all-well,mm10,2465,3783,20939.83,4154,62,63,65,2403,3720,4089,D9,D10,F10,45,46,70
17_37_81,all-well,mm10,2166,3782,20934.30,4174,57,58,58,2109,3724,4116,B5,D1,G9,17,37,81
29_66_81,all-well,hg38,2377,3782,20934.30,4199,2350,3754,4169,27,28,30,C5,F6,G9,29,66,81
28_60_77,all-well,mm10,2183,3781,20928.76,4159,65,72,75,2118,3709,4084,C4,E12,G5,28,60,77
15_25_65,all-well,mm10,2308,3780,20923.23,4125,75,78,83,2233,3702,4042,B3,C1,F5,15,25,65
17_33_93,all-well,mm10,2251,3780,20923.23,4147,40,45,47,2211,3735,4100,B5,C9,H9,17,33,93
45_82_31,all-well,multiplet,2672,3779,20917.69,4137,2362,3397,3726,310,382,411,D9,G10,C7,45,82,31
10_77_38,all-well,mm10,2283,3779,20917.69,4134,24,24,28,2259,3755,4106,A10,G5,D2,10,77,38
33_78_85,all-well,hg38,2394,3777,20906.62,4154,2377,3760,4136,17,17,18,C9,G6,H1,33,78,85
34_48_25,all-well,mm10,2391,3777,20906.62,4157,31,32,34,2360,3745,4123,C10,D12,C1,34,48,25
28_12_94,all-well,hg38,2397,3776,20901.08,4191,2373,3751,4165,24,25,26,C4,A12,H10,28,12,94
08_61_79,all-well,hg38,2453,3775,20895.55,4182,2432,3753,4159,21,22,23,A8,F1,G7,8,61,79
17_28_91,all-well,mm10,2234,3775,20895.55,4139,51,51,52,2183,3724,4087,B5,C4,H7,17,28,91
38_03_24,all-well,mm10,2276,3774,20890.01,4139,31,31,31,2245,3743,4108,D2,A3,B12,38,3,24
25_75_74,all-well,hg38,2105,3772,20878.94,4167,2052,3714,4105,53,58,62,C1,G3,G2,25,75,74
26_94_64,all-well,mm10,2278,3771,20873.41,4176,48,49,54,2230,3722,4122,C2,H10,F4,26,94,64
02_17_69,all-well,mm10,2198,3771,20873.41,4144,51,51,55,2147,3720,4089,A2,B5,F9,2,17,69
11_79_53,all-well,mm10,2334,3770,20867.87,4140,25,25,26,2309,3745,4114,A11,G7,E5,11,79,53
30_35_26,all-well,mm10,2166,3769,20862.34,4168,46,46,47,2120,3723,4121,C6,C11,C2,30,35,26
30_18_48,all-well,mm10,2208,3767,20851.27,4144,64,70,76,2144,3697,4068,C6,B6,D12,30,18,48
47_23_08,all-well,mm10,2093,3765,20840.20,4143,46,47,51,2047,3718,4092,D11,B11,A8,47,23,8
27_74_08,all-well,mm10,2301,3765,20840.20,4129,70,72,77,2231,3693,4052,C3,G2,A8,27,74,8
22_77_15,all-well,mm10,2135,3763,20829.13,4147,36,38,43,2099,3725,4104,B10,G5,B3,22,77,15
31_35_07,all-well,multiplet,2267,3762,20823.59,4167,349,397,439,1918,3365,3728,C7,C11,A7,31,35,7
10_37_66,all-well,hg38,2466,3762,20823.59,4114,2434,3729,4077,32,33,37,A10,D1,F6,10,37,66
33_55_04,all-well,mm10,2215,3761,20818.06,4150,31,31,36,2184,3730,4114,C9,E7,A4,33,55,4
37_55_83,all-well,hg38,2396,3761,20818.06,4129,2377,3742,4107,19,19,22,D1,E7,G11,37,55,83
12_38_24,all-well,hg38,2486,3760,20812.52,4121,2450,3721,4079,36,39,42,A12,D2,B12,12,38,24
13_25_16,all-well,hg38,2438,3760,20812.52,4155,2406,3728,4123,32,32,32,B1,C1,B4,13,25,16
16_47_18,all-well,mm10,2189,3760,20812.52,4126,52,54,57,2137,3706,4069,B4,D11,B6,16,47,18
14_44_82,all-well,hg38,2390,3759,20806.99,4161,2343,3710,4104,47,49,57,B2,D8,G10,14,44,82
23_58_21,all-well,mm10,2036,3759,20806.99,4147,44,48,53,1992,3711,4094,B11,E10,B9,23,58,21
08_48_93,all-well,mm10,2205,3758,20801.45,4114,40,40,44,2165,3718,4070,A8,D12,H9,8,48,93
46_47_81,all-well,mm10,2181,3758,20801.45,4103,55,56,59,2126,3702,4044,D10,D11,G9,46,47,81
26_03_47,all-well,hg38,2410,3758,20801.45,4167,2380,3727,4133,30,31,34,C2,A3,D11,26,3,47
21_83_61,all-well,hg38,2273,3757,20795.91,4140,2249,3731,4109,24,26,31,B9,G11,F1,21,83,61
35_84_33,all-well,mm10,2184,3757,20795.91,4141,37,41,43,2147,3716,4098,C11,G12,C9,35,84,33
33_11_74,all-well,mm10,2213,3755,20784.84,4120,73,73,78,2140,3682,4042,C9,A11,G2,33,11,74
11_61_15,all-well,mm10,1996,3754,20779.31,4152,41,42,44,1955,3712,4108,A11,F1,B3,11,61,15
16_77_21,all-well,mm10,2173,3752,20768.24,4122,64,69,71,2109,3683,4051,B4,G5,B9,16,77,21
10_51_58,all-well,mm10,2258,3751,20762.70,4072,29,29,29,2229,3722,4043,A10,E3,E10,10,51,58
05_86_16,all-well,hg38,2504,3751,20762.70,4170,2474,3707,4122,30,44,48,A5,H2,B4,5,86,16
06_49_79,all-well,mm10,2131,3750,20757.17,4181,41,45,47,2090,3705,4134,A6,E1,G7,6,49,79
15_32_95,all-well,mm10,2331,3750,20757.17,4153,32,34,37,2299,3716,4116,B3,C8,H11,15,32,95
10_91_71,all-well,hg38,2499,3750,20757.17,4123,2476,3724,4097,23,26,26,A10,H7,F11,10,91,71
10_30_74,all-well,hg38,2328,3749,20751.63,4121,2306,3727,4097,22,22,24,A10,C6,G2,10,30,74
26_09_40,all-well,mm10,2267,3749,20751.63,4149,54,58,63,2213,3691,4086,C2,A9,D4,26,9,40
20_59_78,all-well,mm10,2133,3748,20746.10,4119,58,63,71,2075,3685,4048,B8,E11,G6,20,59,78
36_55_64,all-well,hg38,2440,3748,20746.10,4080,2421,3729,4060,19,19,20,C12,E7,F4,36,55,64
34_25_66,all-well,mm10,2248,3748,20746.10,4140,44,45,46,2204,3703,4094,C10,C1,F6,34,25,66
21_11_16,all-well,mm10,2204,3748,20746.10,4138,34,35,37,2170,3713,4101,B9,A11,B4,21,11,16
35_11_73,all-well,hg38,2356,3748,20746.10,4153,2318,3709,4112,38,39,41,C11,A11,G1,35,11,73
47_76_46,all-well,mm10,2197,3747,20740.56,4130,41,41,43,2156,3706,4087,D11,G4,D10,47,76,46
33_20_04,all-well,mm10,2235,3747,20740.56,4132,47,53,56,2188,3694,4076,C9,B8,A4,33,20,4
42_37_36,all-well,mm10,2248,3747,20740.56,4134,51,51,54,2197,3696,4080,D6,D1,C12,42,37,36
23_93_21,all-well,mm10,2214,3746,20735.03,4120,42,43,47,2172,3703,4073,B11,H9,B9,23,93,21
14_77_49,all-well,hg38,2420,3744,20723.96,4101,2393,3717,4073,27,27,28,B2,G5,E1,14,77,49
03_28_13,all-well,hg38,2553,3743,20718.42,4084,2506,3685,4022,47,58,62,A3,C4,B1,3,28,13
20_51_25,all-well,mm10,2218,3743,20718.42,4141,78,86,98,2140,3657,4043,B8,E3,C1,20,51,25
44_08_87,all-well,hg38,2240,3742,20712.89,4119,2222,3723,4096,18,19,23,D8,A8,H3,44,8,87
38_90_94,all-well,mm10,2243,3742,20712.89,4118,76,80,90,2167,3662,4028,D2,H6,H10,38,90,94
12_75_63,all-well,mm10,2280,3740,20701.82,4119,47,48,52,2233,3692,4067,A12,G3,F3,12,75,63
30_49_81,all-well,mm10,2234,3739,20696.28,4145,30,31,36,2204,3708,4109,C6,E1,G9,30,49,81
23_74_02,all-well,mm10,2022,3739,20696.28,4117,33,33,35,1989,3706,4082,B11,G2,A2,23,74,2
03_71_66,all-well,hg38,2609,3739,20696.28,4101,2579,3704,4065,30,35,36,A3,F11,F6,3,71,66
13_45_58,all-well,hg38,2365,3738,20690.75,4113,2343,3716,4090,22,22,23,B1,D9,E10,13,45,58
18_54_84,all-well,mm10,2196,3738,20690.75,4076,36,38,40,2160,3700,4036,B6,E6,G12,18,54,84
13_18_70,all-well,mm10,2310,3737,20685.21,4096,59,67,70,2251,3670,4026,B1,B6,F10,13,18,70
03_74_67,all-well,hg38,2375,3736,20679.67,4109,2349,3710,4080,26,26,29,A3,G2,F7,3,74,67
46_67_48,all-well,mm10,2117,3736,20679.67,4099,52,53,55,2065,3683,4044,D10,F7,D12,46,67,48
09_37_96,all-well,hg38,2451,3735,20674.14,4110,2413,3695,4067,38,40,43,A9,D1,H12,9,37,96
21_86_69,all-well,mm10,2070,3733,20663.07,4108,39,40,44,2031,3693,4064,B9,H2,F9,21,86,69
08_57_80,all-well,mm10,2013,3732,20657.53,4086,31,32,32,1982,3700,4054,A8,E9,G8,8,57,80
20_67_38,all-well,hg38,2301,3732,20657.53,4106,2281,3710,4081,20,22,25,B8,F7,D2,20,67,38
35_91_95,all-well,mm10,2047,3732,20657.53,4063,42,43,45,2005,3689,4018,C11,H7,H11,35,91,95
46_47_36,all-well,multiplet,2447,3732,20657.53,4076,756,939,1015,1691,2793,3061,D10,D11,C12,46,47,36
04_29_71,all-well,mm10,2139,3730,20646.46,4081,55,57,61,2084,3673,4020,A4,C5,F11,4,29,71
07_89_46,all-well,hg38,2331,3728,20635.39,4131,2300,3697,4098,31,31,33,A7,H5,D10,7,89,46
19_96_54,all-well,mm10,2210,3728,20635.39,4114,64,65,67,2146,3663,4047,B7,H12,E6,19,96,54
39_41_08,all-well,mm10,2121,3727,20629.86,4096,85,89,98,2036,3638,3998,D3,D5,A8,39,41,8
36_96_33,all-well,mm10,2202,3725,20618.79,4094,41,46,51,2161,3679,4043,C12,H12,C9,36,96,33
09_12_51,all-well,mm10,2136,3725,20618.79,4117,44,45,50,2092,3680,4067,A9,A12,E3,9,12,51
29_46_14,all-well,mm10,2093,3725,20618.79,4126,46,47,47,2047,3678,4079,C5,D10,B2,29,46,14
03_45_61,all-well,hg38,2622,3723,20607.72,4099,2579,3674,4048,43,49,51,A3,D9,F1,3,45,61
08_28_60,all-well,mm10,2137,3722,20602.18,4075,46,46,50,2091,3676,4025,A8,C4,E12,8,28,60
08_03_03,all-well,mm10,1969,3720,20591.11,4133,31,31,33,1938,3689,4100,A8,A3,A3,8,3,3
39_93_12,all-well,mm10,2130,3720,20591.11,4067,60,60,60,2070,3660,4007,D3,H9,A12,39,93,12
42_08_75,all-well,mm10,2138,3718,20580.04,4122,48,49,53,2090,3669,4069,D6,A8,G3,42,8,75
14_83_01,all-well,mm10,2204,3717,20574.51,4070,36,37,39,2168,3680,4031,B2,G11,A1,14,83,1
26_84_72,all-well,mm10,2215,3715,20563.43,4091,37,40,41,2178,3675,4050,C2,G12,F12,26,84,72
15_03_57,all-well,hg38,2604,3715,20563.43,4041,2587,3698,4022,17,17,19,B3,A3,E9,15,3,57
04_66_34,all-well,mm10,2147,3714,20557.90,4084,46,47,49,2101,3667,4035,A4,F6,C10,4,66,34
08_44_38,all-well,mm10,1899,3713,20552.36,4069,43,44,45,1856,3669,4024,A8,D8,D2,8,44,38
24_09_95,all-well,mm10,2209,3713,20552.36,4059,39,40,45,2170,3673,4014,B12,A9,H11,24,9,95
20_67_45,all-well,mm10,2137,3713,20552.36,4101,58,64,69,2079,3649,4032,B8,F7,D9,20,67,45
18_29_25,all-well,hg38,2413,3713,20552.36,4074,2391,3691,4050,22,22,24,B6,C5,C1,18,29,25
06_27_22,all-well,hg38,1998,3712,20546.83,4083,1974,3687,4058,24,25,25,A6,C3,B10,6,27,22
04_56_15,all-well,mm10,2251,3712,20546.83,4075,39,40,45,2212,3672,4030,A4,E8,B3,4,56,15
04_34_03,all-well,hg38,2489,3711,20541.29,4083,2466,3687,4057,23,24,26,A4,C10,A3,4,34,3
17_60_87,all-well,hg38,2321,3711,20541.29,4097,2290,3679,4062,31,32,35,B5,E12,H3,17,60,87
07_08_04,all-well,mm10,2221,3710,20535.76,4093,40,40,43,2181,3670,4050,A7,A8,A4,7,8,4
39_53_62,all-well,mm10,2179,3710,20535.76,4047,63,67,76,2116,3643,3971,D3,E5,F2,39,53,62
05_82_70,all-well,hg38,2359,3709,20530.22,4056,2344,3693,4040,15,16,16,A5,G10,F10,5,82,70
21_19_55,all-well,mm10,2179,3709,20530.22,4038,32,33,34,2147,3676,4004,B9,B7,E7,21,19,55
19_60_92,all-well,mm10,2217,3708,20524.69,4050,50,51,56,2167,3657,3994,B7,E12,H8,19,60,92
06_07_36,all-well,hg38,2182,3707,20519.15,4142,2152,3674,4107,30,33,35,A6,A7,C12,6,7,36
47_07_52,all-well,mm10,2188,3707,20519.15,4096,39,39,41,2149,3668,4055,D11,A7,E4,47,7,52
11_81_16,all-well,hg38,2424,3704,20502.55,4081,2405,3685,4061,19,19,20,A11,G9,B4,11,81,16
21_31_41,all-well,mm10,2163,3702,20491.48,4092,46,51,53,2117,3651,4039,B9,C7,D5,21,31,41
10_14_44,all-well,mm10,2241,3699,20474.87,4066,50,51,53,2191,3648,4013,A10,B2,D8,10,14,44
06_70_12,all-well,mm10,2096,3698,20469.34,4100,33,34,37,2063,3664,4063,A6,F10,A12,6,70,12
11_48_46,all-well,hg38,2394,3698,20469.34,4107,2377,3681,4090,17,17,17,A11,D12,D10,11,48,46
18_17_44,all-well,hg38,2412,3697,20463.80,4130,2375,3657,4085,37,40,45,B6,B5,D8,18,17,44
44_71_84,all-well,mm10,2216,3696,20458.26,4068,56,58,61,2160,3638,4007,D8,F11,G12,44,71,84
48_43_62,all-well,mm10,2134,3696,20458.26,4044,37,38,38,2097,3658,4006,D12,D7,F2,48,43,62
21_19_01,all-well,hg38,2320,3694,20447.19,4089,2291,3664,4056,29,30,33,B9,B7,A1,21,19,1
05_34_90,all-well,mm10,2177,3694,20447.19,4073,37,37,38,2140,3657,4035,A5,C10,H6,5,34,90
15_39_19,all-well,hg38,2326,3693,20441.66,4078,2274,3641,4021,52,52,57,B3,D3,B7,15,39,19
47_58_67,all-well,hg38,2365,3692,20436.12,4059,2338,3663,4029,27,29,30,D11,E10,F7,47,58,67
45_86_70,all-well,hg38,2539,3692,20436.12,4035,2498,3650,3991,41,42,44,D9,H2,F10,45,86,70
03_72_53,all-well,hg38,2383,3692,20436.12,4025,2346,3652,3984,37,40,41,A3,F12,E5,3,72,53
17_09_20,all-well,mm10,2186,3691,20430.59,4044,33,35,37,2153,3656,4007,B5,A9,B8,17,9,20
06_57_36,all-well,mm10,2192,3691,20430.59,4099,67,75,82,2125,3616,4017,A6,E9,C12,6,57,36
15_56_86,all-well,mm10,2308,3691,20430.59,4057,38,38,40,2270,3653,4017,B3,E8,H2,15,56,86
11_26_76,all-well,mm10,2200,3689,20419.52,4106,41,44,46,2159,3645,4060,A11,C2,G4,11,26,76
47_32_13,all-well,mm10,2166,3688,20413.98,4034,67,74,75,2099,3614,3959,D11,C8,B1,47,32,13
44_10_72,all-well,hg38,2421,3688,20413.98,4033,2398,3659,4003,23,29,30,D8,A10,F12,44,10,72
17_30_74,all-well,hg38,2494,3688,20413.98,4048,2481,3675,4035,13,13,13,B5,C6,G2,17,30,74
08_68_41,all-well,hg38,2375,3686,20402.91,4089,2357,3668,4071,18,18,18,A8,F8,D5,8,68,41
31_47_04,all-well,mm10,2219,3686,20402.91,4043,32,32,34,2187,3654,4009,C7,D11,A4,31,47,4
41_43_76,all-well,hg38,2229,3686,20402.91,4063,2209,3664,4039,20,22,24,D5,D7,G4,41,43,76
03_72_52,all-well,mm10,2241,3685,20397.38,4040,93,99,105,2148,3586,3935,A3,F12,E4,3,72,52
35_60_95,all-well,mm10,2297,3684,20391.84,4077,45,45,51,2252,3639,4026,C11,E12,H11,35,60,95
35_25_73,all-well,mm10,2209,3684,20391.84,4026,43,43,44,2166,3641,3982,C11,C1,G1,35,25,73
26_81_24,all-well,mm10,2090,3683,20386.31,4024,45,47,49,2045,3636,3975,C2,G9,B12,26,81,24
25_96_89,all-well,hg38,2319,3682,20380.77,4048,2291,3654,4018,28,28,30,C1,H12,H5,25,96,89
04_53_35,all-well,mm10,2140,3681,20375.24,4083,99,104,122,2041,3577,3961,A4,E5,C11,4,53,35
07_23_44,all-well,hg38,2428,3680,20369.70,4064,2396,3648,4030,32,32,34,A7,B11,D8,7,23,44
10_89_04,all-well,hg38,2465,3680,20369.70,4042,2446,3661,4022,19,19,20,A10,H5,A4,10,89,4
02_20_67,all-well,mm10,2164,3680,20369.70,4021,30,31,33,2134,3649,3988,A2,B8,F7,2,20,67
17_59_20,all-well,mm10,2257,3679,20364.17,4080,71,75,81,2186,3604,3999,B5,E11,B8,17,59,20
05_95_09,all-well,hg38,2486,3677,20353.10,4026,2449,3640,3987,37,37,39,A5,H11,A9,5,95,9
24_12_09,all-well,hg38,2341,3677,20353.10,4054,2319,3655,4031,22,22,23,B12,A12,A9,24,12,9
03_13_82,all-well,hg38,2539,3674,20336.49,4035,2478,3605,3963,61,69,72,A3,B1,G10,3,13,82
29_22_68,all-well,mm10,2205,3674,20336.49,4046,61,61,66,2144,3613,3980,C5,B10,F8,29,22,68
36_95_18,all-well,hg38,2425,3674,20336.49,4064,2402,3649,4038,23,25,26,C12,H11,B6,36,95,18
30_03_50,all-well,hg38,2333,3674,20336.49,4033,2307,3647,4005,26,27,28,C6,A3,E2,30,3,50
25_52_11,all-well,hg38,2371,3673,20330.95,4030,2331,3631,3986,40,42,44,C1,E4,A11,25,52,11
03_34_92,all-well,hg38,2504,3673,20330.95,4084,2460,3624,4029,44,49,55,A3,C10,H8,3,34,92
35_66_32,all-well,mm10,2137,3673,20330.95,4026,35,35,37,2102,3638,3989,C11,F6,C8,35,66,32
08_29_64,all-well,mm10,2104,3673,20330.95,4031,49,52,58,2055,3621,3973,A8,C5,F4,8,29,64
42_51_80,all-well,mm10,2322,3672,20325.42,4007,152,161,175,2170,3511,3832,D6,E3,G8,42,51,80
24_77_71,all-well,mm10,2202,3671,20319.88,4068,32,33,33,2170,3638,4035,B12,G5,F11,24,77,71
14_15_89,all-well,mm10,2294,3670,20314.35,4064,33,35,39,2261,3635,4025,B2,B3,H5,14,15,89
17_74_78,all-well,mm10,2320,3670,20314.35,4013,39,40,46,2281,3630,3967,B5,G2,G6,17,74,78
42_49_19,all-well,mm10,2164,3669,20308.81,4025,39,43,44,2125,3626,3981,D6,E1,B7,42,49,19
07_20_41,all-well,mm10,2217,3669,20308.81,4057,45,45,48,2172,3624,4009,A7,B8,D5,7,20,41
02_04_71,all-well,mm10,2030,3669,20308.81,4049,34,34,35,1996,3635,4014,A2,A4,F11,2,4,71
34_93_05,all-well,mm10,2094,3668,20303.28,4039,25,30,32,2069,3638,4007,C10,H9,A5,34,93,5
16_01_42,all-well,mm10,2177,3668,20303.28,4042,49,51,54,2128,3617,3988,B4,A1,D6,16,1,42
04_67_73,all-well,mm10,2068,3667,20297.74,4050,44,48,51,2024,3619,3999,A4,F7,G1,4,67,73
46_34_95,all-well,mm10,2240,3667,20297.74,4080,34,34,36,2206,3633,4044,D10,C10,H11,46,34,95
04_82_28,all-well,mm10,2181,3665,20286.67,4046,49,50,55,2132,3615,3991,A4,G10,C4,4,82,28
04_62_25,all-well,hg38,2348,3665,20286.67,4019,2316,3631,3980,32,34,39,A4,F2,C1,4,62,25
07_42_11,all-well,mm10,2030,3665,20286.67,4017,71,75,80,1959,3590,3937,A7,D6,A11,7,42,11
20_70_62,all-well,mm10,2175,3663,20275.60,4031,34,35,35,2141,3628,3996,B8,F10,F2,20,70,62
08_87_62,all-well,hg38,2336,3663,20275.60,3969,2320,3647,3952,16,16,17,A8,H3,F2,8,87,62
20_75_54,all-well,mm10,2208,3662,20270.07,4027,61,69,72,2147,3593,3955,B8,G3,E6,20,75,54
47_19_70,all-well,hg38,2524,3661,20264.53,4004,2506,3640,3983,18,21,21,D11,B7,F10,47,19,70
42_02_31,all-well,mm10,2053,3660,20259.00,4024,41,42,46,2012,3618,3978,D6,A2,C7,42,2,31
35_58_86,all-well,mm10,2109,3659,20253.46,4000,45,45,47,2064,3614,3953,C11,E10,H2,35,58,86
01_55_87,all-well,mm10,2242,3659,20253.46,4017,29,29,33,2213,3630,3984,A1,E7,H3,1,55,87
08_01_50,all-well,mm10,2041,3659,20253.46,4063,51,51,54,1990,3608,4009,A8,A1,E2,8,1,50
28_24_64,all-well,mm10,2176,3657,20242.39,4040,39,42,45,2137,3615,3995,C4,B12,F4,28,24,64
20_32_82,all-well,hg38,2360,3657,20242.39,4036,2334,3631,4009,26,26,27,B8,C8,G10,20,32,82
20_07_68,all-well,mm10,2074,3657,20242.39,4029,65,71,79,2009,3586,3950,B8,A7,F8,20,7,68
02_28_77,all-well,mm10,2187,3656,20236.86,4017,32,33,33,2155,3623,3984,A2,C4,G5,2,28,77
21_11_17,all-well,hg38,2236,3656,20236.86,4008,2204,3623,3974,32,33,34,B9,A11,B5,21,11,17
08_81_31,all-well,mm10,2087,3656,20236.86,4016,60,62,65,2027,3594,3951,A8,G9,C7,8,81,31
25_25_68,all-well,mm10,2101,3655,20231.32,4042,77,85,94,2024,3570,3948,C1,C1,F8,25,25,68
29_63_89,all-well,mm10,2210,3654,20225.78,4019,39,40,40,2171,3614,3979,C5,F3,H5,29,63,89
18_61_25,all-well,mm10,2171,3653,20220.25,4039,37,37,39,2134,3616,4000,B6,F1,C1,18,61,25
31_77_91,all-well,mm10,2118,3653,20220.25,4041,28,33,34,2090,3620,4007,C7,G5,H7,31,77,91
05_04_14,all-well,mm10,2154,3653,20220.25,4040,31,32,34,2123,3621,4006,A5,A4,B2,5,4,14
31_59_68,all-well,mm10,2115,3652,20214.71,4028,93,101,111,2022,3551,3917,C7,E11,F8,31,59,68
03_81_17,all-well,hg38,2429,3651,20209.18,4015,2398,3618,3980,31,33,35,A3,G9,B5,3,81,17
42_10_16,all-well,hg38,2444,3651,20209.18,4013,2406,3612,3974,38,39,39,D6,A10,B4,42,10,16
11_13_92,all-well,mm10,2206,3650,20203.64,4033,63,64,64,2143,3586,3969,A11,B1,H8,11,13,92
05_62_62,all-well,mm10,2180,3650,20203.64,4042,40,42,46,2140,3608,3996,A5,F2,F2,5,62,62
33_88_58,all-well,hg38,2493,3649,20198.11,3972,2475,3631,3951,18,18,21,C9,H4,E10,33,88,58
11_74_44,all-well,hg38,2374,3648,20192.57,4019,2338,3607,3976,36,41,43,A11,G2,D8,11,74,44
18_13_29,all-well,hg38,2383,3648,20192.57,4022,2347,3612,3982,36,36,40,B6,B1,C5,18,13,29
08_95_08,all-well,mm10,1994,3648,20192.57,4018,61,63,64,1933,3585,3954,A8,H11,A8,8,95,8
18_35_08,all-well,hg38,2349,3646,20181.50,4032,2327,3623,4008,22,23,24,B6,C11,A8,18,35,8
05_04_48,all-well,mm10,2183,3645,20175.97,4024,60,62,66,2123,3583,3958,A5,A4,D12,5,4,48
06_82_60,all-well,hg38,2424,3645,20175.97,4015,2390,3609,3977,34,36,38,A6,G10,E12,6,82,60
29_25_06,all-well,hg38,2444,3643,20164.90,4010,2408,3606,3972,36,37,38,C5,C1,A6,29,25,6
47_49_44,all-well,mm10,2143,3642,20159.36,4042,64,65,69,2079,3577,3973,D11,E1,D8,47,49,44
04_10_81,all-well,hg38,2331,3641,20153.83,4014,2305,3612,3979,26,29,35,A4,A10,G9,4,10,81
28_51_43,all-well,multiplet,2299,3641,20153.83,3987,311,399,432,1988,3242,3555,C4,E3,D7,28,51,43
36_73_46,all-well,hg38,2312,3640,20148.29,4002,2286,3612,3973,26,28,29,C12,G1,D10,36,73,46
06_94_09,all-well,hg38,2251,3640,20148.29,4005,2214,3602,3964,37,38,41,A6,H10,A9,6,94,9
37_37_79,all-well,mm10,2114,3638,20137.22,4035,53,53,58,2061,3585,3977,D1,D1,G7,37,37,79
30_30_68,all-well,hg38,2313,3637,20131.69,4007,2303,3626,3996,10,11,11,C6,C6,F8,30,30,68
46_21_77,all-well,mm10,1952,3637,20131.69,3994,34,35,37,1918,3602,3957,D10,B9,G5,46,21,77
14_55_58,all-well,mm10,2296,3637,20131.69,3964,69,70,73,2227,3567,3891,B2,E7,E10,14,55,58
03_93_92,all-well,hg38,2535,3636,20126.15,4029,2495,3592,3984,40,44,45,A3,H9,H8,3,93,92
11_02_59,all-well,mm10,2213,3636,20126.15,3994,42,42,43,2171,3594,3951,A11,A2,E11,11,2,59
08_86_38,all-well,hg38,2523,3635,20120.62,3989,2500,3612,3965,23,23,24,A8,H2,D2,8,86,38
20_10_10,all-well,mm10,2010,3635,20120.62,3977,39,39,39,1971,3596,3938,B8,A10,A10,20,10,10
06_88_65,all-well,hg38,2270,3635,20120.62,4008,2224,3585,3954,46,50,54,A6,H4,F5,6,88,65
30_59_50,all-well,mm10,2029,3635,20120.62,4021,44,46,47,1985,3589,3974,C6,E11,E2,30,59,50
28_24_80,all-well,hg38,2189,3635,20120.62,3995,2126,3564,3915,63,71,80,C4,B12,G8,28,24,80
15_14_88,all-well,mm10,2067,3634,20115.08,3979,22,26,27,2045,3608,3952,B3,B2,H4,15,14,88
03_06_86,all-well,mm10,2251,3633,20109.54,3980,120,129,144,2131,3504,3836,A3,A6,H2,3,6,86
21_56_48,all-well,hg38,2212,3631,20098.47,3990,2191,3608,3966,21,23,24,B9,E8,D12,21,56,48
06_15_88,all-well,mm10,1911,3631,20098.47,4021,47,50,53,1864,3581,3968,A6,B3,H4,6,15,88
14_30_42,all-well,mm10,2154,3630,20092.94,3977,59,62,70,2095,3568,3907,B2,C6,D6,14,30,42
13_45_23,all-well,hg38,2257,3630,20092.94,3994,2228,3600,3961,29,30,33,B1,D9,B11,13,45,23
20_86_65,all-well,mm10,2133,3627,20076.33,3982,36,38,41,2097,3589,3941,B8,H2,F5,20,86,65
01_28_93,all-well,mm10,2278,3626,20070.80,3979,49,51,54,2229,3575,3925,A1,C4,H9,1,28,93
04_31_93,all-well,mm10,2105,3625,20065.26,4039,25,26,31,2080,3599,4008,A4,C7,H9,4,31,93
21_41_25,all-well,mm10,2159,3624,20059.73,3974,38,39,39,2121,3585,3935,B9,D5,C1,21,41,25
23_48_67,all-well,mm10,2086,3624,20059.73,3967,46,47,49,2040,3577,3918,B11,D12,F7,23,48,67
22_25_87,all-well,mm10,2126,3624,20059.73,3983,37,39,40,2089,3585,3943,B10,C1,H3,22,25,87
04_19_79,all-well,mm10,2222,3623,20054.19,4002,41,44,45,2181,3579,3957,A4,B7,G7,4,19,79
41_90_56,all-well,hg38,2346,3623,20054.19,3999,2315,3588,3961,31,35,38,D5,H6,E8,41,90,56
35_74_70,all-well,mm10,2258,3622,20048.66,3981,50,50,55,2208,3572,3926,C11,G2,F10,35,74,70
23_56_48,all-well,mm10,2074,3622,20048.66,3951,37,37,38,2037,3585,3913,B11,E8,D12,23,56,48
08_76_42,all-well,multiplet,2595,3622,20048.66,3976,2033,2932,3224,562,690,752,A8,G4,D6,8,76,42
25_08_67,all-well,hg38,2258,3622,20048.66,3977,2202,3563,3908,56,59,69,C1,A8,F7,25,8,67
02_05_39,all-well,mm10,2125,3621,20043.12,3987,47,50,54,2078,3571,3933,A2,A5,D3,2,5,39
46_02_32,all-well,mm10,1986,3620,20037.59,3983,39,41,46,1947,3579,3937,D10,A2,C8,46,2,32
12_94_62,all-well,mm10,2109,3619,20032.05,3990,41,41,44,2068,3578,3946,A12,H10,F2,12,94,62
06_30_28,all-well,hg38,2292,3619,20032.05,3979,2248,3573,3930,44,46,49,A6,C6,C4,6,30,28
24_25_10,all-well,hg38,2449,3618,20026.52,4004,2400,3561,3944,49,57,60,B12,C1,A10,24,25,10
18_91_36,all-well,hg38,2293,3618,20026.52,3981,2266,3590,3952,27,28,29,B6,H7,C12,18,91,36
29_38_26,all-well,hg38,2288,3617,20020.98,4011,2274,3603,3996,14,14,15,C5,D2,C2,29,38,26
04_02_67,all-well,hg38,2006,3616,20015.45,3979,1990,3600,3962,16,16,17,A4,A2,F7,4,2,67
29_76_20,all-well,hg38,2273,3616,20015.45,3951,2250,3592,3926,23,24,25,C5,G4,B8,29,76,20
04_33_54,all-well,mm10,2214,3616,20015.45,3970,50,51,53,2164,3565,3917,A4,C9,E6,4,33,54
09_29_45,all-well,mm10,2142,3615,20009.91,3966,60,62,67,2082,3553,3899,A9,C5,D9,9,29,45
07_78_68,all-well,mm10,2164,3615,20009.91,3963,41,44,48,2123,3571,3915,A7,G6,F8,7,78,68
09_34_38,all-well,hg38,2421,3615,20009.91,3995,2381,3574,3948,40,41,47,A9,C10,D2,9,34,38
04_24_76,all-well,hg38,2320,3614,20004.37,3977,2298,3590,3950,22,24,27,A4,B12,G4,4,24,76
13_35_70,all-well,mm10,2146,3613,19998.84,3983,73,75,78,2073,3538,3905,B1,C11,F10,13,35,70
05_53_05,all-well,hg38,2510,3613,19998.84,4011,2471,3574,3969,39,39,42,A5,E5,A5,5,53,5
03_92_33,all-well,hg38,2588,3612,19993.30,3968,2552,3568,3922,36,44,46,A3,H8,C9,3,92,33
28_39_35,all-well,mm10,2178,3612,19993.30,3988,115,126,141,2063,3486,3847,C4,D3,C11,28,39,35
48_24_62,all-well,hg38,2366,3609,19976.70,3979,2345,3588,3956,21,21,23,D12,B12,F2,48,24,62
04_23_12,all-well,mm10,2114,3609,19976.70,3973,30,30,32,2084,3579,3941,A4,B11,A12,4,23,12
30_20_88,all-well,hg38,2284,3608,19971.16,3970,2255,3576,3937,29,32,33,C6,B8,H4,30,20,88
44_67_50,all-well,mm10,2054,3607,19965.63,3958,26,26,27,2028,3581,3931,D8,F7,E2,44,67,50
06_71_21,all-well,mm10,1909,3607,19965.63,3950,56,58,61,1853,3549,3889,A6,F11,B9,6,71,21
29_47_63,all-well,hg38,2270,3606,19960.09,3967,2247,3581,3940,23,25,27,C5,D11,F3,29,47,63
07_73_56,all-well,mm10,2131,3604,19949.02,3959,74,79,88,2057,3525,3871,A7,G1,E8,7,73,56
29_76_64,all-well,mm10,2210,3602,19937.95,3934,54,55,55,2156,3547,3879,C5,G4,F4,29,76,64
04_29_90,all-well,mm10,2140,3602,19937.95,3976,54,57,62,2086,3545,3914,A4,C5,H6,4,29,90
01_60_71,all-well,mm10,2035,3601,19932.42,3942,46,48,51,1989,3553,3891,A1,E12,F11,1,60,71
06_58_78,all-well,mm10,2045,3601,19932.42,3954,74,77,83,1971,3524,3871,A6,E10,G6,6,58,78
06_70_93,all-well,mm10,1975,3601,19932.42,3988,44,44,48,1931,3557,3940,A6,F10,H9,6,70,93
02_62_74,all-well,mm10,2202,3599,19921.35,3952,49,51,55,2153,3548,3897,A2,F2,G2,2,62,74
22_77_73,all-well,mm10,2105,3599,19921.35,3989,21,26,29,2084,3573,3960,B10,G5,G1,22,77,73
04_31_56,all-well,mm10,1942,3598,19915.81,3958,35,36,39,1907,3562,3919,A4,C7,E8,4,31,56
18_25_94,all-well,hg38,2257,3598,19915.81,3956,2238,3579,3936,19,19,20,B6,C1,H10,18,25,94
19_89_70,all-well,mm10,2190,3597,19910.28,3962,53,54,58,2137,3543,3904,B7,H5,F10,19,89,70
39_25_46,all-well,mm10,2115,3596,19904.74,4010,42,43,45,2073,3553,3965,D3,C1,D10,39,25,46
02_23_06,all-well,mm10,2114,3593,19888.13,3937,42,42,43,2072,3551,3894,A2,B11,A6,2,23,6
39_71_89,all-well,mm10,2215,3592,19882.60,3944,49,50,55,2166,3542,3889,D3,F11,H5,39,71,89
18_94_33,all-well,hg38,2428,3589,19865.99,3937,2408,3569,3913,20,20,24,B6,H10,C9,18,94,33
28_32_83,all-well,mm10,2121,3589,19865.99,4034,44,46,50,2077,3543,3984,C4,C8,G11,28,32,83
11_66_70,all-well,mm10,2137,3589,19865.99,3947,47,47,50,2090,3542,3897,A11,F6,F10,11,66,70
07_08_76,all-well,mm10,2104,3589,19865.99,3908,42,46,48,2062,3543,3860,A7,A8,G4,7,8,76
06_88_13,all-well,mm10,2306,3588,19860.46,3974,250,311,347,2056,3277,3627,A6,H4,B1,6,88,13
42_87_54,all-well,mm10,2206,3587,19854.92,3937,99,107,112,2107,3480,3825,D6,H3,E6,42,87,54
47_82_07,all-well,hg38,2381,3586,19849.39,3926,2357,3562,3896,24,24,30,D11,G10,A7,47,82,7
10_45_07,all-well,mm10,2181,3584,19838.32,3982,39,39,46,2142,3545,3936,A10,D9,A7,10,45,7
29_73_76,all-well,mm10,2132,3583,19832.78,3962,41,42,48,2091,3541,3914,C5,G1,G4,29,73,76
40_71_26,all-well,mm10,2088,3582,19827.25,3959,79,82,91,2009,3500,3868,D4,F11,C2,40,71,26
33_11_29,all-well,hg38,2305,3581,19821.71,3966,2283,3558,3942,22,23,24,C9,A11,C5,33,11,29
17_22_14,all-well,mm10,2139,3581,19821.71,3890,31,33,35,2108,3548,3855,B5,B10,B2,17,22,14
21_06_89,all-well,hg38,2223,3580,19816.18,3967,2199,3555,3940,24,25,27,B9,A6,H5,21,6,89
41_47_25,all-well,mm10,2170,3580,19816.18,3911,38,38,39,2132,3542,3872,D5,D11,C1,41,47,25
02_96_15,all-well,hg38,2336,3580,19816.18,3896,2317,3560,3876,19,20,20,A2,H12,B3,2,96,15
37_89_78,all-well,mm10,2080,3580,19816.18,3948,154,167,181,1926,3413,3767,D1,H5,G6,37,89,78
31_78_14,all-well,mm10,2168,3579,19810.64,3942,33,34,37,2135,3545,3905,C7,G6,B2,31,78,14
22_30_33,all-well,hg38,2319,3578,19805.11,3936,2274,3532,3888,45,46,48,B10,C6,C9,22,30,33
04_34_37,all-well,mm10,2137,3578,19805.11,3920,55,55,55,2082,3523,3865,A4,C10,D1,4,34,37
24_96_41,all-well,hg38,2273,3577,19799.57,3917,2235,3539,3875,38,38,42,B12,H12,D5,24,96,41
07_25_40,all-well,mm10,2082,3577,19799.57,3948,48,52,56,2034,3525,3892,A7,C1,D4,7,25,40
01_02_33,all-well,mm10,1980,3577,19799.57,3907,33,33,35,1947,3544,3872,A1,A2,C9,1,2,33
35_56_90,all-well,hg38,2433,3576,19794.04,3935,2381,3523,3880,52,53,55,C11,E8,H6,35,56,90
43_12_96,all-well,mm10,2202,3575,19788.50,3934,39,41,45,2163,3534,3889,D7,A12,H12,43,12,96
34_47_05,all-well,mm10,2212,3575,19788.50,3935,51,52,53,2161,3523,3882,C10,D11,A5,34,47,5
20_14_12,all-well,mm10,2072,3574,19782.97,3916,53,58,60,2019,3516,3856,B8,B2,A12,20,14,12
18_12_72,all-well,mm10,2101,3573,19777.43,3958,25,25,27,2076,3548,3931,B6,A12,F12,18,12,72
07_44_33,all-well,hg38,2185,3573,19777.43,3949,2163,3547,3922,22,26,27,A7,D8,C9,7,44,33
17_31_25,all-well,mm10,2118,3573,19777.43,3922,47,49,54,2071,3524,3868,B5,C7,C1,17,31,25
17_35_78,all-well,mm10,2228,3572,19771.89,3895,51,55,59,2177,3517,3836,B5,C11,G6,17,35,78
19_29_07,all-well,mm10,2119,3571,19766.36,3929,63,66,74,2056,3505,3855,B7,C5,A7,19,29,7
33_68_24,all-well,hg38,2285,3570,19760.82,3941,2253,3538,3909,32,32,32,C9,F8,B12,33,68,24
11_95_29,all-well,hg38,2320,3569,19755.29,3915,2294,3543,3885,26,26,30,A11,H11,C5,11,95,29
29_26_71,all-well,mm10,2104,3569,19755.29,3899,43,46,47,2061,3523,3852,C5,C2,F11,29,26,71
47_87_01,all-well,mm10,2030,3568,19749.75,3914,62,64,66,1968,3504,3848,D11,H3,A1,47,87,1
36_41_92,all-well,mm10,2089,3567,19744.22,3877,29,30,30,2060,3537,3847,C12,D5,H8,36,41,92
23_36_02,all-well,hg38,2386,3567,19744.22,3932,2364,3543,3906,22,24,26,B11,C12,A2,23,36,2
07_68_01,all-well,mm10,2176,3566,19738.68,3934,74,78,81,2102,3488,3853,A7,F8,A1,7,68,1
21_80_19,all-well,mm10,2185,3565,19733.15,3938,25,27,28,2160,3538,3910,B9,G8,B7,21,80,19
07_94_95,all-well,mm10,2070,3565,19733.15,3915,37,37,42,2033,3528,3873,A7,H10,H11,7,94,95
07_46_27,all-well,hg38,2121,3564,19727.61,3929,2096,3537,3902,25,27,27,A7,D10,C3,7,46,27
35_85_74,all-well,mm10,2168,3564,19727.61,3903,36,36,38,2132,3528,3865,C11,H1,G2,35,85,74
37_62_78,all-well,mm10,2115,3564,19727.61,3965,41,41,42,2074,3523,3923,D1,F2,G6,37,62,78
31_11_80,all-well,hg38,2261,3562,19716.54,3944,2242,3541,3921,19,21,23,C7,A11,G8,31,11,80
36_16_45,all-well,hg38,2410,3562,19716.54,3913,2384,3536,3885,26,26,28,C12,B4,D9,36,16,45
48_16_55,all-well,mm10,2191,3562,19716.54,3901,35,36,41,2156,3526,3860,D12,B4,E7,48,16,55
30_23_16,all-well,hg38,2258,3562,19716.54,3906,2223,3527,3865,35,35,41,C6,B11,B4,30,23,16
13_75_39,all-well,mm10,2070,3562,19716.54,3888,49,52,60,2021,3510,3828,B1,G3,D3,13,75,39
21_76_86,all-well,mm10,2053,3561,19711.01,3901,43,43,47,2010,3518,3854,B9,G4,H2,21,76,86
09_47_57,all-well,hg38,2398,3560,19705.47,3956,2380,3542,3938,18,18,18,A9,D11,E9,9,47,57
47_92_95,all-well,mm10,2069,3560,19705.47,3928,46,46,48,2023,3514,3880,D11,H8,H11,47,92,95
47_57_51,all-well,mm10,2055,3558,19694.40,3917,50,51,55,2005,3507,3862,D11,E9,E3,47,57,51
47_19_01,all-well,mm10,2113,3558,19694.40,3914,57,59,63,2056,3499,3851,D11,B7,A1,47,19,1
05_71_38,all-well,mm10,2037,3557,19688.87,3910,59,59,64,1978,3498,3846,A5,F11,D2,5,71,38
47_23_48,all-well,hg38,2346,3554,19672.26,3902,2321,3527,3874,25,27,28,D11,B11,D12,47,23,48
11_59_33,all-well,mm10,2103,3553,19666.72,3924,35,35,37,2068,3518,3887,A11,E11,C9,11,59,33
34_11_12,all-well,mm10,2113,3553,19666.72,3895,25,26,26,2088,3527,3869,C10,A11,A12,34,11,12
04_25_03,all-well,hg38,2382,3551,19655.65,3917,2348,3515,3879,34,36,38,A4,C1,A3,4,25,3
40_22_02,all-well,mm10,2113,3551,19655.65,3901,67,69,72,2046,3482,3829,D4,B10,A2,40,22,2
35_83_75,all-well,mm10,2171,3551,19655.65,3923,24,25,25,2147,3526,3898,C11,G11,G3,35,83,75
30_21_48,all-well,mm10,2164,3551,19655.65,3892,43,45,47,2121,3506,3845,C6,B9,D12,30,21,48
10_60_89,all-well,mm10,2108,3551,19655.65,3899,39,41,48,2069,3510,3851,A10,E12,H5,10,60,89
08_02_52,all-well,mm10,2016,3550,19650.12,3897,58,61,64,1958,3489,3833,A8,A2,E4,8,2,52
23_64_74,all-well,mm10,1999,3550,19650.12,3913,36,38,41,1963,3512,3872,B11,F4,G2,23,64,74
35_94_95,all-well,mm10,2162,3549,19644.58,3904,38,38,40,2124,3511,3864,C11,H10,H11,35,94,95
39_70_02,all-well,mm10,2104,3549,19644.58,3931,50,51,54,2054,3498,3877,D3,F10,A2,39,70,2
02_84_23,all-well,hg38,2384,3548,19639.05,3895,2359,3522,3867,25,26,28,A2,G12,B11,2,84,23
30_43_91,all-well,hg38,2401,3547,19633.51,3903,2371,3490,3842,30,57,61,C6,D7,H7,30,43,91
33_19_45,all-well,mm10,2180,3546,19627.98,3915,43,45,47,2137,3501,3868,C9,B7,D9,33,19,45
07_08_77,all-well,mm10,2069,3545,19622.44,3895,29,29,31,2040,3516,3864,A7,A8,G5,7,8,77
33_48_16,all-well,hg38,2390,3545,19622.44,3907,2368,3523,3883,22,22,24,C9,D12,B4,33,48,16
46_34_74,all-well,hg38,2265,3545,19622.44,3900,2243,3522,3876,22,23,24,D10,C10,G2,46,34,74
45_37_08,all-well,hg38,2423,3544,19616.91,3882,2391,3512,3850,32,32,32,D9,D1,A8,45,37,8
05_26_41,all-well,mm10,1869,3544,19616.91,3906,43,47,51,1826,3497,3855,A5,C2,D5,5,26,41
10_20_48,all-well,mm10,2153,3544,19616.91,3895,33,33,35,2120,3511,3860,A10,B8,D12,10,20,48
21_41_89,all-well,mm10,2199,3543,19611.37,3932,44,44,48,2155,3499,3884,B9,D5,H5,21,41,89
04_45_39,all-well,hg38,2361,3543,19611.37,3897,2341,3522,3875,20,21,22,A4,D9,D3,4,45,39
18_89_31,all-well,mm10,2131,3540,19594.77,3862,43,43,46,2088,3497,3816,B6,H5,C7,18,89,31
48_11_04,all-well,hg38,2332,3540,19594.77,3902,2287,3492,3850,45,48,52,D12,A11,A4,48,11,4
39_24_66,all-well,mm10,2186,3539,19589.23,3895,159,166,179,2027,3373,3716,D3,B12,F6,39,24,66
43_24_86,all-well,mm10,2312,3538,19583.70,3887,245,265,284,2067,3273,3603,D7,B12,H2,43,24,86
42_12_18,all-well,mm10,2080,3538,19583.70,3930,43,47,54,2037,3491,3876,D6,A12,B6,42,12,18
05_74_28,all-well,mm10,2161,3537,19578.16,3933,51,53,55,2110,3484,3878,A5,G2,C4,5,74,28
07_68_55,all-well,hg38,2316,3537,19578.16,3894,2296,3514,3868,20,23,26,A7,F8,E7,7,68,55
43_57_40,all-well,mm10,2084,3536,19572.63,3866,97,105,108,1987,3431,3758,D7,E9,D4,43,57,40
47_13_29,all-well,mm10,2139,3536,19572.63,3931,47,48,50,2092,3488,3881,D11,B1,C5,47,13,29
35_14_92,all-well,hg38,2338,3536,19572.63,3869,2293,3491,3824,45,45,45,C11,B2,H8,35,14,92
46_82_32,all-well,hg38,2002,3535,19567.09,3911,1972,3505,3880,30,30,31,D10,G10,C8,46,82,32
28_38_95,all-well,mm10,2133,3535,19567.09,3875,33,35,37,2100,3500,3838,C4,D2,H11,28,38,95
10_44_55,all-well,mm10,2241,3534,19561.56,3924,37,37,38,2204,3497,3886,A10,D8,E7,10,44,55
01_71_89,all-well,mm10,2241,3534,19561.56,3861,31,32,35,2210,3502,3826,A1,F11,H5,1,71,89
27_01_45,all-well,hg38,1856,3533,19556.02,3898,1831,3508,3873,25,25,25,C3,A1,D9,27,1,45
21_31_77,all-well,hg38,2219,3532,19550.48,3898,2203,3515,3879,16,17,19,B9,C7,G5,21,31,77
18_14_33,all-well,mm10,2182,3531,19544.95,3902,36,37,38,2146,3494,3864,B6,B2,C9,18,14,33
18_31_81,all-well,mm10,2117,3531,19544.95,3877,49,50,53,2068,3481,3824,B6,C7,G9,18,31,81
20_32_83,all-well,mm10,2014,3531,19544.95,3884,49,53,57,1965,3478,3827,B8,C8,G11,20,32,83
04_16_93,all-well,mm10,2087,3530,19539.41,3866,39,40,41,2048,3490,3825,A4,B4,H9,4,16,93
08_37_08,all-well,hg38,2226,3528,19528.34,3905,2204,3506,3882,22,22,23,A8,D1,A8,8,37,8
19_30_79,all-well,mm10,2083,3528,19528.34,3856,34,34,36,2049,3494,3820,B7,C6,G7,19,30,79
20_91_86,all-well,mm10,2110,3527,19522.81,3875,30,34,37,2080,3493,3838,B8,H7,H2,20,91,86
18_51_52,all-well,hg38,2324,3526,19517.27,3882,2305,3506,3862,19,20,20,B6,E3,E4,18,51,52
29_60_41,all-well,mm10,2052,3525,19511.74,3879,31,31,33,2021,3494,3846,C5,E12,D5,29,60,41
28_56_57,all-well,mm10,2165,3524,19506.20,3862,142,151,164,2023,3373,3698,C4,E8,E9,28,56,57
08_17_25,all-well,mm10,2012,3523,19500.67,3872,49,50,55,1963,3473,3817,A8,B5,C1,8,17,25
45_85_56,all-well,hg38,2450,3522,19495.13,3837,2389,3455,3766,61,67,71,D9,H1,E8,45,85,56
04_72_26,all-well,hg38,2344,3521,19489.60,3876,2324,3501,3854,20,20,22,A4,F12,C2,4,72,26
46_12_36,all-well,hg38,2255,3521,19489.60,3876,2215,3481,3834,40,40,42,D10,A12,C12,46,12,36
47_79_86,all-well,mm10,1997,3520,19484.06,3897,35,35,40,1962,3485,3857,D11,G7,H2,47,79,86
10_77_36,all-well,mm10,2153,3520,19484.06,3866,27,28,30,2126,3492,3836,A10,G5,C12,10,77,36
46_84_36,all-well,mm10,2072,3520,19484.06,3860,42,42,44,2030,3478,3816,D10,G12,C12,46,84,36
35_66_12,all-well,hg38,2260,3519,19478.53,3874,2224,3483,3838,36,36,36,C11,F6,A12,35,66,12
03_86_15,all-well,mm10,2236,3518,19472.99,3841,112,124,134,2124,3394,3707,A3,H2,B3,3,86,15
17_68_37,all-well,mm10,2060,3518,19472.99,3837,48,50,54,2012,3468,3783,B5,F8,D1,17,68,37
16_96_75,all-well,mm10,2083,3518,19472.99,3850,44,45,47,2039,3473,3803,B4,H12,G3,16,96,75
44_72_29,all-well,hg38,2254,3518,19472.99,3874,2238,3502,3857,16,16,17,D8,F12,C5,44,72,29
19_31_26,all-well,mm10,2152,3517,19467.46,3859,52,52,54,2100,3465,3805,B7,C7,C2,19,31,26
05_88_74,all-well,mm10,2043,3516,19461.92,3849,37,39,42,2006,3477,3807,A5,H4,G2,5,88,74
18_41_88,all-well,mm10,2154,3516,19461.92,3850,31,32,35,2123,3484,3815,B6,D5,H4,18,41,88
47_95_36,all-well,hg38,2377,3516,19461.92,3855,2349,3488,3825,28,28,30,D11,H11,C12,47,95,36
41_77_85,all-well,mm10,2109,3515,19456.39,3849,35,36,38,2074,3479,3811,D5,G5,H1,41,77,85
23_93_23,all-well,mm10,2060,3514,19450.85,3858,36,36,38,2024,3478,3820,B11,H9,B11,23,93,23
33_66_73,all-well,mm10,2129,3513,19445.32,3902,39,39,41,2090,3474,3861,C9,F6,G1,33,66,73
33_42_22,all-well,mm10,2148,3512,19439.78,3842,83,85,86,2065,3427,3756,C9,D6,B10,33,42,22
47_43_96,all-well,mm10,2052,3512,19439.78,3871,40,41,43,2012,3471,3828,D11,D7,H12,47,43,96
22_44_46,all-well,hg38,2238,3511,19434.24,3897,2194,3466,3851,44,45,46,B10,D8,D10,22,44,46
30_55_45,all-well,hg38,2280,3510,19428.71,3847,2258,3488,3821,22,22,26,C6,E7,D9,30,55,45
20_81_90,all-well,mm10,1977,3510,19428.71,3873,44,46,48,1933,3464,3825,B8,G9,H6,20,81,90
29_80_12,all-well,mm10,2078,3510,19428.71,3838,47,47,48,2031,3463,3790,C5,G8,A12,29,80,12
10_72_51,all-well,hg38,2354,3508,19417.64,3893,2332,3486,3870,22,22,23,A10,F12,E3,10,72,51
03_45_69,all-well,hg38,2404,3507,19412.10,3854,2390,3492,3839,14,15,15,A3,D9,F9,3,45,69
29_86_82,all-well,hg38,2331,3507,19412.10,3874,2298,3474,3841,33,33,33,C5,H2,G10,29,86,82
21_86_64,all-well,mm10,2056,3507,19412.10,3882,23,25,27,2033,3482,3855,B9,H2,F4,21,86,64
05_17_55,all-well,mm10,2024,3506,19406.57,3864,100,102,107,1924,3404,3757,A5,B5,E7,5,17,55
33_76_48,all-well,hg38,2266,3506,19406.57,3891,2249,3489,3874,17,17,17,C9,G4,D12,33,76,48
40_65_95,all-well,mm10,2035,3505,19401.03,3874,43,46,52,1992,3459,3822,D4,F5,H11,40,65,95
26_83_61,all-well,mm10,2004,3505,19401.03,3818,32,32,34,1972,3473,3784,C2,G11,F1,26,83,61
48_35_29,all-well,mm10,2094,3504,19395.50,3858,79,81,84,2015,3423,3774,D12,C11,C5,48,35,29
15_82_44,all-well,mm10,2249,3504,19395.50,3844,61,64,66,2188,3440,3778,B3,G10,D8,15,82,44
23_79_53,all-well,mm10,2068,3503,19389.96,3880,35,35,36,2033,3468,3844,B11,G7,E5,23,79,53
31_03_45,all-well,mm10,2076,3502,19384.43,3868,45,47,55,2031,3455,3813,C7,A3,D9,31,3,45
29_21_39,all-well,mm10,2101,3502,19384.43,3840,33,33,35,2068,3469,3805,C5,B9,D3,29,21,39
20_25_03,all-well,mm10,2020,3502,19384.43,3870,61,70,72,1959,3432,3798,B8,C1,A3,20,25,3
45_93_59,all-well,mm10,2064,3502,19384.43,3853,84,84,90,1980,3418,3763,D9,H9,E11,45,93,59
11_69_12,all-well,mm10,2129,3502,19384.43,3860,41,44,45,2088,3458,3815,A11,F9,A12,11,69,12
39_89_64,all-well,mm10,2100,3501,19378.89,3848,73,76,80,2027,3425,3768,D3,H5,F4,39,89,64
27_71_58,all-well,mm10,2127,3501,19378.89,3815,40,42,42,2087,3459,3773,C3,F11,E10,27,71,58
34_71_59,all-well,hg38,2175,3500,19373.36,3854,2134,3457,3801,41,43,53,C10,F11,E11,34,71,59
11_89_92,all-well,mm10,2123,3499,19367.82,3827,34,34,34,2089,3465,3793,A11,H5,H8,11,89,92
15_25_72,all-well,mm10,2042,3498,19362.29,3840,37,37,40,2005,3461,3800,B3,C1,F12,15,25,72
03_19_10,all-well,mm10,2142,3498,19362.29,3842,56,58,66,2086,3440,3776,A3,B7,A10,3,19,10
30_01_25,all-well,hg38,2380,3497,19356.75,3876,2352,3468,3847,28,29,29,C6,A1,C1,30,1,25
14_88_57,all-well,hg38,2108,3497,19356.75,3842,2073,3460,3803,35,37,39,B2,H4,E9,14,88,57
45_74_41,all-well,hg38,2433,3496,19351.22,3807,2406,3466,3776,27,30,31,D9,G2,D5,45,74,41
45_67_14,all-well,hg38,2425,3496,19351.22,3835,2387,3457,3794,38,39,41,D9,F7,B2,45,67,14
18_62_08,all-well,hg38,2208,3495,19345.68,3879,2176,3461,3842,32,34,37,B6,F2,A8,18,62,8
03_45_13,all-well,mm10,2115,3495,19345.68,3856,89,92,97,2026,3403,3759,A3,D9,B1,3,45,13
04_44_63,all-well,mm10,2128,3492,19329.08,3845,85,88,102,2043,3404,3743,A4,D8,F3,4,44,63
44_95_24,all-well,mm10,1892,3492,19329.08,3833,53,53,54,1839,3439,3779,D8,H11,B12,44,95,24
20_70_36,all-well,mm10,1998,3491,19323.54,3826,31,38,40,1967,3453,3786,B8,F10,C12,20,70,36
20_72_48,all-well,mm10,2126,3490,19318.00,3818,42,44,47,2084,3446,3771,B8,F12,D12,20,72,48
17_62_96,all-well,mm10,2050,3489,19312.47,3830,43,45,49,2007,3444,3781,B5,F2,H12,17,62,96
17_35_08,all-well,hg38,2140,3489,19312.47,3850,2063,3410,3762,77,79,88,B5,C11,A8,17,35,8
29_05_06,all-well,mm10,2212,3489,19312.47,3818,57,61,62,2155,3428,3756,C5,A5,A6,29,5,6
41_81_27,all-well,mm10,2181,3488,19306.93,3831,39,39,40,2142,3449,3791,D5,G9,C3,41,81,27
47_61_13,all-well,hg38,2276,3488,19306.93,3871,2255,3467,3850,21,21,21,D11,F1,B1,47,61,13
26_51_15,all-well,mm10,2107,3487,19301.40,3849,58,60,63,2049,3427,3786,C2,E3,B3,26,51,15
09_85_60,all-well,hg38,2290,3487,19301.40,3855,2259,3451,3818,31,36,37,A9,H1,E12,9,85,60
46_68_01,all-well,mm10,2137,3485,19290.33,3842,60,60,65,2077,3425,3777,D10,F8,A1,46,68,1
21_30_13,all-well,hg38,2245,3485,19290.33,3833,2218,3458,3803,27,27,30,B9,C6,B1,21,30,13
22_95_75,all-well,mm10,2146,3483,19279.26,3812,55,57,60,2091,3426,3752,B10,H11,G3,22,95,75
21_47_38,all-well,mm10,2129,3483,19279.26,3853,31,31,34,2098,3452,3819,B9,D11,D2,21,47,38
30_70_89,all-well,mm10,2135,3482,19273.72,3796,59,61,62,2076,3421,3734,C6,F10,H5,30,70,89
05_12_76,all-well,hg38,2231,3482,19273.72,3843,2216,3465,3826,15,17,17,A5,A12,G4,5,12,76
19_47_53,all-well,mm10,2040,3482,19273.72,3813,36,36,41,2004,3446,3772,B7,D11,E5,19,47,53
23_58_55,all-well,hg38,2251,3481,19268.19,3854,2225,3455,3822,26,26,32,B11,E10,E7,23,58,55
46_10_25,all-well,hg38,2213,3480,19262.65,3862,2187,3449,3827,26,31,35,D10,A10,C1,46,10,25
03_63_41,all-well,mm10,2129,3480,19262.65,3800,99,106,113,2030,3374,3687,A3,F3,D5,3,63,41
03_59_33,all-well,mm10,2230,3480,19262.65,3814,69,70,76,2161,3410,3738,A3,E11,C9,3,59,33
47_52_89,all-well,mm10,1931,3479,19257.12,3796,44,46,46,1887,3433,3750,D11,E4,H5,47,52,89
03_28_22,all-well,mm10,2257,3479,19257.12,3796,70,70,76,2187,3409,3720,A3,C4,B10,3,28,22
23_51_05,all-well,mm10,1980,3479,19257.12,3785,52,58,59,1928,3421,3726,B11,E3,A5,23,51,5
45_04_78,all-well,mm10,1977,3475,19234.98,3801,67,69,75,1910,3406,3726,D9,A4,G6,45,4,78
21_15_05,all-well,hg38,2256,3471,19212.83,3816,2230,3445,3788,26,26,28,B9,B3,A5,21,15,5
21_22_20,all-well,mm10,2131,3471,19212.83,3840,33,38,38,2098,3433,3802,B9,B10,B8,21,22,20
40_12_70,all-well,mm10,2136,3471,19212.83,3833,40,41,44,2096,3430,3789,D4,A12,F10,40,12,70
06_27_73,all-well,mm10,1987,3471,19212.83,3816,47,53,54,1940,3418,3762,A6,C3,G1,6,27,73
21_49_60,all-well,hg38,2179,3471,19212.83,3824,2151,3443,3792,28,28,32,B9,E1,E12,21,49,60
28_71_76,all-well,mm10,2023,3470,19207.30,3804,38,38,40,1985,3432,3764,C4,F11,G4,28,71,76
27_16_16,all-well,mm10,2139,3469,19201.76,3824,66,67,69,2073,3402,3755,C3,B4,B4,27,16,16
04_10_20,all-well,mm10,2064,3468,19196.23,3803,31,31,31,2033,3437,3772,A4,A10,B8,4,10,20
12_44_43,all-well,mm10,2286,3468,19196.23,3822,63,64,68,2223,3404,3754,A12,D8,D7,12,44,43
44_67_18,all-well,hg38,2111,3465,19179.62,3825,2093,3447,3806,18,18,19,D8,F7,B6,44,67,18
18_47_16,all-well,hg38,2199,3465,19179.62,3813,2174,3440,3787,25,25,26,B6,D11,B4,18,47,16
33_06_75,all-well,mm10,2119,3465,19179.62,3776,38,38,40,2081,3427,3736,C9,A6,G3,33,6,75
33_43_25,all-well,mm10,2139,3463,19168.55,3784,41,43,44,2098,3420,3740,C9,D7,C1,33,43,25
41_47_48,all-well,hg38,2337,3462,19163.02,3836,2313,3428,3795,24,34,41,D5,D11,D12,41,47,48
09_13_92,all-well,hg38,2275,3462,19163.02,3843,2227,3410,3790,48,52,53,A9,B1,H8,9,13,92
29_08_79,all-well,hg38,2266,3461,19157.48,3808,2243,3437,3784,23,24,24,C5,A8,G7,29,8,79
04_25_11,all-well,hg38,2215,3461,19157.48,3828,2191,3433,3798,24,28,30,A4,C1,A11,4,25,11
23_59_27,all-well,mm10,1990,3460,19151.95,3790,30,30,32,1960,3430,3758,B11,E11,C3,23,59,27
14_83_89,all-well,hg38,2335,3460,19151.95,3826,2322,3446,3811,13,14,15,B2,G11,H5,14,83,89
42_16_96,all-well,mm10,1892,3459,19146.41,3791,25,27,29,1867,3432,3762,D6,B4,H12,42,16,96
35_02_43,all-well,mm10,2039,3458,19140.88,3819,35,36,38,2004,3422,3781,C11,A2,D7,35,2,43
26_47_53,all-well,mm10,2065,3458,19140.88,3792,34,34,35,2031,3424,3757,C2,D11,E5,26,47,53
03_46_75,all-well,mm10,2118,3457,19135.34,3784,53,61,63,2065,3396,3721,A3,D10,G3,3,46,75
20_16_71,all-well,mm10,2146,3457,19135.34,3809,54,59,61,2092,3398,3748,B8,B4,F11,20,16,71
04_93_94,all-well,hg38,2216,3457,19135.34,3782,2186,3425,3750,30,32,32,A4,H9,H10,4,93,94
05_42_81,all-well,mm10,2095,3456,19129.81,3786,64,66,71,2031,3390,3715,A5,D6,G9,5,42,81
43_35_07,all-well,hg38,2148,3455,19124.27,3812,1933,3211,3545,215,244,267,D7,C11,A7,43,35,7
37_56_59,all-well,hg38,2175,3454,19118.74,3774,2144,3419,3737,31,35,37,D1,E8,E11,37,56,59
04_31_25,all-well,mm10,2123,3454,19118.74,3830,47,50,54,2076,3404,3776,A4,C7,C1,4,31,25
33_05_05,all-well,hg38,2300,3453,19113.20,3813,2264,3413,3768,36,40,45,C9,A5,A5,33,5,5
06_28_43,all-well,mm10,2006,3453,19113.20,3805,74,76,79,1932,3377,3726,A6,C4,D7,6,28,43
19_55_47,all-well,mm10,1942,3453,19113.20,3799,37,38,38,1905,3415,3761,B7,E7,D11,19,55,47
44_03_18,all-well,hg38,2160,3452,19107.67,3790,2142,3434,3770,18,18,20,D8,A3,B6,44,3,18
23_55_22,all-well,mm10,1912,3452,19107.67,3852,38,38,39,1874,3414,3813,B11,E7,B10,23,55,22
09_59_76,all-well,mm10,2029,3452,19107.67,3776,30,31,31,1999,3421,3745,A9,E11,G4,9,59,76
47_36_12,all-well,hg38,2204,3452,19107.67,3797,2189,3437,3782,15,15,15,D11,C12,A12,47,36,12
03_50_08,all-well,mm10,2161,3452,19107.67,3780,46,47,54,2115,3405,3726,A3,E2,A8,3,50,8
03_79_08,all-well,mm10,2100,3451,19102.13,3803,69,74,77,2031,3377,3726,A3,G7,A8,3,79,8
18_63_64,all-well,hg38,2373,3451,19102.13,3810,2354,3432,3787,19,19,23,B6,F3,F4,18,63,64
35_25_43,all-well,hg38,2301,3449,19091.06,3769,2280,3428,3745,21,21,24,C11,C1,D7,35,25,43
26_56_51,all-well,mm10,2040,3448,19085.52,3789,44,46,48,1996,3402,3741,C2,E8,E3,26,56,51
09_89_31,all-well,hg38,2232,3448,19085.52,3786,2204,3416,3754,28,32,32,A9,H5,C7,9,89,31
35_03_32,all-well,hg38,2207,3445,19068.92,3761,2191,3429,3744,16,16,17,C11,A3,C8,35,3,32
42_45_91,all-well,mm10,2021,3444,19063.38,3810,37,37,38,1984,3407,3772,D6,D9,H7,42,45,91
33_91_34,all-well,mm10,1984,3443,19057.85,3796,27,27,28,1957,3416,3768,C9,H7,C10,33,91,34
29_73_56,all-well,mm10,2063,3442,19052.31,3814,59,62,69,2004,3380,3745,C5,G1,E8,29,73,56
04_23_13,all-well,mm10,2069,3440,19041.24,3769,62,62,67,2007,3378,3702,A4,B11,B1,4,23,13
44_01_28,all-well,hg38,2337,3440,19041.24,3800,2190,3279,3615,147,161,185,D8,A1,C4,44,1,28
18_53_07,all-well,hg38,2144,3440,19041.24,3786,2127,3422,3768,17,18,18,B6,E5,A7,18,53,7
13_42_24,all-well,hg38,2245,3440,19041.24,3784,2214,3409,3753,31,31,31,B1,D6,B12,13,42,24
22_86_71,all-well,hg38,2193,3439,19035.71,3817,2176,3418,3794,17,21,23,B10,H2,F11,22,86,71
45_43_45,all-well,mm10,2187,3438,19030.17,3759,64,67,75,2123,3371,3684,D9,D7,D9,45,43,45
22_45_36,all-well,mm10,2072,3438,19030.17,3778,39,40,40,2033,3398,3738,B10,D9,C12,22,45,36
21_82_16,all-well,hg38,2183,3438,19030.17,3794,2160,3415,3771,23,23,23,B9,G10,B4,21,82,16
18_17_14,all-well,hg38,2342,3437,19024.64,3802,2298,3391,3753,44,46,49,B6,B5,B2,18,17,14
02_83_80,all-well,hg38,2250,3436,19019.10,3782,2237,3423,3768,13,13,14,A2,G11,G8,2,83,80
21_33_88,all-well,mm10,2111,3436,19019.10,3764,33,33,36,2078,3403,3728,B9,C9,H4,21,33,88
02_48_03,all-well,hg38,2287,3436,19019.10,3836,2261,3409,3806,26,27,30,A2,D12,A3,2,48,3
03_65_48,all-well,hg38,2422,3435,19013.57,3790,2381,3389,3741,41,46,49,A3,F5,D12,3,65,48
29_79_29,all-well,hg38,2244,3435,19013.57,3759,2220,3411,3733,24,24,26,C5,G7,C5,29,79,29
20_24_41,all-well,mm10,2087,3435,19013.57,3787,41,45,48,2046,3390,3739,B8,B12,D5,20,24,41
06_74_25,all-well,hg38,2307,3435,19013.57,3769,2278,3405,3738,29,30,31,A6,G2,C1,6,74,25
11_68_78,all-well,mm10,2051,3434,19008.03,3785,47,48,51,2004,3386,3734,A11,F8,G6,11,68,78
35_01_48,all-well,hg38,2290,3433,19002.50,3775,2277,3418,3759,13,15,16,C11,A1,D12,35,1,48
07_44_90,all-well,mm10,1967,3432,18996.96,3750,55,58,63,1912,3374,3687,A7,D8,H6,7,44,90
33_48_95,all-well,mm10,2053,3432,18996.96,3763,54,55,61,1999,3377,3702,C9,D12,H11,33,48,95
04_37_56,all-well,hg38,2229,3431,18991.43,3770,2196,3394,3729,33,37,41,A4,D1,E8,4,37,56
26_86_15,all-well,hg38,2271,3430,18985.89,3760,2230,3388,3714,41,42,46,C2,H2,B3,26,86,15
18_61_82,all-well,hg38,2213,3428,18974.82,3767,2201,3416,3755,12,12,12,B6,F1,G10,18,61,82
34_47_89,all-well,mm10,2233,3428,18974.82,3755,25,25,25,2208,3403,3730,C10,D11,H5,34,47,89
42_16_70,all-well,mm10,2017,3427,18969.28,3793,74,79,87,1943,3348,3706,D6,B4,F10,42,16,70
45_34_21,all-well,mm10,2168,3427,18969.28,3749,101,101,110,2067,3326,3639,D9,C10,B9,45,34,21
23_52_43,all-well,hg38,2132,3423,18947.14,3731,2111,3401,3707,21,22,24,B11,E4,D7,23,52,43
25_11_60,all-well,hg38,2139,3423,18947.14,3754,2118,3401,3730,21,22,24,C1,A11,E12,25,11,60
08_20_63,all-well,mm10,2013,3421,18936.07,3753,28,28,30,1985,3393,3723,A8,B8,F3,8,20,63
17_12_51,all-well,hg38,2233,3420,18930.54,3782,2214,3401,3762,19,19,20,B5,A12,E3,17,12,51
35_16_60,all-well,mm10,2106,3420,18930.54,3756,39,39,42,2067,3381,3714,C11,B4,E12,35,16,60
42_24_88,all-well,mm10,2200,3420,18930.54,3787,33,33,35,2167,3387,3752,D6,B12,H4,42,24,88
28_77_16,all-well,hg38,2216,3419,18925.00,3745,2205,3407,3732,11,12,13,C4,G5,B4,28,77,16
07_15_25,all-well,hg38,2308,3418,18919.47,3773,2286,3396,3748,22,22,25,A7,B3,C1,7,15,25
28_55_87,all-well,mm10,2018,3418,18919.47,3753,38,39,40,1980,3379,3713,C4,E7,H3,28,55,87
35_88_19,all-well,mm10,2140,3416,18908.40,3751,41,44,44,2099,3372,3707,C11,H4,B7,35,88,19
27_20_64,all-well,mm10,2018,3414,18897.33,3737,41,45,49,1977,3369,3688,C3,B8,F4,27,20,64
47_11_43,all-well,mm10,1909,3414,18897.33,3762,39,39,40,1870,3375,3722,D11,A11,D7,47,11,43
10_49_70,all-well,mm10,2065,3413,18891.79,3733,29,29,31,2036,3384,3702,A10,E1,F10,10,49,70
08_55_03,all-well,hg38,2218,3413,18891.79,3768,2194,3388,3738,24,25,30,A8,E7,A3,8,55,3
16_87_87,all-well,hg38,2236,3412,18886.26,3743,2152,3323,3647,84,89,96,B4,H3,H3,16,87,87
18_02_70,all-well,hg38,2303,3410,18875.18,3761,2252,3359,3708,51,51,53,B6,A2,F10,18,2,70
19_84_36,all-well,mm10,2080,3410,18875.18,3766,34,34,38,2046,3376,3728,B7,G12,C12,19,84,36
30_76_80,all-well,mm10,1954,3409,18869.65,3766,49,49,51,1905,3360,3715,C6,G4,G8,30,76,80
07_24_82,all-well,mm10,2047,3408,18864.11,3742,46,47,50,2001,3361,3692,A7,B12,G10,7,24,82
21_30_88,all-well,hg38,2145,3407,18858.58,3724,2132,3394,3711,13,13,13,B9,C6,H4,21,30,88
08_42_32,all-well,mm10,2045,3407,18858.58,3760,45,45,45,2000,3362,3715,A8,D6,C8,8,42,32
11_19_78,all-well,mm10,2043,3405,18847.51,3787,40,41,47,2003,3364,3740,A11,B7,G6,11,19,78
08_10_74,all-well,mm10,1979,3405,18847.51,3738,28,28,28,1951,3377,3710,A8,A10,G2,8,10,74
33_68_79,all-well,mm10,2061,3405,18847.51,3761,42,43,45,2019,3362,3716,C9,F8,G7,33,68,79
19_71_42,all-well,hg38,2023,3405,18847.51,3745,1998,3378,3715,25,27,30,B7,F11,D6,19,71,42
10_50_84,all-well,mm10,2035,3404,18841.97,3721,34,34,35,2001,3370,3686,A10,E2,G12,10,50,84
28_09_09,all-well,mm10,1922,3403,18836.44,3759,36,39,41,1886,3364,3718,C4,A9,A9,28,9,9
45_04_43,all-well,mm10,1930,3402,18830.90,3724,44,45,47,1886,3357,3677,D9,A4,D7,45,4,43
42_60_12,all-well,mm10,1976,3402,18830.90,3742,33,34,37,1943,3368,3705,D6,E12,A12,42,60,12
21_96_71,all-well,hg38,2047,3401,18825.37,3739,2031,3385,3721,16,16,18,B9,H12,F11,21,96,71
11_19_42,all-well,mm10,2018,3401,18825.37,3754,26,26,28,1992,3375,3726,A11,B7,D6,11,19,42
44_70_04,all-well,mm10,2038,3400,18819.83,3748,42,43,48,1996,3357,3700,D8,F10,A4,44,70,4
47_96_29,all-well,hg38,2283,3400,18819.83,3732,2264,3381,3713,19,19,19,D11,H12,C5,47,96,29
03_06_26,all-well,hg38,2410,3398,18808.76,3735,2372,3358,3693,38,40,42,A3,A6,C2,3,6,26
23_91_24,all-well,mm10,2035,3397,18803.23,3736,30,30,34,2005,3367,3702,B11,H7,B12,23,91,24
23_67_02,all-well,mm10,2007,3396,18797.69,3715,35,35,38,1972,3361,3677,B11,F7,A2,23,67,2
15_17_32,all-well,mm10,2063,3395,18792.16,3730,29,31,33,2034,3364,3697,B3,B5,C8,15,17,32
40_22_76,all-well,hg38,2145,3395,18792.16,3732,2115,3362,3697,30,33,35,D4,B10,G4,40,22,76
04_79_93,all-well,mm10,1970,3394,18786.62,3725,23,25,28,1947,3369,3697,A4,G7,H9,4,79,93
11_92_39,all-well,hg38,2270,3393,18781.09,3737,2252,3375,3717,18,18,20,A11,H8,D3,11,92,39
15_89_05,all-well,mm10,1957,3393,18781.09,3720,24,26,29,1933,3367,3691,B3,H5,A5,15,89,5
03_27_37,all-well,hg38,2289,3391,18770.02,3722,2256,3356,3684,33,35,38,A3,C3,D1,3,27,37
40_08_60,all-well,hg38,2247,3389,18758.94,3725,2212,3351,3685,35,38,40,D4,A8,E12,40,8,60
27_32_12,all-well,mm10,2040,3389,18758.94,3753,38,38,41,2002,3351,3712,C3,C8,A12,27,32,12
17_35_57,all-well,mm10,2005,3389,18758.94,3709,46,50,53,1959,3339,3656,B5,C11,E9,17,35,57
03_70_30,all-well,mm10,2070,3387,18747.87,3697,92,96,108,1978,3291,3589,A3,F10,C6,3,70,30
30_21_07,all-well,mm10,1977,3387,18747.87,3733,35,35,37,1942,3352,3696,C6,B9,A7,30,21,7
44_47_09,all-well,hg38,2253,3387,18747.87,3721,2217,3349,3680,36,38,41,D8,D11,A9,44,47,9
28_17_83,all-well,mm10,2039,3385,18736.80,3716,34,35,38,2005,3350,3678,C4,B5,G11,28,17,83
29_15_70,all-well,hg38,2260,3384,18731.27,3722,2241,3365,3702,19,19,20,C5,B3,F10,29,15,70
07_17_41,all-well,mm10,2025,3384,18731.27,3693,43,45,46,1982,3339,3647,A7,B5,D5,7,17,41
10_25_93,all-well,mm10,2100,3384,18731.27,3738,28,28,29,2072,3356,3709,A10,C1,H9,10,25,93
44_20_07,all-well,mm10,2014,3384,18731.27,3718,46,48,50,1968,3336,3668,D8,B8,A7,44,20,7
06_40_71,all-well,mm10,2031,3383,18725.73,3740,31,31,35,2000,3352,3705,A6,D4,F11,6,40,71
03_88_24,all-well,mm10,2166,3383,18725.73,3708,58,58,63,2108,3325,3645,A3,H4,B12,3,88,24
23_09_13,all-well,mm10,2128,3383,18725.73,3740,36,36,38,2092,3347,3702,B11,A9,B1,23,9,13
42_46_94,all-well,mm10,1840,3382,18720.20,3750,60,64,70,1780,3318,3680,D6,D10,H10,42,46,94
02_24_32,all-well,hg38,2161,3381,18714.66,3694,2137,3356,3667,24,25,27,A2,B12,C8,2,24,32
02_82_63,all-well,hg38,2235,3381,18714.66,3720,2219,3364,3703,16,17,17,A2,G10,F3,2,82,63
18_57_63,all-well,mm10,1903,3381,18714.66,3736,29,29,30,1874,3352,3706,B6,E9,F3,18,57,63
29_26_47,all-well,mm10,1976,3380,18709.13,3728,49,51,55,1927,3329,3673,C5,C2,D11,29,26,47
31_32_84,all-well,mm10,2079,3379,18703.59,3711,30,31,32,2049,3348,3679,C7,C8,G12,31,32,84
18_18_35,all-well,mm10,1927,3378,18698.06,3737,81,85,89,1846,3293,3648,B6,B6,C11,18,18,35
26_95_56,all-well,mm10,1975,3378,18698.06,3737,28,28,30,1947,3350,3707,C2,H11,E8,26,95,56
03_52_78,all-well,mm10,2143,3378,18698.06,3661,82,85,94,2061,3293,3567,A3,E4,G6,3,52,78
44_07_53,all-well,mm10,2053,3377,18692.52,3710,64,64,66,1989,3313,3644,D8,A7,E5,44,7,53
16_41_14,all-well,mm10,2129,3376,18686.99,3729,66,66,74,2063,3310,3655,B4,D5,B2,16,41,14
18_66_07,all-well,hg38,2204,3376,18686.99,3742,2140,3304,3664,64,72,78,B6,F6,A7,18,66,7
39_08_64,all-well,mm10,2012,3376,18686.99,3690,42,43,45,1970,3333,3645,D3,A8,F4,39,8,64
18_36_18,all-well,hg38,2296,3375,18681.45,3707,2278,3357,3687,18,18,20,B6,C12,B6,18,36,18
20_12_75,all-well,hg38,2298,3374,18675.92,3754,2274,3350,3725,24,24,29,B8,A12,G3,20,12,75
02_23_69,all-well,mm10,2001,3374,18675.92,3749,37,37,38,1964,3337,3711,A2,B11,F9,2,23,69
28_33_41,all-well,hg38,2202,3373,18670.38,3722,2177,3347,3696,25,26,26,C4,C9,D5,28,33,41
26_87_07,all-well,mm10,2134,3372,18664.85,3718,47,48,53,2087,3324,3665,C2,H3,A7,26,87,7
22_17_18,all-well,mm10,1865,3370,18653.78,3672,52,54,55,1813,3316,3617,B10,B5,B6,22,17,18
33_08_65,all-well,mm10,2041,3370,18653.78,3744,48,51,53,1993,3319,3691,C9,A8,F5,33,8,65
45_43_75,all-well,mm10,2133,3370,18653.78,3669,105,112,122,2028,3258,3547,D9,D7,G3,45,43,75
28_60_74,all-well,mm10,2025,3367,18637.17,3737,48,48,52,1977,3319,3685,C4,E12,G2,28,60,74
27_44_71,all-well,mm10,2090,3367,18637.17,3728,69,72,79,2021,3295,3649,C3,D8,F11,27,44,71
42_21_40,all-well,mm10,2057,3366,18631.63,3719,25,26,26,2032,3340,3693,D6,B9,D4,42,21,40
25_80_26,all-well,hg38,2191,3365,18626.10,3673,2153,3324,3628,38,41,45,C1,G8,C2,25,80,26
10_21_08,all-well,hg38,2298,3364,18620.56,3703,2269,3334,3672,29,30,31,A10,B9,A8,10,21,8
05_57_52,all-well,mm10,1933,3362,18609.49,3700,39,41,42,1894,3321,3658,A5,E9,E4,5,57,52
46_81_31,all-well,hg38,2294,3361,18603.96,3700,2250,3311,3647,44,50,53,D10,G9,C7,46,81,31
03_17_18,all-well,hg38,2457,3359,18592.89,3648,2423,3323,3612,34,36,36,A3,B5,B6,3,17,18
09_96_26,all-well,mm10,2070,3357,18581.82,3697,81,83,84,1989,3274,3613,A9,H12,C2,9,96,26
31_55_12,all-well,mm10,2008,3357,18581.82,3725,60,93,101,1948,3264,3624,C7,E7,A12,31,55,12
11_67_33,all-well,mm10,2044,3357,18581.82,3700,27,27,32,2017,3330,3668,A11,F7,C9,11,67,33
44_10_80,all-well,hg38,2144,3356,18576.28,3699,2124,3335,3677,20,21,22,D8,A10,G8,44,10,80
10_37_32,all-well,hg38,2257,3355,18570.75,3695,2244,3342,3682,13,13,13,A10,D1,C8,10,37,32
04_22_41,all-well,mm10,2061,3354,18565.21,3711,52,53,57,2009,3301,3654,A4,B10,D5,4,22,41
34_35_48,all-well,mm10,2059,3354,18565.21,3680,51,57,61,2008,3297,3619,C10,C11,D12,34,35,48
03_13_47,all-well,mm10,2089,3352,18554.14,3666,80,81,86,2009,3271,3580,A3,B1,D11,3,13,47
20_70_94,all-well,mm10,2039,3352,18554.14,3676,35,44,47,2004,3308,3629,B8,F10,H10,20,70,94
03_68_01,all-well,hg38,2161,3352,18554.14,3688,2116,3305,3638,45,47,50,A3,F8,A1,3,68,1
04_63_45,all-well,mm10,2017,3350,18543.07,3689,33,34,36,1984,3316,3653,A4,F3,D9,4,63,45
35_77_14,all-well,hg38,2270,3349,18537.54,3714,2251,3329,3694,19,20,20,C11,G5,B2,35,77,14
02_95_20,all-well,mm10,2110,3349,18537.54,3702,52,58,63,2058,3291,3639,A2,H11,B8,2,95,20
03_62_23,all-well,mm10,2071,3349,18537.54,3711,63,67,77,2008,3282,3634,A3,F2,B11,3,62,23
27_71_07,all-well,mm10,1964,3348,18532.00,3698,31,31,32,1933,3317,3666,C3,F11,A7,27,71,7
31_36_70,all-well,mm10,2037,3347,18526.46,3700,34,35,37,2003,3312,3663,C7,C12,F10,31,36,70
42_87_25,all-well,mm10,1898,3346,18520.93,3654,37,37,40,1861,3309,3614,D6,H3,C1,42,87,25
08_82_72,all-well,mm10,1960,3346,18520.93,3656,39,41,41,1921,3305,3615,A8,G10,F12,8,82,72
30_82_68,all-well,mm10,2053,3345,18515.39,3661,29,31,31,2024,3314,3630,C6,G10,F8,30,82,68
05_59_35,all-well,hg38,2045,3344,18509.86,3669,2009,3306,3631,36,38,38,A5,E11,C11,5,59,35
31_47_10,all-well,mm10,2101,3344,18509.86,3706,42,44,46,2059,3300,3660,C7,D11,A10,31,47,10
23_79_27,all-well,mm10,2026,3344,18509.86,3663,36,39,41,1990,3305,3622,B11,G7,C3,23,79,27
30_81_41,all-well,hg38,2197,3344,18509.86,3728,2173,3319,3702,24,25,26,C6,G9,D5,30,81,41
44_09_17,all-well,hg38,2142,3342,18498.79,3684,2124,3324,3666,18,18,18,D8,A9,B5,44,9,17
15_51_42,all-well,mm10,2101,3342,18498.79,3703,23,23,24,2078,3319,3679,B3,E3,D6,15,51,42
31_47_12,all-well,mm10,2061,3342,18498.79,3684,70,73,82,1991,3269,3602,C7,D11,A12,31,47,12
20_95_95,all-well,hg38,2113,3341,18493.25,3649,2081,3308,3614,32,33,35,B8,H11,H11,20,95,95
01_82_87,all-well,hg38,2329,3340,18487.72,3676,2304,3315,3650,25,25,26,A1,G10,H3,1,82,87
23_89_82,all-well,mm10,1956,3339,18482.18,3680,28,28,28,1928,3311,3652,B11,H5,G10,23,89,82
26_71_61,all-well,mm10,1928,3339,18482.18,3705,48,48,54,1880,3291,3651,C2,F11,F1,26,71,61
46_85_60,all-well,mm10,1955,3338,18476.65,3710,64,69,75,1891,3269,3635,D10,H1,E12,46,85,60
19_69_28,all-well,mm10,1929,3338,18476.65,3649,62,64,71,1867,3274,3578,B7,F9,C4,19,69,28
22_55_81,all-well,mm10,1928,3336,18465.58,3652,40,40,42,1888,3296,3610,B10,E7,G9,22,55,81
21_11_54,all-well,mm10,2072,3334,18454.51,3665,33,33,37,2039,3301,3628,B9,A11,E6,21,11,54
22_44_73,all-well,mm10,2168,3334,18454.51,3683,65,66,78,2103,3268,3605,B10,D8,G1,22,44,73
23_06_54,all-well,mm10,1935,3333,18448.97,3667,33,35,37,1902,3298,3630,B11,A6,E6,23,6,54
17_45_86,all-well,mm10,2044,3332,18443.44,3702,32,33,33,2012,3299,3669,B5,D9,H2,17,45,86
20_35_05,all-well,hg38,2226,3331,18437.90,3673,2197,3301,3640,29,30,33,B8,C11,A5,20,35,5
03_91_73,all-well,mm10,2044,3330,18432.37,3690,72,73,76,1972,3257,3614,A3,H7,G1,3,91,73
37_71_46,all-well,mm10,2019,3329,18426.83,3656,75,78,83,1944,3251,3573,D1,F11,D10,37,71,46
05_38_22,all-well,mm10,1991,3329,18426.83,3689,36,36,39,1955,3293,3650,A5,D2,B10,5,38,22
40_77_61,all-well,mm10,1985,3329,18426.83,3621,52,56,59,1933,3273,3562,D4,G5,F1,40,77,61
25_96_63,all-well,mm10,2061,3327,18415.76,3653,79,84,93,1982,3243,3560,C1,H12,F3,25,96,63
20_63_67,all-well,mm10,2104,3326,18410.22,3638,38,43,45,2066,3283,3593,B8,F3,F7,20,63,67
17_44_75,all-well,hg38,2184,3326,18410.22,3663,2163,3305,3639,21,21,24,B5,D8,G3,17,44,75
29_44_71,all-well,hg38,2237,3326,18410.22,3687,2218,3307,3667,19,19,20,C5,D8,F11,29,44,71
06_11_71,all-well,mm10,1948,3326,18410.22,3652,30,30,30,1918,3296,3622,A6,A11,F11,6,11,71
47_17_72,all-well,mm10,2075,3326,18410.22,3691,33,33,33,2042,3293,3658,D11,B5,F12,47,17,72
11_56_75,all-well,mm10,1987,3325,18404.69,3648,29,29,31,1958,3296,3617,A11,E8,G3,11,56,75
47_42_15,all-well,mm10,2084,3324,18399.15,3681,35,35,37,2049,3289,3644,D11,D6,B3,47,42,15
45_14_92,all-well,mm10,2175,3324,18399.15,3647,169,186,203,2006,3138,3444,D9,B2,H8,45,14,92
17_33_45,all-well,mm10,2004,3322,18388.08,3644,36,38,41,1968,3284,3603,B5,C9,D9,17,33,45
22_51_88,all-well,mm10,2058,3322,18388.08,3666,45,45,47,2013,3277,3619,B10,E3,H4,22,51,88
07_65_25,all-well,hg38,2162,3322,18388.08,3640,2130,3290,3608,32,32,32,A7,F5,C1,7,65,25
21_70_39,all-well,mm10,2012,3321,18382.55,3644,32,32,34,1980,3289,3610,B9,F10,D3,21,70,39
18_26_13,all-well,mm10,1878,3321,18382.55,3684,57,61,62,1821,3260,3622,B6,C2,B1,18,26,13
44_01_48,all-well,hg38,2205,3320,18377.01,3682,2187,3302,3664,18,18,18,D8,A1,D12,44,1,48
11_24_30,all-well,mm10,2055,3320,18377.01,3646,46,48,50,2009,3272,3596,A11,B12,C6,11,24,30
30_24_75,all-well,mm10,2002,3320,18377.01,3687,34,35,37,1968,3285,3650,C6,B12,G3,30,24,75
03_47_39,all-well,mm10,2097,3320,18377.01,3652,67,70,76,2030,3250,3576,A3,D11,D3,3,47,39
03_69_38,all-well,mm10,2082,3320,18377.01,3597,55,57,60,2027,3263,3537,A3,F9,D2,3,69,38
18_60_56,all-well,hg38,2153,3317,18360.41,3666,2132,3296,3642,21,21,24,B6,E12,E8,18,60,56
29_34_38,all-well,mm10,1981,3316,18354.87,3637,47,47,52,1934,3269,3585,C5,C10,D2,29,34,38
13_45_59,all-well,mm10,2081,3315,18349.34,3628,85,87,92,1996,3228,3536,B1,D9,E11,13,45,59
27_62_41,all-well,hg38,2006,3312,18332.73,3665,1973,3278,3631,33,34,34,C3,F2,D5,27,62,41
48_16_27,all-well,mm10,1942,3312,18332.73,3605,32,32,32,1910,3280,3573,D12,B4,C3,48,16,27
08_90_10,all-well,mm10,1911,3312,18332.73,3619,42,44,45,1869,3268,3574,A8,H6,A10,8,90,10
21_80_91,all-well,mm10,2044,3311,18327.20,3638,63,66,69,1981,3245,3569,B9,G8,H7,21,80,91
02_62_63,all-well,mm10,1968,3308,18310.59,3630,39,39,42,1929,3269,3588,A2,F2,F3,2,62,63
27_88_91,all-well,mm10,2091,3308,18310.59,3639,60,60,61,2031,3248,3578,C3,H4,H7,27,88,91
18_71_21,all-well,mm10,2012,3308,18310.59,3666,31,31,33,1981,3277,3633,B6,F11,B9,18,71,21
21_94_64,all-well,hg38,2167,3308,18310.59,3666,2135,3275,3633,32,33,33,B9,H10,F4,21,94,64
40_08_06,all-well,hg38,2113,3307,18305.05,3663,2092,3286,3639,21,21,24,D4,A8,A6,40,8,6
47_32_10,all-well,mm10,1868,3306,18299.52,3673,63,64,69,1805,3242,3604,D11,C8,A10,47,32,10
29_17_66,all-well,mm10,1999,3304,18288.45,3628,56,60,69,1943,3244,3559,C5,B5,F6,29,17,66
14_03_82,all-well,hg38,2052,3303,18282.91,3643,2024,3274,3613,28,29,30,B2,A3,G10,14,3,82
33_06_25,all-well,mm10,1951,3303,18282.91,3607,33,34,34,1918,3269,3573,C9,A6,C1,33,6,25
15_54_55,all-well,hg38,2180,3302,18277.38,3645,2169,3291,3634,11,11,11,B3,E6,E7,15,54,55
20_58_67,all-well,mm10,1990,3302,18277.38,3638,64,69,74,1926,3233,3564,B8,E10,F7,20,58,67
02_93_91,all-well,mm10,1870,3302,18277.38,3650,23,24,26,1847,3278,3624,A2,H9,H7,2,93,91
18_85_22,all-well,mm10,2097,3300,18266.31,3627,53,56,61,2044,3244,3566,B6,H1,B10,18,85,22
26_47_39,all-well,mm10,1956,3300,18266.31,3621,41,42,43,1915,3258,3578,C2,D11,D3,26,47,39
03_87_40,all-well,mm10,2090,3299,18260.77,3602,91,94,102,1999,3205,3500,A3,H3,D4,3,87,40
06_32_04,all-well,hg38,2041,3299,18260.77,3612,2013,3269,3579,28,30,33,A6,C8,A4,6,32,4
03_67_86,all-well,mm10,2127,3299,18260.77,3630,51,52,58,2076,3247,3572,A3,F7,H2,3,67,86
06_28_58,all-well,mm10,2048,3298,18255.24,3636,78,84,89,1970,3214,3547,A6,C4,E10,6,28,58
12_77_92,all-well,mm10,2039,3298,18255.24,3655,29,29,32,2010,3269,3623,A12,G5,H8,12,77,92
10_49_39,all-well,mm10,2015,3297,18249.70,3614,28,29,30,1987,3268,3584,A10,E1,D3,10,49,39
04_11_17,all-well,mm10,2022,3295,18238.63,3629,59,63,64,1963,3232,3565,A4,A11,B5,4,11,17
03_89_21,all-well,mm10,2150,3295,18238.63,3576,66,68,71,2084,3227,3505,A3,H5,B9,3,89,21
29_21_52,all-well,mm10,2024,3292,18222.03,3656,29,29,30,1995,3263,3626,C5,B9,E4,29,21,52
33_88_80,all-well,hg38,2091,3291,18216.49,3629,2071,3270,3607,20,21,22,C9,H4,G8,33,88,80
10_54_26,all-well,mm10,2015,3291,18216.49,3607,39,40,42,1976,3251,3565,A10,E6,C2,10,54,26
03_61_96,all-well,hg38,2266,3290,18210.96,3648,2241,3264,3622,25,26,26,A3,F1,H12,3,61,96
26_37_77,all-well,mm10,1993,3290,18210.96,3618,39,42,45,1954,3248,3573,C2,D1,G5,26,37,77
18_50_33,all-well,hg38,2148,3290,18210.96,3592,2119,3260,3558,29,30,34,B6,E2,C9,18,50,33
05_07_31,all-well,mm10,2088,3289,18205.42,3651,71,72,79,2017,3217,3572,A5,A7,C7,5,7,31
35_30_15,all-well,mm10,2040,3288,18199.89,3570,51,54,55,1989,3234,3515,C11,C6,B3,35,30,15
21_60_48,all-well,mm10,2036,3288,18199.89,3562,48,49,54,1988,3239,3508,B9,E12,D12,21,60,48
02_71_26,all-well,hg38,2171,3287,18194.35,3585,2146,3261,3558,25,26,27,A2,F11,C2,2,71,26
03_27_69,all-well,mm10,2179,3287,18194.35,3639,65,66,75,2114,3221,3564,A3,C3,F9,3,27,69
40_78_06,all-well,multiplet,2413,3287,18194.35,3609,1153,1450,1606,1260,1837,2003,D4,G6,A6,40,78,6
10_96_16,all-well,mm10,1958,3285,18183.28,3607,26,28,30,1932,3257,3577,A10,H12,B4,10,96,16
21_87_96,all-well,mm10,2009,3285,18183.28,3610,41,43,44,1968,3242,3566,B9,H3,H12,21,87,96
28_56_73,all-well,mm10,1914,3285,18183.28,3623,41,42,44,1873,3243,3579,C4,E8,G1,28,56,73
33_70_82,all-well,mm10,1944,3284,18177.74,3630,30,31,34,1914,3253,3596,C9,F10,G10,33,70,82
09_08_76,all-well,mm10,2029,3283,18172.21,3636,28,28,30,2001,3255,3606,A9,A8,G4,9,8,76
15_19_88,all-well,mm10,1962,3283,18172.21,3632,42,47,50,1920,3236,3582,B3,B7,H4,15,19,88
10_51_70,all-well,mm10,1888,3282,18166.67,3596,36,37,39,1852,3245,3557,A10,E3,F10,10,51,70
29_58_42,all-well,hg38,2183,3282,18166.67,3617,2156,3253,3587,27,29,30,C5,E10,D6,29,58,42
28_05_88,all-well,mm10,1928,3282,18166.67,3590,98,103,113,1830,3179,3477,C4,A5,H4,28,5,88
18_89_19,all-well,mm10,2056,3281,18161.14,3623,26,26,30,2030,3255,3593,B6,H5,B7,18,89,19
04_41_71,all-well,mm10,1975,3280,18155.60,3624,30,30,33,1945,3250,3591,A4,D5,F11,4,41,71
08_34_16,all-well,mm10,1927,3279,18150.07,3621,54,56,61,1873,3223,3560,A8,C10,B4,8,34,16
03_66_85,all-well,hg38,2294,3278,18144.53,3591,2260,3238,3551,34,40,40,A3,F6,H1,3,66,85
06_06_18,all-well,mm10,1888,3277,18139.00,3629,68,75,77,1820,3202,3552,A6,A6,B6,6,6,18
06_55_67,all-well,hg38,1984,3277,18139.00,3618,1966,3259,3598,18,18,20,A6,E7,F7,6,55,67
26_44_04,all-well,hg38,2211,3277,18139.00,3624,2182,3247,3593,29,30,31,C2,D8,A4,26,44,4
41_10_57,all-well,hg38,2187,3276,18133.46,3619,2168,3257,3597,19,19,22,D5,A10,E9,41,10,57
45_52_38,all-well,mm10,2018,3275,18127.93,3590,79,84,90,1939,3191,3500,D9,E4,D2,45,52,38
44_78_29,all-well,hg38,2050,3273,18116.86,3589,2013,3236,3546,37,37,43,D8,G6,C5,44,78,29
24_38_60,all-well,mm10,1895,3272,18111.32,3569,56,60,62,1839,3212,3507,B12,D2,E12,24,38,60
44_25_45,all-well,hg38,2110,3271,18105.79,3637,2095,3256,3620,15,15,17,D8,C1,D9,44,25,45
26_37_07,all-well,mm10,2032,3270,18100.25,3607,38,38,40,1994,3232,3567,C2,D1,A7,26,37,7
01_18_59,all-well,mm10,1926,3269,18094.72,3593,68,72,80,1858,3197,3513,A1,B6,E11,1,18,59
08_38_91,all-well,hg38,2169,3268,18089.18,3588,2147,3244,3564,22,24,24,A8,D2,H7,8,38,91
45_62_57,all-well,hg38,2321,3268,18089.18,3591,2277,3222,3543,44,46,48,D9,F2,E9,45,62,57
08_77_16,all-well,hg38,2126,3267,18083.64,3587,2114,3255,3575,12,12,12,A8,G5,B4,8,77,16
11_23_14,all-well,mm10,1982,3267,18083.64,3620,36,38,41,1946,3229,3579,A11,B11,B2,11,23,14
06_48_65,all-well,mm10,1898,3266,18078.11,3609,58,58,61,1840,3208,3548,A6,D12,F5,6,48,65
09_11_45,all-well,hg38,2255,3266,18078.11,3594,2230,3239,3565,25,27,29,A9,A11,D9,9,11,45
22_79_28,all-well,mm10,1981,3263,18061.50,3609,57,58,61,1924,3205,3548,B10,G7,C4,22,79,28
18_81_72,all-well,hg38,2222,3263,18061.50,3623,2201,3242,3601,21,21,22,B6,G9,F12,18,81,72
33_11_95,all-well,hg38,2138,3263,18061.50,3576,2115,3240,3552,23,23,24,C9,A11,H11,33,11,95
05_93_76,all-well,hg38,2104,3261,18050.43,3597,2064,3221,3556,40,40,41,A5,H9,G4,5,93,76
20_43_32,all-well,hg38,2096,3260,18044.90,3602,2062,3225,3564,34,35,38,B8,D7,C8,20,43,32
43_63_32,all-well,hg38,2176,3259,18039.36,3574,2099,3176,3481,77,83,93,D7,F3,C8,43,63,32
31_57_70,all-well,hg38,2157,3259,18039.36,3616,2125,3221,3576,32,38,40,C7,E9,F10,31,57,70
20_12_69,all-well,mm10,2005,3259,18039.36,3586,34,37,38,1971,3222,3548,B8,A12,F9,20,12,69
44_09_36,all-well,mm10,1904,3258,18033.83,3533,43,45,47,1861,3213,3486,D8,A9,C12,44,9,36
12_38_71,all-well,mm10,1754,3255,18017.22,3542,40,47,50,1714,3208,3492,A12,D2,F11,12,38,71
11_22_87,all-well,mm10,1971,3253,18006.15,3608,38,38,41,1933,3215,3567,A11,B10,H3,11,22,87
26_96_11,all-well,mm10,1818,3252,18000.62,3566,30,32,33,1788,3220,3533,C2,H12,A11,26,96,11
13_71_18,all-well,hg38,2107,3251,17995.08,3597,2076,3216,3561,31,35,36,B1,F11,B6,13,71,18
24_76_42,all-well,hg38,2276,3251,17995.08,3546,2198,3171,3461,78,80,85,B12,G4,D6,24,76,42
35_32_39,all-well,hg38,2217,3251,17995.08,3582,2184,3218,3546,33,33,36,C11,C8,D3,35,32,39
47_02_49,all-well,mm10,1939,3251,17995.08,3585,43,44,45,1896,3207,3540,D11,A2,E1,47,2,49
01_39_31,all-well,hg38,2126,3250,17989.55,3577,2072,3194,3514,54,56,63,A1,D3,C7,1,39,31
02_32_31,all-well,mm10,1984,3250,17989.55,3561,42,44,45,1942,3206,3516,A2,C8,C7,2,32,31
21_11_24,all-well,mm10,1933,3249,17984.01,3594,25,26,27,1908,3223,3567,B9,A11,B12,21,11,24
46_47_74,all-well,hg38,2208,3249,17984.01,3569,2178,3219,3538,30,30,31,D10,D11,G2,46,47,74
18_04_79,all-well,hg38,2196,3248,17978.48,3568,2173,3224,3541,23,24,27,B6,A4,G7,18,4,79
47_58_45,all-well,mm10,1885,3246,17967.40,3585,47,50,54,1838,3196,3531,D11,E10,D9,47,58,45
18_75_59,all-well,mm10,2009,3245,17961.87,3570,47,48,54,1962,3197,3516,B6,G3,E11,18,75,59
05_62_41,all-well,hg38,2119,3245,17961.87,3591,2089,3215,3558,30,30,33,A5,F2,D5,5,62,41
15_17_36,all-well,mm10,2018,3244,17956.33,3588,35,38,42,1983,3206,3546,B3,B5,C12,15,17,36
40_67_48,all-well,mm10,2038,3243,17950.80,3539,38,38,40,2000,3205,3499,D4,F7,D12,40,67,48
45_34_86,all-well,hg38,2126,3242,17945.26,3558,2092,3207,3520,34,35,38,D9,C10,H2,45,34,86
08_24_48,all-well,hg38,2168,3242,17945.26,3586,2148,3221,3565,20,21,21,A8,B12,D12,8,24,48
08_88_25,all-well,mm10,1867,3242,17945.26,3544,37,38,38,1830,3204,3506,A8,H4,C1,8,88,25
26_58_38,all-well,mm10,2056,3241,17939.73,3561,54,55,58,2002,3186,3503,C2,E10,D2,26,58,38
20_39_52,all-well,mm10,2066,3240,17934.19,3562,56,56,59,2010,3184,3503,B8,D3,E4,20,39,52
24_56_24,all-well,mm10,1983,3240,17934.19,3535,34,38,44,1949,3202,3491,B12,E8,B12,24,56,24
45_13_36,all-well,mm10,2022,3240,17934.19,3557,95,97,102,1927,3143,3455,D9,B1,C12,45,13,36
21_01_28,all-well,hg38,2145,3239,17928.66,3581,2125,3219,3561,20,20,20,B9,A1,C4,21,1,28
47_57_34,all-well,mm10,1976,3238,17923.12,3559,44,45,50,1932,3193,3509,D11,E9,C10,47,57,34
08_67_86,all-well,hg38,2210,3237,17917.59,3590,2186,3213,3566,24,24,24,A8,F7,H2,8,67,86
30_04_10,all-well,mm10,1969,3236,17912.05,3513,38,38,41,1931,3198,3472,C6,A4,A10,30,4,10
05_28_36,all-well,mm10,1983,3236,17912.05,3567,37,41,45,1946,3195,3522,A5,C4,C12,5,28,36
23_04_61,all-well,mm10,1941,3236,17912.05,3556,29,29,30,1912,3207,3526,B11,A4,F1,23,4,61
04_14_01,all-well,mm10,1961,3236,17912.05,3574,48,48,53,1913,3188,3521,A4,B2,A1,4,14,1
08_88_33,all-well,mm10,1819,3236,17912.05,3580,24,24,25,1795,3212,3555,A8,H4,C9,8,88,33
17_16_14,all-well,mm10,1982,3235,17906.52,3558,41,41,46,1941,3194,3512,B5,B4,B2,17,16,14
14_54_48,all-well,hg38,2141,3235,17906.52,3557,2097,3189,3502,44,46,55,B2,E6,D12,14,54,48
11_13_60,all-well,mm10,1981,3231,17884.38,3604,32,32,34,1949,3199,3570,A11,B1,E12,11,13,60
36_53_54,all-well,mm10,1753,3229,17873.31,3516,25,27,29,1728,3202,3487,C12,E5,E6,36,53,54
08_44_20,all-well,mm10,1904,3228,17867.77,3555,35,36,37,1869,3192,3518,A8,D8,B8,8,44,20
21_05_01,all-well,hg38,1995,3228,17867.77,3584,1975,3207,3562,20,21,22,B9,A5,A1,21,5,1
08_73_61,all-well,mm10,1844,3228,17867.77,3527,18,18,19,1826,3210,3508,A8,G1,F1,8,73,61
09_41_04,all-well,mm10,1994,3227,17862.24,3554,41,41,46,1953,3186,3508,A9,D5,A4,9,41,4
41_08_65,all-well,hg38,2171,3226,17856.70,3565,2146,3200,3538,25,26,27,D5,A8,F5,41,8,65
03_94_31,all-well,mm10,2078,3226,17856.70,3513,45,46,50,2033,3180,3463,A3,H10,C7,3,94,31
08_32_34,all-well,mm10,1991,3226,17856.70,3551,62,64,68,1929,3162,3483,A8,C8,C10,8,32,34
23_31_91,all-well,mm10,1983,3226,17856.70,3570,27,28,30,1956,3198,3540,B11,C7,H7,23,31,91
29_23_66,all-well,mm10,2032,3225,17851.16,3574,44,45,51,1988,3180,3523,C5,B11,F6,29,23,66
40_09_02,all-well,hg38,2113,3224,17845.63,3522,2071,3180,3475,42,44,47,D4,A9,A2,40,9,2
21_43_22,all-well,mm10,1999,3224,17845.63,3515,37,38,41,1962,3186,3474,B9,D7,B10,21,43,22
38_55_16,all-well,mm10,2006,3224,17845.63,3552,27,27,31,1979,3197,3521,D2,E7,B4,38,55,16
35_09_37,all-well,mm10,1898,3223,17840.09,3574,47,48,50,1851,3175,3524,C11,A9,D1,35,9,37
42_09_96,all-well,hg38,2081,3223,17840.09,3530,2066,3207,3514,15,16,16,D6,A9,H12,42,9,96
35_02_70,all-well,hg38,2191,3221,17829.02,3553,2170,3200,3531,21,21,22,C11,A2,F10,35,2,70
05_38_78,all-well,mm10,1982,3217,17806.88,3547,31,32,38,1951,3185,3509,A5,D2,G6,5,38,78
30_49_72,all-well,mm10,1974,3216,17801.35,3508,43,43,46,1931,3173,3462,C6,E1,F12,30,49,72
14_08_24,all-well,mm10,2033,3215,17795.81,3529,27,27,28,2006,3188,3501,B2,A8,B12,14,8,24
02_19_72,all-well,hg38,2119,3214,17790.28,3528,2096,3191,3504,23,23,24,A2,B7,F12,2,19,72
45_78_65,all-well,hg38,2165,3214,17790.28,3572,2115,3162,3517,50,52,55,D9,G6,F5,45,78,65
30_10_89,all-well,mm10,1944,3213,17784.74,3519,36,36,39,1908,3177,3480,C6,A10,H5,30,10,89
29_71_90,all-well,mm10,1946,3212,17779.21,3507,35,35,37,1911,3177,3470,C5,F11,H6,29,71,90
45_28_10,all-well,mm10,2003,3211,17773.67,3483,98,105,110,1905,3106,3373,D9,C4,A10,45,28,10
44_55_58,all-well,hg38,2133,3211,17773.67,3566,2117,3194,3548,16,17,18,D8,E7,E10,44,55,58
30_12_91,all-well,mm10,1989,3210,17768.14,3552,26,27,27,1963,3183,3525,C6,A12,H7,30,12,91
28_20_60,all-well,mm10,2085,3208,17757.07,3547,103,110,122,1982,3098,3425,C4,B8,E12,28,20,60
11_50_52,all-well,hg38,2217,3206,17745.99,3543,2194,3183,3517,23,23,26,A11,E2,E4,11,50,52
02_41_23,all-well,hg38,2193,3204,17734.92,3526,2177,3188,3510,16,16,16,A2,D5,B11,2,41,23
25_28_26,all-well,mm10,2025,3203,17729.39,3528,50,52,55,1975,3151,3473,C1,C4,C2,25,28,26
21_75_58,all-well,mm10,1887,3203,17729.39,3508,38,38,41,1849,3165,3467,B9,G3,E10,21,75,58
45_04_48,all-well,hg38,2277,3202,17723.85,3495,2229,3153,3444,48,49,51,D9,A4,D12,45,4,48
14_74_80,all-well,mm10,2073,3201,17718.32,3509,62,66,73,2011,3135,3436,B2,G2,G8,14,74,80
17_06_79,all-well,mm10,1822,3201,17718.32,3502,42,42,43,1780,3159,3459,B5,A6,G7,17,6,79
03_81_90,all-well,mm10,2048,3198,17701.71,3521,62,63,71,1986,3135,3450,A3,G9,H6,3,81,90
02_95_37,all-well,mm10,1883,3196,17690.64,3511,31,31,34,1852,3165,3477,A2,H11,D1,2,95,37
08_02_56,all-well,hg38,2173,3196,17690.64,3531,2146,3168,3499,27,28,32,A8,A2,E8,8,2,56
09_30_24,all-well,hg38,2081,3195,17685.11,3516,2056,3168,3488,25,27,28,A9,C6,B12,9,30,24
42_95_26,all-well,hg38,2112,3195,17685.11,3505,2095,3177,3487,17,18,18,D6,H11,C2,42,95,26
30_38_71,all-well,hg38,2203,3194,17679.57,3499,2176,3164,3466,27,30,33,C6,D2,F11,30,38,71
16_24_22,all-well,mm10,2022,3193,17674.04,3521,38,42,43,1984,3151,3478,B4,B12,B10,16,24,22
11_22_01,all-well,hg38,2141,3193,17674.04,3530,2126,3178,3515,15,15,15,A11,B10,A1,11,22,1
29_65_35,all-well,hg38,2181,3192,17668.50,3537,2158,3169,3513,23,23,24,C5,F5,C11,29,65,35
46_80_33,all-well,mm10,2045,3192,17668.50,3543,79,81,87,1966,3111,3456,D10,G8,C9,46,80,33
11_40_66,all-well,mm10,2051,3192,17668.50,3546,48,48,51,2003,3144,3495,A11,D4,F6,11,40,66
45_87_95,all-well,mm10,1990,3191,17662.97,3523,72,75,81,1918,3116,3442,D9,H3,H11,45,87,95
44_56_41,all-well,hg38,2143,3191,17662.97,3549,2119,3166,3522,24,25,27,D8,E8,D5,44,56,41
02_01_17,all-well,hg38,2069,3190,17657.43,3548,2049,3168,3524,20,22,24,A2,A1,B5,2,1,17
36_52_14,all-well,mm10,1874,3188,17646.36,3520,64,73,83,1810,3115,3437,C12,E4,B2,36,52,14
11_04_88,all-well,mm10,2016,3182,17613.15,3492,35,36,39,1981,3146,3453,A11,A4,H4,11,4,88
45_85_79,all-well,mm10,1953,3181,17607.61,3492,103,111,122,1850,3070,3370,D9,H1,G7,45,85,79
21_58_79,all-well,mm10,1999,3180,17602.08,3482,67,73,76,1932,3107,3406,B9,E10,G7,21,58,79
02_34_49,all-well,mm10,2022,3180,17602.08,3490,31,32,35,1991,3148,3455,A2,C10,E1,2,34,49
17_35_14,all-well,mm10,1953,3180,17602.08,3490,47,49,52,1906,3131,3438,B5,C11,B2,17,35,14
15_38_73,all-well,mm10,1859,3180,17602.08,3501,91,98,105,1768,3082,3396,B3,D2,G1,15,38,73
23_73_87,all-well,hg38,2068,3177,17585.47,3508,2045,3154,3484,23,23,24,B11,G1,H3,23,73,87
18_34_74,all-well,hg38,2056,3177,17585.47,3475,2039,3160,3458,17,17,17,B6,C10,G2,18,34,74
29_94_54,all-well,mm10,1943,3176,17579.94,3501,30,30,34,1913,3146,3467,C5,H10,E6,29,94,54
18_36_37,all-well,hg38,2185,3176,17579.94,3486,2166,3157,3465,19,19,21,B6,C12,D1,18,36,37
05_96_66,all-well,hg38,2104,3176,17579.94,3520,2090,3161,3505,14,15,15,A5,H12,F6,5,96,66
15_01_06,all-well,hg38,2188,3175,17574.40,3530,2173,3159,3514,15,16,16,B3,A1,A6,15,1,6
20_09_35,all-well,mm10,1880,3175,17574.40,3495,58,64,69,1822,3111,3426,B8,A9,C11,20,9,35
01_37_70,all-well,mm10,1895,3175,17574.40,3491,42,42,50,1853,3133,3441,A1,D1,F10,1,37,70
31_36_07,all-well,mm10,1974,3174,17568.87,3528,60,61,66,1914,3113,3462,C7,C12,A7,31,36,7
08_70_05,all-well,mm10,1775,3172,17557.80,3473,46,46,47,1729,3126,3426,A8,F10,A5,8,70,5
47_44_10,all-well,hg38,2134,3172,17557.80,3506,2114,3151,3485,20,21,21,D11,D8,A10,47,44,10
02_22_93,all-well,mm10,1938,3172,17557.80,3509,23,23,24,1915,3149,3485,A2,B10,H9,2,22,93
08_92_89,all-well,hg38,2213,3170,17546.73,3488,2197,3153,3471,16,17,17,A8,H8,H5,8,92,89
08_60_86,all-well,mm10,1923,3170,17546.73,3489,41,42,47,1882,3128,3442,A8,E12,H2,8,60,86
14_90_71,all-well,mm10,1948,3170,17546.73,3493,30,34,34,1918,3136,3459,B2,H6,F11,14,90,71
14_44_60,all-well,mm10,1895,3168,17535.66,3475,38,44,49,1857,3124,3426,B2,D8,E12,14,44,60
23_92_93,all-well,mm10,1938,3167,17530.12,3501,33,33,35,1905,3134,3466,B11,H8,H9,23,92,93
29_58_24,all-well,mm10,1903,3165,17519.05,3542,45,45,49,1858,3120,3493,C5,E10,B12,29,58,24
17_18_92,all-well,mm10,1967,3164,17513.51,3475,41,44,46,1926,3120,3429,B5,B6,H8,17,18,92
07_72_90,all-well,hg38,2205,3164,17513.51,3499,2135,3084,3413,70,80,86,A7,F12,H6,7,72,90
29_21_67,all-well,hg38,2029,3163,17507.98,3484,2017,3148,3468,12,15,16,C5,B9,F7,29,21,67
26_94_22,all-well,hg38,2201,3160,17491.37,3496,2149,3108,3438,52,52,58,C2,H10,B10,26,94,22
13_96_65,all-well,mm10,1802,3159,17485.84,3465,36,39,42,1766,3120,3423,B1,H12,F5,13,96,65
10_96_76,all-well,mm10,1980,3159,17485.84,3463,29,29,31,1951,3130,3432,A10,H12,G4,10,96,76
07_86_82,all-well,mm10,1836,3158,17480.30,3472,84,94,107,1752,3064,3365,A7,H2,G10,7,86,82
27_77_92,all-well,hg38,2190,3158,17480.30,3443,2155,3121,3405,35,37,38,C3,G5,H8,27,77,92
03_60_44,all-well,mm10,2000,3158,17480.30,3454,82,84,86,1918,3074,3368,A3,E12,D8,3,60,44
47_42_79,all-well,mm10,1982,3157,17474.77,3466,42,45,51,1940,3112,3415,D11,D6,G7,47,42,79
07_52_57,all-well,hg38,1982,3156,17469.23,3495,1949,3120,3457,33,36,38,A7,E4,E9,7,52,57
02_59_95,all-well,mm10,1911,3155,17463.70,3475,80,82,92,1831,3073,3383,A2,E11,H11,2,59,95
04_35_73,all-well,mm10,1919,3152,17447.09,3463,45,47,52,1874,3105,3411,A4,C11,G1,4,35,73
35_92_33,all-well,mm10,1975,3150,17436.02,3444,28,28,28,1947,3122,3416,C11,H8,C9,35,92,33
23_86_82,all-well,hg38,2055,3150,17436.02,3469,2039,3128,3447,16,22,22,B11,H2,G10,23,86,82
48_60_12,all-well,mm10,1904,3149,17430.49,3483,37,38,39,1867,3111,3444,D12,E12,A12,48,60,12
06_13_62,all-well,hg38,2016,3148,17424.95,3475,1976,3106,3430,40,42,45,A6,B1,F2,6,13,62
23_94_20,all-well,hg38,1979,3148,17424.95,3507,1963,3132,3491,16,16,16,B11,H10,B8,23,94,20
11_09_53,all-well,mm10,2043,3147,17419.42,3460,32,33,34,2011,3114,3426,A11,A9,E5,11,9,53
05_13_67,all-well,hg38,2184,3146,17413.88,3474,2161,3123,3449,23,23,25,A5,B1,F7,5,13,67
11_89_55,all-well,hg38,2244,3146,17413.88,3479,2201,3102,3433,43,44,46,A11,H5,E7,11,89,55
34_82_06,all-well,mm10,2101,3146,17413.88,3468,27,28,30,2074,3118,3438,C10,G10,A6,34,82,6
23_56_29,all-well,mm10,1901,3146,17413.88,3466,33,33,36,1868,3113,3430,B11,E8,C5,23,56,29
04_54_70,all-well,mm10,2029,3146,17413.88,3421,55,57,59,1974,3089,3362,A4,E6,F10,4,54,70
09_90_54,all-well,mm10,1940,3146,17413.88,3479,32,33,35,1908,3113,3444,A9,H6,E6,9,90,54
23_08_27,all-well,mm10,1886,3145,17408.35,3422,26,27,31,1860,3118,3391,B11,A8,C3,23,8,27
17_17_95,all-well,hg38,2110,3145,17408.35,3442,2085,3120,3416,25,25,26,B5,B5,H11,17,17,95
19_14_78,all-well,mm10,1863,3144,17402.81,3464,131,155,176,1732,2989,3288,B7,B2,G6,19,14,78
04_32_68,all-well,mm10,1833,3144,17402.81,3452,65,68,72,1768,3076,3380,A4,C8,F8,4,32,68
09_79_83,all-well,mm10,2047,3144,17402.81,3454,61,62,66,1986,3082,3388,A9,G7,G11,9,79,83
47_45_49,all-well,hg38,2082,3144,17402.81,3489,2075,3136,3480,7,8,9,D11,D9,E1,47,45,49
03_33_47,all-well,mm10,2011,3143,17397.27,3388,84,89,96,1927,3054,3292,A3,C9,D11,3,33,47
35_32_38,all-well,hg38,2180,3143,17397.27,3457,2165,3128,3440,15,15,17,C11,C8,D2,35,32,38
03_37_79,all-well,hg38,2227,3142,17391.74,3430,2198,3110,3396,29,32,34,A3,D1,G7,3,37,79
25_57_24,all-well,mm10,1983,3142,17391.74,3446,83,93,95,1900,3049,3351,C1,E9,B12,25,57,24
08_63_12,all-well,hg38,2152,3141,17386.20,3473,2134,3123,3455,18,18,18,A8,F3,A12,8,63,12
23_26_07,all-well,mm10,1899,3140,17380.67,3451,31,32,38,1868,3108,3413,B11,C2,A7,23,26,7
37_25_74,all-well,mm10,1878,3139,17375.13,3447,41,41,45,1837,3098,3402,D1,C1,G2,37,25,74
25_27_20,all-well,multiplet,2252,3139,17375.13,3479,561,676,760,1691,2463,2719,C1,C3,B8,25,27,20
33_20_53,all-well,mm10,1936,3137,17364.06,3427,40,42,44,1896,3095,3383,C9,B8,E5,33,20,53
47_85_59,all-well,mm10,1942,3136,17358.53,3466,39,39,42,1903,3097,3424,D11,H1,E11,47,85,59
21_90_27,all-well,mm10,1777,3136,17358.53,3486,35,38,40,1742,3098,3446,B9,H6,C3,21,90,27
29_39_68,all-well,hg38,2192,3136,17358.53,3443,2176,3119,3426,16,17,17,C5,D3,F8,29,39,68
30_44_82,all-well,mm10,1948,3135,17352.99,3467,66,69,78,1882,3066,3389,C6,D8,G10,30,44,82
47_25_33,all-well,mm10,1908,3135,17352.99,3453,37,39,41,1871,3096,3412,D11,C1,C9,47,25,33
20_90_47,all-well,mm10,1897,3134,17347.46,3457,42,44,47,1855,3090,3410,B8,H6,D11,20,90,47
17_92_94,all-well,mm10,1946,3134,17347.46,3433,25,25,28,1921,3109,3405,B5,H8,H10,17,92,94
17_68_91,all-well,mm10,1940,3133,17341.92,3450,38,42,43,1902,3091,3407,B5,F8,H7,17,68,91
20_13_61,all-well,mm10,1844,3127,17308.71,3460,45,58,62,1799,3069,3398,B8,B1,F1,20,13,61
42_45_62,all-well,mm10,1883,3127,17308.71,3423,30,31,34,1853,3096,3389,D6,D9,F2,42,45,62
26_94_02,all-well,hg38,2203,3126,17303.18,3459,2177,3100,3429,26,26,30,C2,H10,A2,26,94,2
04_38_12,all-well,hg38,2034,3126,17303.18,3437,2013,3105,3412,21,21,25,A4,D2,A12,4,38,12
23_10_96,all-well,hg38,2005,3125,17297.64,3452,1986,3106,3432,19,19,20,B11,A10,H12,23,10,96
17_95_24,all-well,hg38,1976,3125,17297.64,3458,1951,3100,3433,25,25,25,B5,H11,B12,17,95,24
45_34_72,all-well,hg38,2178,3124,17292.10,3435,2143,3088,3399,35,36,36,D9,C10,F12,45,34,72
45_56_30,all-well,hg38,2211,3123,17286.57,3444,2174,3083,3403,37,40,41,D9,E8,C6,45,56,30
08_39_20,all-well,mm10,1936,3122,17281.03,3405,41,42,45,1895,3080,3360,A8,D3,B8,8,39,20
34_17_96,all-well,mm10,1939,3122,17281.03,3427,45,46,47,1894,3076,3380,C10,B5,H12,34,17,96
06_47_09,all-well,mm10,1898,3122,17281.03,3418,38,42,46,1860,3080,3372,A6,D11,A9,6,47,9
35_55_05,all-well,hg38,2179,3121,17275.50,3432,2150,3092,3401,29,29,31,C11,E7,A5,35,55,5
18_37_12,all-well,mm10,1959,3121,17275.50,3415,25,25,26,1934,3096,3389,B6,D1,A12,18,37,12
10_69_70,all-well,mm10,2071,3119,17264.43,3411,39,40,40,2032,3079,3371,A10,F9,F10,10,69,70
39_77_49,all-well,mm10,1791,3117,17253.36,3453,101,107,111,1690,3010,3342,D3,G5,E1,39,77,49
47_23_71,all-well,mm10,1939,3116,17247.82,3424,41,42,44,1898,3074,3380,D11,B11,F11,47,23,71
08_96_15,all-well,mm10,1892,3116,17247.82,3413,49,49,52,1843,3067,3361,A8,H12,B3,8,96,15
09_55_30,all-well,mm10,1893,3115,17242.29,3399,31,31,34,1862,3084,3365,A9,E7,C6,9,55,30
03_59_51,all-well,mm10,1940,3115,17242.29,3416,54,58,62,1886,3057,3354,A3,E11,E3,3,59,51
16_71_02,all-well,mm10,1914,3115,17242.29,3409,37,39,45,1877,3076,3364,B4,F11,A2,16,71,2
07_90_51,all-well,mm10,2002,3115,17242.29,3441,44,47,52,1958,3068,3389,A7,H6,E3,7,90,51
48_30_01,all-well,hg38,2156,3112,17225.68,3417,2138,3091,3394,18,21,23,D12,C6,A1,48,30,1
01_77_36,all-well,mm10,1869,3109,17209.08,3441,44,44,46,1825,3065,3395,A1,G5,C12,1,77,36
17_37_01,all-well,mm10,1947,3108,17203.54,3414,50,53,56,1897,3055,3358,B5,D1,A1,17,37,1
02_32_25,all-well,hg38,2132,3108,17203.54,3395,2102,3078,3365,30,30,30,A2,C8,C1,2,32,25
10_35_71,all-well,hg38,1951,3108,17203.54,3398,1928,3084,3373,23,24,25,A10,C11,F11,10,35,71
31_24_92,all-well,mm10,1878,3107,17198.01,3409,34,35,39,1844,3072,3370,C7,B12,H8,31,24,92
04_34_88,all-well,mm10,1965,3104,17181.40,3399,31,32,34,1934,3072,3365,A4,C10,H4,4,34,88
29_35_35,all-well,hg38,2091,3103,17175.86,3392,2062,3070,3358,29,33,34,C5,C11,C11,29,35,35
27_29_42,all-well,hg38,2022,3102,17170.33,3406,1937,3010,3307,85,92,99,C3,C5,D6,27,29,42
07_49_02,all-well,hg38,2145,3101,17164.79,3372,2125,3080,3351,20,21,21,A7,E1,A2,7,49,2
20_78_96,all-well,mm10,1948,3099,17153.72,3419,31,37,38,1917,3062,3381,B8,G6,H12,20,78,96
11_68_02,all-well,mm10,1794,3099,17153.72,3410,28,28,31,1766,3071,3379,A11,F8,A2,11,68,2
01_77_02,all-well,hg38,2064,3099,17153.72,3407,2045,3080,3388,19,19,19,A1,G5,A2,1,77,2
16_30_18,all-well,mm10,1798,3098,17148.19,3391,63,65,67,1735,3033,3324,B4,C6,B6,16,30,18
35_24_84,all-well,mm10,1914,3098,17148.19,3398,32,33,35,1882,3065,3363,C11,B12,G12,35,24,84
03_63_25,all-well,mm10,2010,3096,17137.12,3376,62,62,66,1948,3034,3310,A3,F3,C1,3,63,25
18_06_52,all-well,mm10,1978,3096,17137.12,3388,49,50,54,1929,3046,3334,B6,A6,E4,18,6,52
43_83_12,all-well,hg38,2129,3096,17137.12,3399,2097,3063,3365,32,33,34,D7,G11,A12,43,83,12
41_85_41,all-well,hg38,2083,3095,17131.58,3412,2063,3073,3389,20,22,23,D5,H1,D5,41,85,41
45_85_14,all-well,hg38,2208,3094,17126.05,3396,2167,3050,3350,41,44,46,D9,H1,B2,45,85,14
04_70_70,all-well,mm10,1923,3094,17126.05,3423,44,44,50,1879,3050,3373,A4,F10,F10,4,70,70
20_81_48,all-well,hg38,1524,3093,17120.51,3378,1497,3065,3348,27,28,30,B8,G9,D12,20,81,48
21_62_75,all-well,mm10,1943,3092,17114.98,3402,33,34,36,1910,3058,3366,B9,F2,G3,21,62,75
08_65_88,all-well,mm10,1912,3090,17103.91,3405,22,22,23,1890,3068,3382,A8,F5,H4,8,65,88
44_89_42,all-well,mm10,1884,3090,17103.91,3412,34,34,39,1850,3056,3373,D8,H5,D6,44,89,42
15_11_08,all-well,hg38,2143,3088,17092.84,3407,2116,3060,3378,27,28,29,B3,A11,A8,15,11,8
35_09_47,all-well,mm10,2016,3087,17087.30,3396,30,31,31,1986,3056,3365,C11,A9,D11,35,9,47
30_96_50,all-well,hg38,2023,3085,17076.23,3379,2001,3063,3355,22,22,24,C6,H12,E2,30,96,50
23_37_70,all-well,mm10,1845,3084,17070.70,3373,23,23,24,1822,3061,3349,B11,D1,F10,23,37,70
04_48_17,all-well,mm10,2014,3083,17065.16,3370,55,57,60,1959,3026,3310,A4,D12,B5,4,48,17
09_30_60,all-well,mm10,1872,3082,17059.62,3363,33,35,36,1839,3047,3327,A9,C6,E12,9,30,60
24_82_54,all-well,mm10,1939,3082,17059.62,3378,64,68,73,1875,3014,3305,B12,G10,E6,24,82,54
25_78_59,all-well,hg38,2120,3081,17054.09,3382,2030,2989,3281,90,92,101,C1,G6,E11,25,78,59
21_86_73,all-well,hg38,1668,3080,17048.55,3390,1636,3048,3354,32,32,36,B9,H2,G1,21,86,73
11_44_81,all-well,mm10,1854,3080,17048.55,3360,40,42,45,1814,3038,3315,A11,D8,G9,11,44,81
09_96_55,all-well,mm10,1779,3080,17048.55,3383,26,27,30,1753,3053,3353,A9,H12,E7,9,96,55
45_56_76,all-well,mm10,1959,3080,17048.55,3341,81,88,97,1878,2992,3244,D9,E8,G4,45,56,76
17_95_03,all-well,hg38,2099,3080,17048.55,3379,2062,3042,3335,37,38,44,B5,H11,A3,17,95,3
11_74_84,all-well,hg38,2128,3079,17043.02,3368,2105,3055,3344,23,24,24,A11,G2,G12,11,74,84
40_44_63,all-well,multiplet,1918,3079,17043.02,3413,1671,2762,3067,247,317,346,D4,D8,F3,40,44,63
26_77_30,all-well,mm10,1843,3079,17043.02,3404,30,30,31,1813,3049,3373,C2,G5,C6,26,77,30
06_01_08,all-well,mm10,1757,3076,17026.41,3380,26,28,28,1731,3048,3352,A6,A1,A8,6,1,8
03_06_59,all-well,mm10,2018,3075,17020.88,3360,125,141,145,1893,2934,3215,A3,A6,E11,3,6,59
02_59_96,all-well,mm10,1923,3073,17009.81,3417,24,24,25,1899,3049,3392,A2,E11,H12,2,59,96
33_48_64,all-well,mm10,1806,3072,17004.27,3383,33,33,39,1773,3039,3344,C9,D12,F4,33,48,64
32_71_25,all-well,mm10,1846,3071,16998.74,3364,38,42,46,1808,3029,3318,C8,F11,C1,32,71,25
08_25_54,all-well,hg38,2107,3071,16998.74,3373,2083,3046,3348,24,25,25,A8,C1,E6,8,25,54
18_46_07,all-well,mm10,1873,3071,16998.74,3371,53,53,54,1820,3018,3317,B6,D10,A7,18,46,7
26_43_17,all-well,hg38,2168,3071,16998.74,3381,2132,3033,3340,36,38,41,C2,D7,B5,26,43,17
04_81_43,all-well,mm10,1847,3070,16993.20,3362,26,26,29,1821,3044,3333,A4,G9,D7,4,81,43
07_50_26,all-well,mm10,1936,3070,16993.20,3363,31,35,37,1905,3035,3326,A7,E2,C2,7,50,26
06_71_77,all-well,mm10,1905,3070,16993.20,3384,33,35,36,1872,3035,3348,A6,F11,G5,6,71,77
28_09_65,all-well,mm10,1931,3068,16982.13,3351,33,33,34,1898,3035,3317,C4,A9,F5,28,9,65
16_36_54,all-well,hg38,2006,3067,16976.60,3365,1979,3038,3336,27,29,29,B4,C12,E6,16,36,54
20_53_82,all-well,mm10,1898,3066,16971.06,3415,32,35,39,1866,3031,3376,B8,E5,G10,20,53,82
45_17_89,all-well,mm10,1945,3065,16965.53,3364,63,65,71,1882,3000,3293,D9,B5,H5,45,17,89
33_49_34,all-well,hg38,2065,3064,16959.99,3399,2033,3032,3365,32,32,34,C9,E1,C10,33,49,34
23_84_82,all-well,mm10,1828,3064,16959.99,3385,33,35,38,1795,3029,3347,B11,G12,G10,23,84,82
27_03_37,all-well,mm10,1893,3064,16959.99,3376,29,29,31,1864,3035,3345,C3,A3,D1,27,3,37
08_08_30,all-well,mm10,1849,3063,16954.45,3340,34,34,35,1815,3029,3305,A8,A8,C6,8,8,30
14_82_55,all-well,mm10,1903,3063,16954.45,3363,45,47,52,1858,3016,3311,B2,G10,E7,14,82,55
48_55_55,all-well,multiplet,2210,3062,16948.92,3360,816,976,1066,1394,2086,2294,D12,E7,E7,48,55,55
47_38_56,all-well,hg38,2181,3062,16948.92,3376,2157,3037,3348,24,25,28,D11,D2,E8,47,38,56
08_37_36,all-well,mm10,1850,3062,16948.92,3370,43,44,48,1807,3018,3322,A8,D1,C12,8,37,36
18_50_34,all-well,mm10,1962,3062,16948.92,3363,60,60,67,1902,3002,3296,B6,E2,C10,18,50,34
30_50_29,all-well,mm10,1812,3059,16932.31,3360,33,33,33,1779,3026,3327,C6,E2,C5,30,50,29
23_41_10,all-well,mm10,1837,3058,16926.78,3404,58,59,59,1779,2999,3345,B11,D5,A10,23,41,10
04_56_48,all-well,mm10,1951,3056,16915.71,3363,40,42,46,1911,3014,3317,A4,E8,D12,4,56,48
30_74_07,all-well,hg38,2141,3055,16910.17,3365,2088,3001,3305,53,54,60,C6,G2,A7,30,74,7
35_43_34,all-well,hg38,2021,3055,16910.17,3344,2000,3033,3321,21,22,23,C11,D7,C10,35,43,34
28_91_83,all-well,mm10,1857,3054,16904.64,3370,71,80,90,1786,2974,3280,C4,H7,G11,28,91,83
04_14_31,all-well,mm10,1855,3054,16904.64,3352,46,46,48,1809,3008,3304,A4,B2,C7,4,14,31
35_61_16,all-well,hg38,2008,3054,16904.64,3382,1983,3029,3354,25,25,28,C11,F1,B4,35,61,16
17_68_56,all-well,hg38,2107,3054,16904.64,3365,2073,3018,3325,34,36,40,B5,F8,E8,17,68,56
01_22_91,all-well,mm10,1817,3053,16899.10,3375,27,27,31,1790,3026,3344,A1,B10,H7,1,22,91
21_73_93,all-well,mm10,1875,3050,16882.50,3369,21,21,21,1854,3029,3348,B9,G1,H9,21,73,93
11_51_24,all-well,hg38,2043,3047,16865.89,3363,2032,3036,3352,11,11,11,A11,E3,B12,11,51,24
29_43_27,all-well,mm10,1912,3047,16865.89,3340,32,32,32,1880,3015,3308,C5,D7,C3,29,43,27
03_64_65,all-well,hg38,2154,3046,16860.36,3365,2094,2986,3295,60,60,70,A3,F4,F5,3,64,65
03_92_52,all-well,mm10,1927,3046,16860.36,3349,34,34,37,1893,3012,3312,A3,H8,E4,3,92,52
45_25_70,all-well,hg38,2187,3046,16860.36,3330,2153,3011,3294,34,35,36,D9,C1,F10,45,25,70
02_31_49,all-well,mm10,2037,3045,16854.82,3351,29,29,29,2008,3016,3322,A2,C7,E1,2,31,49
08_75_87,all-well,hg38,1928,3045,16854.82,3311,1892,3009,3274,36,36,37,A8,G3,H3,8,75,87
08_90_82,all-well,hg38,2042,3044,16849.29,3351,2030,3032,3337,12,12,14,A8,H6,G10,8,90,82
21_77_09,all-well,mm10,1941,3043,16843.75,3337,28,28,31,1913,3015,3306,B9,G5,A9,21,77,9
29_47_16,all-well,hg38,2087,3043,16843.75,3345,2067,3021,3322,20,22,23,C5,D11,B4,29,47,16
18_37_16,all-well,mm10,1916,3043,16843.75,3337,29,31,33,1887,3012,3304,B6,D1,B4,18,37,16
03_80_47,all-well,mm10,1898,3042,16838.21,3345,62,64,69,1836,2978,3276,A3,G8,D11,3,80,47
18_89_37,all-well,hg38,2063,3042,16838.21,3323,2043,3020,3301,20,22,22,B6,H5,D1,18,89,37
26_83_82,all-well,hg38,2101,3041,16832.68,3347,2086,3025,3331,15,16,16,C2,G11,G10,26,83,82
03_19_77,all-well,hg38,2122,3041,16832.68,3343,2089,3008,3308,33,33,35,A3,B7,G5,3,19,77
03_45_56,all-well,hg38,2189,3041,16832.68,3332,2154,3003,3292,35,38,40,A3,D9,E8,3,45,56
06_55_83,all-well,hg38,1914,3040,16827.14,3362,1895,3021,3341,19,19,21,A6,E7,G11,6,55,83
20_94_60,all-well,mm10,1947,3039,16821.61,3353,31,33,38,1916,3006,3315,B8,H10,E12,20,94,60
26_17_44,all-well,hg38,2089,3038,16816.07,3348,2037,2983,3288,52,55,60,C2,B5,D8,26,17,44
12_45_89,all-well,hg38,1768,3037,16810.54,3375,1749,3017,3355,19,20,20,A12,D9,H5,12,45,89
08_04_47,all-well,mm10,1731,3036,16805.00,3363,32,32,33,1699,3004,3330,A8,A4,D11,8,4,47
17_56_88,all-well,hg38,1960,3032,16782.86,3352,1946,3018,3338,14,14,14,B5,E8,H4,17,56,88
03_42_22,all-well,mm10,1978,3032,16782.86,3314,78,81,83,1900,2951,3231,A3,D6,B10,3,42,22
05_94_58,all-well,mm10,1905,3032,16782.86,3348,27,28,30,1878,3004,3318,A5,H10,E10,5,94,58
15_53_24,all-well,mm10,1671,3032,16782.86,3354,42,43,47,1629,2989,3307,B3,E5,B12,15,53,24
06_34_80,all-well,mm10,1834,3030,16771.79,3371,39,39,40,1795,2991,3331,A6,C10,G8,6,34,80
13_76_41,all-well,mm10,1869,3029,16766.26,3315,63,65,72,1806,2964,3243,B1,G4,D5,13,76,41
33_18_43,all-well,mm10,1855,3029,16766.26,3337,62,65,65,1793,2964,3272,C9,B6,D7,33,18,43
11_66_62,all-well,mm10,1904,3029,16766.26,3320,31,32,35,1873,2997,3285,A11,F6,F2,11,66,62
07_77_94,all-well,mm10,1911,3028,16760.72,3335,16,17,18,1895,3011,3317,A7,G5,H10,7,77,94
10_19_37,all-well,mm10,2002,3028,16760.72,3298,31,32,33,1971,2996,3265,A10,B7,D1,10,19,37
44_53_62,all-well,mm10,1911,3028,16760.72,3317,38,38,40,1873,2990,3277,D8,E5,F2,44,53,62
16_38_24,all-well,mm10,1948,3027,16755.19,3322,34,34,39,1914,2993,3283,B4,D2,B12,16,38,24
18_70_14,all-well,mm10,1863,3027,16755.19,3326,26,27,27,1837,3000,3299,B6,F10,B2,18,70,14
08_58_32,all-well,mm10,1836,3026,16749.65,3362,45,45,48,1791,2981,3314,A8,E10,C8,8,58,32
17_78_12,all-well,mm10,1889,3025,16744.12,3337,30,32,34,1859,2993,3303,B5,G6,A12,17,78,12
03_94_84,all-well,hg38,2170,3024,16738.58,3346,2147,3001,3323,23,23,23,A3,H10,G12,3,94,84
40_11_84,all-well,hg38,2031,3023,16733.05,3318,1999,2988,3279,32,35,39,D4,A11,G12,40,11,84
26_50_74,all-well,mm10,1874,3021,16721.97,3336,39,41,44,1835,2980,3292,C2,E2,G2,26,50,74
09_34_49,all-well,mm10,1869,3021,16721.97,3359,42,44,48,1827,2977,3311,A9,C10,E1,9,34,49
23_77_67,all-well,mm10,1919,3019,16710.90,3298,28,28,30,1891,2991,3268,B11,G5,F7,23,77,67
03_23_33,all-well,mm10,1924,3016,16694.30,3348,40,41,46,1884,2975,3302,A3,B11,C9,3,23,33
29_34_60,all-well,mm10,1911,3015,16688.76,3308,31,31,31,1880,2984,3277,C5,C10,E12,29,34,60
33_16_03,all-well,mm10,1940,3014,16683.23,3315,17,18,19,1923,2996,3296,C9,B4,A3,33,16,3
21_45_02,all-well,hg38,1877,3014,16683.23,3288,1859,2995,3269,18,19,19,B9,D9,A2,21,45,2
03_42_48,all-well,hg38,2187,3013,16677.69,3285,2129,2948,3212,58,65,73,A3,D6,D12,3,42,48
17_59_91,all-well,mm10,1877,3013,16677.69,3290,61,61,63,1816,2952,3227,B5,E11,H7,17,59,91
03_71_80,all-well,mm10,1960,3012,16672.16,3295,64,65,73,1896,2947,3222,A3,F11,G8,3,71,80
02_52_67,all-well,mm10,1966,3011,16666.62,3312,30,30,32,1936,2981,3280,A2,E4,F7,2,52,67
03_38_36,all-well,hg38,2146,3010,16661.09,3274,2110,2974,3238,36,36,36,A3,D2,C12,3,38,36
10_04_25,all-well,hg38,2072,3009,16655.55,3315,2050,2987,3291,22,22,24,A10,A4,C1,10,4,25
06_96_09,all-well,mm10,1816,3007,16644.48,3311,37,38,39,1779,2969,3272,A6,H12,A9,6,96,9
08_51_25,all-well,hg38,2019,3007,16644.48,3286,1962,2949,3224,57,58,62,A8,E3,C1,8,51,25
26_07_51,all-well,hg38,2032,3005,16633.41,3292,1987,2957,3241,45,48,51,C2,A7,E3,26,7,51
20_58_83,all-well,mm10,1767,3004,16627.88,3313,39,42,45,1728,2962,3268,B8,E10,G11,20,58,83
44_85_43,all-well,mm10,1850,3003,16622.34,3316,35,35,39,1815,2968,3277,D8,H1,D7,44,85,43
06_03_85,all-well,mm10,1888,3001,16611.27,3306,76,84,96,1812,2917,3210,A6,A3,H1,6,3,85
06_94_80,all-well,mm10,1793,3000,16605.73,3295,18,18,18,1775,2982,3277,A6,H10,G8,6,94,80
29_89_86,all-well,mm10,1928,2999,16600.20,3255,30,31,32,1898,2968,3223,C5,H5,H2,29,89,86
10_91_72,all-well,mm10,1948,2998,16594.66,3266,13,13,14,1935,2985,3252,A10,H7,F12,10,91,72
11_28_77,all-well,mm10,1853,2998,16594.66,3338,36,36,40,1817,2962,3298,A11,C4,G5,11,28,77
08_51_89,all-well,mm10,1764,2997,16589.13,3269,28,29,30,1736,2968,3239,A8,E3,H5,8,51,89
09_69_28,all-well,hg38,2037,2997,16589.13,3308,2002,2961,3271,35,36,37,A9,F9,C4,9,69,28
23_90_34,all-well,mm10,1803,2995,16578.06,3288,52,53,57,1751,2942,3231,B11,H6,C10,23,90,34
11_85_27,all-well,mm10,1862,2994,16572.52,3278,25,25,28,1837,2969,3250,A11,H1,C3,11,85,27
25_83_84,all-well,hg38,1966,2993,16566.99,3311,1954,2981,3299,12,12,12,C1,G11,G12,25,83,84
04_39_18,all-well,mm10,1884,2993,16566.99,3312,42,44,49,1842,2949,3263,A4,D3,B6,4,39,18
45_40_73,all-well,hg38,2076,2992,16561.45,3277,2045,2961,3246,31,31,31,D9,D4,G1,45,40,73
39_37_47,all-well,mm10,1823,2992,16561.45,3283,76,77,83,1747,2915,3200,D3,D1,D11,39,37,47
26_16_67,all-well,mm10,1925,2992,16561.45,3266,40,40,42,1885,2952,3224,C2,B4,F7,26,16,67
04_04_25,all-well,hg38,2062,2991,16555.92,3283,2043,2971,3262,19,20,21,A4,A4,C1,4,4,25
34_21_77,all-well,mm10,1935,2990,16550.38,3282,38,39,43,1897,2951,3239,C10,B9,G5,34,21,77
41_56_76,all-well,hg38,1963,2989,16544.85,3292,1930,2955,3256,33,34,36,D5,E8,G4,41,56,76
17_82_40,all-well,hg38,2003,2988,16539.31,3283,1989,2974,3268,14,14,15,B5,G10,D4,17,82,40
35_10_65,all-well,multiplet,2254,2986,16528.24,3281,1491,2001,2201,763,985,1080,C11,A10,F5,35,10,65
23_76_48,all-well,mm10,1691,2985,16522.71,3276,26,26,28,1665,2959,3248,B11,G4,D12,23,76,48
08_26_56,all-well,mm10,1810,2985,16522.71,3290,54,59,62,1756,2926,3228,A8,C2,E8,8,26,56
33_57_72,all-well,hg38,1913,2984,16517.17,3281,1885,2955,3251,28,29,30,C9,E9,F12,33,57,72
18_21_58,all-well,hg38,2100,2982,16506.10,3271,2089,2971,3258,11,11,13,B6,B9,E10,18,21,58
47_13_48,all-well,mm10,1908,2982,16506.10,3313,50,51,52,1858,2931,3261,D11,B1,D12,47,13,48
46_51_41,all-well,mm10,1786,2981,16500.56,3266,104,112,124,1682,2869,3142,D10,E3,D5,46,51,41
18_77_32,all-well,hg38,2005,2981,16500.56,3282,1984,2958,3259,21,23,23,B6,G5,C8,18,77,32
02_37_62,all-well,mm10,1925,2981,16500.56,3292,36,37,39,1889,2944,3253,A2,D1,F2,2,37,62
31_73_15,all-well,hg38,2108,2980,16495.03,3303,2053,2922,3239,55,58,64,C7,G1,B3,31,73,15
38_74_94,all-well,hg38,1980,2978,16483.96,3273,1905,2902,3192,75,76,81,D2,G2,H10,38,74,94
35_81_75,all-well,mm10,1956,2977,16478.42,3276,31,31,34,1925,2946,3242,C11,G9,G3,35,81,75
06_96_08,all-well,hg38,1731,2977,16478.42,3298,1717,2963,3284,14,14,14,A6,H12,A8,6,96,8
29_27_40,all-well,mm10,1927,2974,16461.82,3260,52,53,61,1875,2921,3199,C5,C3,D4,29,27,40
04_31_91,all-well,mm10,1967,2973,16456.28,3273,36,37,38,1931,2936,3235,A4,C7,H7,4,31,91
06_95_89,all-well,mm10,1830,2972,16450.75,3244,39,43,50,1791,2929,3194,A6,H11,H5,6,95,89
35_16_17,all-well,mm10,1896,2972,16450.75,3266,39,40,43,1857,2932,3223,C11,B4,B5,35,16,17
08_79_28,all-well,mm10,1780,2972,16450.75,3290,34,34,38,1746,2938,3252,A8,G7,C4,8,79,28
46_55_17,all-well,mm10,1862,2972,16450.75,3268,40,40,40,1822,2932,3228,D10,E7,B5,46,55,17
29_73_33,all-well,hg38,2120,2970,16439.68,3272,2090,2939,3238,30,31,34,C5,G1,C9,29,73,33
48_71_26,all-well,hg38,2144,2970,16439.68,3276,2112,2938,3242,32,32,34,D12,F11,C2,48,71,26
03_40_79,all-well,mm10,1885,2969,16434.14,3238,60,64,66,1825,2905,3172,A3,D4,G7,3,40,79
08_44_08,all-well,hg38,2100,2969,16434.14,3285,2078,2945,3261,22,24,24,A8,D8,A8,8,44,8
04_39_29,all-well,mm10,1762,2968,16428.61,3263,46,46,48,1716,2922,3215,A4,D3,C5,4,39,29
38_78_34,all-well,hg38,2005,2968,16428.61,3269,1973,2935,3234,32,33,35,D2,G6,C10,38,78,34
21_64_08,all-well,mm10,1787,2967,16423.07,3262,21,21,23,1766,2946,3239,B9,F4,A8,21,64,8
33_83_45,all-well,hg38,2075,2965,16412.00,3289,2066,2956,3278,9,9,11,C9,G11,D9,33,83,45
07_85_18,all-well,mm10,1892,2964,16406.47,3254,36,36,37,1856,2928,3217,A7,H1,B6,7,85,18
05_57_51,all-well,mm10,1836,2963,16400.93,3273,40,41,42,1796,2922,3231,A5,E9,E3,5,57,51
06_43_04,all-well,mm10,1830,2960,16384.32,3261,33,33,33,1797,2927,3228,A6,D7,A4,6,43,4
38_40_84,all-well,mm10,1860,2957,16367.72,3252,73,75,78,1787,2882,3174,D2,D4,G12,38,40,84
17_83_11,all-well,mm10,1856,2957,16367.72,3246,89,97,100,1767,2860,3146,B5,G11,A11,17,83,11
11_11_49,all-well,mm10,1857,2956,16362.18,3283,31,31,33,1826,2925,3250,A11,A11,E1,11,11,49
10_31_49,all-well,mm10,1935,2955,16356.65,3246,35,35,36,1900,2920,3210,A10,C7,E1,10,31,49
23_32_83,all-well,hg38,2032,2955,16356.65,3242,2012,2934,3218,20,21,24,B11,C8,G11,23,32,83
08_80_91,all-well,mm10,1856,2954,16351.11,3252,154,160,175,1702,2794,3077,A8,G8,H7,8,80,91
35_27_23,all-well,mm10,1799,2954,16351.11,3214,31,34,37,1768,2920,3177,C11,C3,B11,35,27,23
33_92_44,all-well,mm10,1826,2954,16351.11,3253,25,25,28,1801,2929,3225,C9,H8,D8,33,92,44
23_35_14,all-well,mm10,1806,2953,16345.58,3278,50,52,58,1756,2901,3220,B11,C11,B2,23,35,14
05_81_18,all-well,mm10,1881,2953,16345.58,3263,33,33,33,1848,2920,3230,A5,G9,B6,5,81,18
10_80_63,all-well,hg38,2108,2952,16340.04,3274,2019,2858,3171,89,94,103,A10,G8,F3,10,80,63
26_96_45,all-well,mm10,1887,2952,16340.04,3222,36,38,39,1851,2914,3183,C2,H12,D9,26,96,45
14_95_51,all-well,hg38,1976,2951,16334.51,3266,1930,2903,3211,46,48,55,B2,H11,E3,14,95,51
23_54_50,all-well,mm10,1854,2951,16334.51,3254,29,31,33,1825,2920,3221,B11,E6,E2,23,54,50
44_42_54,all-well,mm10,1858,2950,16328.97,3229,61,65,66,1797,2885,3163,D8,D6,E6,44,42,54
22_67_26,all-well,hg38,2088,2950,16328.97,3199,2072,2934,3182,16,16,17,B10,F7,C2,22,67,26
24_50_71,all-well,hg38,1918,2949,16323.44,3220,1875,2905,3175,43,44,45,B12,E2,F11,24,50,71
05_02_28,all-well,hg38,2046,2949,16323.44,3254,1922,2806,3100,124,143,154,A5,A2,C4,5,2,28
33_03_53,all-well,mm10,1944,2948,16317.90,3228,77,78,88,1867,2870,3140,C9,A3,E5,33,3,53
05_49_95,all-well,mm10,1979,2948,16317.90,3222,35,37,38,1944,2911,3184,A5,E1,H11,5,49,95
17_96_49,all-well,mm10,1820,2948,16317.90,3261,26,26,28,1794,2922,3233,B5,H12,E1,17,96,49
34_47_82,all-well,mm10,1828,2947,16312.37,3235,35,36,40,1793,2911,3195,C10,D11,G10,34,47,82
25_07_35,all-well,multiplet,2007,2947,16312.37,3221,289,324,359,1718,2623,2862,C1,A7,C11,25,7,35
47_07_45,all-well,mm10,1911,2946,16306.83,3254,53,54,57,1858,2892,3197,D11,A7,D9,47,7,45
11_14_18,all-well,mm10,1983,2946,16306.83,3228,50,51,56,1933,2895,3172,A11,B2,B6,11,14,18
13_96_80,all-well,mm10,1781,2946,16306.83,3221,36,37,40,1745,2909,3181,B1,H12,G8,13,96,80
24_82_78,all-well,hg38,1955,2944,16295.76,3226,1931,2920,3202,24,24,24,B12,G10,G6,24,82,78
34_60_38,all-well,mm10,1886,2943,16290.23,3267,36,38,41,1850,2905,3226,C10,E12,D2,34,60,38
34_09_36,all-well,mm10,1769,2941,16279.16,3215,38,38,42,1731,2903,3173,C10,A9,C12,34,9,36
03_58_15,all-well,mm10,1854,2940,16273.62,3197,83,84,92,1771,2856,3105,A3,E10,B3,3,58,15
28_39_92,all-well,hg38,1938,2939,16268.08,3172,1892,2892,3122,46,47,50,C4,D3,H8,28,39,92
45_19_73,all-well,mm10,1950,2938,16262.55,3237,82,89,95,1868,2849,3142,D9,B7,G1,45,19,73
05_86_83,all-well,mm10,1855,2938,16262.55,3215,34,34,35,1821,2904,3180,A5,H2,G11,5,86,83
06_67_70,all-well,mm10,1871,2937,16257.01,3213,47,47,51,1824,2890,3162,A6,F7,F10,6,67,70
33_33_24,all-well,mm10,1858,2937,16257.01,3204,36,36,38,1822,2901,3166,C9,C9,B12,33,33,24
16_83_55,all-well,mm10,1691,2937,16257.01,3222,32,33,34,1659,2904,3188,B4,G11,E7,16,83,55
18_94_53,all-well,mm10,1902,2934,16240.41,3213,30,34,36,1872,2900,3177,B6,H10,E5,18,94,53
06_49_77,all-well,hg38,1991,2933,16234.87,3238,1966,2905,3205,25,28,33,A6,E1,G5,6,49,77
18_22_32,all-well,hg38,2041,2932,16229.34,3246,2024,2915,3229,17,17,17,B6,B10,C8,18,22,32
05_25_63,all-well,hg38,1886,2931,16223.80,3224,1858,2902,3191,28,29,33,A5,C1,F3,5,25,63
05_50_27,all-well,mm10,1729,2928,16207.20,3204,24,25,30,1705,2903,3174,A5,E2,C3,5,50,27
36_89_46,all-well,mm10,1627,2927,16201.66,3242,37,49,56,1590,2878,3186,C12,H5,D10,36,89,46
18_13_71,all-well,mm10,1812,2926,16196.13,3192,39,40,42,1773,2886,3150,B6,B1,F11,18,13,71
33_80_02,all-well,mm10,1790,2925,16190.59,3226,43,45,45,1747,2880,3181,C9,G8,A2,33,80,2
20_13_69,all-well,hg38,1744,2923,16179.52,3218,1712,2887,3181,32,36,37,B8,B1,F9,20,13,69
23_37_13,all-well,mm10,1789,2922,16173.99,3228,42,46,48,1747,2876,3180,B11,D1,B1,23,37,13
21_89_68,all-well,mm10,1864,2921,16168.45,3247,25,25,27,1839,2896,3220,B9,H5,F8,21,89,68
26_57_72,all-well,mm10,1849,2917,16146.31,3246,57,59,65,1792,2858,3181,C2,E9,F12,26,57,72
47_43_71,all-well,hg38,2012,2917,16146.31,3184,1990,2890,3156,22,27,28,D11,D7,F11,47,43,71
18_39_50,all-well,hg38,2046,2914,16129.70,3199,2033,2900,3182,13,14,17,B6,D3,E2,18,39,50
23_88_44,all-well,mm10,1866,2910,16107.56,3203,24,24,25,1842,2886,3178,B11,H4,D8,23,88,44
04_46_34,all-well,mm10,1836,2910,16107.56,3188,35,37,38,1801,2873,3150,A4,D10,C10,4,46,34
29_38_48,all-well,mm10,1808,2910,16107.56,3184,37,37,38,1771,2873,3146,C5,D2,D12,29,38,48
18_08_64,all-well,mm10,1751,2908,16096.49,3199,27,27,30,1724,2881,3169,B6,A8,F4,18,8,64
10_23_52,all-well,hg38,1910,2908,16096.49,3185,1880,2876,3149,30,32,36,A10,B11,E4,10,23,52
04_17_45,all-well,mm10,1867,2907,16090.96,3205,35,35,37,1832,2872,3168,A4,B5,D9,4,17,45
11_55_38,all-well,mm10,1814,2906,16085.42,3207,22,23,24,1792,2883,3183,A11,E7,D2,11,55,38
38_83_23,all-well,mm10,1786,2904,16074.35,3194,28,28,30,1758,2876,3164,D2,G11,B11,38,83,23
24_30_41,all-well,mm10,1793,2900,16052.21,3207,36,37,41,1757,2863,3166,B12,C6,D5,24,30,41
18_76_33,all-well,mm10,1873,2900,16052.21,3195,33,34,36,1840,2866,3159,B6,G4,C9,18,76,33
01_92_26,all-well,mm10,1791,2899,16046.67,3175,30,31,34,1761,2868,3141,A1,H8,C2,1,92,26
43_95_63,all-well,hg38,2012,2898,16041.14,3185,1988,2871,3155,24,27,30,D7,H11,F3,43,95,63
39_38_01,all-well,hg38,1964,2897,16035.60,3209,1949,2880,3191,15,17,18,D3,D2,A1,39,38,1
11_85_37,all-well,mm10,1843,2897,16035.60,3193,34,34,36,1809,2863,3157,A11,H1,D1,11,85,37
18_89_03,all-well,mm10,1814,2897,16035.60,3154,29,30,31,1785,2867,3123,B6,H5,A3,18,89,3
46_51_55,all-well,mm10,1763,2896,16030.07,3159,27,27,29,1736,2869,3130,D10,E3,E7,46,51,55
05_26_62,all-well,hg38,1988,2896,16030.07,3190,1963,2869,3161,25,27,29,A5,C2,F2,5,26,62
09_83_43,all-well,mm10,1823,2896,16030.07,3208,36,37,42,1787,2859,3166,A9,G11,D7,9,83,43
45_65_52,all-well,mm10,1857,2895,16024.53,3177,55,61,65,1802,2834,3112,D9,F5,E4,45,65,52
27_85_50,all-well,hg38,2034,2895,16024.53,3156,2018,2878,3138,16,17,18,C3,H1,E2,27,85,50
02_33_12,all-well,mm10,1806,2894,16019.00,3172,16,16,18,1790,2878,3154,A2,C9,A12,2,33,12
05_04_91,all-well,mm10,1906,2893,16013.46,3189,40,41,44,1866,2852,3145,A5,A4,H7,5,4,91
45_29_60,all-well,mm10,1817,2893,16013.46,3166,99,109,117,1718,2784,3049,D9,C5,E12,45,29,60
25_19_57,all-well,mm10,1812,2892,16007.93,3178,35,35,36,1777,2857,3142,C1,B7,E9,25,19,57
47_10_41,all-well,hg38,2087,2892,16007.93,3179,2070,2875,3161,17,17,18,D11,A10,D5,47,10,41
47_89_39,all-well,mm10,1655,2892,16007.93,3186,14,14,14,1641,2878,3172,D11,H5,D3,47,89,39
04_62_72,all-well,mm10,1849,2892,16007.93,3165,39,40,41,1810,2852,3124,A4,F2,F12,4,62,72
07_68_77,all-well,mm10,1768,2891,16002.39,3178,56,56,65,1712,2835,3113,A7,F8,G5,7,68,77
18_85_09,all-well,mm10,1795,2890,15996.86,3177,30,30,31,1765,2860,3146,B6,H1,A9,18,85,9
17_89_83,all-well,mm10,1866,2890,15996.86,3187,36,37,40,1830,2853,3147,B5,H5,G11,17,89,83
35_73_18,all-well,hg38,2140,2889,15991.32,3200,2103,2851,3159,37,38,41,C11,G1,B6,35,73,18
19_89_26,all-well,mm10,1812,2889,15991.32,3216,31,34,39,1781,2855,3177,B7,H5,C2,19,89,26
29_23_96,all-well,mm10,1852,2887,15980.25,3140,32,33,34,1820,2854,3106,C5,B11,H12,29,23,96
27_10_04,all-well,mm10,1720,2886,15974.72,3172,41,41,43,1679,2845,3129,C3,A10,A4,27,10,4
08_60_33,all-well,mm10,1743,2885,15969.18,3183,50,53,54,1693,2832,3129,A8,E12,C9,8,60,33
45_49_13,all-well,hg38,2120,2884,15963.65,3140,2078,2837,3088,42,47,52,D9,E1,B1,45,49,13
21_47_84,all-well,mm10,1709,2883,15958.11,3162,36,38,41,1673,2845,3121,B9,D11,G12,21,47,84
03_09_92,all-well,hg38,2123,2883,15958.11,3146,2101,2860,3122,22,23,24,A3,A9,H8,3,9,92
04_84_70,all-well,mm10,1889,2883,15958.11,3176,17,18,21,1872,2865,3155,A4,G12,F10,4,84,70
05_49_80,all-well,mm10,1733,2883,15958.11,3158,32,33,35,1701,2850,3123,A5,E1,G8,5,49,80
44_62_74,all-well,mm10,1810,2882,15952.58,3178,93,94,103,1717,2788,3075,D8,F2,G2,44,62,74
26_11_74,all-well,mm10,1875,2882,15952.58,3184,45,47,51,1830,2835,3133,C2,A11,G2,26,11,74
42_06_02,all-well,mm10,1791,2881,15947.04,3158,89,96,103,1702,2785,3055,D6,A6,A2,42,6,2
08_53_25,all-well,mm10,1584,2881,15947.04,3197,27,27,29,1557,2854,3168,A8,E5,C1,8,53,25
44_30_55,all-well,hg38,2010,2881,15947.04,3212,1988,2859,3188,22,22,24,D8,C6,E7,44,30,55
05_39_41,all-well,mm10,1842,2880,15941.51,3153,59,61,66,1783,2819,3087,A5,D3,D5,5,39,41
29_43_28,all-well,mm10,1821,2880,15941.51,3166,28,28,30,1793,2852,3136,C5,D7,C4,29,43,28
45_65_36,all-well,mm10,1943,2879,15935.97,3146,65,70,75,1878,2809,3071,D9,F5,C12,45,65,36
06_11_93,all-well,mm10,1633,2879,15935.97,3148,26,26,27,1607,2853,3121,A6,A11,H9,6,11,93
03_73_82,all-well,mm10,1865,2877,15924.90,3155,52,56,62,1813,2821,3093,A3,G1,G10,3,73,82
47_03_51,all-well,hg38,1991,2877,15924.90,3174,1965,2851,3146,26,26,28,D11,A3,E3,47,3,51
27_69_17,all-well,mm10,1804,2876,15919.36,3151,66,85,93,1738,2791,3058,C3,F9,B5,27,69,17
46_44_87,all-well,mm10,1789,2875,15913.83,3161,46,48,51,1743,2827,3110,D10,D8,H3,46,44,87
42_46_07,all-well,mm10,1901,2875,15913.83,3175,69,78,87,1832,2797,3088,D6,D10,A7,42,46,7
46_75_64,all-well,mm10,1875,2875,15913.83,3187,35,35,39,1840,2840,3148,D10,G3,F4,46,75,64
03_87_70,all-well,mm10,1948,2874,15908.29,3142,53,54,59,1895,2820,3083,A3,H3,F10,3,87,70
21_78_73,all-well,mm10,1720,2873,15902.76,3197,36,36,37,1684,2837,3160,B9,G6,G1,21,78,73
29_44_96,all-well,mm10,1791,2873,15902.76,3159,37,38,40,1754,2835,3119,C5,D8,H12,29,44,96
36_49_75,all-well,hg38,1936,2873,15902.76,3145,1892,2828,3097,44,45,48,C12,E1,G3,36,49,75
42_55_48,all-well,mm10,1676,2872,15897.22,3144,36,36,40,1640,2836,3104,D6,E7,D12,42,55,48
04_94_29,all-well,mm10,1832,2872,15897.22,3159,30,30,32,1802,2842,3127,A4,H10,C5,4,94,29
23_90_72,all-well,mm10,1819,2872,15897.22,3139,27,27,30,1792,2845,3109,B11,H6,F12,23,90,72
30_82_47,all-well,hg38,1958,2872,15897.22,3168,1938,2852,3145,20,20,23,C6,G10,D11,30,82,47
05_44_70,all-well,hg38,1943,2868,15875.08,3158,1932,2857,3146,11,11,12,A5,D8,F10,5,44,70
13_15_77,all-well,mm10,1588,2868,15875.08,3183,46,47,51,1542,2821,3132,B1,B3,G5,13,15,77
11_50_83,all-well,mm10,1868,2867,15869.55,3163,150,158,179,1718,2709,2984,A11,E2,G11,11,50,83
29_45_61,all-well,mm10,1783,2865,15858.48,3150,25,25,28,1758,2840,3122,C5,D9,F1,29,45,61
46_18_02,all-well,hg38,1946,2864,15852.94,3157,1897,2810,3103,49,54,54,D10,B6,A2,46,18,2
33_02_54,all-well,mm10,1723,2862,15841.87,3153,28,29,29,1695,2833,3124,C9,A2,E6,33,2,54
29_71_96,all-well,hg38,1956,2862,15841.87,3166,1932,2838,3140,24,24,26,C5,F11,H12,29,71,96
04_51_15,all-well,mm10,1701,2861,15836.34,3142,40,40,43,1661,2821,3099,A4,E3,B3,4,51,15
16_91_12,all-well,mm10,1699,2859,15825.27,3148,25,25,27,1674,2834,3121,B4,H7,A12,16,91,12
18_16_82,all-well,mm10,1811,2857,15814.19,3150,25,25,27,1786,2832,3123,B6,B4,G10,18,16,82
29_31_85,all-well,mm10,1652,2856,15808.66,3137,19,19,19,1633,2837,3118,C5,C7,H1,29,31,85
06_74_05,all-well,mm10,1786,2852,15786.52,3171,46,46,49,1740,2806,3122,A6,G2,A5,6,74,5
18_64_12,all-well,mm10,1775,2852,15786.52,3132,26,26,27,1749,2826,3105,B6,F4,A12,18,64,12
07_78_60,all-well,mm10,1794,2852,15786.52,3154,33,37,40,1761,2815,3114,A7,G6,E12,7,78,60
11_35_55,all-well,hg38,2001,2850,15775.45,3136,1977,2824,3109,24,26,27,A11,C11,E7,11,35,55
10_17_72,all-well,mm10,1906,2850,15775.45,3099,48,50,55,1858,2800,3044,A10,B5,F12,10,17,72
37_57_23,all-well,hg38,1914,2849,15769.91,3158,1875,2805,3108,39,44,50,D1,E9,B11,37,57,23
42_58_78,all-well,mm10,1798,2848,15764.38,3131,108,114,129,1690,2734,3002,D6,E10,G6,42,58,78
39_92_09,all-well,mm10,1867,2848,15764.38,3156,45,47,53,1822,2801,3103,D3,H8,A9,39,92,9
04_01_32,all-well,mm10,1735,2847,15758.84,3114,33,33,33,1702,2814,3081,A4,A1,C8,4,1,32
18_13_89,all-well,mm10,1808,2845,15747.77,3110,40,40,41,1768,2805,3069,B6,B1,H5,18,13,89
33_85_51,all-well,mm10,1873,2841,15725.63,3106,55,58,63,1818,2783,3043,C9,H1,E3,33,85,51
03_49_01,all-well,hg38,2006,2841,15725.63,3138,1987,2822,3119,19,19,19,A3,E1,A1,3,49,1
45_90_34,all-well,mm10,1834,2840,15720.10,3088,41,45,48,1793,2795,3040,D9,H6,C10,45,90,34
18_72_90,all-well,mm10,1728,2837,15703.49,3155,32,33,35,1696,2804,3120,B6,F12,H6,18,72,90
21_77_25,all-well,mm10,1795,2836,15697.95,3087,32,36,37,1763,2800,3050,B9,G5,C1,21,77,25
16_59_25,all-well,hg38,1963,2836,15697.95,3138,1903,2773,3069,60,63,69,B4,E11,C1,16,59,25
25_96_86,all-well,mm10,1819,2835,15692.42,3137,106,121,133,1713,2714,3004,C1,H12,H2,25,96,86
04_95_62,all-well,mm10,1806,2835,15692.42,3123,40,42,46,1766,2793,3077,A4,H11,F2,4,95,62
04_24_65,all-well,hg38,1975,2835,15692.42,3125,1952,2812,3101,23,23,24,A4,B12,F5,4,24,65
15_16_85,all-well,mm10,1752,2833,15681.35,3092,48,50,51,1704,2783,3041,B3,B4,H1,15,16,85
30_96_78,all-well,hg38,1987,2833,15681.35,3105,1957,2802,3068,30,31,37,C6,H12,G6,30,96,78
02_74_48,all-well,mm10,1790,2832,15675.81,3111,38,39,40,1752,2793,3071,A2,G2,D12,2,74,48
48_05_75,all-well,hg38,1898,2831,15670.28,3075,1865,2797,3041,33,34,34,D12,A5,G3,48,5,75
07_48_51,all-well,mm10,1712,2831,15670.28,3100,35,36,37,1677,2795,3063,A7,D12,E3,7,48,51
01_36_53,all-well,hg38,1932,2830,15664.74,3094,1914,2812,3074,18,18,20,A1,C12,E5,1,36,53
18_03_32,all-well,hg38,1956,2830,15664.74,3131,1942,2816,3114,14,14,17,B6,A3,C8,18,3,32
08_57_92,all-well,mm10,1818,2829,15659.21,3115,24,25,26,1794,2804,3089,A8,E9,H8,8,57,92
43_50_11,all-well,mm10,1744,2828,15653.67,3095,35,37,38,1709,2791,3057,D7,E2,A11,43,50,11
41_85_06,all-well,mm10,1757,2827,15648.14,3081,27,28,30,1730,2799,3051,D5,H1,A6,41,85,6
06_28_51,all-well,mm10,1680,2827,15648.14,3083,93,95,102,1587,2732,2981,A6,C4,E3,6,28,51
18_27_74,all-well,hg38,1922,2826,15642.60,3094,1912,2816,3084,10,10,10,B6,C3,G2,18,27,74
04_18_75,all-well,mm10,1728,2824,15631.53,3104,53,55,55,1675,2769,3049,A4,B6,G3,4,18,75
35_96_40,all-well,mm10,1766,2824,15631.53,3112,39,41,42,1727,2783,3070,C11,H12,D4,35,96,40
05_09_36,all-well,mm10,1759,2824,15631.53,3120,33,35,36,1726,2789,3084,A5,A9,C12,5,9,36
27_96_92,all-well,mm10,1835,2822,15620.46,3086,34,36,37,1801,2786,3049,C3,H12,H8,27,96,92
40_34_82,all-well,hg38,1988,2822,15620.46,3076,1967,2800,3054,21,22,22,D4,C10,G10,40,34,82
21_13_09,all-well,mm10,1755,2821,15614.93,3104,41,41,42,1714,2780,3062,B9,B1,A9,21,13,9
08_01_07,all-well,mm10,1795,2820,15609.39,3111,33,33,34,1762,2787,3077,A8,A1,A7,8,1,7
02_63_07,all-well,hg38,2075,2820,15609.39,3144,1973,2712,3025,102,108,119,A2,F3,A7,2,63,7
09_47_96,all-well,mm10,1628,2819,15603.86,3099,32,32,33,1596,2787,3066,A9,D11,H12,9,47,96
15_45_43,all-well,hg38,1784,2818,15598.32,3103,1687,2709,2977,97,109,126,B3,D9,D7,15,45,43
33_94_05,all-well,mm10,1885,2817,15592.78,3101,29,29,33,1856,2788,3068,C9,H10,A5,33,94,5
25_52_26,all-well,mm10,1829,2817,15592.78,3126,64,65,65,1765,2752,3061,C1,E4,C2,25,52,26
35_23_34,all-well,hg38,1590,2814,15576.18,3106,1536,2752,3040,54,62,66,C11,B11,C10,35,23,34
10_77_96,all-well,hg38,1969,2813,15570.64,3065,1955,2799,3051,14,14,14,A10,G5,H12,10,77,96
04_59_08,all-well,mm10,1810,2813,15570.64,3075,43,45,48,1767,2768,3027,A4,E11,A8,4,59,8
41_03_45,all-well,mm10,1734,2813,15570.64,3072,38,39,44,1696,2774,3028,D5,A3,D9,41,3,45
13_96_02,all-well,hg38,1948,2813,15570.64,3101,1929,2794,3080,19,19,21,B1,H12,A2,13,96,2
41_21_91,all-well,hg38,1935,2809,15548.50,3092,1921,2794,3077,14,15,15,D5,B9,H7,41,21,91
01_10_24,all-well,hg38,1883,2808,15542.97,3103,1860,2784,3077,23,24,26,A1,A10,B12,1,10,24
21_14_60,all-well,mm10,1759,2807,15537.43,3082,43,47,53,1716,2760,3029,B9,B2,E12,21,14,60
42_66_39,all-well,mm10,1739,2806,15531.90,3092,43,47,49,1696,2759,3043,D6,F6,D3,42,66,39
22_92_72,all-well,mm10,1849,2806,15531.90,3088,34,35,37,1815,2771,3051,B10,H8,F12,22,92,72
36_48_12,all-well,mm10,1788,2806,15531.90,3060,67,76,82,1721,2730,2978,C12,D12,A12,36,48,12
39_49_62,all-well,mm10,1698,2806,15531.90,3093,22,22,25,1676,2784,3068,D3,E1,F2,39,49,62
23_75_77,all-well,mm10,1644,2805,15526.36,3074,34,35,42,1610,2770,3032,B11,G3,G5,23,75,77
05_91_82,all-well,mm10,1766,2804,15520.83,3058,52,53,56,1714,2751,3002,A5,H7,G10,5,91,82
30_94_04,all-well,mm10,1709,2804,15520.83,3080,21,22,24,1688,2782,3056,C6,H10,A4,30,94,4
27_43_16,all-well,mm10,1693,2803,15515.29,3102,37,38,45,1656,2765,3057,C3,D7,B4,27,43,16
03_79_63,all-well,mm10,1771,2803,15515.29,3062,41,42,45,1730,2761,3017,A3,G7,F3,3,79,63
24_25_45,all-well,mm10,1700,2801,15504.22,3070,75,82,95,1625,2719,2975,B12,C1,D9,24,25,45
47_57_96,all-well,hg38,2043,2801,15504.22,3102,2018,2775,3075,25,26,27,D11,E9,H12,47,57,96
45_84_08,all-well,mm10,1816,2800,15498.69,3059,77,80,86,1739,2720,2973,D9,G12,A8,45,84,8
08_62_91,all-well,hg38,2030,2798,15487.62,3121,2004,2772,3092,26,26,29,A8,F2,H7,8,62,91
17_43_28,all-well,mm10,1818,2798,15487.62,3064,38,39,39,1780,2759,3025,B5,D7,C4,17,43,28
44_82_62,all-well,mm10,1686,2797,15482.08,3042,28,28,29,1658,2769,3013,D8,G10,F2,44,82,62
47_85_29,all-well,mm10,1814,2796,15476.54,3091,30,30,31,1784,2766,3060,D11,H1,C5,47,85,29
01_25_57,all-well,mm10,1877,2795,15471.01,3042,40,41,43,1837,2754,2999,A1,C1,E9,1,25,57
02_77_41,all-well,hg38,1841,2795,15471.01,3057,1825,2779,3041,16,16,16,A2,G5,D5,2,77,41
04_60_86,all-well,mm10,1781,2794,15465.47,3096,33,34,38,1748,2760,3058,A4,E12,H2,4,60,86
02_43_39,all-well,mm10,1847,2791,15448.87,3062,30,30,30,1817,2761,3032,A2,D7,D3,2,43,39
13_06_28,all-well,hg38,1960,2790,15443.33,3062,1922,2751,3016,38,39,46,B1,A6,C4,13,6,28
01_49_70,all-well,mm10,1810,2790,15443.33,3080,40,40,42,1770,2750,3038,A1,E1,F10,1,49,70
11_19_50,all-well,mm10,1734,2789,15437.80,3101,37,38,38,1697,2751,3063,A11,B7,E2,11,19,50
29_92_48,all-well,hg38,1987,2789,15437.80,3074,1965,2767,3049,22,22,25,C5,H8,D12,29,92,48
20_71_70,all-well,mm10,1750,2789,15437.80,3069,37,43,45,1713,2746,3024,B8,F11,F10,20,71,70
29_90_70,all-well,mm10,1779,2788,15432.26,3083,24,25,26,1755,2763,3057,C5,H6,F10,29,90,70
06_94_95,all-well,mm10,1757,2787,15426.73,3065,26,27,28,1731,2760,3037,A6,H10,H11,6,94,95
02_32_05,all-well,mm10,1809,2786,15421.19,3057,33,34,35,1776,2752,3022,A2,C8,A5,2,32,5
06_80_72,all-well,mm10,1740,2785,15415.66,3045,24,25,27,1716,2760,3018,A6,G8,F12,6,80,72
10_30_86,all-well,mm10,1817,2785,15415.66,3054,23,23,25,1794,2762,3029,A10,C6,H2,10,30,86
20_83_80,all-well,hg38,1893,2785,15415.66,3064,1881,2773,3049,12,12,15,B8,G11,G8,20,83,80
45_68_60,all-well,mm10,1842,2784,15410.12,3043,96,101,111,1746,2683,2932,D9,F8,E12,45,68,60
45_31_59,all-well,hg38,2078,2784,15410.12,3048,2040,2743,3004,38,41,44,D9,C7,E11,45,31,59
45_02_93,all-well,hg38,1998,2784,15410.12,3045,1950,2731,2989,48,53,56,D9,A2,H9,45,2,93
21_77_70,all-well,mm10,1852,2783,15404.59,3053,26,26,29,1826,2757,3024,B9,G5,F10,21,77,70
08_80_77,all-well,mm10,1784,2782,15399.05,3031,34,34,34,1750,2748,2997,A8,G8,G5,8,80,77
02_72_92,all-well,mm10,1816,2782,15399.05,3061,30,30,31,1786,2752,3030,A2,F12,H8,2,72,92
41_83_85,all-well,mm10,1796,2781,15393.52,3063,12,13,13,1784,2768,3050,D5,G11,H1,41,83,85
11_91_39,all-well,mm10,1874,2781,15393.52,3072,25,25,26,1849,2756,3046,A11,H7,D3,11,91,39
20_96_56,all-well,mm10,1545,2781,15393.52,3031,30,35,36,1515,2746,2995,B8,H12,E8,20,96,56
03_24_83,all-well,mm10,1700,2778,15376.91,3061,50,50,52,1650,2728,3009,A3,B12,G11,3,24,83
13_21_18,all-well,hg38,1696,2778,15376.91,3060,1636,2712,2991,60,66,69,B1,B9,B6,13,21,18
02_95_03,all-well,mm10,1760,2777,15371.37,3063,30,32,36,1730,2745,3027,A2,H11,A3,2,95,3
03_49_76,all-well,hg38,2079,2777,15371.37,3045,2009,2698,2959,70,79,86,A3,E1,G4,3,49,76
42_19_06,all-well,mm10,1779,2776,15365.84,3051,42,45,45,1737,2731,3006,D6,B7,A6,42,19,6
23_20_63,all-well,mm10,1747,2776,15365.84,3055,44,45,50,1703,2731,3005,B11,B8,F3,23,20,63
45_83_96,all-well,hg38,2083,2775,15360.30,3030,2041,2731,2981,42,44,49,D9,G11,H12,45,83,96
05_30_52,all-well,mm10,1684,2775,15360.30,3066,23,23,26,1661,2752,3040,A5,C6,E4,5,30,52
06_32_80,all-well,mm10,1622,2774,15354.77,3024,34,34,34,1588,2740,2990,A6,C8,G8,6,32,80
23_11_94,all-well,mm10,1779,2774,15354.77,3055,19,19,20,1760,2755,3035,B11,A11,H10,23,11,94
45_71_11,all-well,hg38,2092,2774,15354.77,3061,2066,2747,3032,26,27,29,D9,F11,A11,45,71,11
31_39_84,all-well,mm10,1810,2773,15349.23,3017,30,32,33,1780,2741,2984,C7,D3,G12,31,39,84
29_35_04,all-well,mm10,1779,2773,15349.23,3006,40,42,44,1739,2731,2962,C5,C11,A4,29,35,4
42_89_71,all-well,mm10,1747,2773,15349.23,3089,36,39,42,1711,2734,3047,D6,H5,F11,42,89,71
04_38_80,all-well,mm10,1771,2771,15338.16,3054,26,29,29,1745,2742,3025,A4,D2,G8,4,38,80
02_20_71,all-well,mm10,1820,2770,15332.63,3046,36,37,41,1784,2733,3005,A2,B8,F11,2,20,71
33_88_93,all-well,hg38,1980,2769,15327.09,3054,1953,2742,3021,27,27,33,C9,H4,H9,33,88,93
47_44_61,all-well,mm10,1763,2769,15327.09,3042,31,32,35,1732,2737,3007,D11,D8,F1,47,44,61
08_86_12,all-well,mm10,1735,2767,15316.02,3041,29,29,32,1706,2738,3009,A8,H2,A12,8,86,12
05_08_37,all-well,mm10,1779,2767,15316.02,3028,24,24,26,1755,2743,3002,A5,A8,D1,5,8,37
08_43_36,all-well,mm10,1732,2766,15310.49,3040,37,37,40,1695,2729,3000,A8,D7,C12,8,43,36
19_71_02,all-well,mm10,1725,2766,15310.49,3074,25,27,28,1700,2739,3046,B7,F11,A2,19,71,2
23_24_70,all-well,hg38,1892,2766,15310.49,3031,1871,2745,3010,21,21,21,B11,B12,F10,23,24,70
10_77_92,all-well,mm10,1781,2765,15304.95,3031,23,23,25,1758,2742,3006,A10,G5,H8,10,77,92
03_21_11,all-well,mm10,1761,2765,15304.95,3058,52,54,60,1709,2711,2998,A3,B9,A11,3,21,11
15_56_02,all-well,mm10,1795,2764,15299.42,3047,59,59,64,1736,2705,2983,B3,E8,A2,15,56,2
20_42_59,all-well,hg38,1787,2764,15299.42,3068,1745,2718,3017,42,46,51,B8,D6,E11,20,42,59
03_96_70,all-well,hg38,2026,2764,15299.42,3049,2003,2741,3025,23,23,24,A3,H12,F10,3,96,70
18_10_54,all-well,hg38,1845,2763,15293.88,3072,1820,2737,3046,25,26,26,B6,A10,E6,18,10,54
46_12_64,all-well,mm10,1686,2763,15293.88,3063,35,36,38,1651,2727,3025,D10,A12,F4,46,12,64
18_28_87,all-well,mm10,1856,2762,15288.35,3052,34,36,37,1822,2726,3015,B6,C4,H3,18,28,87
15_30_65,all-well,hg38,1901,2761,15282.81,3056,1884,2742,3036,17,19,20,B3,C6,F5,15,30,65
20_90_63,all-well,mm10,1783,2761,15282.81,3028,58,65,66,1725,2696,2962,B8,H6,F3,20,90,63
10_77_19,all-well,mm10,1763,2761,15282.81,3026,30,30,31,1733,2731,2995,A10,G5,B7,10,77,19
23_15_41,all-well,mm10,1777,2760,15277.28,3051,40,41,45,1737,2719,3006,B11,B3,D5,23,15,41
02_62_81,all-well,mm10,1753,2759,15271.74,3045,37,37,41,1716,2722,3004,A2,F2,G9,2,62,81
05_17_25,all-well,mm10,1722,2759,15271.74,3036,87,89,99,1635,2670,2937,A5,B5,C1,5,17,25
21_73_82,all-well,mm10,1783,2758,15266.21,3048,25,29,33,1758,2729,3015,B9,G1,G10,21,73,82
21_42_88,all-well,mm10,1719,2758,15266.21,3056,31,34,37,1688,2724,3019,B9,D6,H4,21,42,88
23_33_63,all-well,mm10,1716,2758,15266.21,3036,44,44,45,1672,2714,2991,B11,C9,F3,23,33,63
03_57_41,all-well,hg38,2074,2757,15260.67,3024,2043,2724,2989,31,33,35,A3,E9,D5,3,57,41
02_84_78,all-well,mm10,1702,2757,15260.67,3050,49,50,53,1653,2707,2997,A2,G12,G6,2,84,78
35_85_79,all-well,mm10,1810,2757,15260.67,3034,44,44,49,1766,2713,2985,C11,H1,G7,35,85,79
24_10_47,all-well,hg38,1945,2757,15260.67,2991,1926,2738,2972,19,19,19,B12,A10,D11,24,10,47
21_49_28,all-well,hg38,1896,2756,15255.13,3024,1884,2744,3009,12,12,15,B9,E1,C4,21,49,28
06_28_02,all-well,mm10,1711,2755,15249.60,3033,83,87,91,1628,2668,2942,A6,C4,A2,6,28,2
35_42_45,all-well,hg38,1964,2754,15244.06,2988,1939,2728,2962,25,26,26,C11,D6,D9,35,42,45
14_03_23,all-well,hg38,1893,2753,15238.53,3022,1798,2653,2916,95,100,106,B2,A3,B11,14,3,23
03_90_07,all-well,mm10,1796,2750,15221.92,3004,54,54,60,1742,2696,2944,A3,H6,A7,3,90,7
21_77_42,all-well,hg38,2000,2750,15221.92,3039,1980,2730,3018,20,20,21,B9,G5,D6,21,77,42
07_55_11,all-well,hg38,1933,2750,15221.92,3033,1918,2734,3016,15,16,17,A7,E7,A11,7,55,11
17_25_06,all-well,multiplet,1747,2749,15216.39,2995,206,292,312,1541,2457,2683,B5,C1,A6,17,25,6
08_57_72,all-well,mm10,1719,2749,15216.39,3023,41,44,47,1678,2705,2976,A8,E9,F12,8,57,72
45_43_81,all-well,mm10,1813,2748,15210.85,3003,58,62,63,1755,2686,2940,D9,D7,G9,45,43,81
33_60_76,all-well,hg38,1944,2748,15210.85,3038,1931,2735,3024,13,13,14,C9,E12,G4,33,60,76
47_16_02,all-well,mm10,1657,2748,15210.85,3001,28,29,30,1629,2719,2971,D11,B4,A2,47,16,2
13_34_39,all-well,mm10,1777,2748,15210.85,3014,34,37,37,1743,2711,2977,B1,C10,D3,13,34,39
05_88_26,all-well,mm10,1716,2747,15205.32,3029,51,53,57,1665,2694,2972,A5,H4,C2,5,88,26
08_57_82,all-well,hg38,1918,2747,15205.32,3029,1893,2722,3003,25,25,26,A8,E9,G10,8,57,82
06_36_76,all-well,mm10,1668,2745,15194.25,3002,35,37,38,1633,2708,2964,A6,C12,G4,6,36,76
30_78_72,all-well,hg38,2005,2745,15194.25,3026,1977,2716,2995,28,29,31,C6,G6,F12,30,78,72
46_24_18,all-well,mm10,1754,2744,15188.71,3018,46,47,47,1708,2697,2971,D10,B12,B6,46,24,18
08_49_93,all-well,mm10,1646,2743,15183.18,3003,42,42,46,1604,2701,2957,A8,E1,H9,8,49,93
11_90_29,all-well,mm10,1844,2743,15183.18,3015,21,21,22,1823,2722,2993,A11,H6,C5,11,90,29
15_38_15,all-well,hg38,1936,2741,15172.11,2994,1870,2673,2921,66,68,73,B3,D2,B3,15,38,15
04_19_82,all-well,mm10,1781,2741,15172.11,3032,65,66,74,1716,2675,2958,A4,B7,G10,4,19,82
06_38_82,all-well,mm10,1764,2740,15166.57,3011,33,34,36,1731,2706,2975,A6,D2,G10,6,38,82
46_96_14,all-well,mm10,1756,2739,15161.04,3013,33,33,35,1723,2706,2978,D10,H12,B2,46,96,14
22_08_89,all-well,mm10,1771,2739,15161.04,3022,62,62,63,1709,2677,2959,B10,A8,H5,22,8,89
21_20_25,all-well,mm10,1669,2738,15155.50,2996,58,59,66,1611,2679,2930,B9,B8,C1,21,20,25
39_96_36,all-well,mm10,1810,2737,15149.97,2980,173,190,199,1637,2547,2781,D3,H12,C12,39,96,36
33_25_89,all-well,hg38,1926,2735,15138.89,2983,1908,2716,2960,18,19,23,C9,C1,H5,33,25,89
47_86_26,all-well,mm10,1682,2734,15133.36,3021,22,22,22,1660,2712,2999,D11,H2,C2,47,86,26
45_46_48,all-well,mm10,1775,2733,15127.82,2983,52,52,53,1723,2681,2930,D9,D10,D12,45,46,48
03_39_66,all-well,hg38,1899,2733,15127.82,2988,1886,2720,2975,13,13,13,A3,D3,F6,3,39,66
08_77_11,all-well,hg38,1861,2732,15122.29,3006,1848,2715,2989,13,17,17,A8,G5,A11,8,77,11
15_09_48,all-well,mm10,1703,2732,15122.29,3018,63,66,74,1640,2666,2944,B3,A9,D12,15,9,48
05_50_70,all-well,mm10,1828,2732,15122.29,2988,42,42,47,1786,2690,2941,A5,E2,F10,5,50,70
06_36_07,all-well,hg38,1737,2731,15116.75,3004,1715,2709,2981,22,22,23,A6,C12,A7,6,36,7
23_24_12,all-well,mm10,1705,2729,15105.68,3014,40,41,45,1665,2688,2969,B11,B12,A12,23,24,12
04_29_67,all-well,mm10,1698,2727,15094.61,2990,37,37,40,1661,2690,2950,A4,C5,F7,4,29,67
31_09_95,all-well,mm10,1748,2726,15089.08,2996,32,34,42,1716,2692,2954,C7,A9,H11,31,9,95
45_88_41,all-well,hg38,1867,2726,15089.08,2976,1815,2670,2920,52,56,56,D9,H4,D5,45,88,41
47_95_16,all-well,mm10,1781,2726,15089.08,3031,32,33,35,1749,2693,2996,D11,H11,B4,47,95,16
10_56_31,all-well,mm10,1859,2725,15083.54,2973,48,48,49,1811,2677,2924,A10,E8,C7,10,56,31
23_61_89,all-well,mm10,1683,2724,15078.01,2968,31,32,33,1652,2692,2935,B11,F1,H5,23,61,89
47_90_54,all-well,mm10,1758,2724,15078.01,2987,27,28,28,1731,2696,2959,D11,H6,E6,47,90,54
29_45_70,all-well,mm10,1799,2723,15072.47,3017,24,24,27,1775,2699,2990,C5,D9,F10,29,45,70
01_22_47,all-well,mm10,1719,2722,15066.94,2990,31,32,35,1688,2690,2955,A1,B10,D11,1,22,47
40_11_17,all-well,hg38,1508,2721,15061.40,3000,1288,2475,2730,220,246,270,D4,A11,B5,40,11,17
33_43_04,all-well,mm10,1680,2721,15061.40,2982,31,35,40,1649,2686,2942,C9,D7,A4,33,43,4
03_18_89,all-well,mm10,1717,2719,15050.33,2979,68,74,76,1649,2645,2903,A3,B6,H5,3,18,89
10_80_92,all-well,mm10,1750,2719,15050.33,2986,32,34,34,1718,2685,2952,A10,G8,H8,10,80,92
41_03_72,all-well,mm10,1622,2718,15044.80,2957,27,27,27,1595,2691,2930,D5,A3,F12,41,3,72
44_30_15,all-well,mm10,1623,2718,15044.80,2988,45,46,52,1578,2672,2936,D8,C6,B3,44,30,15
11_11_76,all-well,mm10,1761,2717,15039.26,2989,26,27,29,1735,2690,2960,A11,A11,G4,11,11,76
45_29_16,all-well,mm10,1746,2714,15022.65,2968,63,68,73,1683,2646,2895,D9,C5,B4,45,29,16
04_92_59,all-well,mm10,1831,2714,15022.65,2979,33,34,35,1798,2680,2944,A4,H8,E11,4,92,59
14_90_26,all-well,mm10,1820,2712,15011.58,2990,48,48,50,1772,2664,2940,B2,H6,C2,14,90,26
03_71_23,all-well,mm10,1759,2711,15006.05,2989,42,43,46,1717,2668,2943,A3,F11,B11,3,71,23
38_03_15,all-well,mm10,1834,2711,15006.05,2974,53,58,69,1781,2653,2905,D2,A3,B3,38,3,15
07_30_90,all-well,hg38,1821,2711,15006.05,2989,1800,2690,2968,21,21,21,A7,C6,H6,7,30,90
35_96_78,all-well,mm10,1693,2710,15000.51,3023,32,34,35,1661,2676,2988,C11,H12,G6,35,96,78
47_08_42,all-well,mm10,1722,2710,15000.51,2975,38,38,40,1684,2672,2935,D11,A8,D6,47,8,42
45_17_71,all-well,mm10,1691,2709,14994.98,2953,36,40,40,1655,2669,2913,D9,B5,F11,45,17,71
02_55_09,all-well,mm10,1712,2709,14994.98,2979,19,20,21,1693,2689,2958,A2,E7,A9,2,55,9
20_90_02,all-well,mm10,1668,2709,14994.98,2993,48,49,53,1620,2660,2940,B8,H6,A2,20,90,2
44_90_72,all-well,mm10,1771,2709,14994.98,2978,30,30,31,1741,2679,2947,D8,H6,F12,44,90,72
05_82_67,all-well,hg38,1932,2706,14978.37,2943,1918,2692,2929,14,14,14,A5,G10,F7,5,82,67
26_38_76,all-well,hg38,1865,2706,14978.37,2974,1852,2693,2960,13,13,14,C2,D2,G4,26,38,76
28_47_66,all-well,mm10,1779,2705,14972.84,2973,33,35,37,1746,2670,2936,C4,D11,F6,28,47,66
04_55_51,all-well,hg38,1875,2704,14967.30,2962,1865,2694,2951,10,10,11,A4,E7,E3,4,55,51
26_25_58,all-well,mm10,1799,2701,14950.70,2989,35,35,36,1764,2666,2953,C2,C1,E10,26,25,58
02_22_05,all-well,mm10,1764,2700,14945.16,2981,59,60,68,1705,2640,2913,A2,B10,A5,2,22,5
03_86_58,all-well,mm10,1764,2700,14945.16,2966,53,55,60,1711,2645,2906,A3,H2,E10,3,86,58
33_50_24,all-well,hg38,1861,2700,14945.16,2961,1847,2685,2945,14,15,16,C9,E2,B12,33,50,24
08_41_38,all-well,mm10,1696,2699,14939.63,3009,27,28,29,1669,2671,2980,A8,D5,D2,8,41,38
22_92_91,all-well,hg38,1862,2698,14934.09,2955,1846,2681,2938,16,17,17,B10,H8,H7,22,92,91
10_61_57,all-well,multiplet,2087,2698,14934.09,2954,1309,1672,1839,778,1026,1115,A10,F1,E9,10,61,57
08_60_44,all-well,mm10,1670,2698,14934.09,2975,51,51,57,1619,2647,2918,A8,E12,D8,8,60,44
04_70_27,all-well,mm10,1855,2697,14928.56,2968,59,60,62,1796,2637,2906,A4,F10,C3,4,70,27
46_91_40,all-well,mm10,1769,2695,14917.48,2983,26,28,29,1743,2667,2954,D10,H7,D4,46,91,40
23_63_26,all-well,mm10,1704,2695,14917.48,2948,31,32,33,1673,2663,2915,B11,F3,C2,23,63,26
27_71_84,all-well,hg38,1864,2694,14911.95,2966,1821,2651,2918,43,43,48,C3,F11,G12,27,71,84
44_07_75,all-well,hg38,1851,2694,14911.95,2970,1823,2666,2942,28,28,28,D8,A7,G3,44,7,75
38_17_05,all-well,mm10,1882,2693,14906.41,2964,48,56,58,1834,2637,2906,D2,B5,A5,38,17,5
21_43_87,all-well,mm10,1810,2693,14906.41,2954,21,21,21,1789,2672,2933,B9,D7,H3,21,43,87
18_56_60,all-well,mm10,1698,2692,14900.88,2933,52,53,58,1646,2639,2875,B6,E8,E12,18,56,60
19_90_17,all-well,multiplet,1663,2692,14900.88,2963,359,384,418,1304,2308,2545,B7,H6,B5,19,90,17
21_81_43,all-well,mm10,1770,2692,14900.88,2956,28,28,29,1742,2664,2927,B9,G9,D7,21,81,43
21_22_94,all-well,mm10,1769,2691,14895.34,2950,62,67,70,1707,2624,2880,B9,B10,H10,21,22,94
08_32_39,all-well,mm10,1707,2690,14889.81,2982,38,38,41,1669,2652,2941,A8,C8,D3,8,32,39
28_14_41,all-well,hg38,1837,2689,14884.27,2986,1822,2674,2971,15,15,15,C4,B2,D5,28,14,41
04_82_25,all-well,hg38,1895,2689,14884.27,2957,1856,2648,2913,39,41,44,A4,G10,C1,4,82,25
41_54_38,all-well,mm10,1747,2689,14884.27,2949,38,40,41,1709,2649,2908,D5,E6,D2,41,54,38
08_81_54,all-well,mm10,1621,2688,14878.74,2933,23,23,23,1598,2665,2910,A8,G9,E6,8,81,54
18_10_85,all-well,mm10,1721,2687,14873.20,2936,20,21,21,1701,2666,2915,B6,A10,H1,18,10,85
36_30_70,all-well,hg38,1968,2687,14873.20,2937,1947,2665,2914,21,22,23,C12,C6,F10,36,30,70
18_16_51,all-well,hg38,1853,2685,14862.13,2969,1827,2659,2941,26,26,28,B6,B4,E3,18,16,51
25_83_12,all-well,mm10,1674,2684,14856.60,2968,46,47,54,1628,2637,2914,C1,G11,A12,25,83,12
22_12_02,all-well,hg38,1976,2684,14856.60,2965,1944,2652,2932,32,32,33,B10,A12,A2,22,12,2
41_12_29,all-well,mm10,1764,2683,14851.06,2946,37,37,39,1727,2646,2907,D5,A12,C5,41,12,29
18_12_02,all-well,hg38,1890,2683,14851.06,2955,1874,2667,2938,16,16,17,B6,A12,A2,18,12,2
04_74_07,all-well,mm10,1764,2683,14851.06,2930,60,62,67,1704,2621,2863,A4,G2,A7,4,74,7
27_44_48,all-well,hg38,1868,2682,14845.53,2934,1847,2658,2907,21,24,27,C3,D8,D12,27,44,48
39_60_03,all-well,mm10,1642,2680,14834.46,2951,33,35,38,1609,2645,2913,D3,E12,A3,39,60,3
23_12_83,all-well,hg38,1788,2679,14828.92,2945,1775,2665,2929,13,14,16,B11,A12,G11,23,12,83
23_73_82,all-well,mm10,1627,2678,14823.39,2934,68,73,77,1559,2605,2857,B11,G1,G10,23,73,82
03_71_68,all-well,mm10,1817,2676,14812.32,2898,106,115,121,1711,2561,2777,A3,F11,F8,3,71,68
46_84_29,all-well,mm10,1686,2674,14801.24,2957,47,48,56,1639,2626,2901,D10,G12,C5,46,84,29
35_17_29,all-well,mm10,1700,2674,14801.24,2966,23,26,27,1677,2648,2939,C11,B5,C5,35,17,29
45_74_25,all-well,hg38,1980,2674,14801.24,2936,1944,2633,2889,36,41,47,D9,G2,C1,45,74,25
31_73_91,all-well,hg38,1735,2674,14801.24,2975,1690,2624,2919,45,50,56,C7,G1,H7,31,73,91
20_72_36,all-well,mm10,1732,2673,14795.71,2952,30,36,38,1702,2637,2914,B8,F12,C12,20,72,36
03_92_46,all-well,mm10,1722,2673,14795.71,2948,42,45,50,1680,2628,2898,A3,H8,D10,3,92,46
22_91_95,all-well,hg38,1820,2669,14773.57,2938,1780,2623,2886,40,46,52,B10,H7,H11,22,91,95
15_94_02,all-well,mm10,1790,2669,14773.57,2939,108,109,122,1682,2560,2817,B3,H10,A2,15,94,2
33_21_95,all-well,mm10,1647,2668,14768.03,2983,29,29,30,1618,2639,2953,C9,B9,H11,33,21,95
13_59_96,all-well,hg38,1832,2667,14762.50,2955,1699,2498,2768,133,169,187,B1,E11,H12,13,59,96
02_47_68,all-well,mm10,1673,2666,14756.96,2896,24,25,26,1649,2641,2870,A2,D11,F8,2,47,68
04_26_15,all-well,mm10,1738,2665,14751.43,2958,44,47,50,1694,2618,2908,A4,C2,B3,4,26,15
10_11_92,all-well,hg38,1727,2664,14745.89,2929,1711,2648,2911,16,16,18,A10,A11,H8,10,11,92
45_73_47,all-well,mm10,1791,2663,14740.36,2914,74,74,79,1717,2589,2835,D9,G1,D11,45,73,47
23_78_02,all-well,mm10,1663,2662,14734.82,2939,23,23,24,1640,2639,2915,B11,G6,A2,23,78,2
08_92_24,all-well,hg38,1878,2662,14734.82,2918,1861,2644,2900,17,18,18,A8,H8,B12,8,92,24
08_11_26,all-well,mm10,1601,2662,14734.82,2931,24,26,29,1577,2636,2902,A8,A11,C2,8,11,26
45_26_70,all-well,hg38,2012,2662,14734.82,2901,1988,2635,2871,24,27,30,D9,C2,F10,45,26,70
30_02_24,all-well,mm10,1714,2662,14734.82,2923,37,37,37,1677,2625,2886,C6,A2,B12,30,2,24
29_10_71,all-well,mm10,1710,2660,14723.75,2930,17,17,18,1693,2643,2912,C5,A10,F11,29,10,71
21_06_65,all-well,hg38,1737,2660,14723.75,2932,1712,2635,2904,25,25,28,B9,A6,F5,21,6,65
33_79_02,all-well,mm10,1743,2659,14718.22,2934,42,42,43,1701,2617,2891,C9,G7,A2,33,79,2
12_10_26,all-well,hg38,1789,2657,14707.15,2937,1770,2638,2918,19,19,19,A12,A10,C2,12,10,26
28_84_25,all-well,mm10,1706,2656,14701.61,2906,33,33,36,1673,2623,2870,C4,G12,C1,28,84,25
42_68_13,all-well,mm10,1693,2654,14690.54,2914,90,96,103,1603,2558,2811,D6,F8,B1,42,68,13
35_61_03,all-well,mm10,1799,2654,14690.54,2897,54,56,59,1745,2598,2838,C11,F1,A3,35,61,3
29_41_89,all-well,mm10,1725,2652,14679.47,2884,33,35,37,1692,2617,2847,C5,D5,H5,29,41,89
01_30_96,all-well,hg38,1860,2652,14679.47,2927,1843,2635,2910,17,17,17,A1,C6,H12,1,30,96
05_06_16,all-well,mm10,1676,2651,14673.93,2909,53,56,59,1623,2595,2850,A5,A6,B4,5,6,16
24_25_96,all-well,mm10,1656,2648,14657.33,2894,33,36,41,1623,2612,2853,B12,C1,H12,24,25,96
23_49_26,all-well,hg38,1784,2648,14657.33,2937,1768,2632,2920,16,16,17,B11,E1,C2,23,49,26
42_89_21,all-well,hg38,1877,2646,14646.26,2915,1845,2611,2878,32,35,37,D6,H5,B9,42,89,21
03_19_56,all-well,mm10,1756,2646,14646.26,2918,50,50,53,1706,2596,2865,A3,B7,E8,3,19,56
23_44_73,all-well,hg38,1846,2645,14640.72,2934,1832,2630,2919,14,15,15,B11,D8,G1,23,44,73
29_39_16,all-well,hg38,1896,2645,14640.72,2913,1878,2627,2895,18,18,18,C5,D3,B4,29,39,16
29_20_14,all-well,mm10,1756,2645,14640.72,2916,44,44,44,1712,2601,2872,C5,B8,B2,29,20,14
34_94_04,all-well,mm10,1715,2644,14635.19,2912,28,28,31,1687,2616,2881,C10,H10,A4,34,94,4
42_51_71,all-well,mm10,1669,2644,14635.19,2908,30,36,38,1639,2608,2870,D6,E3,F11,42,51,71
03_89_22,all-well,hg38,2004,2644,14635.19,2879,1976,2612,2846,28,32,33,A3,H5,B10,3,89,22
45_92_56,all-well,mm10,1796,2643,14629.65,2886,67,69,74,1729,2574,2812,D9,H8,E8,45,92,56
30_30_21,all-well,hg38,1748,2642,14624.12,2937,1735,2629,2922,13,13,15,C6,C6,B9,30,30,21
11_91_25,all-well,mm10,1641,2641,14618.58,2930,22,22,24,1619,2619,2906,A11,H7,C1,11,91,25
21_89_25,all-well,mm10,1706,2641,14618.58,2874,45,48,50,1661,2593,2824,B9,H5,C1,21,89,25
03_84_29,all-well,mm10,1755,2640,14613.05,2875,50,51,54,1705,2589,2821,A3,G12,C5,3,84,29
05_68_24,all-well,hg38,1824,2640,14613.05,2901,1801,2617,2878,23,23,23,A5,F8,B12,5,68,24
46_31_64,all-well,hg38,1804,2638,14601.98,2934,1783,2616,2909,21,22,25,D10,C7,F4,46,31,64
07_44_79,all-well,mm10,1656,2637,14596.44,2895,28,28,30,1628,2609,2865,A7,D8,G7,7,44,79
48_47_57,all-well,hg38,1744,2636,14590.91,2909,1723,2613,2884,21,23,25,D12,D11,E9,48,47,57
23_34_91,all-well,hg38,1824,2636,14590.91,2923,1812,2623,2910,12,13,13,B11,C10,H7,23,34,91
30_17_14,all-well,mm10,1732,2633,14574.30,2912,128,136,150,1604,2497,2762,C6,B5,B2,30,17,14
08_66_66,all-well,mm10,1593,2633,14574.30,2900,18,18,18,1575,2615,2882,A8,F6,F6,8,66,66
06_90_26,all-well,hg38,1924,2633,14574.30,2922,1912,2621,2910,12,12,12,A6,H6,C2,6,90,26
02_20_50,all-well,mm10,1750,2632,14568.76,2883,38,40,42,1712,2592,2841,A2,B8,E2,2,20,50
08_23_27,all-well,mm10,1589,2632,14568.76,2906,46,47,50,1543,2585,2856,A8,B11,C3,8,23,27
02_55_46,all-well,hg38,1808,2632,14568.76,2874,1789,2613,2855,19,19,19,A2,E7,D10,2,55,46
11_53_39,all-well,mm10,1644,2632,14568.76,2874,31,31,35,1613,2601,2839,A11,E5,D3,11,53,39
46_81_14,all-well,mm10,1655,2631,14563.23,2893,34,34,35,1621,2597,2858,D10,G9,B2,46,81,14
37_71_56,all-well,mm10,1524,2631,14563.23,2921,24,25,25,1500,2606,2896,D1,F11,E8,37,71,56
24_61_27,all-well,hg38,1803,2628,14546.62,2896,1776,2600,2867,27,28,29,B12,F1,C3,24,61,27
42_89_09,all-well,hg38,1740,2627,14541.09,2906,1715,2602,2881,25,25,25,D6,H5,A9,42,89,9
23_30_11,all-well,hg38,1763,2624,14524.48,2904,1747,2606,2886,16,18,18,B11,C6,A11,23,30,11
34_10_06,all-well,mm10,1683,2623,14518.95,2894,54,58,62,1629,2565,2832,C10,A10,A6,34,10,6
11_31_18,all-well,mm10,1599,2623,14518.95,2911,51,55,61,1548,2568,2850,A11,C7,B6,11,31,18
08_52_59,all-well,mm10,1616,2623,14518.95,2865,29,29,31,1587,2594,2834,A8,E4,E11,8,52,59
27_36_26,all-well,hg38,1833,2622,14513.41,2881,1820,2609,2868,13,13,13,C3,C12,C2,27,36,26
40_30_65,all-well,hg38,1819,2622,14513.41,2869,1788,2589,2835,31,33,34,D4,C6,F5,40,30,65
08_46_41,all-well,mm10,1648,2621,14507.88,2883,34,34,37,1614,2587,2846,A8,D10,D5,8,46,41
33_46_54,all-well,mm10,1662,2621,14507.88,2905,25,26,26,1637,2595,2879,C9,D10,E6,33,46,54
15_03_69,all-well,mm10,1558,2620,14502.34,2868,31,32,34,1527,2588,2834,B3,A3,F9,15,3,69
26_92_62,all-well,hg38,1772,2620,14502.34,2876,1759,2607,2861,13,13,15,C2,H8,F2,26,92,62
14_10_24,all-well,mm10,1644,2619,14496.81,2901,37,39,44,1607,2580,2857,B2,A10,B12,14,10,24
17_11_74,all-well,hg38,1805,2618,14491.27,2876,1761,2571,2827,44,47,49,B5,A11,G2,17,11,74
36_30_51,all-well,mm10,1687,2618,14491.27,2861,24,25,26,1663,2593,2835,C12,C6,E3,36,30,51
31_10_71,all-well,mm10,1581,2616,14480.20,2870,20,21,21,1561,2595,2849,C7,A10,F11,31,10,71
09_09_54,all-well,mm10,1515,2614,14469.13,2865,39,41,43,1476,2573,2822,A9,A9,E6,9,9,54
39_96_84,all-well,mm10,1700,2612,14458.06,2856,53,53,54,1647,2559,2802,D3,H12,G12,39,96,84
35_49_06,all-well,mm10,1834,2609,14441.45,2887,39,40,41,1795,2569,2846,C11,E1,A6,35,49,6
35_55_75,all-well,mm10,1737,2607,14430.38,2866,11,11,11,1726,2596,2855,C11,E7,G3,35,55,75
08_49_08,all-well,mm10,1628,2607,14430.38,2860,28,29,31,1600,2578,2829,A8,E1,A8,8,49,8
03_20_64,all-well,mm10,1772,2606,14424.85,2846,72,73,76,1700,2533,2770,A3,B8,F4,3,20,64
21_92_18,all-well,mm10,1700,2603,14408.24,2919,37,37,42,1663,2566,2877,B9,H8,B6,21,92,18
39_58_84,all-well,mm10,1689,2600,14391.64,2851,184,200,212,1505,2400,2639,D3,E10,G12,39,58,84
23_63_94,all-well,mm10,1656,2600,14391.64,2887,30,30,33,1626,2570,2854,B11,F3,H10,23,63,94
32_07_26,all-well,hg38,1790,2600,14391.64,2859,1762,2570,2824,28,30,35,C8,A7,C2,32,7,26
03_89_49,all-well,hg38,1997,2599,14386.10,2838,1964,2564,2801,33,35,37,A3,H5,E1,3,89,49
30_63_67,all-well,mm10,1594,2598,14380.57,2836,29,35,38,1565,2563,2798,C6,F3,F7,30,63,67
26_37_56,all-well,mm10,1723,2596,14369.50,2867,42,43,48,1681,2553,2819,C2,D1,E8,26,37,56
47_86_51,all-well,hg38,1845,2595,14363.96,2813,1828,2577,2795,17,18,18,D11,H2,E3,47,86,51
09_79_58,all-well,mm10,1670,2595,14363.96,2834,20,22,27,1650,2573,2807,A9,G7,E10,9,79,58
09_03_86,all-well,mm10,1741,2594,14358.43,2852,20,20,20,1721,2574,2832,A9,A3,H2,9,3,86
29_68_03,all-well,hg38,1890,2594,14358.43,2873,1875,2579,2856,15,15,17,C5,F8,A3,29,68,3
06_82_48,all-well,mm10,1693,2594,14358.43,2858,84,89,94,1609,2505,2764,A6,G10,D12,6,82,48
45_39_50,all-well,mm10,1775,2592,14347.35,2837,122,129,137,1653,2463,2700,D9,D3,E2,45,39,50
23_64_25,all-well,mm10,1613,2590,14336.28,2848,101,112,121,1512,2478,2727,B11,F4,C1,23,64,25
06_03_67,all-well,mm10,1474,2590,14336.28,2857,28,28,33,1446,2562,2824,A6,A3,F7,6,3,67
33_53_77,all-well,mm10,1641,2589,14330.75,2846,28,29,30,1613,2560,2816,C9,E5,G5,33,53,77
42_82_89,all-well,mm10,1622,2587,14319.68,2832,37,37,38,1585,2550,2794,D6,G10,H5,42,82,89
21_61_02,all-well,mm10,1641,2587,14319.68,2830,32,32,36,1609,2555,2794,B9,F1,A2,21,61,2
06_11_04,all-well,mm10,1664,2587,14319.68,2840,22,22,24,1642,2565,2816,A6,A11,A4,6,11,4
08_24_89,all-well,mm10,1531,2586,14314.14,2838,31,32,33,1500,2554,2805,A8,B12,H5,8,24,89
21_85_51,all-well,mm10,1670,2585,14308.61,2847,24,24,24,1646,2561,2823,B9,H1,E3,21,85,51
48_53_65,all-well,hg38,1816,2583,14297.54,2801,1792,2558,2775,24,25,26,D12,E5,F5,48,53,65
06_35_73,all-well,hg38,1756,2583,14297.54,2851,1740,2567,2835,16,16,16,A6,C11,G1,6,35,73
23_65_64,all-well,mm10,1573,2579,14275.40,2816,24,24,26,1549,2555,2790,B11,F5,F4,23,65,64
10_13_04,all-well,mm10,1692,2578,14269.86,2842,43,43,46,1649,2535,2796,A10,B1,A4,10,13,4
41_30_80,all-well,hg38,1830,2577,14264.33,2820,1804,2550,2793,26,27,27,D5,C6,G8,41,30,80
08_59_16,all-well,mm10,1589,2577,14264.33,2865,28,29,30,1561,2548,2835,A8,E11,B4,8,59,16
33_08_35,all-well,mm10,1765,2575,14253.26,2820,28,28,31,1737,2547,2789,C9,A8,C11,33,8,35
28_52_52,all-well,hg38,1695,2575,14253.26,2835,1671,2550,2810,24,25,25,C4,E4,E4,28,52,52
24_85_11,all-well,mm10,1683,2573,14242.18,2811,43,46,49,1640,2527,2762,B12,H1,A11,24,85,11
04_73_82,all-well,mm10,1599,2573,14242.18,2814,41,41,45,1558,2532,2769,A4,G1,G10,4,73,82
25_03_01,all-well,hg38,1799,2573,14242.18,2825,1786,2560,2811,13,13,14,C1,A3,A1,25,3,1
21_22_80,all-well,mm10,1656,2572,14236.65,2842,22,23,25,1634,2549,2817,B9,B10,G8,21,22,80
03_31_41,all-well,mm10,1752,2571,14231.11,2826,45,46,48,1707,2525,2778,A3,C7,D5,3,31,41
27_03_85,all-well,hg38,1822,2567,14208.97,2841,1786,2530,2804,36,37,37,C3,A3,H1,27,3,85
35_45_03,all-well,mm10,1574,2567,14208.97,2829,17,17,17,1557,2550,2812,C11,D9,A3,35,45,3
47_52_26,all-well,hg38,1844,2562,14181.30,2824,1826,2542,2803,18,20,21,D11,E4,C2,47,52,26
02_03_23,all-well,mm10,1619,2562,14181.30,2837,72,75,82,1547,2487,2755,A2,A3,B11,2,3,23
13_77_70,all-well,hg38,1929,2561,14175.76,2824,1893,2524,2786,36,37,38,B1,G5,F10,13,77,70
06_62_81,all-well,mm10,1785,2561,14175.76,2813,53,54,58,1732,2507,2755,A6,F2,G9,6,62,81
29_23_50,all-well,mm10,1641,2560,14170.23,2800,28,28,29,1613,2532,2771,C5,B11,E2,29,23,50
03_06_02,all-well,hg38,1735,2559,14164.69,2783,1704,2527,2748,31,32,35,A3,A6,A2,3,6,2
08_16_37,all-well,mm10,1524,2557,14153.62,2793,57,57,60,1467,2500,2733,A8,B4,D1,8,16,37
10_96_41,all-well,hg38,1831,2555,14142.55,2805,1807,2530,2779,24,25,26,A10,H12,D5,10,96,41
26_89_93,all-well,hg38,1777,2553,14131.48,2864,1758,2534,2843,19,19,21,C2,H5,H9,26,89,93
04_94_19,all-well,hg38,1762,2553,14131.48,2794,1743,2534,2774,19,19,20,A4,H10,B7,4,94,19
05_79_05,all-well,mm10,1579,2553,14131.48,2798,51,51,54,1528,2502,2744,A5,G7,A5,5,79,5
02_24_24,all-well,mm10,1611,2551,14120.41,2807,41,41,45,1570,2510,2762,A2,B12,B12,2,24,24
20_49_58,all-well,mm10,1667,2549,14109.34,2812,31,40,40,1636,2509,2772,B8,E1,E10,20,49,58
13_02_01,all-well,hg38,1695,2549,14109.34,2777,1680,2534,2762,15,15,15,B1,A2,A1,13,2,1
23_30_91,all-well,hg38,1697,2549,14109.34,2808,1683,2532,2791,14,17,17,B11,C6,H7,23,30,91
19_09_62,all-well,mm10,1592,2548,14103.80,2831,26,26,27,1566,2522,2804,B7,A9,F2,19,9,62
33_69_86,all-well,mm10,1762,2546,14092.73,2804,32,34,41,1730,2512,2763,C9,F9,H2,33,69,86
02_81_54,all-well,mm10,1682,2545,14087.20,2809,35,35,37,1647,2510,2772,A2,G9,E6,2,81,54
45_50_16,all-well,hg38,1926,2541,14065.06,2780,1902,2517,2754,24,24,26,D9,E2,B4,45,50,16
29_57_92,all-well,mm10,1649,2539,14053.99,2802,33,34,37,1616,2505,2765,C5,E9,H8,29,57,92
30_47_48,all-well,hg38,1852,2538,14048.45,2784,1835,2521,2765,17,17,19,C6,D11,D12,30,47,48
36_77_85,all-well,mm10,1704,2537,14042.92,2757,19,19,21,1685,2518,2736,C12,G5,H1,36,77,85
45_05_28,all-well,mm10,1618,2536,14037.38,2776,73,76,82,1545,2460,2694,D9,A5,C4,45,5,28
29_11_52,all-well,mm10,1630,2535,14031.85,2776,19,19,22,1611,2516,2754,C5,A11,E4,29,11,52
26_32_22,all-well,hg38,1806,2534,14026.31,2799,1755,2482,2744,51,52,55,C2,C8,B10,26,32,22
23_04_95,all-well,hg38,1677,2534,14026.31,2803,1663,2518,2787,14,16,16,B11,A4,H11,23,4,95
17_85_33,all-well,mm10,1734,2534,14026.31,2795,31,31,33,1703,2503,2762,B5,H1,C9,17,85,33
44_83_22,all-well,mm10,1659,2532,14015.24,2784,93,94,104,1566,2438,2680,D8,G11,B10,44,83,22
23_92_49,all-well,mm10,1564,2531,14009.70,2776,21,23,26,1543,2508,2750,B11,H8,E1,23,92,49
03_63_26,all-well,hg38,1901,2529,13998.63,2771,1859,2485,2725,42,44,46,A3,F3,C2,3,63,26
18_96_10,all-well,mm10,1588,2529,13998.63,2753,31,31,34,1557,2498,2719,B6,H12,A10,18,96,10
18_74_44,all-well,mm10,1650,2527,13987.56,2799,30,30,32,1620,2497,2767,B6,G2,D8,18,74,44
06_07_26,all-well,mm10,1713,2525,13976.49,2806,42,43,47,1671,2482,2759,A6,A7,C2,6,7,26
45_56_95,all-well,mm10,1680,2524,13970.96,2756,43,45,48,1637,2479,2708,D9,E8,H11,45,56,95
04_37_89,all-well,mm10,1626,2524,13970.96,2761,31,31,34,1595,2493,2727,A4,D1,H5,4,37,89
08_67_48,all-well,mm10,1586,2523,13965.42,2765,30,32,37,1556,2491,2728,A8,F7,D12,8,67,48
08_25_23,all-well,mm10,1464,2522,13959.89,2774,22,22,23,1442,2500,2751,A8,C1,B11,8,25,23
45_15_96,all-well,mm10,1704,2522,13959.89,2782,52,54,56,1652,2468,2726,D9,B3,H12,45,15,96
04_80_45,all-well,mm10,1641,2521,13954.35,2765,28,28,32,1613,2493,2733,A4,G8,D9,4,80,45
21_80_18,all-well,mm10,1731,2521,13954.35,2781,30,32,33,1701,2489,2748,B9,G8,B6,21,80,18
33_96_26,all-well,hg38,1800,2520,13948.82,2798,1777,2496,2773,23,24,25,C9,H12,C2,33,96,26
47_08_37,all-well,hg38,1791,2519,13943.28,2781,1772,2499,2759,19,20,22,D11,A8,D1,47,8,37
01_44_31,all-well,mm10,1754,2516,13926.68,2762,33,33,36,1721,2483,2726,A1,D8,C7,1,44,31
29_21_59,all-well,hg38,1765,2515,13921.14,2796,1742,2492,2772,23,23,24,C5,B9,E11,29,21,59
45_74_49,all-well,mm10,1666,2513,13910.07,2744,87,91,95,1579,2422,2649,D9,G2,E1,45,74,49
41_30_75,all-well,mm10,1654,2512,13904.54,2733,32,33,33,1622,2479,2700,D5,C6,G3,41,30,75
11_11_26,all-well,hg38,1751,2512,13904.54,2758,1730,2491,2737,21,21,21,A11,A11,C2,11,11,26
05_10_07,all-well,mm10,1558,2512,13904.54,2790,29,30,31,1529,2482,2759,A5,A10,A7,5,10,7
11_78_74,all-well,hg38,1843,2511,13899.00,2771,1827,2495,2753,16,16,18,A11,G6,G2,11,78,74
21_28_02,all-well,mm10,1613,2511,13899.00,2757,38,39,40,1575,2472,2717,B9,C4,A2,21,28,2
48_29_87,all-well,hg38,1738,2509,13887.93,2769,1557,2307,2555,181,202,214,D12,C5,H3,48,29,87
21_15_43,all-well,mm10,1606,2506,13871.32,2751,45,47,49,1561,2459,2702,B9,B3,D7,21,15,43
20_04_62,all-well,mm10,1690,2505,13865.79,2752,27,29,32,1663,2476,2720,B8,A4,F2,20,4,62
47_93_77,all-well,mm10,1593,2503,13854.72,2766,25,25,26,1568,2478,2740,D11,H9,G5,47,93,77
13_19_45,all-well,mm10,1494,2502,13849.18,2745,46,55,58,1448,2447,2687,B1,B7,D9,13,19,45
30_88_13,all-well,hg38,1861,2501,13843.65,2765,1717,2344,2598,144,157,167,C6,H4,B1,30,88,13
33_50_93,all-well,mm10,1681,2501,13843.65,2743,22,23,23,1659,2478,2720,C9,E2,H9,33,50,93
19_43_25,all-well,mm10,1591,2501,13843.65,2747,29,34,35,1562,2467,2712,B7,D7,C1,19,43,25
18_38_13,all-well,mm10,1717,2500,13838.11,2741,30,30,32,1687,2470,2709,B6,D2,B1,18,38,13
11_16_53,all-well,mm10,1703,2499,13832.58,2732,35,36,40,1668,2463,2692,A11,B4,E5,11,16,53
08_36_68,all-well,mm10,1664,2499,13832.58,2754,36,37,44,1628,2462,2710,A8,C12,F8,8,36,68
46_01_95,all-well,mm10,1657,2498,13827.04,2763,66,68,73,1591,2430,2690,D10,A1,H11,46,1,95
30_96_91,all-well,mm10,1448,2498,13827.04,2752,26,29,33,1422,2469,2719,C6,H12,H7,30,96,91
22_18_57,all-well,hg38,1736,2495,13810.44,2743,1703,2461,2707,33,34,36,B10,B6,E9,22,18,57
21_23_45,all-well,mm10,1698,2494,13804.90,2729,29,29,30,1669,2465,2699,B9,B11,D9,21,23,45
21_16_78,all-well,mm10,1681,2494,13804.90,2732,44,46,51,1637,2448,2681,B9,B4,G6,21,16,78
03_88_39,all-well,mm10,1573,2492,13793.83,2730,66,68,71,1507,2424,2659,A3,H4,D3,3,88,39
18_22_37,all-well,mm10,1633,2490,13782.76,2753,28,28,33,1605,2462,2720,B6,B10,D1,18,22,37
18_19_32,all-well,mm10,1636,2490,13782.76,2745,37,38,40,1599,2452,2705,B6,B7,C8,18,19,32
46_06_16,all-well,mm10,1582,2489,13777.22,2733,72,72,74,1510,2417,2659,D10,A6,B4,46,6,16
02_05_38,all-well,hg38,1776,2489,13777.22,2742,1752,2465,2718,24,24,24,A2,A5,D2,2,5,38
05_38_71,all-well,mm10,1621,2488,13771.69,2742,27,27,31,1594,2461,2711,A5,D2,F11,5,38,71
10_17_37,all-well,mm10,1374,2488,13771.69,2727,19,21,21,1355,2467,2706,A10,B5,D1,10,17,37
48_96_57,all-well,mm10,1626,2487,13766.15,2721,25,25,29,1601,2462,2692,D12,H12,E9,48,96,57
18_02_83,all-well,hg38,1676,2487,13766.15,2739,1658,2469,2720,18,18,19,B6,A2,G11,18,2,83
21_60_16,all-well,hg38,1704,2483,13744.01,2748,1684,2463,2728,20,20,20,B9,E12,B4,21,60,16
45_80_83,all-well,hg38,1936,2483,13744.01,2715,1897,2441,2671,39,42,44,D9,G8,G11,45,80,83
47_34_60,all-well,mm10,1560,2483,13744.01,2744,25,26,27,1535,2457,2717,D11,C10,E12,47,34,60
33_71_40,all-well,mm10,1597,2482,13738.48,2732,23,23,24,1574,2459,2708,C9,F11,D4,33,71,40
06_53_89,all-well,mm10,1623,2480,13727.41,2732,45,47,54,1578,2433,2678,A6,E5,H5,6,53,89
36_47_48,all-well,mm10,1627,2480,13727.41,2702,30,31,31,1597,2449,2671,C12,D11,D12,36,47,48
18_02_25,all-well,hg38,1743,2478,13716.34,2751,1721,2455,2727,22,23,24,B6,A2,C1,18,2,25
03_08_35,all-well,hg38,1848,2474,13694.20,2731,1821,2447,2701,27,27,30,A3,A8,C11,3,8,35
04_60_48,all-well,multiplet,1883,2474,13694.20,2744,626,728,788,1257,1746,1956,A4,E12,D12,4,60,48
08_10_35,all-well,hg38,1780,2474,13694.20,2734,1763,2457,2716,17,17,18,A8,A10,C11,8,10,35
04_39_65,all-well,mm10,1706,2472,13683.13,2726,43,46,50,1663,2426,2676,A4,D3,F5,4,39,65
03_16_87,all-well,mm10,1673,2472,13683.13,2715,45,46,49,1628,2426,2666,A3,B4,H3,3,16,87
42_09_75,all-well,hg38,1751,2471,13677.59,2733,1713,2432,2694,38,39,39,D6,A9,G3,42,9,75
06_56_38,all-well,mm10,1533,2471,13677.59,2703,22,24,26,1511,2447,2677,A6,E8,D2,6,56,38
35_10_27,all-well,mm10,1576,2470,13672.05,2726,31,33,34,1545,2437,2692,C11,A10,C3,35,10,27
02_10_12,all-well,hg38,1756,2469,13666.52,2746,1740,2453,2728,16,16,18,A2,A10,A12,2,10,12
48_09_73,all-well,mm10,1620,2469,13666.52,2737,55,58,64,1565,2411,2673,D12,A9,G1,48,9,73
24_94_01,all-well,hg38,1679,2469,13666.52,2708,1605,2391,2621,74,78,87,B12,H10,A1,24,94,1
02_05_74,all-well,mm10,1578,2467,13655.45,2732,38,38,42,1540,2429,2690,A2,A5,G2,2,5,74
08_55_44,all-well,hg38,1698,2465,13644.38,2699,1684,2449,2683,14,16,16,A8,E7,D8,8,55,44
33_09_11,all-well,hg38,1795,2464,13638.84,2728,1781,2450,2711,14,14,17,C9,A9,A11,33,9,11
28_44_26,all-well,hg38,1672,2464,13638.84,2704,1650,2442,2680,22,22,24,C4,D8,C2,28,44,26
27_53_73,all-well,mm10,1689,2464,13638.84,2705,60,61,63,1629,2403,2642,C3,E5,G1,27,53,73
05_71_31,all-well,mm10,1659,2463,13633.31,2735,45,46,46,1614,2417,2689,A5,F11,C7,5,71,31
04_29_55,all-well,hg38,1840,2462,13627.77,2714,1819,2438,2689,21,24,25,A4,C5,E7,4,29,55
21_68_47,all-well,mm10,1661,2462,13627.77,2697,28,29,30,1633,2433,2667,B9,F8,D11,21,68,47
47_09_46,all-well,mm10,1579,2461,13622.24,2705,19,19,22,1560,2442,2683,D11,A9,D10,47,9,46
33_80_16,all-well,hg38,1781,2460,13616.70,2748,1760,2439,2723,21,21,25,C9,G8,B4,33,80,16
03_96_41,all-well,multiplet,1898,2459,13611.17,2698,463,519,579,1435,1940,2119,A3,H12,D5,3,96,41
08_82_94,all-well,mm10,1574,2459,13611.17,2694,24,26,29,1550,2433,2665,A8,G10,H10,8,82,94
29_61_50,all-well,mm10,1584,2459,13611.17,2713,35,35,36,1549,2424,2677,C5,F1,E2,29,61,50
05_51_26,all-well,mm10,1688,2458,13605.63,2706,35,38,38,1653,2420,2668,A5,E3,C2,5,51,26
42_17_40,all-well,hg38,1719,2457,13600.10,2722,1694,2422,2682,25,35,40,D6,B5,D4,42,17,40
21_19_18,all-well,hg38,1740,2457,13600.10,2720,1702,2416,2676,38,41,44,B9,B7,B6,21,19,18
40_94_64,all-well,mm10,1588,2457,13600.10,2689,51,53,58,1537,2404,2631,D4,H10,F4,40,94,64
26_35_61,all-well,hg38,1922,2456,13594.56,2691,1878,2411,2643,44,45,48,C2,C11,F1,26,35,61
03_70_41,all-well,mm10,1624,2453,13577.96,2713,33,33,36,1591,2420,2677,A3,F10,D5,3,70,41
05_32_31,all-well,mm10,1613,2452,13572.42,2717,40,41,45,1573,2411,2672,A5,C8,C7,5,32,31
23_10_14,all-well,hg38,1697,2452,13572.42,2709,1670,2424,2681,27,28,28,B11,A10,B2,23,10,14
20_30_59,all-well,hg38,1665,2449,13555.81,2723,1644,2428,2698,21,21,25,B8,C6,E11,20,30,59
25_58_47,all-well,hg38,1728,2448,13550.28,2692,1692,2411,2650,36,37,42,C1,E10,D11,25,58,47
18_37_74,all-well,hg38,1722,2448,13550.28,2688,1706,2431,2670,16,17,18,B6,D1,G2,18,37,74
26_39_71,all-well,hg38,1722,2448,13550.28,2688,1705,2431,2670,17,17,18,C2,D3,F11,26,39,71
10_11_02,all-well,mm10,1677,2446,13539.21,2700,25,26,28,1652,2420,2672,A10,A11,A2,10,11,2
20_05_49,all-well,mm10,1548,2442,13517.07,2692,37,41,42,1511,2401,2650,B8,A5,E1,20,5,49
17_66_90,all-well,hg38,1658,2441,13511.53,2693,1638,2421,2672,20,20,21,B5,F6,H6,17,66,90
10_82_54,all-well,mm10,1585,2441,13511.53,2673,34,35,38,1551,2406,2635,A10,G10,E6,10,82,54
02_96_37,all-well,hg38,1738,2440,13506.00,2681,1717,2417,2658,21,23,23,A2,H12,D1,2,96,37
06_31_89,all-well,mm10,1521,2440,13506.00,2671,38,40,43,1483,2400,2628,A6,C7,H5,6,31,89
10_30_27,all-well,hg38,1674,2440,13506.00,2679,1664,2429,2667,10,11,12,A10,C6,C3,10,30,27
23_06_30,all-well,mm10,1544,2438,13494.93,2671,32,34,36,1512,2404,2635,B11,A6,C6,23,6,30
45_37_51,all-well,hg38,1833,2437,13489.39,2638,1805,2408,2607,28,29,31,D9,D1,E3,45,37,51
04_60_13,all-well,mm10,1661,2436,13483.86,2699,36,36,40,1625,2400,2659,A4,E12,B1,4,60,13
10_42_72,all-well,mm10,1633,2434,13472.79,2639,34,35,37,1599,2399,2602,A10,D6,F12,10,42,72
47_16_85,all-well,mm10,1614,2432,13461.72,2692,70,73,78,1544,2359,2614,D11,B4,H1,47,16,85
20_55_61,all-well,hg38,1648,2432,13461.72,2669,1630,2414,2651,18,18,18,B8,E7,F1,20,55,61
46_30_84,all-well,hg38,1761,2431,13456.18,2685,1747,2415,2668,14,16,17,D10,C6,G12,46,30,84
17_55_22,all-well,mm10,1676,2429,13445.11,2685,23,23,24,1653,2406,2661,B5,E7,B10,17,55,22
45_66_56,all-well,mm10,1639,2429,13445.11,2651,51,53,59,1588,2376,2592,D9,F6,E8,45,66,56
04_26_01,all-well,hg38,1705,2429,13445.11,2690,1684,2405,2664,21,24,26,A4,C2,A1,4,26,1
17_77_44,all-well,hg38,1768,2428,13439.57,2643,1750,2410,2625,18,18,18,B5,G5,D8,17,77,44
47_57_77,all-well,mm10,1612,2427,13434.04,2671,22,22,22,1590,2405,2649,D11,E9,G5,47,57,77
05_60_94,all-well,hg38,1738,2427,13434.04,2695,1716,2405,2670,22,22,25,A5,E12,H10,5,60,94
03_34_50,all-well,mm10,1623,2426,13428.50,2655,69,73,73,1554,2353,2582,A3,C10,E2,3,34,50
46_11_25,all-well,mm10,1620,2426,13428.50,2697,37,38,41,1583,2388,2656,D10,A11,C1,46,11,25
39_96_14,all-well,hg38,1752,2424,13417.43,2666,1720,2392,2630,32,32,36,D3,H12,B2,39,96,14
03_44_88,all-well,mm10,1627,2423,13411.90,2650,37,37,40,1590,2386,2610,A3,D8,H4,3,44,88
08_43_16,all-well,hg38,1815,2422,13406.36,2694,1791,2396,2666,24,26,28,A8,D7,B4,8,43,16
14_39_84,all-well,mm10,1435,2420,13395.29,2653,42,42,43,1393,2378,2610,B2,D3,G12,14,39,84
32_58_89,all-well,mm10,1667,2420,13395.29,2682,45,46,48,1622,2374,2634,C8,E10,H5,32,58,89
33_95_21,all-well,hg38,1704,2417,13378.69,2697,1679,2392,2672,25,25,25,C9,H11,B9,33,95,21
05_16_42,all-well,hg38,1718,2417,13378.69,2640,1693,2392,2612,25,25,28,A5,B4,D6,5,16,42
03_21_74,all-well,mm10,1647,2417,13378.69,2656,17,17,18,1630,2400,2638,A3,B9,G2,3,21,74
47_03_05,all-well,mm10,1604,2415,13367.62,2651,34,34,36,1570,2381,2615,D11,A3,A5,47,3,5
01_20_86,all-well,mm10,1572,2413,13356.55,2635,42,43,43,1530,2370,2592,A1,B8,H2,1,20,86
06_01_26,all-well,mm10,1589,2413,13356.55,2676,29,35,36,1560,2378,2640,A6,A1,C2,6,1,26
27_03_42,all-well,mm10,1648,2412,13351.01,2656,27,29,30,1621,2383,2626,C3,A3,D6,27,3,42
08_54_23,all-well,mm10,1514,2411,13345.48,2655,29,30,32,1485,2381,2623,A8,E6,B11,8,54,23
26_12_07,all-well,mm10,1568,2409,13334.40,2667,29,30,34,1539,2379,2633,C2,A12,A7,26,12,7
43_32_71,all-well,hg38,1677,2406,13317.80,2670,1645,2370,2633,32,36,37,D7,C8,F11,43,32,71
33_25_32,all-well,mm10,1548,2405,13312.26,2658,33,33,36,1515,2372,2622,C9,C1,C8,33,25,32
21_90_08,all-well,mm10,1558,2404,13306.73,2634,33,36,40,1525,2368,2594,B9,H6,A8,21,90,8
03_69_16,all-well,hg38,1860,2404,13306.73,2653,1826,2367,2612,34,37,41,A3,F9,B4,3,69,16
45_58_63,all-well,mm10,1569,2403,13301.19,2620,58,60,68,1511,2343,2552,D9,E10,F3,45,58,63
33_43_73,all-well,hg38,1715,2403,13301.19,2653,1698,2386,2632,17,17,21,C9,D7,G1,33,43,73
45_14_90,all-well,mm10,1538,2403,13301.19,2632,74,78,86,1464,2325,2546,D9,B2,H6,45,14,90
16_44_02,all-well,mm10,1587,2402,13295.66,2644,36,36,38,1551,2366,2606,B4,D8,A2,16,44,2
23_02_77,all-well,mm10,1455,2401,13290.12,2671,25,25,25,1430,2376,2646,B11,A2,G5,23,2,77
18_28_80,all-well,mm10,1650,2401,13290.12,2624,30,30,32,1620,2371,2592,B6,C4,G8,18,28,80
29_70_26,all-well,mm10,1574,2401,13290.12,2645,33,33,33,1541,2368,2612,C5,F10,C2,29,70,26
45_23_12,all-well,mm10,1637,2400,13284.59,2628,67,74,78,1570,2326,2550,D9,B11,A12,45,23,12
30_53_70,all-well,mm10,1447,2400,13284.59,2621,36,38,40,1411,2362,2581,C6,E5,F10,30,53,70
32_36_76,all-well,mm10,1610,2398,13273.52,2632,75,79,86,1535,2319,2546,C8,C12,G4,32,36,76
29_80_09,all-well,mm10,1542,2396,13262.45,2644,34,35,37,1508,2361,2607,C5,G8,A9,29,80,9
05_47_44,all-well,mm10,1530,2396,13262.45,2645,28,29,31,1502,2367,2614,A5,D11,D8,5,47,44
03_62_09,all-well,hg38,1660,2396,13262.45,2635,1642,2376,2615,18,20,20,A3,F2,A9,3,62,9
06_85_11,all-well,mm10,1478,2396,13262.45,2627,35,35,38,1443,2361,2589,A6,H1,A11,6,85,11
16_30_71,all-well,mm10,1577,2394,13251.38,2634,28,28,29,1549,2366,2605,B4,C6,F11,16,30,71
26_16_69,all-well,mm10,1553,2391,13234.77,2618,52,53,58,1501,2338,2560,C2,B4,F9,26,16,69
03_54_26,all-well,hg38,1764,2390,13229.24,2643,1731,2352,2604,33,38,39,A3,E6,C2,3,54,26
01_53_49,all-well,hg38,1735,2387,13212.63,2623,1718,2370,2606,17,17,17,A1,E5,E1,1,53,49
03_19_55,all-well,mm10,1585,2387,13212.63,2629,45,46,51,1540,2341,2578,A3,B7,E7,3,19,55
18_70_86,all-well,mm10,1584,2386,13207.09,2594,41,43,45,1543,2343,2549,B6,F10,H2,18,70,86
20_76_83,all-well,mm10,1593,2384,13196.02,2619,23,24,27,1570,2360,2592,B8,G4,G11,20,76,83
18_53_19,all-well,mm10,1541,2383,13190.49,2619,22,22,23,1519,2361,2596,B6,E5,B7,18,53,19
30_17_04,all-well,mm10,1650,2382,13184.95,2653,27,29,31,1623,2353,2622,C6,B5,A4,30,17,4
18_20_19,all-well,mm10,1656,2382,13184.95,2602,32,32,32,1624,2350,2570,B6,B8,B7,18,20,19
02_58_82,all-well,mm10,1613,2380,13173.88,2637,45,45,46,1568,2335,2591,A2,E10,G10,2,58,82
18_10_69,all-well,hg38,1626,2379,13168.35,2605,1606,2359,2583,20,20,22,B6,A10,F9,18,10,69
31_25_71,all-well,hg38,1716,2379,13168.35,2609,1698,2360,2590,18,19,19,C7,C1,F11,31,25,71
26_55_85,all-well,mm10,1494,2379,13168.35,2632,21,21,21,1473,2358,2611,C2,E7,H1,26,55,85
19_80_39,all-well,mm10,1628,2376,13151.74,2598,30,31,33,1598,2345,2565,B7,G8,D3,19,80,39
13_92_56,all-well,mm10,1440,2373,13135.14,2608,31,31,32,1409,2342,2576,B1,H8,E8,13,92,56
12_70_33,all-well,mm10,1598,2373,13135.14,2583,40,40,41,1558,2333,2542,A12,F10,C9,12,70,33
03_78_59,all-well,hg38,1733,2371,13124.07,2587,1699,2333,2548,34,38,39,A3,G6,E11,3,78,59
47_53_62,all-well,hg38,1627,2369,13113.00,2608,1605,2347,2584,22,22,24,D11,E5,F2,47,53,62
02_61_58,all-well,mm10,1460,2369,13113.00,2617,19,19,19,1441,2350,2598,A2,F1,E10,2,61,58
18_79_16,all-well,hg38,1679,2366,13096.39,2595,1664,2351,2577,15,15,18,B6,G7,B4,18,79,16
34_50_33,all-well,mm10,1608,2366,13096.39,2595,85,90,96,1523,2276,2499,C10,E2,C9,34,50,33
25_20_55,all-well,mm10,1534,2365,13090.85,2590,50,53,57,1484,2312,2533,C1,B8,E7,25,20,55
05_10_72,all-well,hg38,1660,2365,13090.85,2594,1644,2349,2577,16,16,17,A5,A10,F12,5,10,72
04_41_30,all-well,mm10,1682,2364,13085.32,2582,45,45,48,1637,2319,2534,A4,D5,C6,4,41,30
35_72_77,all-well,hg38,1666,2364,13085.32,2612,1637,2333,2578,29,31,34,C11,F12,G5,35,72,77
01_49_77,all-well,mm10,1595,2364,13085.32,2610,41,44,48,1554,2320,2562,A1,E1,G5,1,49,77
03_47_45,all-well,hg38,1777,2362,13074.25,2592,1764,2349,2578,13,13,14,A3,D11,D9,3,47,45
06_22_89,all-well,mm10,1575,2362,13074.25,2620,36,37,42,1539,2325,2578,A6,B10,H5,6,22,89
10_63_05,all-well,mm10,1584,2361,13068.71,2588,38,41,44,1546,2320,2544,A10,F3,A5,10,63,5
02_87_96,all-well,mm10,1553,2359,13057.64,2609,55,56,61,1498,2303,2548,A2,H3,H12,2,87,96
04_05_83,all-well,mm10,1560,2359,13057.64,2614,21,21,21,1539,2338,2593,A4,A5,G11,4,5,83
03_14_92,all-well,mm10,1614,2358,13052.11,2568,97,104,116,1517,2254,2452,A3,B2,H8,3,14,92
20_02_74,all-well,mm10,1552,2358,13052.11,2588,24,28,30,1528,2330,2558,B8,A2,G2,20,2,74
18_21_84,all-well,hg38,1679,2358,13052.11,2584,1654,2331,2556,25,27,28,B6,B9,G12,18,21,84
03_89_50,all-well,hg38,1760,2357,13046.57,2551,1729,2323,2517,31,34,34,A3,H5,E2,3,89,50
20_93_93,all-well,mm10,1573,2356,13041.04,2591,18,20,21,1555,2336,2570,B8,H9,H9,20,93,93
20_83_79,all-well,mm10,1613,2356,13041.04,2599,15,15,17,1598,2341,2582,B8,G11,G7,20,83,79
05_59_12,all-well,hg38,1666,2355,13035.50,2598,1651,2339,2580,15,16,18,A5,E11,A12,5,59,12
47_29_02,all-well,mm10,1597,2353,13024.43,2572,26,26,28,1571,2327,2544,D11,C5,A2,47,29,2
28_55_06,all-well,hg38,1634,2353,13024.43,2643,1585,2304,2592,49,49,51,C4,E7,A6,28,55,6
03_02_64,all-well,mm10,1577,2352,13018.90,2561,54,54,59,1523,2298,2502,A3,A2,F4,3,2,64
10_94_64,all-well,mm10,1665,2352,13018.90,2593,25,26,28,1640,2326,2565,A10,H10,F4,10,94,64
27_92_47,all-well,mm10,1559,2351,13013.36,2577,37,37,39,1522,2314,2538,C3,H8,D11,27,92,47
15_55_89,all-well,mm10,1503,2351,13013.36,2598,21,21,22,1482,2330,2576,B3,E7,H5,15,55,89
06_02_93,all-well,hg38,1561,2351,13013.36,2601,1541,2330,2577,20,21,24,A6,A2,H9,6,2,93
07_82_12,all-well,mm10,1596,2350,13007.83,2563,24,24,26,1572,2326,2537,A7,G10,A12,7,82,12
06_37_03,all-well,mm10,1533,2348,12996.75,2590,31,33,35,1502,2315,2555,A6,D1,A3,6,37,3
45_93_47,all-well,mm10,1530,2346,12985.68,2576,72,81,90,1458,2265,2486,D9,H9,D11,45,93,47
11_19_82,all-well,mm10,1529,2344,12974.61,2588,49,49,52,1480,2295,2536,A11,B7,G10,11,19,82
23_03_64,all-well,hg38,1608,2343,12969.08,2605,1595,2328,2590,13,15,15,B11,A3,F4,23,3,64
33_09_63,all-well,hg38,1642,2343,12969.08,2594,1626,2327,2577,16,16,17,C9,A9,F3,33,9,63
46_44_76,all-well,mm10,1565,2340,12952.47,2565,88,88,96,1477,2252,2469,D10,D8,G4,46,44,76
21_96_91,all-well,mm10,1619,2339,12946.94,2568,22,22,22,1597,2317,2546,B9,H12,H7,21,96,91
10_77_25,all-well,mm10,1513,2338,12941.40,2553,29,29,30,1484,2309,2523,A10,G5,C1,10,77,25
20_47_80,all-well,mm10,1576,2338,12941.40,2583,32,34,35,1544,2304,2548,B8,D11,G8,20,47,80
11_35_61,all-well,mm10,1613,2336,12930.33,2562,53,56,62,1560,2280,2500,A11,C11,F1,11,35,61
40_41_77,all-well,mm10,1466,2335,12924.80,2561,44,46,48,1422,2289,2513,D4,D5,G5,40,41,77
29_03_94,all-well,hg38,1629,2333,12913.73,2558,1612,2315,2538,17,18,20,C5,A3,H10,29,3,94
48_83_13,all-well,mm10,1479,2332,12908.19,2584,24,25,25,1455,2307,2559,D12,G11,B1,48,83,13
02_21_16,all-well,mm10,1483,2331,12902.66,2549,22,22,24,1461,2309,2525,A2,B9,B4,2,21,16
27_74_54,all-well,mm10,1578,2331,12902.66,2554,31,32,36,1547,2299,2518,C3,G2,E6,27,74,54
44_69_63,all-well,multiplet,1946,2329,12891.59,2532,1211,1427,1555,735,902,977,D8,F9,F3,44,69,63
03_50_29,all-well,mm10,1547,2328,12886.05,2560,35,35,38,1512,2293,2522,A3,E2,C5,3,50,29
03_43_85,all-well,mm10,1561,2328,12886.05,2549,39,41,45,1522,2287,2504,A3,D7,H1,3,43,85
21_77_63,all-well,mm10,1535,2327,12880.51,2562,21,21,22,1514,2306,2540,B9,G5,F3,21,77,63
47_15_64,all-well,hg38,1608,2325,12869.44,2557,1602,2319,2550,6,6,7,D11,B3,F4,47,15,64
23_82_55,all-well,hg38,1691,2324,12863.91,2568,1675,2308,2551,16,16,17,B11,G10,E7,23,82,55
07_16_49,all-well,hg38,1682,2324,12863.91,2563,1671,2313,2551,11,11,12,A7,B4,E1,7,16,49
32_71_38,all-well,hg38,1681,2321,12847.30,2560,1604,2238,2468,77,83,92,C8,F11,D2,32,71,38
28_82_24,all-well,mm10,1548,2319,12836.23,2562,20,21,21,1528,2298,2541,C4,G10,B12,28,82,24
21_30_77,all-well,hg38,1568,2317,12825.16,2548,1554,2303,2534,14,14,14,B9,C6,G5,21,30,77
45_34_16,all-well,mm10,1650,2316,12819.63,2546,70,76,83,1580,2240,2463,D9,C10,B4,45,34,16
08_90_43,all-well,hg38,1797,2315,12814.09,2518,1785,2303,2506,12,12,12,A8,H6,D7,8,90,43
10_94_86,all-well,mm10,1577,2313,12803.02,2539,26,26,28,1551,2287,2511,A10,H10,H2,10,94,86
04_89_42,all-well,mm10,1545,2311,12791.95,2522,27,28,31,1518,2283,2491,A4,H5,D6,4,89,42
08_12_82,all-well,hg38,1659,2311,12791.95,2560,1649,2301,2549,10,10,11,A8,A12,G10,8,12,82
21_65_01,all-well,mm10,1521,2309,12780.88,2535,27,27,31,1494,2282,2504,B9,F5,A1,21,65,1
34_24_44,all-well,mm10,1512,2308,12775.35,2525,104,111,118,1408,2197,2407,C10,B12,D8,34,24,44
09_34_50,all-well,mm10,1547,2307,12769.81,2520,40,42,43,1507,2265,2477,A9,C10,E2,9,34,50
29_15_82,all-well,mm10,1531,2306,12764.27,2540,12,12,12,1519,2294,2528,C5,B3,G10,29,15,82
11_28_68,all-well,hg38,1607,2305,12758.74,2575,1568,2261,2527,39,44,48,A11,C4,F8,11,28,68
21_44_62,all-well,mm10,1568,2304,12753.20,2520,74,78,80,1494,2226,2440,B9,D8,F2,21,44,62
07_53_78,all-well,mm10,1542,2303,12747.67,2531,21,22,23,1521,2281,2508,A7,E5,G6,7,53,78
23_83_94,all-well,mm10,1461,2301,12736.60,2524,14,14,14,1447,2287,2510,B11,G11,H10,23,83,94
04_38_39,all-well,mm10,1573,2300,12731.06,2516,25,25,25,1548,2275,2491,A4,D2,D3,4,38,39
37_68_92,all-well,hg38,1656,2299,12725.53,2549,1643,2286,2536,13,13,13,D1,F8,H8,37,68,92
42_45_83,all-well,hg38,1691,2298,12719.99,2532,1669,2276,2510,22,22,22,D6,D9,G11,42,45,83
04_74_77,all-well,mm10,1473,2298,12719.99,2535,20,22,25,1453,2276,2510,A4,G2,G5,4,74,77
08_50_06,all-well,mm10,1409,2298,12719.99,2555,25,26,29,1384,2272,2526,A8,E2,A6,8,50,6
17_19_33,all-well,mm10,1634,2295,12703.39,2538,24,24,25,1610,2271,2513,B5,B7,C9,17,19,33
11_30_90,all-well,hg38,1680,2295,12703.39,2518,1672,2287,2510,8,8,8,A11,C6,H6,11,30,90
22_20_68,all-well,hg38,1659,2292,12686.78,2530,1642,2275,2512,17,17,18,B10,B8,F8,22,20,68
47_95_19,all-well,hg38,1660,2290,12675.71,2530,1645,2274,2511,15,16,19,D11,H11,B7,47,95,19
29_02_28,all-well,mm10,1540,2287,12659.10,2490,33,36,40,1507,2251,2450,C5,A2,C4,29,2,28
14_75_29,all-well,mm10,1523,2286,12653.57,2521,24,26,28,1499,2260,2493,B2,G3,C5,14,75,29
21_26_40,all-well,mm10,1485,2284,12642.50,2515,32,33,36,1453,2251,2479,B9,C2,D4,21,26,40
17_66_64,all-well,mm10,1507,2283,12636.96,2494,26,26,27,1481,2257,2467,B5,F6,F4,17,66,64
05_96_74,all-well,mm10,1550,2282,12631.43,2504,21,22,24,1529,2260,2480,A5,H12,G2,5,96,74
02_08_89,all-well,hg38,1621,2282,12631.43,2466,1610,2270,2453,11,12,13,A2,A8,H5,2,8,89
47_10_74,all-well,hg38,1615,2282,12631.43,2489,1591,2256,2462,24,26,27,D11,A10,G2,47,10,74
04_01_23,all-well,hg38,1650,2280,12620.36,2524,1632,2262,2506,18,18,18,A4,A1,B11,4,1,23
29_89_58,all-well,mm10,1502,2279,12614.82,2505,30,33,37,1472,2246,2468,C5,H5,E10,29,89,58
27_55_20,all-well,mm10,1525,2278,12609.29,2494,35,35,37,1490,2243,2457,C3,E7,B8,27,55,20
45_78_07,all-well,mm10,1574,2278,12609.29,2471,65,68,75,1509,2210,2396,D9,G6,A7,45,78,7
06_30_53,all-well,hg38,1530,2277,12603.75,2486,1505,2250,2459,25,27,27,A6,C6,E5,6,30,53
33_55_73,all-well,mm10,1492,2277,12603.75,2481,35,37,39,1457,2240,2442,C9,E7,G1,33,55,73
08_94_53,all-well,hg38,1666,2277,12603.75,2528,1646,2256,2507,20,21,21,A8,H10,E5,8,94,53
03_14_46,all-well,mm10,1547,2274,12587.15,2491,37,38,40,1510,2236,2451,A3,B2,D10,3,14,46
20_60_09,all-well,mm10,1534,2274,12587.15,2505,21,26,29,1513,2248,2476,B8,E12,A9,20,60,9
12_44_18,all-well,mm10,1437,2272,12576.08,2481,42,42,42,1395,2230,2439,A12,D8,B6,12,44,18
33_25_58,all-well,hg38,1584,2272,12576.08,2543,1561,2249,2519,23,23,24,C9,C1,E10,33,25,58
42_82_16,all-well,mm10,1546,2271,12570.54,2509,47,51,58,1499,2220,2451,D6,G10,B4,42,82,16
28_87_66,all-well,mm10,1532,2271,12570.54,2457,34,35,38,1498,2236,2419,C4,H3,F6,28,87,66
33_55_78,all-well,mm10,1452,2270,12565.01,2502,28,28,31,1424,2242,2471,C9,E7,G6,33,55,78
02_47_27,all-well,mm10,1485,2269,12559.47,2468,34,34,36,1451,2235,2432,A2,D11,C3,2,47,27
48_77_38,all-well,mm10,1401,2269,12559.47,2483,12,13,14,1389,2256,2469,D12,G5,D2,48,77,38
05_93_14,all-well,mm10,1553,2268,12553.94,2493,27,27,31,1526,2241,2462,A5,H9,B2,5,93,14
04_83_47,all-well,hg38,1592,2268,12553.94,2496,1584,2259,2486,8,9,10,A4,G11,D11,4,83,47
25_30_88,all-well,mm10,1573,2268,12553.94,2502,68,70,76,1505,2198,2426,C1,C6,H4,25,30,88
08_83_45,all-well,hg38,1687,2266,12542.86,2505,1674,2253,2491,13,13,14,A8,G11,D9,8,83,45
29_86_96,all-well,mm10,1557,2263,12526.26,2481,38,38,38,1519,2225,2443,C5,H2,H12,29,86,96
17_03_27,all-well,mm10,1520,2257,12493.05,2497,37,38,40,1483,2219,2457,B5,A3,C3,17,3,27
06_03_05,all-well,mm10,1429,2257,12493.05,2487,28,28,30,1401,2229,2457,A6,A3,A5,6,3,5
18_16_12,all-well,hg38,1677,2256,12487.51,2490,1653,2232,2466,24,24,24,B6,B4,A12,18,16,12
05_14_23,all-well,mm10,1448,2256,12487.51,2508,44,45,48,1404,2211,2460,A5,B2,B11,5,14,23
18_85_18,all-well,mm10,1588,2256,12487.51,2493,23,23,25,1565,2233,2468,B6,H1,B6,18,85,18
38_61_15,all-well,mm10,1476,2255,12481.98,2494,36,36,37,1440,2219,2457,D2,F1,B3,38,61,15
08_71_59,all-well,hg38,1653,2255,12481.98,2492,1625,2227,2460,28,28,32,A8,F11,E11,8,71,59
17_34_89,all-well,mm10,1525,2254,12476.44,2479,33,35,37,1492,2219,2442,B5,C10,H5,17,34,89
03_64_32,all-well,mm10,1568,2253,12470.91,2453,50,51,56,1518,2202,2397,A3,F4,C8,3,64,32
17_38_16,all-well,mm10,1501,2252,12465.37,2471,19,19,22,1482,2233,2449,B5,D2,B4,17,38,16
45_07_62,all-well,mm10,1571,2251,12459.84,2458,106,113,116,1465,2138,2342,D9,A7,F2,45,7,62
47_77_32,all-well,mm10,1487,2248,12443.23,2484,31,31,37,1456,2217,2447,D11,G5,C8,47,77,32
29_08_77,all-well,mm10,1418,2248,12443.23,2493,20,20,20,1398,2228,2473,C5,A8,G5,29,8,77
07_56_74,all-well,mm10,1432,2248,12443.23,2461,37,40,41,1395,2208,2420,A7,E8,G2,7,56,74
47_89_29,all-well,mm10,1561,2247,12437.70,2466,21,22,24,1540,2225,2442,D11,H5,C5,47,89,29
18_30_42,all-well,hg38,1581,2246,12432.16,2461,1571,2235,2449,10,11,12,B6,C6,D6,18,30,42
11_23_26,all-well,mm10,1514,2246,12432.16,2484,35,37,38,1479,2209,2446,A11,B11,C2,11,23,26
22_37_39,all-well,hg38,1559,2244,12421.09,2497,1542,2226,2478,17,18,19,B10,D1,D3,22,37,39
18_48_65,all-well,hg38,1650,2244,12421.09,2494,1594,2184,2427,56,60,67,B6,D12,F5,18,48,65
01_77_92,all-well,mm10,1617,2243,12415.55,2440,38,39,40,1579,2204,2400,A1,G5,H8,1,77,92
18_09_68,all-well,hg38,1645,2242,12410.02,2469,1627,2224,2450,18,18,19,B6,A9,F8,18,9,68
19_62_29,all-well,mm10,1550,2242,12410.02,2489,38,38,39,1512,2204,2450,B7,F2,C5,19,62,29
27_29_62,all-well,mm10,1531,2241,12404.48,2449,31,32,34,1500,2209,2415,C3,C5,F2,27,29,62
30_69_93,all-well,hg38,1625,2239,12393.41,2456,1603,2216,2431,22,23,25,C6,F9,H9,30,69,93
17_10_37,all-well,mm10,1576,2238,12387.88,2456,49,51,54,1527,2187,2402,B5,A10,D1,17,10,37
04_37_58,all-well,mm10,1564,2237,12382.34,2443,42,43,47,1522,2194,2396,A4,D1,E10,4,37,58
35_77_68,all-well,mm10,1485,2235,12371.27,2456,22,23,24,1463,2212,2432,C11,G5,F8,35,77,68
02_03_02,all-well,hg38,1650,2235,12371.27,2448,1630,2215,2427,20,20,21,A2,A3,A2,2,3,2
03_50_85,all-well,mm10,1484,2235,12371.27,2470,46,49,51,1438,2186,2419,A3,E2,H1,3,50,85
47_22_43,all-well,mm10,1505,2234,12365.74,2489,28,31,32,1477,2203,2457,D11,B10,D7,47,22,43
03_77_10,all-well,mm10,1561,2234,12365.74,2461,36,37,38,1525,2197,2423,A3,G5,A10,3,77,10
11_59_62,all-well,mm10,1480,2233,12360.20,2485,31,31,35,1449,2202,2450,A11,E11,F2,11,59,62
20_53_25,all-well,mm10,1509,2233,12360.20,2457,32,36,38,1477,2197,2419,B8,E5,C1,20,53,25
14_55_23,all-well,hg38,1604,2231,12349.13,2446,1577,2201,2415,27,30,31,B2,E7,B11,14,55,23
33_84_81,all-well,hg38,1540,2230,12343.60,2459,1513,2201,2428,27,29,31,C9,G12,G9,33,84,81
20_08_60,all-well,mm10,1435,2228,12332.53,2449,33,34,37,1402,2194,2412,B8,A8,E12,20,8,60
20_47_60,all-well,mm10,1510,2228,12332.53,2479,25,26,28,1485,2202,2451,B8,D11,E12,20,47,60
03_12_53,all-well,hg38,1740,2228,12332.53,2441,1723,2210,2423,17,18,18,A3,A12,E5,3,12,53
45_62_41,all-well,mm10,1544,2226,12321.46,2448,80,89,101,1464,2137,2347,D9,F2,D5,45,62,41
17_25_64,all-well,mm10,1422,2225,12315.92,2483,27,28,28,1395,2197,2455,B5,C1,F4,17,25,64
27_30_66,all-well,mm10,1472,2225,12315.92,2448,20,20,20,1452,2205,2428,C3,C6,F6,27,30,66
23_89_57,all-well,mm10,1496,2224,12310.38,2468,19,19,22,1477,2205,2446,B11,H5,E9,23,89,57
21_33_74,all-well,hg38,1645,2219,12282.71,2465,1630,2204,2448,15,15,17,B9,C9,G2,21,33,74
03_21_04,all-well,mm10,1602,2218,12277.17,2427,29,29,32,1573,2189,2395,A3,B9,A4,3,21,4
47_85_92,all-well,hg38,1627,2216,12266.10,2432,1608,2196,2410,19,20,22,D11,H1,H8,47,85,92
23_30_16,all-well,hg38,1589,2216,12266.10,2425,1569,2194,2403,20,22,22,B11,C6,B4,23,30,16
03_66_37,all-well,mm10,1533,2214,12255.03,2428,39,39,42,1494,2175,2386,A3,F6,D1,3,66,37
04_34_60,all-well,mm10,1453,2213,12249.50,2454,18,18,23,1435,2195,2431,A4,C10,E12,4,34,60
18_60_35,all-well,hg38,1510,2212,12243.96,2426,1494,2194,2406,16,18,20,B6,E12,C11,18,60,35
03_55_43,all-well,mm10,1514,2209,12227.36,2435,26,27,27,1488,2182,2408,A3,E7,D7,3,55,43
03_89_19,all-well,hg38,1643,2208,12221.82,2424,1618,2181,2396,25,27,28,A3,H5,B7,3,89,19
12_86_75,all-well,hg38,1691,2207,12216.29,2437,1647,2161,2391,44,46,46,A12,H2,G3,12,86,75
04_87_74,all-well,mm10,1402,2206,12210.75,2421,21,23,23,1381,2183,2398,A4,H3,G2,4,87,74
06_82_90,all-well,hg38,1561,2205,12205.21,2438,1540,2184,2416,21,21,22,A6,G10,H6,6,82,90
33_67_67,all-well,hg38,1564,2205,12205.21,2449,1545,2186,2428,19,19,21,C9,F7,F7,33,67,67
18_43_67,all-well,mm10,1473,2202,12188.61,2399,20,21,21,1453,2181,2378,B6,D7,F7,18,43,67
03_61_92,all-well,hg38,1620,2202,12188.61,2413,1581,2162,2370,39,40,43,A3,F1,H8,3,61,92
30_73_18,all-well,hg38,1639,2196,12155.40,2423,1596,2152,2379,43,44,44,C6,G1,B6,30,73,18
46_94_25,all-well,mm10,1434,2196,12155.40,2416,28,28,29,1406,2168,2387,D10,H10,C1,46,94,25
33_65_02,all-well,hg38,1656,2195,12149.86,2422,1642,2180,2406,14,15,16,C9,F5,A2,33,65,2
20_82_65,all-well,mm10,1397,2194,12144.33,2411,27,28,30,1370,2166,2381,B8,G10,F5,20,82,65
27_37_69,all-well,hg38,1135,2194,12144.33,2405,1089,2145,2355,46,49,50,C3,D1,F9,27,37,69
05_16_25,all-well,mm10,1455,2193,12138.79,2422,37,38,40,1418,2155,2382,A5,B4,C1,5,16,25
02_33_59,all-well,mm10,1481,2191,12127.72,2414,50,54,61,1431,2137,2353,A2,C9,E11,2,33,59
46_10_79,all-well,mm10,1447,2189,12116.65,2400,24,24,26,1423,2165,2374,D10,A10,G7,46,10,79
23_10_61,all-well,mm10,1348,2187,12105.58,2424,25,26,27,1323,2161,2397,B11,A10,F1,23,10,61
35_44_74,all-well,hg38,1631,2185,12094.51,2397,1609,2162,2372,22,23,25,C11,D8,G2,35,44,74
18_12_63,all-well,mm10,1517,2184,12088.97,2422,142,197,218,1375,1987,2204,B6,A12,F3,18,12,63
32_13_93,all-well,hg38,1361,2182,12077.90,2404,1319,2139,2354,42,43,50,C8,B1,H9,32,13,93
29_77_13,all-well,mm10,1463,2182,12077.90,2409,15,15,17,1448,2167,2392,C5,G5,B1,29,77,13
23_32_37,all-well,mm10,1459,2180,12066.83,2390,23,23,25,1436,2157,2365,B11,C8,D1,23,32,37
06_47_05,all-well,mm10,1456,2180,12066.83,2388,44,46,48,1412,2134,2340,A6,D11,A5,6,47,5
35_87_77,all-well,hg38,1562,2179,12061.30,2397,1545,2162,2379,17,17,18,C11,H3,G5,35,87,77
03_32_44,all-well,hg38,1652,2179,12061.30,2391,1612,2136,2346,40,43,45,A3,C8,D8,3,32,44
15_96_07,all-well,mm10,1444,2175,12039.16,2394,53,57,60,1391,2118,2334,B3,H12,A7,15,96,7
25_69_41,all-well,hg38,1203,2175,12039.16,2390,1176,2148,2362,27,27,28,C1,F9,D5,25,69,41
04_09_93,all-well,mm10,1442,2175,12039.16,2407,30,30,32,1412,2145,2375,A4,A9,H9,4,9,93
18_30_30,all-well,hg38,1546,2174,12033.62,2411,1534,2162,2399,12,12,12,B6,C6,C6,18,30,30
21_10_26,all-well,mm10,1454,2173,12028.09,2402,24,26,31,1430,2147,2371,B9,A10,C2,21,10,26
46_25_68,all-well,mm10,1298,2173,12028.09,2381,34,35,39,1264,2138,2342,D10,C1,F8,46,25,68
40_19_11,all-well,mm10,1450,2172,12022.55,2370,29,30,34,1421,2142,2336,D4,B7,A11,40,19,11
13_68_29,all-well,hg38,1571,2172,12022.55,2383,1541,2142,2353,30,30,30,B1,F8,C5,13,68,29
09_51_61,all-well,mm10,1450,2172,12022.55,2394,33,34,36,1417,2138,2358,A9,E3,F1,9,51,61
04_24_69,all-well,mm10,1483,2171,12017.02,2452,20,20,22,1463,2151,2430,A4,B12,F9,4,24,69
11_95_42,all-well,mm10,1453,2171,12017.02,2373,30,31,32,1423,2140,2341,A11,H11,D6,11,95,42
21_24_23,all-well,mm10,1511,2169,12005.95,2386,29,30,30,1482,2139,2356,B9,B12,B11,21,24,23
30_43_85,all-well,mm10,1372,2166,11989.34,2404,23,23,27,1349,2143,2377,C6,D7,H1,30,43,85
06_23_24,all-well,mm10,1497,2166,11989.34,2373,38,38,39,1459,2128,2334,A6,B11,B12,6,23,24
21_06_94,all-well,mm10,1525,2165,11983.81,2392,63,70,74,1462,2095,2318,B9,A6,H10,21,6,94
45_27_68,all-well,hg38,1611,2164,11978.27,2371,1570,2113,2313,41,51,58,D9,C3,F8,45,27,68
46_39_91,all-well,mm10,1399,2163,11972.73,2356,50,52,58,1349,2111,2298,D10,D3,H7,46,39,91
48_30_47,all-well,mm10,1444,2161,11961.66,2353,47,47,47,1397,2114,2306,D12,C6,D11,48,30,47
19_42_32,all-well,mm10,1556,2160,11956.13,2362,72,77,84,1484,2083,2278,B7,D6,C8,19,42,32
03_50_46,all-well,mm10,1466,2160,11956.13,2392,57,57,61,1409,2103,2331,A3,E2,D10,3,50,46
48_65_52,all-well,mm10,1368,2159,11950.59,2361,31,31,33,1337,2128,2328,D12,F5,E4,48,65,52
01_82_21,all-well,multiplet,1716,2157,11939.52,2378,907,1109,1213,809,1048,1165,A1,G10,B9,1,82,21
09_30_35,all-well,hg38,1629,2157,11939.52,2361,1598,2124,2325,31,33,36,A9,C6,C11,9,30,35
17_30_96,all-well,multiplet,1564,2156,11933.99,2364,569,756,834,995,1400,1530,B5,C6,H12,17,30,96
21_44_05,all-well,mm10,1503,2156,11933.99,2379,26,26,27,1477,2130,2352,B9,D8,A5,21,44,5
18_56_02,all-well,hg38,1546,2156,11933.99,2364,1531,2139,2346,15,17,18,B6,E8,A2,18,56,2
34_42_82,all-well,mm10,1486,2152,11911.85,2371,64,65,70,1422,2087,2301,C10,D6,G10,34,42,82
30_58_15,all-well,multiplet,1472,2151,11906.31,2370,373,413,454,1099,1738,1916,C6,E10,B3,30,58,15
10_12_68,all-well,hg38,1542,2150,11900.78,2384,1533,2140,2373,9,10,11,A10,A12,F8,10,12,68
35_16_32,all-well,mm10,1358,2149,11895.24,2393,45,47,54,1313,2102,2339,C11,B4,C8,35,16,32
10_55_12,all-well,hg38,1531,2146,11878.64,2351,1516,2131,2331,15,15,20,A10,E7,A12,10,55,12
07_77_83,all-well,mm10,1368,2145,11873.10,2363,27,32,34,1341,2113,2329,A7,G5,G11,7,77,83
08_01_77,all-well,mm10,1340,2143,11862.03,2388,21,21,21,1319,2122,2367,A8,A1,G5,8,1,77
11_19_14,all-well,hg38,1566,2143,11862.03,2336,1550,2127,2319,16,16,17,A11,B7,B2,11,19,14
43_24_06,all-well,mm10,1425,2141,11850.96,2383,56,67,73,1369,2074,2310,D7,B12,A6,43,24,6
18_86_14,all-well,mm10,1415,2140,11845.42,2384,23,23,24,1392,2117,2360,B6,H2,B2,18,86,14
10_96_62,all-well,mm10,1396,2140,11845.42,2350,18,18,25,1378,2122,2325,A10,H12,F2,10,96,62
10_35_13,all-well,mm10,1548,2140,11845.42,2373,35,36,37,1513,2104,2336,A10,C11,B1,10,35,13
02_17_54,all-well,mm10,1525,2139,11839.89,2359,28,28,28,1497,2111,2331,A2,B5,E6,2,17,54
45_43_36,all-well,mm10,1405,2137,11828.82,2346,53,57,66,1352,2080,2280,D9,D7,C12,45,43,36
18_77_74,all-well,mm10,1492,2136,11823.28,2312,23,23,26,1469,2113,2286,B6,G5,G2,18,77,74
45_75_76,all-well,hg38,1582,2135,11817.75,2320,1563,2116,2299,19,19,21,D9,G3,G4,45,75,76
04_03_76,all-well,mm10,1494,2134,11812.21,2340,26,26,27,1468,2108,2313,A4,A3,G4,4,3,76
22_02_64,all-well,hg38,1339,2133,11806.68,2338,1297,2090,2295,42,43,43,B10,A2,F4,22,2,64
08_58_69,all-well,mm10,1417,2132,11801.14,2335,26,27,31,1391,2105,2304,A8,E10,F9,8,58,69
03_01_60,all-well,mm10,1499,2131,11795.61,2345,49,52,55,1450,2079,2290,A3,A1,E12,3,1,60
06_19_90,all-well,mm10,1460,2129,11784.54,2346,26,27,29,1434,2102,2317,A6,B7,H6,6,19,90
47_10_52,all-well,mm10,1500,2129,11784.54,2337,41,43,49,1459,2086,2288,D11,A10,E4,47,10,52
29_09_48,all-well,hg38,1638,2127,11773.47,2311,1623,2112,2295,15,15,16,C5,A9,D12,29,9,48
08_69_08,all-well,mm10,1463,2126,11767.93,2357,54,56,59,1409,2070,2298,A8,F9,A8,8,69,8
35_30_59,all-well,hg38,1594,2125,11762.40,2364,1575,2106,2344,19,19,20,C11,C6,E11,35,30,59
47_33_05,all-well,mm10,1435,2123,11751.32,2342,85,88,93,1350,2035,2249,D11,C9,A5,47,33,5
30_70_77,all-well,mm10,1510,2122,11745.79,2362,37,40,41,1473,2082,2321,C6,F10,G5,30,70,77
33_39_07,all-well,mm10,1462,2122,11745.79,2338,46,47,51,1416,2075,2287,C9,D3,A7,33,39,7
28_30_51,all-well,hg38,1509,2121,11740.25,2358,1485,2097,2331,24,24,27,C4,C6,E3,28,30,51
02_95_26,all-well,hg38,1602,2120,11734.72,2349,1580,2097,2325,22,23,24,A2,H11,C2,2,95,26
18_92_14,all-well,mm10,1446,2120,11734.72,2389,25,31,32,1421,2089,2357,B6,H8,B2,18,92,14
27_10_64,all-well,hg38,1547,2117,11718.11,2325,1513,2081,2286,34,36,39,C3,A10,F4,27,10,64
07_55_14,all-well,mm10,1364,2116,11712.58,2333,20,20,21,1344,2096,2312,A7,E7,B2,7,55,14
05_48_02,all-well,mm10,1354,2113,11695.97,2308,31,33,36,1323,2080,2272,A5,D12,A2,5,48,2
17_08_18,all-well,mm10,1355,2113,11695.97,2323,33,33,33,1322,2080,2290,B5,A8,B6,17,8,18
32_82_33,all-well,multiplet,1357,2110,11679.37,2325,465,568,630,892,1542,1695,C8,G10,C9,32,82,33
08_08_09,all-well,mm10,1395,2107,11662.76,2300,24,24,27,1371,2083,2273,A8,A8,A9,8,8,9
47_46_44,all-well,hg38,1555,2105,11651.69,2319,1541,2091,2304,14,14,15,D11,D10,D8,47,46,44
03_70_85,all-well,mm10,1446,2104,11646.16,2309,70,72,84,1376,2032,2225,A3,F10,H1,3,70,85
06_31_16,all-well,hg38,1509,2103,11640.62,2335,1494,2088,2320,15,15,15,A6,C7,B4,6,31,16
30_69_38,all-well,mm10,1292,2102,11635.08,2329,33,34,37,1259,2068,2292,C6,F9,D2,30,69,38
22_83_67,all-well,mm10,1443,2101,11629.55,2358,28,28,30,1415,2073,2328,B10,G11,F7,22,83,67
25_51_71,all-well,hg38,1444,2100,11624.01,2304,1392,2047,2249,52,53,55,C1,E3,F11,25,51,71
03_81_32,all-well,hg38,1525,2097,11607.41,2288,1502,2072,2263,23,25,25,A3,G9,C8,3,81,32
23_06_78,all-well,hg38,1501,2096,11601.87,2318,1434,2022,2241,67,74,77,B11,A6,G6,23,6,78
21_25_39,all-well,mm10,1458,2090,11568.66,2309,20,22,22,1438,2068,2287,B9,C1,D3,21,25,39
06_83_57,all-well,mm10,1382,2089,11563.13,2276,18,18,18,1364,2071,2258,A6,G11,E9,6,83,57
36_82_62,all-well,mm10,1515,2089,11563.13,2256,14,15,15,1501,2074,2241,C12,G10,F2,36,82,62
43_96_24,all-well,hg38,1601,2089,11563.13,2291,1585,2073,2274,16,16,17,D7,H12,B12,43,96,24
45_83_34,all-well,hg38,1589,2088,11557.59,2304,1572,2071,2285,17,17,19,D9,G11,C10,45,83,34
18_75_67,all-well,mm10,1412,2088,11557.59,2293,30,31,35,1382,2057,2258,B6,G3,F7,18,75,67
08_37_66,all-well,hg38,1542,2087,11552.06,2318,1526,2069,2300,16,18,18,A8,D1,F6,8,37,66
45_60_71,all-well,mm10,1378,2086,11546.52,2276,41,44,45,1337,2042,2231,D9,E12,F11,45,60,71
04_52_82,all-well,mm10,1412,2086,11546.52,2295,20,20,21,1392,2066,2274,A4,E4,G10,4,52,82
18_47_02,all-well,mm10,1422,2086,11546.52,2305,20,20,22,1402,2066,2283,B6,D11,A2,18,47,2
06_45_55,all-well,mm10,1327,2084,11535.45,2295,25,26,27,1302,2058,2268,A6,D9,E7,6,45,55
12_78_17,all-well,mm10,1479,2084,11535.45,2275,24,25,25,1455,2059,2250,A12,G6,B5,12,78,17
14_30_20,all-well,mm10,1454,2084,11535.45,2289,29,31,32,1425,2053,2257,B2,C6,B8,14,30,20
18_21_70,all-well,mm10,1443,2083,11529.92,2312,23,23,24,1420,2060,2288,B6,B9,F10,18,21,70
03_60_74,all-well,mm10,1425,2081,11518.84,2285,50,53,56,1375,2028,2229,A3,E12,G2,3,60,74
23_87_26,all-well,mm10,1352,2081,11518.84,2283,31,31,32,1321,2050,2251,B11,H3,C2,23,87,26
02_82_26,all-well,mm10,1413,2079,11507.77,2284,23,25,25,1390,2054,2259,A2,G10,C2,2,82,26
10_37_31,all-well,hg38,1422,2078,11502.24,2268,1406,2062,2252,16,16,16,A10,D1,C7,10,37,31
02_40_19,all-well,mm10,1406,2077,11496.70,2300,42,42,45,1364,2035,2255,A2,D4,B7,2,40,19
39_14_70,all-well,mm10,1408,2076,11491.17,2265,47,48,50,1361,2028,2215,D3,B2,F10,39,14,70
18_43_83,all-well,mm10,1358,2074,11480.10,2286,32,33,35,1326,2041,2251,B6,D7,G11,18,43,83
13_30_07,all-well,mm10,1439,2074,11480.10,2267,27,27,28,1412,2047,2239,B1,C6,A7,13,30,7
07_34_56,all-well,mm10,1323,2074,11480.10,2264,31,35,37,1292,2039,2227,A7,C10,E8,7,34,56
32_19_43,all-well,mm10,1394,2073,11474.56,2295,42,43,47,1352,2030,2248,C8,B7,D7,32,19,43
12_18_30,all-well,hg38,400,2073,11474.56,2261,355,2028,2215,45,45,46,A12,B6,C6,12,18,30
20_42_08,all-well,mm10,1399,2073,11474.56,2279,63,69,76,1336,2004,2203,B8,D6,A8,20,42,8
17_96_32,all-well,hg38,1491,2071,11463.49,2258,1477,2057,2243,14,14,15,B5,H12,C8,17,96,32
45_44_44,all-well,mm10,1486,2070,11457.96,2267,68,72,79,1418,1998,2188,D9,D8,D8,45,44,44
10_02_62,all-well,mm10,1549,2067,11441.35,2293,196,203,220,1353,1864,2073,A10,A2,F2,10,2,62
06_72_32,all-well,hg38,1482,2064,11424.75,2274,1473,2055,2264,9,9,10,A6,F12,C8,6,72,32
14_34_21,all-well,mm10,1399,2062,11413.67,2280,37,40,43,1362,2022,2237,B2,C10,B9,14,34,21
33_40_64,all-well,mm10,1399,2061,11408.14,2286,18,18,20,1381,2043,2266,C9,D4,F4,33,40,64
29_77_61,all-well,mm10,1457,2060,11402.60,2284,32,32,32,1425,2028,2252,C5,G5,F1,29,77,61
23_96_69,all-well,hg38,1422,2060,11402.60,2272,1410,2048,2259,12,12,13,B11,H12,F9,23,96,69
34_73_19,all-well,mm10,1392,2059,11397.07,2269,27,27,28,1365,2032,2241,C10,G1,B7,34,73,19
03_19_95,all-well,hg38,1618,2058,11391.53,2255,1595,2035,2229,23,23,26,A3,B7,H11,3,19,95
26_41_35,all-well,mm10,1355,2057,11386.00,2276,33,33,35,1322,2024,2241,C2,D5,C11,26,41,35
48_77_32,all-well,mm10,1396,2057,11386.00,2279,36,37,44,1360,2020,2235,D12,G5,C8,48,77,32
45_17_93,all-well,mm10,1432,2056,11380.46,2241,57,58,60,1375,1998,2181,D9,B5,H9,45,17,93
13_77_48,all-well,mm10,1428,2056,11380.46,2265,38,38,43,1390,2018,2222,B1,G5,D12,13,77,48
11_31_60,all-well,mm10,1323,2056,11380.46,2305,31,33,34,1292,2023,2271,A11,C7,E12,11,31,60
17_70_90,all-well,mm10,1296,2055,11374.93,2267,26,27,30,1270,2028,2237,B5,F10,H6,17,70,90
06_35_01,all-well,mm10,1404,2054,11369.39,2276,50,55,65,1354,1999,2211,A6,C11,A1,6,35,1
12_03_36,all-well,mm10,1402,2053,11363.86,2257,26,30,33,1376,2023,2224,A12,A3,C12,12,3,36
37_23_06,all-well,hg38,1511,2053,11363.86,2223,1485,2025,2194,26,28,29,D1,B11,A6,37,23,6
33_77_81,all-well,hg38,1518,2053,11363.86,2252,1506,2041,2240,12,12,12,C9,G5,G9,33,77,81
03_54_17,all-well,mm10,1424,2052,11358.32,2254,35,37,38,1389,2015,2216,A3,E6,B5,3,54,17
08_66_07,all-well,hg38,1422,2051,11352.79,2254,1396,2022,2222,26,29,32,A8,F6,A7,8,66,7
39_25_62,all-well,mm10,1360,2051,11352.79,2238,66,67,72,1294,1984,2166,D3,C1,F2,39,25,62
44_42_75,all-well,mm10,1360,2050,11347.25,2252,34,34,37,1326,2016,2215,D8,D6,G3,44,42,75
08_83_20,all-well,hg38,1521,2049,11341.72,2241,1509,2036,2228,12,13,13,A8,G11,B8,8,83,20
23_03_47,all-well,hg38,1542,2048,11336.18,2242,1531,2037,2231,11,11,11,B11,A3,D11,23,3,47
19_74_25,all-well,mm10,1346,2048,11336.18,2283,178,187,203,1168,1861,2080,B7,G2,C1,19,74,25
02_65_19,all-well,mm10,1444,2048,11336.18,2232,28,29,32,1416,2019,2200,A2,F5,B7,2,65,19
37_13_01,all-well,hg38,1533,2046,11325.11,2191,1526,2039,2184,7,7,7,D1,B1,A1,37,13,1
10_81_87,all-well,mm10,1419,2046,11325.11,2252,20,20,22,1399,2026,2230,A10,G9,H3,10,81,87
32_90_03,all-well,hg38,1447,2043,11308.51,2252,1419,2010,2218,28,33,34,C8,H6,A3,32,90,3
04_69_56,all-well,mm10,1431,2042,11302.97,2271,14,14,14,1417,2028,2257,A4,F9,E8,4,69,56
03_89_56,all-well,hg38,1551,2040,11291.90,2248,1533,2021,2227,18,19,21,A3,H5,E8,3,89,56
03_61_65,all-well,mm10,1492,2035,11264.22,2227,31,32,32,1461,2003,2195,A3,F1,F5,3,61,65
38_12_02,all-well,mm10,1472,2034,11258.69,2220,57,62,67,1415,1972,2153,D2,A12,A2,38,12,2
06_03_52,all-well,mm10,1374,2033,11253.15,2260,31,31,34,1343,2002,2226,A6,A3,E4,6,3,52
03_30_04,all-well,hg38,1548,2032,11247.62,2214,1525,2009,2188,23,23,26,A3,C6,A4,3,30,4
04_43_12,all-well,mm10,1389,2031,11242.08,2235,25,25,30,1364,2006,2205,A4,D7,A12,4,43,12
08_16_53,all-well,hg38,1563,2030,11236.55,2230,1541,2008,2207,22,22,23,A8,B4,E5,8,16,53
34_59_07,all-well,hg38,1369,2029,11231.01,2216,1333,1992,2179,36,37,37,C10,E11,A7,34,59,7
08_86_74,all-well,mm10,1305,2026,11214.41,2209,22,24,25,1283,2002,2184,A8,H2,G2,8,86,74
04_74_58,all-well,mm10,1395,2022,11192.27,2226,25,25,26,1370,1997,2200,A4,G2,E10,4,74,58
18_53_64,all-well,mm10,1409,2022,11192.27,2213,32,35,37,1377,1987,2176,B6,E5,F4,18,53,64
31_42_83,all-well,mm10,1381,2021,11186.73,2241,26,28,32,1355,1993,2209,C7,D6,G11,31,42,83
22_83_19,all-well,mm10,1385,2020,11181.19,2224,17,18,19,1368,2002,2205,B10,G11,B7,22,83,19
11_09_74,all-well,mm10,1314,2020,11181.19,2214,30,30,33,1284,1990,2181,A11,A9,G2,11,9,74
22_55_62,all-well,mm10,1460,2018,11170.12,2225,39,40,44,1421,1978,2181,B10,E7,F2,22,55,62
11_06_29,all-well,hg38,1503,2017,11164.59,2221,1481,1995,2198,22,22,23,A11,A6,C5,11,6,29
08_92_35,all-well,mm10,1410,2016,11159.05,2209,20,20,21,1390,1996,2188,A8,H8,C11,8,92,35
43_75_31,all-well,hg38,1480,2015,11153.52,2224,1448,1982,2186,32,33,38,D7,G3,C7,43,75,31
18_19_42,all-well,mm10,1457,2015,11153.52,2214,43,43,46,1414,1972,2168,B6,B7,D6,18,19,42
29_49_14,all-well,hg38,1483,2012,11136.91,2220,1462,1991,2197,21,21,23,C5,E1,B2,29,49,14
05_82_02,all-well,mm10,1450,2012,11136.91,2193,24,24,28,1426,1988,2165,A5,G10,A2,5,82,2
06_30_29,all-well,hg38,1425,2010,11125.84,2200,1402,1987,2173,23,23,27,A6,C6,C5,6,30,29
33_09_18,all-well,hg38,1508,2007,11109.24,2205,1497,1996,2194,11,11,11,C9,A9,B6,33,9,18
21_16_12,all-well,mm10,1409,2007,11109.24,2204,44,45,50,1365,1962,2154,B9,B4,A12,21,16,12
35_96_52,all-well,mm10,1409,2004,11092.63,2200,28,29,30,1381,1975,2170,C11,H12,E4,35,96,52
20_02_88,all-well,mm10,1270,2004,11092.63,2189,26,29,31,1244,1975,2158,B8,A2,H4,20,2,88
07_72_25,all-well,mm10,1433,2003,11087.10,2182,39,41,45,1394,1962,2137,A7,F12,C1,7,72,25
45_86_35,all-well,mm10,1385,2001,11076.02,2167,62,62,63,1323,1939,2104,D9,H2,C11,45,86,35
26_64_32,all-well,mm10,1375,2001,11076.02,2224,32,32,37,1343,1969,2187,C2,F4,C8,26,64,32
23_32_89,all-well,hg38,1475,2000,11070.49,2196,1459,1984,2180,16,16,16,B11,C8,H5,23,32,89
03_95_26,all-well,hg38,1581,1999,11064.95,2175,1564,1981,2156,17,18,19,A3,H11,C2,3,95,26
21_83_96,all-well,hg38,1372,1999,11064.95,2196,1348,1975,2170,24,24,26,B9,G11,H12,21,83,96
30_30_28,all-well,mm10,1433,1998,11059.42,2186,125,134,147,1308,1864,2039,C6,C6,C4,30,30,28
38_79_21,all-well,multiplet,1557,1997,11053.88,2172,723,937,1010,834,1060,1162,D2,G7,B9,38,79,21
18_25_48,all-well,hg38,1407,1997,11053.88,2191,1399,1989,2183,8,8,8,B6,C1,D12,18,25,48
46_65_12,all-well,mm10,1346,1996,11048.35,2188,25,25,28,1321,1971,2160,D10,F5,A12,46,65,12
35_08_34,all-well,mm10,1415,1995,11042.81,2197,21,22,23,1394,1973,2174,C11,A8,C10,35,8,34
20_50_43,all-well,hg38,1410,1994,11037.28,2191,1382,1965,2160,28,29,31,B8,E2,D7,20,50,43
44_20_56,all-well,mm10,1375,1993,11031.74,2182,39,39,40,1336,1954,2142,D8,B8,E8,44,20,56
05_50_10,all-well,mm10,1323,1988,11004.07,2196,40,42,44,1283,1946,2152,A5,E2,A10,5,50,10
12_89_23,all-well,mm10,1413,1988,11004.07,2167,18,20,21,1395,1968,2146,A12,H5,B11,12,89,23
45_86_74,all-well,mm10,1406,1987,10998.53,2184,35,36,39,1371,1951,2145,D9,H2,G2,45,86,74
21_55_54,all-well,mm10,1283,1987,10998.53,2165,16,16,16,1267,1971,2149,B9,E7,E6,21,55,54
05_21_26,all-well,mm10,1302,1986,10993.00,2178,21,21,23,1281,1965,2155,A5,B9,C2,5,21,26
02_95_73,all-well,mm10,1318,1986,10993.00,2164,33,34,37,1285,1952,2127,A2,H11,G1,2,95,73
27_63_60,all-well,hg38,1444,1980,10959.78,2180,1424,1959,2156,20,21,24,C3,F3,E12,27,63,60
09_04_74,all-well,mm10,1376,1979,10954.25,2183,29,29,31,1347,1950,2152,A9,A4,G2,9,4,74
20_16_01,all-well,mm10,1322,1977,10943.18,2164,54,56,62,1268,1921,2102,B8,B4,A1,20,16,1
09_95_91,all-well,hg38,1509,1975,10932.11,2157,1464,1929,2106,45,46,51,A9,H11,H7,9,95,91
06_10_64,all-well,hg38,1428,1970,10904.43,2160,1405,1945,2135,23,25,25,A6,A10,F4,6,10,64
19_71_18,all-well,mm10,1308,1969,10898.90,2140,45,45,47,1263,1924,2093,B7,F11,B6,19,71,18
27_16_34,all-well,mm10,1341,1969,10898.90,2154,37,38,38,1304,1931,2116,C3,B4,C10,27,16,34
16_30_88,all-well,mm10,1288,1968,10893.36,2166,31,32,34,1257,1936,2132,B4,C6,H4,16,30,88
07_28_58,all-well,hg38,1319,1968,10893.36,2193,1255,1895,2115,64,73,78,A7,C4,E10,7,28,58
25_50_10,all-well,mm10,1350,1966,10882.29,2154,75,78,83,1275,1888,2071,C1,E2,A10,25,50,10
03_36_93,all-well,mm10,1442,1965,10876.76,2157,30,30,37,1412,1935,2120,A3,C12,H9,3,36,93
20_81_39,all-well,hg38,1460,1963,10865.69,2158,1445,1948,2143,15,15,15,B8,G9,D3,20,81,39
23_96_34,all-well,hg38,1396,1962,10860.15,2169,1367,1930,2135,29,32,34,B11,H12,C10,23,96,34
05_77_55,all-well,multiplet,1602,1961,10854.62,2139,893,1084,1184,709,877,955,A5,G5,E7,5,77,55
22_89_36,all-well,hg38,1419,1960,10849.08,2154,1397,1938,2127,22,22,27,B10,H5,C12,22,89,36
33_75_63,all-well,mm10,1349,1959,10843.54,2144,40,44,49,1309,1915,2095,C9,G3,F3,33,75,63
48_09_90,all-well,hg38,1386,1958,10838.01,2168,1366,1937,2145,20,21,23,D12,A9,H6,48,9,90
17_83_09,all-well,mm10,1337,1957,10832.47,2155,12,12,14,1325,1945,2141,B5,G11,A9,17,83,9
44_25_20,all-well,mm10,1358,1957,10832.47,2145,31,31,33,1327,1926,2112,D8,C1,B8,44,25,20
11_12_61,all-well,mm10,1338,1957,10832.47,2132,15,15,15,1323,1942,2117,A11,A12,F1,11,12,61
05_61_54,all-well,hg38,1440,1951,10799.26,2158,1428,1939,2145,12,12,13,A5,F1,E6,5,61,54
45_47_82,all-well,mm10,1386,1950,10793.73,2127,67,71,79,1319,1879,2048,D9,D11,G10,45,47,82
29_85_85,all-well,mm10,1301,1948,10782.66,2144,23,23,23,1278,1925,2121,C5,H1,H1,29,85,85
02_27_91,all-well,mm10,1372,1948,10782.66,2131,33,34,37,1339,1914,2094,A2,C3,H7,2,27,91
03_42_89,all-well,hg38,1592,1946,10771.59,2107,1574,1926,2085,18,20,22,A3,D6,H5,3,42,89
23_54_66,all-well,mm10,1382,1944,10760.52,2128,33,33,35,1349,1911,2093,B11,E6,F6,23,54,66
18_83_56,all-well,mm10,1350,1944,10760.52,2141,10,10,10,1340,1934,2131,B6,G11,E8,18,83,56
40_47_12,all-well,hg38,1456,1944,10760.52,2124,1432,1918,2097,24,26,27,D4,D11,A12,40,47,12
35_47_92,all-well,mm10,1307,1942,10749.45,2144,26,27,30,1281,1915,2114,C11,D11,H8,35,47,92
23_60_62,all-well,mm10,1293,1941,10743.91,2115,26,26,28,1267,1915,2087,B11,E12,F2,23,60,62
43_58_42,all-well,mm10,1296,1940,10738.38,2128,78,93,102,1218,1847,2026,D7,E10,D6,43,58,42
35_94_14,all-well,hg38,1525,1940,10738.38,2165,1503,1918,2141,22,22,24,C11,H10,B2,35,94,14
35_30_13,all-well,mm10,1251,1936,10716.23,2160,54,64,66,1197,1872,2094,C11,C6,B1,35,30,13
10_58_64,all-well,mm10,1359,1935,10710.70,2142,38,39,44,1321,1896,2098,A10,E10,F4,10,58,64
30_54_53,all-well,mm10,1203,1934,10705.16,2122,29,33,36,1174,1901,2086,C6,E6,E5,30,54,53
40_20_44,all-well,hg38,1280,1934,10705.16,2140,1249,1903,2109,31,31,31,D4,B8,D8,40,20,44
47_67_88,all-well,mm10,1271,1933,10699.63,2169,15,16,16,1256,1917,2153,D11,F7,H4,47,67,88
12_89_86,all-well,hg38,1483,1932,10694.09,2107,1453,1897,2068,30,35,39,A12,H5,H2,12,89,86
01_05_15,all-well,mm10,1227,1931,10688.56,2117,29,29,29,1198,1902,2088,A1,A5,B3,1,5,15
45_47_66,all-well,mm10,1325,1930,10683.02,2121,32,33,33,1293,1897,2088,D9,D11,F6,45,47,66
33_43_05,all-well,hg38,1459,1929,10677.49,2105,1442,1912,2088,17,17,17,C9,D7,A5,33,43,5
06_52_61,all-well,mm10,1296,1928,10671.95,2119,31,34,35,1265,1894,2084,A6,E4,F1,6,52,61
03_14_38,all-well,mm10,1363,1928,10671.95,2114,28,28,32,1335,1900,2082,A3,B2,D2,3,14,38
08_53_24,all-well,mm10,1241,1926,10660.88,2146,21,21,24,1220,1905,2122,A8,E5,B12,8,53,24
21_58_14,all-well,mm10,1345,1925,10655.35,2118,28,28,31,1317,1897,2087,B9,E10,B2,21,58,14
03_82_71,all-well,hg38,1520,1924,10649.81,2109,1476,1875,2055,44,49,54,A3,G10,F11,3,82,71
23_89_55,all-well,mm10,1333,1922,10638.74,2131,55,57,60,1278,1865,2071,B11,H5,E7,23,89,55
44_70_46,all-well,mm10,1354,1921,10633.21,2115,23,24,25,1331,1897,2090,D8,F10,D10,44,70,46
12_49_68,all-well,hg38,1097,1920,10627.67,2110,1059,1882,2069,38,38,41,A12,E1,F8,12,49,68
27_60_27,all-well,mm10,1339,1912,10583.39,2114,64,67,71,1275,1845,2043,C3,E12,C3,27,60,27
37_32_46,all-well,mm10,1291,1912,10583.39,2064,25,25,26,1266,1887,2038,D1,C8,D10,37,32,46
37_33_57,all-well,hg38,1371,1912,10583.39,2083,1352,1893,2064,19,19,19,D1,C9,E9,37,33,57
38_07_28,all-well,hg38,1472,1911,10577.85,2105,1434,1873,2061,38,38,44,D2,A7,C4,38,7,28
03_77_84,all-well,mm10,1347,1908,10561.25,2074,34,37,39,1313,1871,2035,A3,G5,G12,3,77,84
09_96_52,all-well,hg38,1298,1908,10561.25,2092,1278,1888,2071,20,20,21,A9,H12,E4,9,96,52
44_73_35,all-well,mm10,1309,1907,10555.71,2108,31,31,32,1278,1876,2076,D8,G1,C11,44,73,35
07_78_44,all-well,mm10,1356,1906,10550.18,2125,30,34,35,1326,1872,2090,A7,G6,D8,7,78,44
30_82_32,all-well,mm10,1379,1906,10550.18,2129,32,32,36,1347,1874,2093,C6,G10,C8,30,82,32
48_96_79,all-well,mm10,1210,1905,10544.64,2102,14,14,14,1196,1891,2088,D12,H12,G7,48,96,79
10_83_11,all-well,hg38,1402,1905,10544.64,2103,1385,1888,2085,17,17,18,A10,G11,A11,10,83,11
37_26_08,all-well,mm10,1274,1904,10539.11,2043,19,19,19,1255,1885,2024,D1,C2,A8,37,26,8
18_48_12,all-well,hg38,1448,1904,10539.11,2074,1426,1882,2049,22,22,25,B6,D12,A12,18,48,12
20_44_25,all-well,mm10,1281,1900,10516.97,2098,24,25,26,1257,1875,2072,B8,D8,C1,20,44,25
16_63_32,all-well,mm10,1291,1900,10516.97,2101,41,42,43,1250,1858,2058,B4,F3,C8,16,63,32
05_16_57,all-well,mm10,1241,1899,10511.43,2073,23,23,23,1218,1876,2050,A5,B4,E9,5,16,57
33_01_02,all-well,mm10,1428,1898,10505.89,2085,22,22,23,1406,1876,2062,C9,A1,A2,33,1,2
03_49_10,all-well,mm10,1353,1898,10505.89,2105,30,30,31,1323,1868,2074,A3,E1,A10,3,49,10
33_06_14,all-well,mm10,1338,1897,10500.36,2060,30,31,31,1308,1866,2029,C9,A6,B2,33,6,14
23_30_80,all-well,hg38,1322,1897,10500.36,2092,1317,1890,2084,5,7,8,B11,C6,G8,23,30,80
02_37_42,all-well,mm10,1317,1894,10483.75,2090,24,26,27,1293,1868,2063,A2,D1,D6,2,37,42
04_66_39,all-well,mm10,1339,1893,10478.22,2097,28,28,31,1311,1865,2066,A4,F6,D3,4,66,39
45_41_76,all-well,mm10,1302,1891,10467.15,2064,52,53,57,1250,1838,2007,D9,D5,G4,45,41,76
20_30_80,all-well,hg38,1386,1890,10461.61,2062,1364,1868,2040,22,22,22,B8,C6,G8,20,30,80
05_77_16,all-well,hg38,1449,1887,10445.01,2079,1438,1876,2068,11,11,11,A5,G5,B4,5,77,16
23_93_02,all-well,mm10,1232,1884,10428.40,2061,25,27,30,1207,1857,2031,B11,H9,A2,23,93,2
35_89_60,all-well,mm10,1314,1882,10417.33,2048,38,40,41,1276,1842,2007,C11,H5,E12,35,89,60
31_79_58,all-well,mm10,1283,1881,10411.80,2079,35,35,37,1248,1846,2042,C7,G7,E10,31,79,58
42_85_88,all-well,mm10,1284,1881,10411.80,2078,15,15,15,1269,1866,2063,D6,H1,H4,42,85,88
08_95_60,all-well,mm10,1331,1880,10406.26,2072,30,30,31,1301,1850,2041,A8,H11,E12,8,95,60
22_40_87,all-well,mm10,1305,1880,10406.26,2089,35,38,45,1270,1842,2044,B10,D4,H3,22,40,87
03_83_73,all-well,hg38,1465,1874,10373.05,2061,1445,1854,2040,20,20,21,A3,G11,G1,3,83,73
06_10_25,all-well,mm10,1309,1872,10361.98,2054,11,11,11,1298,1861,2043,A6,A10,C1,6,10,25
06_77_84,all-well,mm10,1239,1872,10361.98,2068,13,14,14,1226,1858,2054,A6,G5,G12,6,77,84
13_37_02,all-well,hg38,1339,1871,10356.44,2045,1327,1858,2032,12,13,13,B1,D1,A2,13,37,2
17_11_48,all-well,mm10,1380,1869,10345.37,2057,32,32,35,1348,1837,2022,B5,A11,D12,17,11,48
44_44_91,all-well,mm10,1319,1868,10339.84,2034,15,15,15,1304,1853,2019,D8,D8,H7,44,44,91
08_94_61,all-well,mm10,1305,1868,10339.84,2061,22,22,22,1283,1846,2039,A8,H10,F1,8,94,61
20_41_13,all-well,mm10,1273,1865,10323.23,2034,21,28,31,1252,1837,2003,B8,D5,B1,20,41,13
43_59_89,all-well,mm10,1324,1865,10323.23,2036,56,60,66,1268,1805,1970,D7,E11,H5,43,59,89
32_76_42,all-well,multiplet,1511,1863,10312.16,2037,1154,1461,1605,357,402,432,C8,G4,D6,32,76,42
02_96_49,all-well,hg38,1341,1862,10306.63,2063,1324,1845,2046,17,17,17,A2,H12,E1,2,96,49
29_22_02,all-well,mm10,1314,1861,10301.09,2059,32,32,35,1282,1829,2024,C5,B10,A2,29,22,2
03_10_04,all-well,mm10,1267,1859,10290.02,2049,38,38,41,1229,1821,2008,A3,A10,A4,3,10,4
25_36_52,all-well,hg38,1353,1858,10284.48,2040,1330,1835,2015,23,23,25,C1,C12,E4,25,36,52
21_02_44,all-well,hg38,1366,1857,10278.95,2031,1348,1838,2010,18,19,21,B9,A2,D8,21,2,44
45_03_80,all-well,mm10,1365,1855,10267.88,2017,58,63,68,1307,1792,1949,D9,A3,G8,45,3,80
25_89_50,all-well,hg38,1244,1854,10262.34,2031,1234,1844,2021,10,10,10,C1,H5,E2,25,89,50
26_59_49,all-well,mm10,1197,1852,10251.27,2044,40,42,47,1157,1810,1997,C2,E11,E1,26,59,49
47_83_37,all-well,mm10,1187,1851,10245.74,2024,30,31,35,1157,1820,1989,D11,G11,D1,47,83,37
10_64_88,all-well,mm10,1246,1850,10240.20,2017,32,32,33,1214,1818,1984,A10,F4,H4,10,64,88
19_55_25,all-well,mm10,1248,1850,10240.20,2038,19,20,22,1229,1830,2016,B7,E7,C1,19,55,25
18_53_16,all-well,mm10,1252,1849,10234.67,2037,25,25,28,1227,1824,2009,B6,E5,B4,18,53,16
03_25_82,all-well,hg38,1459,1848,10229.13,2032,1440,1827,2011,19,21,21,A3,C1,G10,3,25,82
37_62_31,all-well,hg38,1303,1847,10223.60,1953,1291,1833,1939,12,14,14,D1,F2,C7,37,62,31
04_29_52,all-well,hg38,1465,1846,10218.06,2023,1440,1820,1995,25,26,28,A4,C5,E4,4,29,52
01_85_31,all-well,mm10,1314,1846,10218.06,2038,27,28,31,1287,1818,2007,A1,H1,C7,1,85,31
30_43_14,all-well,mm10,1289,1844,10206.99,2016,29,31,33,1260,1813,1983,C6,D7,B2,30,43,14
23_12_03,all-well,mm10,1295,1843,10201.46,2024,20,23,26,1275,1820,1998,B11,A12,A3,23,12,3
18_25_86,all-well,hg38,1330,1840,10184.85,2042,1318,1827,2029,12,13,13,B6,C1,H2,18,25,86
26_52_29,all-well,mm10,1275,1840,10184.85,2019,44,45,47,1231,1795,1972,C2,E4,C5,26,52,29
42_69_60,all-well,mm10,1256,1837,10168.24,2006,21,22,23,1235,1815,1983,D6,F9,E12,42,69,60
42_83_50,all-well,mm10,1298,1836,10162.71,2036,17,17,17,1281,1819,2019,D6,G11,E2,42,83,50
34_55_67,all-well,hg38,1365,1832,10140.57,2021,1350,1815,2003,15,17,18,C10,E7,F7,34,55,67
37_04_38,all-well,hg38,1375,1829,10123.96,1960,1362,1815,1946,13,14,14,D1,A4,D2,37,4,38
18_55_93,all-well,hg38,1244,1828,10118.43,2019,1235,1819,2010,9,9,9,B6,E7,H9,18,55,93
21_89_55,all-well,mm10,1309,1828,10118.43,2023,19,19,23,1290,1809,2000,B9,H5,E7,21,89,55
03_30_77,all-well,hg38,1471,1827,10112.89,2006,1452,1808,1987,19,19,19,A3,C6,G5,3,30,77
13_81_80,all-well,mm10,1325,1826,10107.36,1989,24,24,25,1301,1802,1964,B1,G9,G8,13,81,80
44_87_91,all-well,mm10,1281,1824,10096.29,1989,28,28,32,1253,1796,1957,D8,H3,H7,44,87,91
29_14_63,all-well,hg38,1435,1823,10090.75,1994,1415,1803,1973,20,20,21,C5,B2,F3,29,14,63
45_11_56,all-well,mm10,1292,1822,10085.22,2007,59,61,69,1233,1761,1938,D9,A11,E8,45,11,56
16_07_06,all-well,mm10,1357,1821,10079.68,2005,55,57,58,1302,1764,1947,B4,A7,A6,16,7,6
18_04_17,all-well,mm10,1249,1817,10057.54,2004,25,25,28,1224,1792,1976,B6,A4,B5,18,4,17
45_87_92,all-well,mm10,1339,1816,10052.00,1983,47,49,51,1292,1767,1932,D9,H3,H8,45,87,92
08_71_04,all-well,hg38,1394,1816,10052.00,2002,1385,1807,1990,9,9,12,A8,F11,A4,8,71,4
47_30_52,all-well,mm10,1258,1815,10046.47,1987,23,23,26,1235,1792,1961,D11,C6,E4,47,30,52
08_51_27,all-well,hg38,1421,1813,10035.40,1992,1404,1796,1974,17,17,18,A8,E3,C3,8,51,27
18_96_03,all-well,mm10,1272,1812,10029.86,2014,16,16,16,1256,1796,1998,B6,H12,A3,18,96,3
02_09_50,all-well,mm10,1273,1812,10029.86,2003,38,40,42,1235,1772,1961,A2,A9,E2,2,9,50
01_51_64,all-well,hg38,1380,1809,10013.26,1999,1363,1791,1981,17,18,18,A1,E3,F4,1,51,64
41_86_48,all-well,mm10,1296,1807,10002.19,1980,25,25,27,1271,1782,1953,D5,H2,D12,41,86,48
05_68_16,all-well,hg38,1467,1806,9996.65,2005,1447,1786,1984,20,20,21,A5,F8,B4,5,68,16
21_86_94,all-well,mm10,1254,1806,9996.65,1992,16,16,17,1238,1790,1975,B9,H2,H10,21,86,94
11_31_42,all-well,mm10,1275,1805,9991.12,1995,26,27,27,1249,1778,1968,A11,C7,D6,11,31,42
28_82_25,all-well,mm10,1299,1804,9985.58,1984,112,134,143,1187,1670,1841,C4,G10,C1,28,82,25
26_89_32,all-well,hg38,1395,1803,9980.05,1962,1382,1790,1948,13,13,14,C2,H5,C8,26,89,32
08_25_95,all-well,mm10,1275,1802,9974.51,1988,19,20,21,1256,1782,1967,A8,C1,H11,8,25,95
47_35_09,all-well,hg38,1404,1801,9968.98,1974,1386,1783,1954,18,18,20,D11,C11,A9,47,35,9
37_18_74,all-well,mm10,1200,1800,9963.44,1962,22,22,22,1178,1778,1940,D1,B6,G2,37,18,74
05_86_70,all-well,hg38,1277,1800,9963.44,1983,1260,1769,1949,17,31,34,A5,H2,F10,5,86,70
03_73_65,all-well,hg38,1380,1796,9941.30,1972,1340,1754,1927,40,42,45,A3,G1,F5,3,73,65
43_64_82,all-well,hg38,1257,1796,9941.30,1975,1229,1767,1946,28,29,29,D7,F4,G10,43,64,82
39_08_03,all-well,mm10,1256,1794,9930.23,1963,108,115,128,1148,1679,1835,D3,A8,A3,39,8,3
08_37_22,all-well,hg38,1354,1793,9924.69,1968,1345,1783,1958,9,10,10,A8,D1,B10,8,37,22
32_02_41,all-well,mm10,1250,1792,9919.16,1972,31,31,33,1219,1761,1939,C8,A2,D5,32,2,41
09_16_83,all-well,hg38,1241,1792,9919.16,1970,1233,1783,1961,8,9,9,A9,B4,G11,9,16,83
29_82_56,all-well,mm10,1275,1786,9885.95,1936,12,12,12,1263,1774,1924,C5,G10,E8,29,82,56
29_92_26,all-well,mm10,1319,1784,9874.88,1966,18,18,19,1301,1766,1947,C5,H8,C2,29,92,26
08_59_95,all-well,hg38,1330,1782,9863.81,1961,1304,1753,1931,26,29,30,A8,E11,H11,8,59,95
35_30_48,all-well,mm10,1262,1780,9852.74,1938,24,24,24,1238,1756,1914,C11,C6,D12,35,30,48
37_40_84,all-well,mm10,1178,1780,9852.74,1919,19,19,22,1159,1761,1897,D1,D4,G12,37,40,84
11_86_50,all-well,mm10,1271,1779,9847.20,1970,14,15,18,1257,1764,1952,A11,H2,E2,11,86,50
45_38_65,all-well,mm10,1275,1778,9841.67,1950,48,48,55,1227,1730,1895,D9,D2,F5,45,38,65
39_36_57,all-well,multiplet,1432,1778,9841.67,1971,560,633,704,872,1145,1267,D3,C12,E9,39,36,57
42_83_55,all-well,mm10,1243,1777,9836.13,1938,16,17,18,1227,1760,1920,D6,G11,E7,42,83,55
40_42_87,all-well,hg38,1380,1777,9836.13,1929,1347,1742,1894,33,35,35,D4,D6,H3,40,42,87
02_12_29,all-well,hg38,1339,1777,9836.13,1983,1318,1755,1959,21,22,24,A2,A12,C5,2,12,29
26_03_70,all-well,mm10,1291,1777,9836.13,1952,35,37,43,1256,1740,1909,C2,A3,F10,26,3,70
09_55_47,all-well,mm10,1234,1774,9819.52,1961,15,15,15,1219,1759,1946,A9,E7,D11,9,55,47
47_27_20,all-well,mm10,1179,1765,9769.71,1920,98,121,127,1081,1644,1793,D11,C3,B8,47,27,20
04_66_10,all-well,hg38,1374,1764,9764.17,1957,1362,1752,1943,12,12,14,A4,F6,A10,4,66,10
04_59_45,all-well,mm10,1199,1764,9764.17,1960,31,33,36,1168,1731,1924,A4,E11,D9,4,59,45
26_14_74,all-well,mm10,1282,1763,9758.64,1940,28,28,32,1254,1735,1908,C2,B2,G2,26,14,74
13_62_66,all-well,mm10,1214,1762,9753.10,1929,26,28,29,1188,1734,1900,B1,F2,F6,13,62,66
23_49_29,all-well,mm10,1209,1759,9736.50,1918,29,30,31,1180,1729,1887,B11,E1,C5,23,49,29
32_86_38,all-well,hg38,1094,1757,9725.43,1920,1067,1730,1891,27,27,29,C8,H2,D2,32,86,38
29_88_39,all-well,hg38,1365,1757,9725.43,1933,1348,1739,1912,17,18,21,C5,H4,D3,29,88,39
06_10_44,all-well,mm10,1237,1756,9719.89,1944,41,45,48,1196,1711,1896,A6,A10,D8,6,10,44
19_19_92,all-well,hg38,1136,1753,9703.28,1937,1081,1695,1871,55,58,66,B7,B7,H8,19,19,92
04_30_96,all-well,hg38,1304,1751,9692.21,1921,1289,1736,1906,15,15,15,A4,C6,H12,4,30,96
04_44_09,all-well,mm10,1271,1750,9686.68,1933,20,21,22,1251,1729,1911,A4,D8,A9,4,44,9
07_30_84,all-well,mm10,1175,1743,9647.93,1941,43,44,47,1132,1699,1894,A7,C6,G12,7,30,84
48_75_18,all-well,hg38,1205,1742,9642.40,1942,1182,1719,1918,23,23,24,D12,G3,B6,48,75,18
08_47_82,all-well,mm10,1221,1742,9642.40,1897,36,36,36,1185,1706,1861,A8,D11,G10,8,47,82
17_90_07,all-well,mm10,1139,1741,9636.86,1932,44,46,50,1095,1695,1882,B5,H6,A7,17,90,7
03_75_54,all-well,mm10,1205,1740,9631.33,1903,62,70,73,1143,1670,1830,A3,G3,E6,3,75,54
10_65_35,all-well,mm10,1356,1739,9625.79,1915,49,53,58,1307,1686,1857,A10,F5,C11,10,65,35
08_03_62,all-well,mm10,1249,1737,9614.72,1891,26,27,29,1223,1710,1862,A8,A3,F2,8,3,62
18_42_48,all-well,mm10,1244,1732,9587.04,1890,21,21,23,1223,1711,1867,B6,D6,D12,18,42,48
42_72_74,all-well,hg38,1273,1731,9581.51,1924,1258,1716,1908,15,15,16,D6,F12,G2,42,72,74
21_82_50,all-well,hg38,1261,1730,9575.97,1906,1254,1723,1899,7,7,7,B9,G10,E2,21,82,50
13_09_59,all-well,mm10,1049,1730,9575.97,1895,49,50,56,1000,1680,1839,B1,A9,E11,13,9,59
44_20_23,all-well,mm10,1129,1729,9570.44,1902,48,54,56,1081,1675,1846,D8,B8,B11,44,20,23
05_47_72,all-well,mm10,1238,1728,9564.90,1890,17,17,17,1221,1711,1873,A5,D11,F12,5,47,72
23_78_35,all-well,hg38,1216,1726,9553.83,1872,1199,1708,1852,17,18,20,B11,G6,C11,23,78,35
30_89_79,all-well,hg38,1192,1724,9542.76,1886,1173,1705,1866,19,19,20,C6,H5,G7,30,89,79
04_89_37,all-well,mm10,1231,1723,9537.23,1877,17,17,19,1214,1706,1858,A4,H5,D1,4,89,37
47_43_92,all-well,hg38,1391,1720,9520.62,1883,1379,1708,1871,12,12,12,D11,D7,H8,47,43,92
26_94_51,all-well,multiplet,1275,1719,9515.09,1890,192,211,234,1083,1508,1656,C2,H10,E3,26,94,51
17_09_51,all-well,mm10,1152,1719,9515.09,1883,25,25,29,1127,1694,1854,B5,A9,E3,17,9,51
03_89_04,all-well,mm10,1228,1718,9509.55,1845,55,58,63,1173,1660,1782,A3,H5,A4,3,89,4
37_86_30,all-well,hg38,1261,1714,9487.41,1828,1253,1706,1819,8,8,9,D1,H2,C6,37,86,30
11_01_83,all-well,hg38,1266,1712,9476.34,1899,1254,1700,1885,12,12,14,A11,A1,G11,11,1,83
19_32_83,all-well,mm10,1217,1710,9465.27,1887,35,38,39,1182,1672,1848,B7,C8,G11,19,32,83
47_55_07,all-well,mm10,1282,1709,9459.73,1886,26,26,27,1256,1683,1859,D11,E7,A7,47,55,7
38_74_13,all-well,hg38,1116,1708,9454.20,1857,1085,1677,1823,31,31,34,D2,G2,B1,38,74,13
29_76_72,all-well,hg38,1245,1708,9454.20,1894,1232,1695,1879,13,13,15,C5,G4,F12,29,76,72
04_56_44,all-well,mm10,1265,1707,9448.66,1862,19,19,20,1246,1688,1842,A4,E8,D8,4,56,44
36_35_84,all-well,hg38,1298,1705,9437.59,1872,1282,1688,1853,16,17,19,C12,C11,G12,36,35,84
05_22_91,all-well,mm10,1283,1704,9432.06,1871,28,30,34,1255,1674,1837,A5,B10,H7,5,22,91
33_15_78,all-well,mm10,1222,1700,9409.92,1848,34,34,36,1188,1666,1812,C9,B3,G6,33,15,78
17_66_94,all-well,mm10,1167,1698,9398.85,1861,60,65,73,1107,1633,1788,B5,F6,H10,17,66,94
05_32_22,all-well,mm10,1252,1698,9398.85,1847,43,47,53,1209,1651,1794,A5,C8,B10,5,32,22
08_89_87,all-well,hg38,1276,1695,9382.24,1853,1267,1686,1844,9,9,9,A8,H5,H3,8,89,87
37_23_70,all-well,mm10,1109,1694,9376.70,1848,20,20,21,1089,1674,1827,D1,B11,F10,37,23,70
47_81_24,all-well,mm10,1195,1694,9376.70,1836,26,28,30,1169,1666,1806,D11,G9,B12,47,81,24
14_96_30,all-well,mm10,1231,1693,9371.17,1862,22,25,25,1209,1668,1837,B2,H12,C6,14,96,30
17_45_26,all-well,mm10,1127,1691,9360.10,1864,19,19,19,1108,1672,1845,B5,D9,C2,17,45,26
18_58_40,all-well,mm10,1225,1691,9360.10,1858,32,32,34,1193,1659,1824,B6,E10,D4,18,58,40
35_18_78,all-well,mm10,1213,1690,9354.56,1890,53,54,56,1160,1636,1834,C11,B6,G6,35,18,78
45_08_55,all-well,mm10,1164,1688,9343.49,1848,100,112,119,1064,1576,1729,D9,A8,E7,45,8,55
02_51_82,all-well,mm10,1229,1687,9337.96,1869,26,26,28,1203,1661,1841,A2,E3,G10,2,51,82
25_88_76,all-well,mm10,1240,1683,9315.82,1854,116,123,137,1124,1560,1717,C1,H4,G4,25,88,76
17_93_12,all-well,mm10,1162,1683,9315.82,1850,29,29,31,1133,1654,1819,B5,H9,A12,17,93,12
06_94_37,all-well,mm10,1211,1682,9310.28,1848,16,16,17,1195,1666,1831,A6,H10,D1,6,94,37
09_27_17,all-well,hg38,1326,1682,9310.28,1833,1299,1655,1806,27,27,27,A9,C3,B5,9,27,17
47_31_45,all-well,mm10,1206,1682,9310.28,1858,33,35,36,1173,1647,1822,D11,C7,D9,47,31,45
03_32_30,all-well,hg38,1215,1678,9288.14,1833,1183,1644,1796,32,34,37,A3,C8,C6,3,32,30
33_42_21,all-well,hg38,1320,1676,9277.07,1845,1292,1647,1815,28,29,30,C9,D6,B9,33,42,21
27_34_06,all-well,hg38,977,1675,9271.54,1847,945,1638,1808,32,37,39,C3,C10,A6,27,34,6
23_83_86,all-well,mm10,1133,1674,9266.00,1854,13,13,14,1120,1661,1840,B11,G11,H2,23,83,86
08_60_48,all-well,mm10,1223,1674,9266.00,1814,23,23,23,1200,1651,1791,A8,E12,D12,8,60,48
23_08_26,all-well,hg38,1195,1667,9227.25,1838,1191,1663,1834,4,4,4,B11,A8,C2,23,8,26
20_06_64,all-well,hg38,992,1667,9227.25,1842,977,1652,1826,15,15,16,B8,A6,F4,20,6,64
28_03_47,all-well,hg38,1271,1666,9221.72,1848,1253,1646,1827,18,20,21,C4,A3,D11,28,3,47
03_29_52,all-well,mm10,1197,1665,9216.18,1842,34,35,42,1163,1630,1800,A3,C5,E4,3,29,52
03_44_67,all-well,mm10,1294,1663,9205.11,1813,31,31,32,1263,1632,1781,A3,D8,F7,3,44,67
18_78_15,all-well,mm10,1228,1659,9182.97,1831,27,29,30,1201,1630,1801,B6,G6,B3,18,78,15
47_42_26,all-well,mm10,1180,1657,9171.90,1807,34,34,35,1146,1623,1772,D11,D6,C2,47,42,26
33_11_09,all-well,mm10,1187,1656,9166.37,1846,13,13,15,1174,1643,1831,C9,A11,A9,33,11,9
06_45_29,all-well,mm10,1076,1655,9160.83,1830,8,8,9,1068,1647,1821,A6,D9,C5,6,45,29
08_83_30,all-well,mm10,1085,1655,9160.83,1816,17,17,20,1068,1638,1796,A8,G11,C6,8,83,30
21_40_35,all-well,hg38,1223,1652,9144.22,1824,1204,1631,1803,19,21,21,B9,D4,C11,21,40,35
06_84_26,all-well,mm10,1210,1651,9138.69,1783,19,19,23,1191,1632,1760,A6,G12,C2,6,84,26
44_41_43,all-well,hg38,1140,1651,9138.69,1819,1123,1634,1799,17,17,20,D8,D5,D7,44,41,43
37_21_53,all-well,mm10,1134,1650,9133.15,1767,10,10,10,1124,1640,1757,D1,B9,E5,37,21,53
04_44_53,all-well,mm10,1188,1648,9122.08,1816,13,15,17,1175,1633,1799,A4,D8,E5,4,44,53
37_05_24,all-well,mm10,1093,1648,9122.08,1783,11,12,14,1082,1636,1769,D1,A5,B12,37,5,24
04_32_25,all-well,mm10,1224,1647,9116.55,1827,43,43,45,1181,1604,1782,A4,C8,C1,4,32,25
27_44_60,all-well,hg38,1235,1647,9116.55,1825,1211,1621,1797,24,26,28,C3,D8,E12,27,44,60
06_10_87,all-well,hg38,1263,1646,9111.01,1804,1255,1638,1794,8,8,10,A6,A10,H3,6,10,87
09_43_88,all-well,mm10,1169,1643,9094.41,1798,28,29,30,1141,1614,1768,A9,D7,H4,9,43,88
23_44_87,all-well,mm10,1131,1643,9094.41,1807,18,18,21,1113,1625,1786,B11,D8,H3,23,44,87
14_12_35,all-well,hg38,1102,1641,9083.34,1795,1073,1612,1764,29,29,31,B2,A12,C11,14,12,35
19_37_62,all-well,hg38,688,1640,9077.80,1804,648,1598,1754,40,42,50,B7,D1,F2,19,37,62
09_17_50,all-well,mm10,1182,1639,9072.27,1825,27,27,28,1155,1612,1797,A9,B5,E2,9,17,50
06_96_18,all-well,mm10,1122,1639,9072.27,1792,21,21,23,1101,1618,1769,A6,H12,B6,6,96,18
18_58_82,all-well,hg38,1233,1638,9066.73,1797,1218,1622,1780,15,16,17,B6,E10,G10,18,58,82
04_44_80,all-well,mm10,1192,1636,9055.66,1794,22,22,25,1170,1614,1769,A4,D8,G8,4,44,80
18_89_70,all-well,mm10,1131,1636,9055.66,1799,33,33,35,1098,1603,1764,B6,H5,F10,18,89,70
38_01_62,all-well,mm10,858,1635,9050.13,1773,71,75,80,787,1560,1693,D2,A1,F2,38,1,62
03_83_63,all-well,mm10,1141,1632,9033.52,1775,32,33,35,1109,1599,1740,A3,G11,F3,3,83,63
32_88_94,all-well,multiplet,1307,1631,9027.98,1803,636,796,883,671,835,920,C8,H4,H10,32,88,94
18_54_72,all-well,mm10,1227,1630,9022.45,1781,17,18,19,1210,1612,1762,B6,E6,F12,18,54,72
30_67_52,all-well,hg38,1205,1629,9016.91,1774,1188,1609,1754,17,20,20,C6,F7,E4,30,67,52
12_59_12,all-well,mm10,1156,1629,9016.91,1791,60,61,67,1096,1568,1724,A12,E11,A12,12,59,12
39_45_55,all-well,hg38,1148,1628,9011.38,1800,1027,1488,1646,121,140,154,D3,D9,E7,39,45,55
45_17_12,all-well,mm10,1186,1628,9011.38,1760,47,47,49,1139,1581,1711,D9,B5,A12,45,17,12
03_15_77,all-well,mm10,1213,1628,9011.38,1793,39,40,42,1174,1588,1751,A3,B3,G5,3,15,77
17_65_20,all-well,mm10,1212,1628,9011.38,1811,31,31,31,1181,1597,1780,B5,F5,B8,17,65,20
45_75_79,all-well,mm10,1189,1624,8989.24,1799,42,43,50,1147,1581,1749,D9,G3,G7,45,75,79
02_50_88,all-well,hg38,1306,1622,8978.17,1768,1290,1606,1752,16,16,16,A2,E2,H4,2,50,88
18_42_91,all-well,hg38,1221,1622,8978.17,1783,1209,1610,1771,12,12,12,B6,D6,H7,18,42,91
33_15_42,all-well,hg38,1303,1622,8978.17,1801,1271,1588,1764,32,34,37,C9,B3,D6,33,15,42
34_30_53,all-well,hg38,1173,1620,8967.10,1762,1164,1610,1749,9,10,13,C10,C6,E5,34,30,53
10_55_01,all-well,hg38,1231,1620,8967.10,1763,1216,1605,1745,15,15,18,A10,E7,A1,10,55,1
29_40_28,all-well,mm10,1220,1620,8967.10,1787,144,154,175,1076,1466,1612,C5,D4,C4,29,40,28
39_78_74,all-well,mm10,1164,1619,8961.56,1793,38,39,40,1126,1580,1753,D3,G6,G2,39,78,74
03_29_07,all-well,mm10,1178,1619,8961.56,1807,42,44,49,1136,1575,1758,A3,C5,A7,3,29,7
06_49_87,all-well,hg38,1260,1616,8944.96,1806,1246,1602,1790,14,14,16,A6,E1,H3,6,49,87
28_29_19,all-well,mm10,1202,1615,8939.42,1791,59,61,73,1143,1554,1718,C4,C5,B7,28,29,19
26_55_47,all-well,hg38,1233,1614,8933.89,1760,1209,1588,1733,24,26,27,C2,E7,D11,26,55,47
42_06_63,all-well,mm10,1196,1613,8928.35,1767,33,35,35,1163,1578,1732,D6,A6,F3,42,6,63
17_43_07,all-well,mm10,1146,1611,8917.28,1776,30,30,34,1116,1581,1742,B5,D7,A7,17,43,7
12_71_04,all-well,hg38,1283,1610,8911.74,1773,1252,1579,1740,31,31,33,A12,F11,A4,12,71,4
10_72_81,all-well,mm10,1155,1610,8911.74,1767,25,25,28,1130,1585,1739,A10,F12,G9,10,72,81
47_30_83,all-well,hg38,1264,1608,8900.67,1759,1254,1598,1748,10,10,11,D11,C6,G11,47,30,83
04_07_75,all-well,hg38,1251,1606,8889.60,1769,1232,1586,1746,19,20,23,A4,A7,G3,4,7,75
06_96_93,all-well,mm10,1119,1604,8878.53,1763,20,20,21,1099,1584,1742,A6,H12,H9,6,96,93
34_24_07,all-well,mm10,1075,1604,8878.53,1782,39,41,42,1036,1563,1740,C10,B12,A7,34,24,7
14_61_62,all-well,hg38,1277,1603,8873.00,1825,1262,1587,1808,15,16,17,B2,F1,F2,14,61,62
16_55_06,all-well,mm10,1142,1601,8861.93,1789,84,90,97,1058,1511,1692,B4,E7,A6,16,55,6
37_75_02,all-well,hg38,1181,1601,8861.93,1738,1174,1594,1730,7,7,8,D1,G3,A2,37,75,2
03_71_33,all-well,multiplet,1177,1599,8850.86,1764,167,185,208,1010,1414,1556,A3,F11,C9,3,71,33
09_80_40,all-well,mm10,1140,1599,8850.86,1745,28,29,31,1112,1570,1714,A9,G8,D4,9,80,40
03_09_47,all-well,mm10,1115,1598,8845.32,1742,52,54,56,1063,1544,1686,A3,A9,D11,3,9,47
23_62_45,all-well,mm10,1182,1596,8834.25,1754,29,30,32,1153,1566,1722,B11,F2,D9,23,62,45
29_82_26,all-well,mm10,1147,1594,8823.18,1718,15,16,16,1132,1578,1702,C5,G10,C2,29,82,26
47_62_13,all-well,mm10,1161,1594,8823.18,1770,33,33,37,1128,1561,1733,D11,F2,B1,47,62,13
18_15_86,all-well,mm10,1115,1594,8823.18,1748,14,14,15,1101,1580,1733,B6,B3,H2,18,15,86
02_34_48,all-well,mm10,1208,1593,8817.65,1765,27,27,28,1181,1566,1737,A2,C10,D12,2,34,48
47_83_67,all-well,mm10,1128,1592,8812.11,1762,15,15,16,1113,1577,1746,D11,G11,F7,47,83,67
35_12_69,all-well,mm10,1179,1592,8812.11,1759,20,21,23,1159,1571,1736,C11,A12,F9,35,12,69
45_12_50,all-well,mm10,1205,1591,8806.57,1725,35,38,41,1170,1553,1684,D9,A12,E2,45,12,50
05_28_87,all-well,mm10,1135,1589,8795.50,1742,25,26,28,1110,1563,1714,A5,C4,H3,5,28,87
43_33_46,all-well,multiplet,1315,1589,8795.50,1736,895,1115,1232,420,474,504,D7,C9,D10,43,33,46
37_17_65,all-well,hg38,1252,1588,8789.97,1709,1236,1571,1692,16,17,17,D1,B5,F5,37,17,65
36_93_08,all-well,mm10,1044,1587,8784.43,1760,13,14,18,1031,1573,1742,C12,H9,A8,36,93,8
21_30_28,all-well,mm10,1209,1587,8784.43,1731,32,32,34,1177,1555,1697,B9,C6,C4,21,30,28
27_44_72,all-well,hg38,1214,1587,8784.43,1750,1195,1568,1731,19,19,19,C3,D8,F12,27,44,72
05_47_07,all-well,mm10,1143,1584,8767.83,1742,24,24,26,1119,1560,1716,A5,D11,A7,5,47,7
35_82_56,all-well,mm10,1090,1584,8767.83,1749,18,18,20,1072,1566,1729,C11,G10,E8,35,82,56
01_06_94,all-well,mm10,1189,1583,8762.29,1724,60,65,69,1129,1518,1655,A1,A6,H10,1,6,94
08_44_69,all-well,mm10,1158,1583,8762.29,1726,22,22,23,1136,1561,1703,A8,D8,F9,8,44,69
29_49_44,all-well,mm10,1132,1582,8756.76,1746,91,93,98,1041,1489,1648,C5,E1,D8,29,49,44
45_79_09,all-well,hg38,1247,1581,8751.22,1751,1222,1555,1721,25,26,30,D9,G7,A9,45,79,9
04_12_18,all-well,hg38,1164,1580,8745.69,1746,1153,1569,1735,11,11,11,A4,A12,B6,4,12,18
18_49_28,all-well,hg38,1129,1579,8740.15,1741,1119,1569,1730,10,10,11,B6,E1,C4,18,49,28
22_92_68,all-well,mm10,1062,1577,8729.08,1732,32,33,36,1030,1544,1696,B10,H8,F8,22,92,68
08_12_84,all-well,hg38,1216,1577,8729.08,1738,1204,1565,1725,12,12,13,A8,A12,G12,8,12,84
37_32_92,all-well,hg38,1186,1576,8723.55,1719,1173,1563,1706,13,13,13,D1,C8,H8,37,32,92
06_55_78,all-well,mm10,1095,1576,8723.55,1760,17,17,18,1078,1559,1742,A6,E7,G6,6,55,78
06_74_80,all-well,hg38,1278,1576,8723.55,1722,1262,1560,1705,16,16,17,A6,G2,G8,6,74,80
34_03_29,all-well,mm10,1187,1572,8701.40,1735,22,24,26,1165,1548,1709,C10,A3,C5,34,3,29
09_32_94,all-well,mm10,1064,1570,8690.33,1709,21,23,23,1043,1547,1686,A9,C8,H10,9,32,94
37_91_56,all-well,mm10,1114,1570,8690.33,1689,10,11,11,1104,1559,1678,D1,H7,E8,37,91,56
08_82_31,all-well,mm10,1160,1570,8690.33,1753,80,81,93,1080,1489,1660,A8,G10,C7,8,82,31
37_92_08,all-well,hg38,1162,1568,8679.26,1681,1156,1562,1673,6,6,8,D1,H8,A8,37,92,8
29_31_08,all-well,mm10,1179,1566,8668.19,1706,20,20,21,1159,1546,1685,C5,C7,A8,29,31,8
20_61_47,all-well,mm10,1109,1563,8651.59,1742,86,93,99,1023,1470,1643,B8,F1,D11,20,61,47
23_38_60,all-well,hg38,1238,1562,8646.05,1745,1225,1548,1730,13,14,15,B11,D2,E12,23,38,60
32_89_87,all-well,hg38,1010,1562,8646.05,1714,979,1530,1679,31,32,35,C8,H5,H3,32,89,87
03_80_41,all-well,mm10,1103,1561,8640.52,1715,36,36,38,1067,1525,1677,A3,G8,D5,3,80,41
08_24_77,all-well,mm10,1035,1561,8640.52,1744,23,24,29,1012,1537,1715,A8,B12,G5,8,24,77
04_71_06,all-well,mm10,1164,1560,8634.98,1744,20,21,23,1144,1539,1721,A4,F11,A6,4,71,6
33_49_63,all-well,mm10,1164,1560,8634.98,1727,38,39,44,1126,1521,1683,C9,E1,F3,33,49,63
37_17_27,all-well,hg38,1239,1556,8612.84,1663,1226,1541,1648,13,15,15,D1,B5,C3,37,17,27
42_41_82,all-well,mm10,1033,1556,8612.84,1723,21,22,22,1012,1534,1701,D6,D5,G10,42,41,82
29_37_91,all-well,mm10,1175,1554,8601.77,1696,18,18,18,1157,1536,1678,C5,D1,H7,29,37,91
37_87_17,all-well,mm10,1067,1553,8596.24,1710,49,49,56,1018,1504,1654,D1,H3,B5,37,87,17
43_26_56,all-well,hg38,1186,1552,8590.70,1704,1140,1506,1656,46,46,48,D7,C2,E8,43,26,56
45_70_06,all-well,mm10,1056,1552,8590.70,1678,47,52,55,1009,1500,1623,D9,F10,A6,45,70,6
27_10_76,all-well,hg38,1202,1551,8585.16,1717,1179,1528,1692,23,23,25,C3,A10,G4,27,10,76
04_32_02,all-well,mm10,1125,1549,8574.09,1702,19,20,20,1106,1529,1682,A4,C8,A2,4,32,2
16_62_41,all-well,hg38,1313,1548,8568.56,1699,1282,1510,1653,31,38,46,B4,F2,D5,16,62,41
04_55_96,all-well,mm10,1136,1547,8563.02,1707,25,26,27,1111,1521,1680,A4,E7,H12,4,55,96
37_18_43,all-well,mm10,1089,1546,8557.49,1669,29,31,31,1060,1515,1638,D1,B6,D7,37,18,43
18_33_53,all-well,mm10,1159,1544,8546.42,1731,17,17,17,1142,1527,1714,B6,C9,E5,18,33,53
32_07_61,all-well,hg38,1055,1537,8507.67,1703,990,1466,1623,65,71,80,C8,A7,F1,32,7,61
43_67_22,all-well,hg38,1157,1536,8502.14,1689,1142,1521,1674,15,15,15,D7,F7,B10,43,67,22
12_37_26,all-well,mm10,1027,1535,8496.60,1686,17,17,19,1010,1518,1667,A12,D1,C2,12,37,26
17_89_77,all-well,mm10,1136,1534,8491.07,1684,36,38,43,1100,1496,1641,B5,H5,G5,17,89,77
48_90_60,all-well,mm10,1151,1534,8491.07,1685,36,37,41,1115,1497,1644,D12,H6,E12,48,90,60
03_46_26,all-well,mm10,1120,1532,8480.00,1670,25,27,28,1095,1505,1642,A3,D10,C2,3,46,26
23_68_89,all-well,hg38,1155,1532,8480.00,1677,1143,1520,1664,12,12,13,B11,F8,H5,23,68,89
33_30_57,all-well,mm10,1033,1529,8463.39,1726,24,24,26,1009,1505,1700,C9,C6,E9,33,30,57
32_17_24,all-well,mm10,1160,1526,8446.78,1664,44,45,48,1116,1481,1616,C8,B5,B12,32,17,24
37_55_44,all-well,hg38,1142,1526,8446.78,1642,1134,1518,1634,8,8,8,D1,E7,D8,37,55,44
33_77_64,all-well,mm10,1042,1524,8435.71,1687,16,16,17,1026,1508,1670,C9,G5,F4,33,77,64
20_59_92,all-well,hg38,1042,1522,8424.64,1678,1002,1478,1628,40,44,50,B8,E11,H8,20,59,92
32_39_25,all-well,multiplet,1169,1519,8408.04,1663,713,981,1070,456,538,593,C8,D3,C1,32,39,25
01_75_93,all-well,hg38,823,1518,8402.50,1659,788,1481,1619,35,37,40,A1,G3,H9,1,75,93
15_82_54,all-well,hg38,1154,1517,8396.97,1670,1121,1480,1628,33,37,42,B3,G10,E6,15,82,54
24_06_56,all-well,hg38,1104,1517,8396.97,1671,1085,1498,1651,19,19,20,B12,A6,E8,24,6,56
10_79_01,all-well,mm10,1076,1517,8396.97,1644,32,32,33,1044,1485,1611,A10,G7,A1,10,79,1
15_41_29,all-well,hg38,793,1517,8396.97,1654,778,1502,1638,15,15,16,B3,D5,C5,15,41,29
24_62_03,all-well,hg38,673,1517,8396.97,1672,650,1493,1646,23,24,26,B12,F2,A3,24,62,3
38_04_94,all-well,hg38,1165,1516,8391.43,1660,1109,1458,1591,56,58,69,D2,A4,H10,38,4,94
37_71_80,all-well,hg38,1168,1514,8380.36,1634,1147,1492,1611,21,22,23,D1,F11,G8,37,71,80
08_17_96,all-well,mm10,1113,1512,8369.29,1664,27,28,30,1086,1484,1634,A8,B5,H12,8,17,96
42_91_14,all-well,mm10,1168,1510,8358.22,1654,15,15,15,1153,1495,1639,D6,H7,B2,42,91,14
37_16_71,all-well,mm10,1032,1509,8352.68,1648,9,9,10,1023,1500,1638,D1,B4,F11,37,16,71
21_89_24,all-well,mm10,1118,1509,8352.68,1663,17,17,18,1101,1492,1645,B9,H5,B12,21,89,24
21_96_73,all-well,mm10,1052,1509,8352.68,1657,15,17,17,1037,1492,1640,B9,H12,G1,21,96,73
30_78_14,all-well,hg38,1112,1508,8347.15,1648,1093,1489,1628,19,19,20,C6,G6,B2,30,78,14
07_20_33,all-well,hg38,1210,1507,8341.61,1658,1190,1486,1637,20,21,21,A7,B8,C9,7,20,33
02_28_46,all-well,hg38,1145,1502,8313.94,1648,1131,1487,1633,14,15,15,A2,C4,D10,2,28,46
33_82_89,all-well,hg38,1117,1502,8313.94,1648,1088,1473,1616,29,29,32,C9,G10,H5,33,82,89
45_25_83,all-well,mm10,1126,1501,8308.40,1645,76,79,90,1050,1422,1555,D9,C1,G11,45,25,83
45_47_19,all-well,mm10,1139,1500,8302.87,1639,40,43,44,1099,1457,1595,D9,D11,B7,45,47,19
24_68_17,all-well,hg38,962,1499,8297.33,1636,949,1486,1623,13,13,13,B12,F8,B5,24,68,17
03_94_48,all-well,mm10,1088,1497,8286.26,1653,28,28,28,1060,1469,1625,A3,H10,D12,3,94,48
14_71_12,all-well,mm10,1108,1495,8275.19,1632,21,21,24,1087,1474,1608,B2,F11,A12,14,71,12
22_93_48,all-well,mm10,1116,1494,8269.66,1640,42,43,49,1074,1451,1591,B10,H9,D12,22,93,48
40_74_56,all-well,mm10,1073,1494,8269.66,1627,41,42,50,1032,1452,1577,D4,G2,E8,40,74,56
06_03_55,all-well,mm10,1127,1493,8264.12,1659,11,11,11,1116,1482,1648,A6,A3,E7,6,3,55
22_56_33,all-well,hg38,931,1493,8264.12,1688,906,1468,1662,25,25,26,B10,E8,C9,22,56,33
34_02_76,all-well,hg38,1131,1489,8241.98,1632,1105,1463,1604,26,26,28,C10,A2,G4,34,2,76
18_83_20,all-well,mm10,1060,1488,8236.44,1621,11,11,12,1049,1477,1609,B6,G11,B8,18,83,20
10_92_71,all-well,hg38,1171,1487,8230.91,1654,1162,1478,1644,9,9,10,A10,H8,F11,10,92,71
37_72_71,all-well,mm10,1006,1483,8208.77,1601,20,20,22,986,1463,1579,D1,F12,F11,37,72,71
09_21_70,all-well,mm10,1113,1483,8208.77,1624,10,10,10,1103,1473,1614,A9,B9,F10,9,21,70
05_51_09,all-well,mm10,1058,1481,8197.70,1651,24,27,28,1034,1454,1623,A5,E3,A9,5,51,9
30_84_37,all-well,mm10,1034,1481,8197.70,1618,15,15,15,1019,1466,1603,C6,G12,D1,30,84,37
02_12_86,all-well,mm10,1103,1476,8170.02,1619,18,18,19,1085,1458,1600,A2,A12,H2,2,12,86
03_25_16,all-well,mm10,1074,1472,8147.88,1610,50,53,58,1024,1419,1552,A3,C1,B4,3,25,16
34_32_30,all-well,hg38,1121,1470,8136.81,1621,1098,1445,1595,23,25,26,C10,C8,C6,34,32,30
18_73_03,all-well,mm10,1046,1469,8131.27,1609,20,21,22,1026,1448,1587,B6,G1,A3,18,73,3
44_82_49,all-well,mm10,1043,1466,8114.67,1606,15,15,17,1028,1451,1589,D8,G10,E1,44,82,49
37_56_56,all-well,mm10,994,1465,8109.13,1594,30,30,32,964,1435,1562,D1,E8,E8,37,56,56
16_33_02,all-well,hg38,1116,1463,8098.06,1621,1091,1437,1593,25,26,28,B4,C9,A2,16,33,2
05_01_35,all-well,hg38,1152,1461,8086.99,1639,1138,1447,1624,14,14,15,A5,A1,C11,5,1,35
37_63_69,all-well,mm10,1104,1459,8075.92,1572,66,72,72,1038,1387,1500,D1,F3,F9,37,63,69
45_84_95,all-well,mm10,1046,1459,8075.92,1586,34,34,38,1012,1425,1548,D9,G12,H11,45,84,95
06_96_06,all-well,mm10,1011,1457,8064.85,1603,23,23,23,988,1434,1580,A6,H12,A6,6,96,6
41_17_79,all-well,mm10,1111,1455,8053.78,1591,29,30,31,1082,1425,1560,D5,B5,G7,41,17,79
35_64_50,all-well,hg38,710,1454,8048.25,1581,687,1431,1556,23,23,25,C11,F4,E2,35,64,50
21_15_84,all-well,hg38,676,1453,8042.71,1606,660,1436,1589,16,17,17,B9,B3,G12,21,15,84
18_13_87,all-well,hg38,1044,1452,8037.18,1612,1009,1415,1573,35,37,39,B6,B1,H3,18,13,87
44_76_42,all-well,multiplet,1196,1449,8020.57,1608,939,1170,1301,257,279,307,D8,G4,D6,44,76,42
30_12_11,all-well,mm10,1007,1445,7998.43,1586,28,28,29,979,1417,1557,C6,A12,A11,30,12,11
19_44_18,all-well,hg38,1127,1444,7992.89,1587,1108,1425,1567,19,19,20,B7,D8,B6,19,44,18
01_96_16,all-well,mm10,1014,1440,7970.75,1554,24,26,28,990,1414,1526,A1,H12,B4,1,96,16
45_42_62,all-well,mm10,1118,1439,7965.22,1566,48,50,54,1070,1389,1512,D9,D6,F2,45,42,62
04_08_77,all-well,mm10,1074,1439,7965.22,1598,17,17,17,1057,1422,1581,A4,A8,G5,4,8,77
38_59_96,all-well,mm10,1083,1438,7959.68,1560,40,42,46,1043,1396,1514,D2,E11,H12,38,59,96
20_81_73,all-well,hg38,1075,1434,7937.54,1594,1067,1426,1585,8,8,9,B8,G9,G1,20,81,73
47_83_09,all-well,hg38,1116,1430,7915.40,1585,1101,1415,1570,15,15,15,D11,G11,A9,47,83,9
04_96_77,all-well,mm10,1037,1423,7876.65,1558,13,13,14,1024,1410,1544,A4,H12,G5,4,96,77
01_77_87,all-well,hg38,1105,1422,7871.12,1560,1097,1414,1552,8,8,8,A1,G5,H3,1,77,87
37_85_13,all-well,mm10,952,1416,7837.91,1521,29,30,31,923,1386,1490,D1,H1,B1,37,85,13
32_39_68,all-well,hg38,826,1414,7826.84,1551,806,1394,1527,20,20,24,C8,D3,F8,32,39,68
28_29_29,all-well,mm10,1012,1413,7821.30,1563,46,51,53,966,1362,1510,C4,C5,C5,28,29,29
33_82_44,all-well,mm10,1031,1412,7815.77,1570,15,16,16,1016,1396,1554,C9,G10,D8,33,82,44
37_39_70,all-well,hg38,1058,1411,7810.23,1537,1050,1402,1526,8,9,11,D1,D3,F10,37,39,70
04_55_33,all-well,mm10,1018,1409,7799.16,1569,17,17,19,1001,1392,1550,A4,E7,C9,4,55,33
45_24_54,all-well,mm10,1013,1408,7793.62,1529,25,26,27,988,1382,1502,D9,B12,E6,45,24,54
28_20_44,all-well,hg38,977,1405,7777.02,1532,937,1362,1486,40,43,46,C4,B8,D8,28,20,44
45_95_81,all-well,mm10,1021,1402,7760.41,1554,63,71,78,958,1331,1476,D9,H11,G9,45,95,81
33_55_91,all-well,mm10,1033,1401,7754.88,1556,15,15,17,1018,1386,1539,C9,E7,H7,33,55,91
38_72_79,all-well,multiplet,1206,1401,7754.88,1534,640,744,830,566,657,704,D2,F12,G7,38,72,79
35_30_69,all-well,mm10,1015,1401,7754.88,1542,31,31,32,984,1370,1510,C11,C6,F9,35,30,69
19_96_52,all-well,mm10,950,1396,7727.20,1529,43,44,47,907,1352,1482,B7,H12,E4,19,96,52
05_26_60,all-well,hg38,997,1394,7716.13,1537,976,1372,1511,21,22,26,A5,C2,E12,5,26,60
43_46_63,all-well,hg38,943,1394,7716.13,1539,904,1354,1497,39,40,42,D7,D10,F3,43,46,63
46_79_43,all-well,mm10,1049,1393,7710.60,1529,58,59,65,991,1334,1464,D10,G7,D7,46,79,43
45_96_76,all-well,mm10,1028,1392,7705.06,1512,48,49,53,980,1343,1459,D9,H12,G4,45,96,76
28_58_03,all-well,hg38,1014,1389,7688.46,1529,964,1339,1474,50,50,55,C4,E10,A3,28,58,3
29_66_63,all-well,mm10,1015,1389,7688.46,1538,22,23,23,993,1366,1515,C5,F6,F3,29,66,63
11_46_28,all-well,hg38,757,1389,7688.46,1504,746,1377,1488,11,12,16,A11,D10,C4,11,46,28
32_19_68,all-well,mm10,1085,1387,7677.38,1503,38,40,42,1047,1347,1461,C8,B7,F8,32,19,68
25_83_71,all-well,hg38,1010,1385,7666.31,1540,995,1370,1523,15,15,17,C1,G11,F11,25,83,71
37_92_78,all-well,mm10,956,1384,7660.78,1485,22,22,22,934,1362,1463,D1,H8,G6,37,92,78
37_61_72,all-well,mm10,941,1383,7655.24,1492,15,15,16,926,1368,1476,D1,F1,F12,37,61,72
18_22_11,all-well,hg38,1042,1383,7655.24,1538,1022,1363,1518,20,20,20,B6,B10,A11,18,22,11
06_44_12,all-well,hg38,1079,1382,7649.71,1518,1068,1371,1506,11,11,12,A6,D8,A12,6,44,12
37_21_90,all-well,mm10,1004,1381,7644.17,1475,12,12,14,992,1369,1461,D1,B9,H6,37,21,90
02_71_63,all-well,mm10,1057,1379,7633.10,1511,36,37,38,1021,1342,1473,A2,F11,F3,2,71,63
18_43_75,all-well,mm10,1030,1378,7627.57,1501,17,18,18,1013,1360,1483,B6,D7,G3,18,43,75
37_63_02,all-well,mm10,947,1378,7627.57,1492,17,18,18,930,1360,1474,D1,F3,A2,37,63,2
10_17_70,all-well,hg38,1073,1378,7627.57,1540,1046,1351,1512,27,27,28,A10,B5,F10,10,17,70
08_30_02,all-well,hg38,1070,1377,7622.03,1507,1058,1364,1494,12,13,13,A8,C6,A2,8,30,2
23_56_52,all-well,mm10,1052,1374,7605.43,1498,28,28,30,1024,1346,1468,B11,E8,E4,23,56,52
12_59_23,all-well,hg38,1133,1373,7599.89,1506,1098,1337,1466,35,36,40,A12,E11,B11,12,59,23
43_73_15,all-well,hg38,1082,1372,7594.36,1509,1051,1340,1476,31,32,33,D7,G1,B3,43,73,15
46_85_15,all-well,mm10,1019,1370,7583.29,1513,97,101,113,922,1269,1400,D10,H1,B3,46,85,15
03_30_18,all-well,hg38,1097,1367,7566.68,1524,1069,1336,1488,28,31,36,A3,C6,B6,3,30,18
09_85_01,all-well,mm10,1009,1367,7566.68,1494,30,30,34,979,1337,1460,A9,H1,A1,9,85,1
21_24_22,all-well,mm10,974,1366,7561.14,1490,19,19,21,955,1347,1469,B9,B12,B10,21,24,22
40_57_31,all-well,hg38,738,1361,7533.47,1487,725,1348,1474,13,13,13,D4,E9,C7,40,57,31
27_09_50,all-well,hg38,1079,1361,7533.47,1489,1026,1298,1421,53,63,68,C3,A9,E2,27,9,50
15_96_35,all-well,mm10,959,1360,7527.93,1497,42,42,45,917,1318,1452,B3,H12,C11,15,96,35
21_09_94,all-well,mm10,992,1360,7527.93,1487,15,16,17,977,1344,1470,B9,A9,H10,21,9,94
33_55_81,all-well,hg38,1096,1360,7527.93,1491,1080,1344,1475,16,16,16,C9,E7,G9,33,55,81
20_48_29,all-well,hg38,960,1359,7522.40,1502,871,1265,1391,89,94,111,B8,D12,C5,20,48,29
33_83_22,all-well,hg38,1097,1357,7511.33,1484,1080,1339,1463,17,18,21,C9,G11,B10,33,83,22
37_17_70,all-well,mm10,952,1357,7511.33,1479,24,24,25,928,1333,1454,D1,B5,F10,37,17,70
32_64_19,all-well,mm10,1019,1355,7500.26,1475,40,41,45,979,1314,1430,C8,F4,B7,32,64,19
20_70_63,all-well,mm10,962,1353,7489.19,1476,12,15,17,950,1338,1459,B8,F10,F3,20,70,63
38_29_42,all-well,mm10,1037,1353,7489.19,1468,51,54,63,986,1299,1405,D2,C5,D6,38,29,42
18_39_12,all-well,hg38,1043,1346,7450.44,1485,1037,1340,1479,6,6,6,B6,D3,A12,18,39,12
37_66_75,all-well,mm10,959,1345,7444.90,1450,22,22,22,937,1323,1428,D1,F6,G3,37,66,75
12_45_06,all-well,hg38,1116,1345,7444.90,1496,1089,1317,1468,27,28,28,A12,D9,A6,12,45,6
24_06_07,all-well,multiplet,1148,1344,7439.37,1472,937,1112,1212,211,232,260,B12,A6,A7,24,6,7
32_03_57,all-well,mm10,994,1343,7433.83,1479,45,49,54,949,1294,1425,C8,A3,E9,32,3,57
08_16_31,all-well,hg38,991,1342,7428.30,1486,937,1285,1423,54,57,63,A8,B4,C7,8,16,31
01_44_27,all-well,hg38,796,1339,7411.69,1477,775,1316,1451,21,23,26,A1,D8,C3,1,44,27
03_33_26,all-well,mm10,987,1339,7411.69,1449,16,16,17,971,1323,1432,A3,C9,C2,3,33,26
01_15_32,all-well,hg38,676,1337,7400.62,1472,664,1324,1458,12,13,14,A1,B3,C8,1,15,32
42_35_02,all-well,mm10,998,1335,7389.55,1476,35,37,39,963,1298,1437,D6,C11,A2,42,35,2
38_63_07,all-well,multiplet,1032,1335,7389.55,1471,551,766,846,481,569,625,D2,F3,A7,38,63,7
06_83_85,all-well,mm10,972,1332,7372.95,1470,10,10,10,962,1322,1460,A6,G11,H1,6,83,85
16_44_40,all-well,mm10,985,1332,7372.95,1462,23,23,26,962,1309,1436,B4,D8,D4,16,44,40
33_11_91,all-well,hg38,976,1331,7367.41,1474,965,1320,1462,11,11,12,C9,A11,H7,33,11,91
45_01_92,all-well,mm10,1014,1330,7361.88,1453,31,31,35,983,1299,1418,D9,A1,H8,45,1,92
09_59_55,all-well,hg38,1006,1329,7356.34,1470,991,1314,1453,15,15,17,A9,E11,E7,9,59,55
32_18_70,all-well,mm10,1006,1324,7328.66,1454,41,44,47,965,1280,1407,C8,B6,F10,32,18,70
37_95_68,all-well,mm10,951,1320,7306.52,1423,26,28,30,925,1292,1393,D1,H11,F8,37,95,68
08_54_25,all-well,hg38,1011,1317,7289.92,1445,991,1297,1422,20,20,23,A8,E6,C1,8,54,25
24_75_63,all-well,mm10,952,1313,7267.78,1447,25,25,25,927,1288,1422,B12,G3,F3,24,75,63
32_57_82,all-well,hg38,870,1310,7251.17,1444,821,1259,1389,49,51,55,C8,E9,G10,32,57,82
28_25_88,all-well,hg38,684,1305,7223.49,1439,660,1279,1413,24,26,26,C4,C1,H4,28,25,88
12_38_05,all-well,hg38,1108,1304,7217.96,1416,1073,1264,1374,35,40,42,A12,D2,A5,12,38,5
08_49_24,all-well,mm10,1032,1303,7212.42,1434,17,17,17,1015,1286,1417,A8,E1,B12,8,49,24
07_81_24,all-well,mm10,941,1297,7179.21,1424,44,45,46,897,1252,1378,A7,G9,B12,7,81,24
37_08_80,all-well,hg38,1015,1296,7173.68,1383,1011,1292,1379,4,4,4,D1,A8,G8,37,8,80
02_83_57,all-well,mm10,923,1296,7173.68,1423,11,11,11,912,1285,1412,A2,G11,E9,2,83,57
11_35_07,all-well,hg38,993,1295,7168.14,1419,973,1274,1398,20,21,21,A11,C11,A7,11,35,7
39_74_35,all-well,mm10,967,1294,7162.61,1423,73,75,81,894,1219,1342,D3,G2,C11,39,74,35
37_57_43,all-well,hg38,969,1293,7157.07,1384,962,1286,1377,7,7,7,D1,E9,D7,37,57,43
32_69_65,all-well,hg38,892,1292,7151.54,1421,842,1242,1367,50,50,54,C8,F9,F5,32,69,65
37_53_46,all-well,mm10,946,1292,7151.54,1379,20,21,21,926,1271,1358,D1,E5,D10,37,53,46
04_42_43,all-well,mm10,913,1289,7134.93,1409,25,25,25,888,1264,1384,A4,D6,D7,4,42,43
47_55_78,all-well,hg38,1035,1288,7129.40,1417,1015,1268,1395,20,20,22,D11,E7,G6,47,55,78
03_83_88,all-well,mm10,984,1287,7123.86,1408,26,29,30,958,1258,1378,A3,G11,H4,3,83,88
14_13_42,all-well,hg38,856,1286,7118.32,1420,821,1250,1381,35,36,39,B2,B1,D6,14,13,42
10_81_18,all-well,mm10,1024,1286,7118.32,1403,20,20,20,1004,1266,1383,A10,G9,B6,10,81,18
38_35_61,all-well,hg38,870,1285,7112.79,1423,815,1225,1356,55,60,67,D2,C11,F1,38,35,61
34_59_11,all-well,hg38,942,1285,7112.79,1435,928,1271,1421,14,14,14,C10,E11,A11,34,59,11
10_18_87,all-well,mm10,982,1285,7112.79,1408,22,22,23,960,1263,1385,A10,B6,H3,10,18,87
38_64_46,all-well,hg38,983,1284,7107.25,1418,965,1266,1399,18,18,19,D2,F4,D10,38,64,46
37_72_07,all-well,mm10,903,1283,7101.72,1411,13,13,13,890,1270,1398,D1,F12,A7,37,72,7
38_71_63,all-well,mm10,1006,1283,7101.72,1397,87,98,111,919,1185,1286,D2,F11,F3,38,71,63
01_93_32,all-well,mm10,916,1276,7062.97,1400,10,10,10,906,1266,1390,A1,H9,C8,1,93,32
30_47_84,all-well,mm10,1028,1274,7051.90,1409,27,28,30,1001,1246,1379,C6,D11,G12,30,47,84
37_17_75,all-well,mm10,923,1270,7029.76,1371,13,13,13,910,1257,1358,D1,B5,G3,37,17,75
18_57_49,all-well,hg38,1023,1268,7018.69,1397,1005,1250,1376,18,18,21,B6,E9,E1,18,57,49
29_47_23,all-well,hg38,1018,1268,7018.69,1400,1009,1259,1391,9,9,9,C5,D11,B11,29,47,23
32_69_52,all-well,hg38,921,1267,7013.16,1385,906,1252,1370,15,15,15,C8,F9,E4,32,69,52
37_78_67,all-well,mm10,942,1267,7013.16,1364,12,12,12,930,1255,1352,D1,G6,F7,37,78,67
21_83_47,all-well,mm10,994,1267,7013.16,1396,11,11,14,983,1256,1382,B9,G11,D11,21,83,47
04_83_42,all-well,mm10,952,1266,7007.62,1392,7,7,7,945,1259,1385,A4,G11,D6,4,83,42
45_72_79,all-well,mm10,891,1260,6974.41,1364,81,83,89,810,1177,1275,D9,F12,G7,45,72,79
45_55_14,all-well,hg38,1064,1259,6968.87,1387,1042,1237,1364,22,22,23,D9,E7,B2,45,55,14
32_54_21,all-well,mm10,979,1259,6968.87,1372,38,41,42,941,1218,1330,C8,E6,B9,32,54,21
17_89_94,all-well,mm10,977,1259,6968.87,1380,8,8,8,969,1251,1372,B5,H5,H10,17,89,94
11_38_82,all-well,mm10,917,1259,6968.87,1390,25,25,25,892,1234,1365,A11,D2,G10,11,38,82
38_63_22,all-well,hg38,925,1257,6957.80,1382,875,1203,1328,50,54,54,D2,F3,B10,38,63,22
38_79_91,all-well,hg38,996,1256,6952.27,1376,943,1199,1317,53,57,59,D2,G7,H7,38,79,91
13_93_70,all-well,mm10,943,1256,6952.27,1373,41,41,45,902,1215,1328,B1,H9,F10,13,93,70
35_24_61,all-well,mm10,971,1255,6946.73,1377,16,17,18,955,1238,1359,C11,B12,F1,35,24,61
26_26_07,all-well,mm10,953,1253,6935.66,1362,37,37,37,916,1216,1325,C2,C2,A7,26,26,7
37_88_92,all-well,hg38,1001,1251,6924.59,1362,990,1240,1350,11,11,12,D1,H4,H8,37,88,92
34_18_67,all-well,hg38,994,1250,6919.06,1370,976,1231,1351,18,19,19,C10,B6,F7,34,18,67
33_78_71,all-well,mm10,914,1250,6919.06,1365,19,20,22,895,1230,1343,C9,G6,F11,33,78,71
45_21_41,all-well,mm10,961,1249,6913.52,1361,24,24,24,937,1225,1337,D9,B9,D5,45,21,41
29_42_94,all-well,hg38,979,1247,6902.45,1357,969,1237,1347,10,10,10,C5,D6,H10,29,42,94
37_82_64,all-well,mm10,921,1246,6896.92,1335,12,12,13,909,1234,1322,D1,G10,F4,37,82,64
30_12_46,all-well,hg38,991,1246,6896.92,1360,981,1236,1350,10,10,10,C6,A12,D10,30,12,46
28_71_02,all-well,mm10,927,1246,6896.92,1373,25,25,27,902,1221,1346,C4,F11,A2,28,71,2
36_70_33,all-well,mm10,932,1243,6880.31,1367,65,74,76,867,1169,1291,C12,F10,C9,36,70,33
08_51_60,all-well,mm10,860,1243,6880.31,1379,21,21,23,839,1222,1356,A8,E3,E12,8,51,60
37_95_80,all-well,hg38,994,1242,6874.77,1347,989,1236,1341,5,6,6,D1,H11,G8,37,95,80
43_44_14,all-well,mm10,991,1240,6863.70,1350,33,34,38,958,1206,1312,D7,D8,B2,43,44,14
32_67_86,all-well,hg38,813,1240,6863.70,1371,786,1211,1339,27,29,32,C8,F7,H2,32,67,86
37_90_64,all-well,mm10,925,1236,6841.56,1324,10,10,11,915,1226,1313,D1,H6,F4,37,90,64
02_39_57,all-well,mm10,921,1236,6841.56,1391,22,22,26,899,1214,1365,A2,D3,E9,2,39,57
04_96_35,all-well,hg38,1001,1234,6830.49,1362,986,1218,1343,15,16,19,A4,H12,C11,4,96,35
32_40_38,all-well,hg38,866,1234,6830.49,1358,847,1215,1338,19,19,20,C8,D4,D2,32,40,38
45_24_52,all-well,hg38,905,1234,6830.49,1351,879,1208,1324,26,26,27,D9,B12,E4,45,24,52
11_51_11,all-well,mm10,900,1234,6830.49,1354,26,27,28,874,1207,1326,A11,E3,A11,11,51,11
43_23_03,all-well,hg38,977,1232,6819.42,1353,950,1205,1321,27,27,32,D7,B11,A3,43,23,3
38_94_78,all-well,mm10,959,1232,6819.42,1336,25,25,28,934,1207,1308,D2,H10,G6,38,94,78
09_88_12,all-well,mm10,732,1231,6813.89,1340,29,31,32,703,1200,1308,A9,H4,A12,9,88,12
38_57_19,all-well,hg38,935,1228,6797.28,1345,917,1210,1323,18,18,22,D2,E9,B7,38,57,19
45_45_45,all-well,mm10,923,1227,6791.75,1329,27,29,32,896,1198,1297,D9,D9,D9,45,45,45
38_46_72,all-well,hg38,865,1227,6791.75,1336,855,1216,1324,10,11,12,D2,D10,F12,38,46,72
01_30_35,all-well,hg38,928,1225,6780.67,1348,909,1206,1329,19,19,19,A1,C6,C11,1,30,35
10_77_74,all-well,mm10,949,1224,6775.14,1343,67,68,72,882,1156,1271,A10,G5,G2,10,77,74
18_50_11,all-well,mm10,901,1224,6775.14,1345,21,21,22,880,1203,1323,B6,E2,A11,18,50,11
08_23_88,all-well,mm10,944,1223,6769.60,1346,11,11,11,933,1212,1335,A8,B11,H4,8,23,88
20_90_73,all-well,mm10,880,1223,6769.60,1362,36,38,42,844,1185,1320,B8,H6,G1,20,90,73
15_75_52,all-well,hg38,847,1223,6769.60,1334,833,1209,1319,14,14,15,B3,G3,E4,15,75,52
03_10_43,all-well,hg38,1002,1222,6764.07,1331,985,1205,1313,17,17,18,A3,A10,D7,3,10,43
29_79_02,all-well,hg38,996,1222,6764.07,1364,965,1189,1327,31,33,37,C5,G7,A2,29,79,2
37_11_13,all-well,mm10,874,1222,6764.07,1320,8,8,8,866,1214,1312,D1,A11,B1,37,11,13
29_25_01,all-well,mm10,920,1222,6764.07,1337,24,24,25,896,1198,1312,C5,C1,A1,29,25,1
28_35_45,all-well,mm10,932,1219,6747.46,1343,43,46,47,889,1173,1296,C4,C11,D9,28,35,45
18_02_45,all-well,mm10,952,1217,6736.39,1331,26,28,32,926,1189,1299,B6,A2,D9,18,2,45
20_83_49,all-well,hg38,989,1217,6736.39,1337,977,1205,1325,12,12,12,B8,G11,E1,20,83,49
46_96_17,all-well,mm10,931,1215,6725.32,1338,15,16,16,916,1199,1322,D10,H12,B5,46,96,17
37_10_84,all-well,mm10,942,1214,6719.79,1310,23,23,23,919,1191,1287,D1,A10,G12,37,10,84
32_63_68,all-well,multiplet,940,1213,6714.25,1335,164,195,225,776,1018,1110,C8,F3,F8,32,63,68
38_18_39,all-well,hg38,865,1208,6686.58,1334,827,1169,1289,38,39,45,D2,B6,D3,38,18,39
47_03_76,all-well,mm10,960,1208,6686.58,1323,13,13,15,947,1195,1308,D11,A3,G4,47,3,76
43_54_46,all-well,multiplet,971,1208,6686.58,1339,781,1002,1116,190,206,223,D7,E6,D10,43,54,46
12_20_32,all-well,mm10,881,1206,6675.51,1312,18,18,19,863,1188,1293,A12,B8,C8,12,20,32
34_53_21,all-well,hg38,891,1205,6669.97,1320,871,1183,1297,20,22,23,C10,E5,B9,34,53,21
43_06_33,all-well,hg38,825,1205,6669.97,1322,788,1168,1284,37,37,38,D7,A6,C9,43,6,33
19_77_01,all-well,mm10,916,1204,6664.43,1318,29,31,32,887,1173,1286,B7,G5,A1,19,77,1
33_03_67,all-well,mm10,915,1204,6664.43,1333,18,20,21,897,1184,1312,C9,A3,F7,33,3,67
21_19_10,all-well,hg38,423,1203,6658.90,1334,408,1188,1318,15,15,16,B9,B7,A10,21,19,10
08_85_36,all-well,mm10,945,1200,6642.29,1335,18,18,18,927,1182,1317,A8,H1,C12,8,85,36
32_72_93,all-well,hg38,932,1200,6642.29,1331,913,1180,1310,19,20,21,C8,F12,H9,32,72,93
38_81_85,all-well,hg38,824,1197,6625.69,1306,808,1181,1289,16,16,17,D2,G9,H1,38,81,85
38_73_33,all-well,hg38,915,1194,6609.08,1308,891,1169,1280,24,25,28,D2,G1,C9,38,73,33
43_71_68,all-well,hg38,923,1193,6603.55,1319,871,1140,1261,52,53,58,D7,F11,F8,43,71,68
32_94_63,all-well,hg38,842,1191,6592.48,1316,818,1166,1286,24,25,30,C8,H10,F3,32,94,63
32_94_53,all-well,hg38,808,1191,6592.48,1306,754,1135,1247,54,56,59,C8,H10,E5,32,94,53
17_08_71,all-well,hg38,957,1191,6592.48,1326,946,1180,1314,11,11,12,B5,A8,F11,17,8,71
43_41_10,all-well,mm10,933,1188,6575.87,1303,49,51,51,884,1137,1252,D7,D5,A10,43,41,10
13_45_89,all-well,hg38,877,1185,6559.27,1302,863,1171,1288,14,14,14,B1,D9,H5,13,45,89
29_55_50,all-well,mm10,887,1184,6553.73,1301,20,20,22,867,1164,1279,C5,E7,E2,29,55,50
02_71_95,all-well,hg38,886,1184,6553.73,1288,870,1168,1271,16,16,17,A2,F11,H11,2,71,95
12_94_40,all-well,hg38,979,1184,6553.73,1291,962,1166,1273,17,18,18,A12,H10,D4,12,94,40
37_20_70,all-well,mm10,864,1180,6531.59,1278,6,6,6,858,1174,1272,D1,B8,F10,37,20,70
38_85_40,all-well,hg38,941,1179,6526.05,1292,921,1159,1272,20,20,20,D2,H1,D4,38,85,40
08_57_03,all-well,hg38,679,1179,6526.05,1313,656,1155,1288,23,24,25,A8,E9,A3,8,57,3
32_29_55,all-well,hg38,954,1179,6526.05,1290,885,1105,1210,69,74,80,C8,C5,E7,32,29,55
08_43_37,all-well,hg38,952,1178,6520.52,1291,940,1166,1279,12,12,12,A8,D7,D1,8,43,37
36_39_32,all-well,hg38,732,1178,6520.52,1303,711,1157,1282,21,21,21,C12,D3,C8,36,39,32
06_41_80,all-well,hg38,942,1178,6520.52,1293,914,1149,1264,28,29,29,A6,D5,G8,6,41,80
22_21_43,all-well,hg38,874,1176,6509.45,1284,865,1167,1273,9,9,11,B10,B9,D7,22,21,43
37_96_12,all-well,hg38,900,1174,6498.38,1265,890,1164,1253,10,10,12,D1,H12,A12,37,96,12
38_59_20,all-well,hg38,899,1168,6465.17,1278,838,1105,1211,61,63,67,D2,E11,B8,38,59,20
47_79_24,all-well,hg38,952,1168,6465.17,1290,941,1157,1277,11,11,13,D11,G7,B12,47,79,24
29_78_63,all-well,mm10,919,1167,6459.63,1288,17,17,22,902,1150,1266,C5,G6,F3,29,78,63
37_74_18,all-well,mm10,885,1166,6454.10,1242,24,24,25,861,1142,1217,D1,G2,B6,37,74,18
32_27_22,all-well,hg38,838,1165,6448.56,1277,823,1150,1262,15,15,15,C8,C3,B10,32,27,22
03_25_95,all-well,mm10,895,1164,6443.03,1296,23,23,25,872,1141,1271,A3,C1,H11,3,25,95
03_37_49,all-well,mm10,883,1162,6431.95,1280,42,42,45,841,1120,1235,A3,D1,E1,3,37,49
08_55_12,all-well,mm10,777,1160,6420.88,1269,21,21,22,756,1139,1247,A8,E7,A12,8,55,12
06_39_73,all-well,mm10,883,1160,6420.88,1266,39,51,59,844,1109,1207,A6,D3,G1,6,39,73
01_32_46,all-well,mm10,893,1159,6415.35,1276,30,31,33,863,1128,1243,A1,C8,D10,1,32,46
05_95_25,all-well,mm10,924,1156,6398.74,1272,22,24,25,902,1132,1247,A5,H11,C1,5,95,25
07_07_69,all-well,hg38,894,1153,6382.14,1287,849,1104,1231,45,49,56,A7,A7,F9,7,7,69
43_86_33,all-well,hg38,744,1149,6360.00,1261,730,1134,1245,14,15,16,D7,H2,C9,43,86,33
32_26_86,all-well,hg38,890,1149,6360.00,1257,862,1119,1225,28,30,32,C8,C2,H2,32,26,86
43_67_80,all-well,hg38,869,1148,6354.46,1261,859,1138,1251,10,10,10,D7,F7,G8,43,67,80
32_26_04,all-well,multiplet,953,1148,6354.46,1254,680,822,893,273,326,361,C8,C2,A4,32,26,4
38_26_04,all-well,hg38,903,1147,6348.93,1271,853,1097,1215,50,50,56,D2,C2,A4,38,26,4
03_10_78,all-well,mm10,914,1147,6348.93,1244,23,23,23,891,1124,1221,A3,A10,G6,3,10,78
32_68_22,all-well,hg38,876,1139,6304.64,1249,858,1121,1231,18,18,18,C8,F8,B10,32,68,22
36_50_71,all-well,hg38,907,1135,6282.50,1245,877,1101,1209,30,34,36,C12,E2,F11,36,50,71
32_60_93,all-well,hg38,845,1132,6265.90,1228,820,1106,1199,25,26,29,C8,E12,H9,32,60,93
32_53_25,all-well,mm10,862,1129,6249.29,1237,29,29,31,833,1100,1206,C8,E5,C1,32,53,25
39_27_20,all-well,multiplet,904,1129,6249.29,1234,275,299,325,629,830,909,D3,C3,B8,39,27,20
03_47_12,all-well,mm10,851,1127,6238.22,1234,46,46,51,805,1081,1183,A3,D11,A12,3,47,12
03_83_60,all-well,hg38,933,1126,6232.69,1265,923,1116,1255,10,10,10,A3,G11,E12,3,83,60
04_80_84,all-well,mm10,814,1125,6227.15,1224,9,9,9,805,1116,1215,A4,G8,G12,4,80,84
37_49_51,all-well,mm10,810,1125,6227.15,1190,10,10,10,800,1115,1180,D1,E1,E3,37,49,51
38_05_80,all-well,hg38,880,1125,6227.15,1229,821,1061,1161,59,64,68,D2,A5,G8,38,5,80
34_86_60,all-well,hg38,912,1123,6216.08,1237,891,1101,1214,21,22,23,C10,H2,E12,34,86,60
37_74_88,all-well,mm10,825,1123,6216.08,1206,12,12,12,813,1111,1194,D1,G2,H4,37,74,88
11_54_42,all-well,mm10,899,1121,6205.01,1238,12,13,14,887,1108,1224,A11,E6,D6,11,54,42
37_15_75,all-well,hg38,879,1121,6205.01,1206,875,1117,1201,4,4,5,D1,B3,G3,37,15,75
32_87_12,all-well,hg38,750,1119,6193.94,1230,734,1103,1214,16,16,16,C8,H3,A12,32,87,12
47_12_80,all-well,hg38,882,1118,6188.40,1225,873,1109,1213,9,9,12,D11,A12,G8,47,12,80
12_11_59,all-well,hg38,923,1115,6171.80,1222,907,1099,1202,16,16,20,A12,A11,E11,12,11,59
17_62_80,all-well,hg38,533,1111,6149.66,1208,516,1094,1190,17,17,18,B5,F2,G8,17,62,80
45_94_62,all-well,hg38,876,1107,6127.52,1200,858,1089,1182,18,18,18,D9,H10,F2,45,94,62
28_61_72,all-well,mm10,810,1104,6110.91,1225,32,35,40,778,1069,1185,C4,F1,F12,28,61,72
44_12_61,all-well,mm10,869,1103,6105.38,1215,10,10,10,859,1093,1205,D8,A12,F1,44,12,61
21_35_26,all-well,mm10,880,1103,6105.38,1210,26,26,28,854,1077,1182,B9,C11,C2,21,35,26
01_62_67,all-well,mm10,854,1103,6105.38,1220,33,41,45,821,1062,1175,A1,F2,F7,1,62,67
47_94_13,all-well,mm10,850,1103,6105.38,1216,27,27,27,823,1076,1189,D11,H10,B1,47,94,13
25_83_39,all-well,hg38,794,1102,6099.84,1202,782,1090,1189,12,12,13,C1,G11,D3,25,83,39
43_64_20,all-well,hg38,879,1102,6099.84,1208,852,1074,1177,27,28,31,D7,F4,B8,43,64,20
